NORT_ARTIC_3,NORT_ARTIC_4,NORT_ARTIC_4.1,NORW_ARTIC_4.1,OXON_VeSeq,PHEC_ARTIC_3,SANG_ARTIC_3,SANG_ARTIC_4.1,NORT_ARTIC_3_prevalent20pct,NORT_ARTIC_4_prevalent20pct,NORT_ARTIC_4.1_prevalent20pct,NORW_ARTIC_4.1_prevalent20pct,OXON_VeSeq_prevalent20pct,PHEC_ARTIC_3_prevalent20pct,SANG_ARTIC_3_prevalent20pct,SANG_ARTIC_4.1_prevalent20pct,NORT_ARTIC_3_SB,NORT_ARTIC_4_SB,NORT_ARTIC_4.1_SB,NORW_ARTIC_4.1_SB,PHEC_ARTIC_3_SB,SANG_ARTIC_3_SB,SANG_ARTIC_4.1_SB,DeMaio_Mask,DeMaio_Caution,ARTIC_3,ARTIC_4,ARTIC_4.1
7262.0,2832.0,2832.0,1499.0,357.0,291.0,508.0,514.0,7262.0,2832.0,2832.0,2278.0,1072.0,3756.0,514.0,508.0,4181.0,2832.0,2790.0,1178.0,1730.0,445.0,514.0,635.0,76.0,30.0,25.0,25
14041.0,7252.0,4321.0,1510.0,1072.0,295.0,514.0,1476.0,18585.0,7262.0,4321.0,8829.0,2949.0,5260.0,635.0,514.0,5260.0,3731.0,2832.0,1701.0,2839.0,492.0,516.0,1707.0,78.0,31.0,26.0,26
14960.0,7262.0,7200.0,2278.0,2530.0,299.0,544.0,1627.0,18589.0,14041.0,7252.0,8835.0,25628.0,7248.0,1476.0,516.0,5743.0,5743.0,3731.0,2278.0,3037.0,507.0,517.0,1895.0,285.0,32.0,27.0,27
18585.0,8835.0,7252.0,5647.0,2949.0,301.0,549.0,1678.0,18591.0,14960.0,7262.0,13786.0,25807.0,8354.0,2712.0,517.0,5744.0,5744.0,4321.0,2832.0,4181.0,508.0,518.0,2091.0,320.0,33.0,28.0,28
18589.0,14030.0,7262.0,5648.0,3769.0,330.0,635.0,1931.0,18607.0,18591.0,14041.0,13791.0,25949.0,14108.0,2729.0,549.0,19220.0,6148.0,5743.0,3007.0,4237.0,519.0,527.0,2094.0,538.0,34.0,29.0,29
18591.0,14033.0,7267.0,5743.0,11075.0,635.0,683.0,2323.0,18634.0,18607.0,14960.0,14030.0,28469.0,14113.0,2730.0,562.0,21650.0,8393.0,6148.0,5743.0,5248.0,536.0,528.0,2198.0,553.0,35.0,30.0,30
18607.0,14041.0,8835.0,5744.0,11083.0,652.0,1072.0,2369.0,18655.0,18634.0,18591.0,14041.0,,15007.0,13824.0,879.0,21987.0,8835.0,8835.0,5744.0,5260.0,544.0,530.0,2604.0,558.0,36.0,31.0,31
18634.0,14062.0,10995.0,8829.0,12100.0,661.0,1208.0,2712.0,18664.0,18648.0,18607.0,14062.0,,21987.0,20668.0,1072.0,24410.0,14960.0,14030.0,5765.0,7124.0,562.0,532.0,3145.0,660.0,37.0,32.0,32
18643.0,14101.0,13791.0,8835.0,12112.0,683.0,1476.0,2790.0,23118.0,18655.0,18634.0,14960.0,,24410.0,25201.0,1152.0,25614.0,15521.0,14041.0,5766.0,8651.0,826.0,533.0,3564.0,663.0,38.0,33.0,33
18645.0,14960.0,14030.0,10970.0,15009.0,2882.0,1947.0,3877.0,24410.0,18658.0,18648.0,17144.0,,29518.0,25202.0,1182.0,26204.0,19077.0,14960.0,5924.0,9053.0,827.0,536.0,3639.0,759.0,39.0,34.0,34
18648.0,18585.0,14033.0,13481.0,16740.0,2903.0,2712.0,4321.0,25225.0,18664.0,18655.0,18655.0,,,25214.0,1208.0,26207.0,23040.0,15521.0,6148.0,9502.0,828.0,542.0,3778.0,856.0,40.0,35.0,35
18655.0,18589.0,14041.0,13693.0,16960.0,3756.0,2713.0,5146.0,25228.0,18682.0,18658.0,18833.0,,,25216.0,1437.0,28461.0,23048.0,19077.0,8393.0,10029.0,831.0,544.0,4050.0,1001.0,41.0,36.0,36
18658.0,18591.0,14062.0,13786.0,17083.0,5248.0,2729.0,6371.0,25240.0,18688.0,22674.0,23040.0,,,25218.0,1476.0,28916.0,23063.0,19195.0,8829.0,10619.0,833.0,549.0,4221.0,1406.0,42.0,37.0,37
18664.0,18594.0,14101.0,13791.0,17545.0,5260.0,2730.0,6990.0,25244.0,25277.0,22786.0,23048.0,,,25231.0,1627.0,,23948.0,22674.0,8835.0,11083.0,847.0,554.0,5011.0,1814.0,43.0,38.0,38
18682.0,18596.0,14960.0,13998.0,22135.0,6911.0,2903.0,7252.0,25247.0,25286.0,23040.0,25277.0,,,26125.0,1678.0,,24130.0,22775.0,11186.0,11332.0,849.0,562.0,5257.0,1947.0,44.0,39.0,39
21650.0,18603.0,15521.0,14000.0,25202.0,7248.0,3096.0,7254.0,25252.0,25296.0,25277.0,25286.0,,,26137.0,1745.0,,24469.0,22786.0,11254.0,13378.0,854.0,844.0,5736.0,2087.0,45.0,40.0,40
23118.0,18607.0,18585.0,14013.0,25532.0,7252.0,3877.0,7262.0,25254.0,25312.0,25286.0,25296.0,,,26761.0,1931.0,,26270.0,22792.0,13481.0,17040.0,864.0,847.0,5743.0,2101.0,46.0,41.0,41
24410.0,18634.0,18589.0,14030.0,25627.0,7262.0,4007.0,7267.0,25273.0,25314.0,25296.0,25300.0,,,28253.0,2305.0,,26577.0,23040.0,13791.0,18585.0,879.0,849.0,5744.0,2247.0,47.0,42.0,42
25216.0,18637.0,18591.0,14033.0,25628.0,8354.0,4408.0,9866.0,25274.0,25316.0,25314.0,25312.0,,,,2323.0,,28093.0,23048.0,14030.0,19220.0,889.0,850.0,6167.0,2381.0,48.0,43.0,43
25225.0,18643.0,18596.0,14041.0,25807.0,10995.0,5895.0,11831.0,25277.0,25323.0,25316.0,25316.0,,,,2351.0,,28271.0,23055.0,14041.0,21987.0,1072.0,853.0,6255.0,3050.0,49.0,44.0,44
25228.0,18645.0,18603.0,14057.0,25949.0,10999.0,6943.0,12422.0,25280.0,25324.0,25323.0,25323.0,,,,2363.0,,,23063.0,14552.0,22917.0,1111.0,858.0,6869.0,3073.0,50.0,45.0,45
25240.0,18648.0,18607.0,14062.0,26289.0,11083.0,6990.0,15176.0,25286.0,25327.0,25324.0,25324.0,,,,2369.0,,,23948.0,14960.0,24410.0,1121.0,862.0,6874.0,3191.0,51.0,46.0,46
25244.0,18655.0,18634.0,14078.0,26650.0,12778.0,9430.0,15939.0,25296.0,25331.0,25327.0,25327.0,,,,2374.0,,,24424.0,15510.0,24933.0,1122.0,864.0,8022.0,3480.0,52.0,47.0,47
25247.0,18658.0,18637.0,14092.0,28253.0,13019.0,9802.0,17545.0,25316.0,25334.0,25331.0,25331.0,,,,2712.0,,,24469.0,15521.0,25325.0,1135.0,870.0,8026.0,3504.0,53.0,48.0,48
25252.0,18664.0,18643.0,14101.0,28469.0,13616.0,10097.0,18662.0,25323.0,25336.0,25334.0,25334.0,,,,2713.0,,,26270.0,16667.0,27638.0,1141.0,879.0,8328.0,3877.0,320.0,49.0,49
25254.0,18671.0,18645.0,14113.0,28886.0,14105.0,10787.0,18692.0,25324.0,25337.0,25336.0,25336.0,,,,2790.0,,,26577.0,16672.0,28461.0,1142.0,1072.0,8790.0,4463.0,321.0,324.0,324
25269.0,18682.0,18648.0,14559.0,,14108.0,11083.0,18696.0,25327.0,26270.0,25337.0,25337.0,,,,3307.0,,,28093.0,16920.0,28881.0,1145.0,1163.0,8827.0,4505.0,322.0,325.0,325
25273.0,18684.0,18655.0,14960.0,,14113.0,11160.0,18708.0,25331.0,26577.0,26270.0,26270.0,,,,3877.0,,,28271.0,16925.0,28916.0,1150.0,1164.0,8828.0,4692.0,323.0,326.0,326
25274.0,18685.0,18658.0,15338.0,,15007.0,11161.0,18712.0,25334.0,,26577.0,26577.0,,,,3918.0,,,29377.0,17144.0,29039.0,1156.0,1166.0,8835.0,4854.0,324.0,327.0,327
25277.0,18688.0,18662.0,16920.0,,15009.0,11168.0,18728.0,25336.0,,,,,,,4204.0,,,,18825.0,29187.0,1157.0,1437.0,8886.0,4991.0,325.0,328.0,328
25280.0,18692.0,18664.0,16925.0,,15157.0,11224.0,18733.0,25337.0,,,,,,,4226.0,,,,18827.0,29188.0,1158.0,1449.0,8887.0,5130.0,326.0,329.0,329
25286.0,18696.0,18682.0,17144.0,,15168.0,13458.0,18739.0,,,,,,,,4321.0,,,,18833.0,29402.0,1167.0,1454.0,9039.0,5196.0,327.0,330.0,330
25296.0,18699.0,18685.0,18591.0,,15177.0,13759.0,18744.0,,,,,,,,4502.0,,,,19025.0,,1244.0,1455.0,10129.0,5233.0,328.0,331.0,331
25300.0,19077.0,18688.0,18607.0,,15762.0,13824.0,18754.0,,,,,,,,5129.0,,,,19065.0,,1413.0,1457.0,10239.0,5322.0,329.0,332.0,332
25314.0,23040.0,18692.0,18634.0,,17040.0,15404.0,18769.0,,,,,,,,5145.0,,,,19077.0,,1419.0,1458.0,10554.0,5375.0,330.0,333.0,333
25316.0,23118.0,18696.0,18637.0,,17330.0,15643.0,19209.0,,,,,,,,5146.0,,,,19210.0,,1423.0,1459.0,10716.0,5393.0,331.0,334.0,334
25323.0,23466.0,18699.0,18643.0,,17385.0,16629.0,19210.0,,,,,,,,6371.0,,,,19212.0,,1433.0,1460.0,11074.0,5498.0,332.0,335.0,335
25324.0,23472.0,18708.0,18645.0,,17438.0,16989.0,19212.0,,,,,,,,6936.0,,,,19730.0,,1440.0,1461.0,11083.0,5657.0,333.0,336.0,336
25327.0,25247.0,19077.0,18648.0,,18585.0,17013.0,19214.0,,,,,,,,6941.0,,,,20004.0,,1441.0,1462.0,11535.0,5765.0,334.0,337.0,337
25331.0,25254.0,22674.0,18655.0,,20465.0,18202.0,19217.0,,,,,,,,6960.0,,,,21001.0,,1444.0,1463.0,13117.0,5766.0,335.0,338.0,338
25334.0,25273.0,22786.0,18658.0,,21075.0,19414.0,20587.0,,,,,,,,6961.0,,,,23040.0,,1449.0,1464.0,13402.0,5847.0,336.0,339.0,339
25336.0,25277.0,22792.0,18664.0,,21144.0,20596.0,22574.0,,,,,,,,6990.0,,,,23048.0,,1454.0,1476.0,13408.0,5880.0,337.0,340.0,340
25337.0,25286.0,23040.0,18682.0,,21525.0,20623.0,22786.0,,,,,,,,7248.0,,,,23055.0,,1455.0,1510.0,13476.0,6309.0,338.0,341.0,341
25614.0,25296.0,23118.0,18688.0,,21526.0,20627.0,23854.0,,,,,,,,7252.0,,,,23202.0,,1457.0,1536.0,13571.0,6310.0,339.0,342.0,342
,25300.0,23466.0,18825.0,,21974.0,20646.0,25277.0,,,,,,,,7254.0,,,,23948.0,,1458.0,1745.0,13599.0,6312.0,340.0,343.0,343
,25308.0,23469.0,18827.0,,21987.0,20647.0,25286.0,,,,,,,,7262.0,,,,24130.0,,1473.0,1757.0,13687.0,6483.0,341.0,408.0,408
,25312.0,23472.0,18833.0,,23466.0,20668.0,25296.0,,,,,,,,7267.0,,,,24469.0,,1476.0,1758.0,14222.0,6804.0,385.0,409.0,409
,25314.0,25240.0,19065.0,,24410.0,21236.0,25302.0,,,,,,,,7877.0,,,,26125.0,,1483.0,1762.0,14223.0,6866.0,386.0,410.0,410
,25316.0,25247.0,19077.0,,25324.0,21317.0,25308.0,,,,,,,,7898.0,,,,26194.0,,1729.0,1850.0,14225.0,6877.0,387.0,411.0,411
,25323.0,25254.0,19209.0,,25325.0,22135.0,25324.0,,,,,,,,8826.0,,,,26234.0,,1730.0,1851.0,14277.0,6971.0,388.0,412.0,412
,25324.0,25277.0,19210.0,,25521.0,22346.0,25530.0,,,,,,,,9144.0,,,,26270.0,,1744.0,2046.0,14851.0,6975.0,389.0,413.0,413
,25327.0,25286.0,19212.0,,25614.0,22452.0,25721.0,,,,,,,,9155.0,,,,26577.0,,1747.0,2051.0,14852.0,6977.0,390.0,414.0,414
,25331.0,25296.0,19214.0,,26137.0,22691.0,26469.0,,,,,,,,9156.0,,,,26709.0,,1748.0,2054.0,15435.0,7017.0,391.0,415.0,415
,25334.0,25300.0,19217.0,,26177.0,23031.0,26531.0,,,,,,,,9167.0,,,,27259.0,,1757.0,2059.0,15521.0,7038.0,392.0,416.0,416
,25336.0,25308.0,20004.0,,26188.0,23035.0,27373.0,,,,,,,,9866.0,,,,27807.0,,1758.0,2060.0,15922.0,7090.0,393.0,417.0,417
,25337.0,25312.0,23040.0,,26190.0,23064.0,28469.0,,,,,,,,10028.0,,,,28093.0,,1762.0,2061.0,16290.0,7118.0,394.0,418.0,418
,26270.0,25314.0,23048.0,,26693.0,24088.0,29360.0,,,,,,,,10049.0,,,,28271.0,,1766.0,2062.0,16887.0,7214.0,395.0,419.0,419
,26577.0,25316.0,23118.0,,26715.0,24213.0,,,,,,,,,10306.0,,,,28311.0,,1772.0,2065.0,17178.0,7246.0,396.0,420.0,420
,29371.0,25323.0,23466.0,,26720.0,25176.0,,,,,,,,,10896.0,,,,,,1775.0,2067.0,17179.0,7305.0,397.0,421.0,421
,,25324.0,23472.0,,27527.0,25196.0,,,,,,,,,10910.0,,,,,,1779.0,2072.0,17182.0,7396.0,398.0,422.0,422
,,25327.0,25247.0,,28274.0,25201.0,,,,,,,,,11199.0,,,,,,1780.0,2152.0,17567.0,7805.0,399.0,423.0,423
,,25331.0,25254.0,,28372.0,25202.0,,,,,,,,,11224.0,,,,,,1784.0,2363.0,19286.0,8459.0,400.0,424.0,424
,,25334.0,25259.0,,28461.0,25214.0,,,,,,,,,11520.0,,,,,,1785.0,2369.0,19298.0,8550.0,401.0,425.0,425
,,25336.0,25273.0,,28549.0,25216.0,,,,,,,,,11546.0,,,,,,1803.0,2370.0,19299.0,8658.0,402.0,426.0,426
,,25337.0,25277.0,,28627.0,25218.0,,,,,,,,,11831.0,,,,,,2046.0,2371.0,19484.0,8678.0,403.0,427.0,427
,,26270.0,25286.0,,29514.0,25231.0,,,,,,,,,12422.0,,,,,,2048.0,2374.0,19548.0,8688.0,404.0,428.0,428
,,26577.0,25291.0,,29517.0,25347.0,,,,,,,,,12792.0,,,,,,2049.0,2381.0,20056.0,8696.0,405.0,429.0,429
,,29371.0,25296.0,,29518.0,25521.0,,,,,,,,,13375.0,,,,,,2059.0,2405.0,20123.0,8943.0,406.0,430.0,430
,,,25300.0,,,25617.0,,,,,,,,,13768.0,,,,,,2060.0,2686.0,20465.0,8999.0,407.0,644.0,644
,,,25308.0,,,26116.0,,,,,,,,,14237.0,,,,,,2061.0,2687.0,21149.0,9141.0,408.0,645.0,645
,,,25312.0,,,26125.0,,,,,,,,,14266.0,,,,,,2062.0,2691.0,21151.0,9249.0,409.0,646.0,646
,,,25314.0,,,26137.0,,,,,,,,,14278.0,,,,,,2072.0,2693.0,21209.0,9276.0,642.0,647.0,647
,,,25316.0,,,26650.0,,,,,,,,,15098.0,,,,,,2081.0,2701.0,21212.0,9471.0,643.0,648.0,648
,,,25323.0,,,26693.0,,,,,,,,,15176.0,,,,,,2097.0,2712.0,21550.0,10046.0,644.0,649.0,649
,,,25324.0,,,26761.0,,,,,,,,,15186.0,,,,,,2123.0,2713.0,21551.0,10122.0,645.0,650.0,650
,,,25327.0,,,27800.0,,,,,,,,,15220.0,,,,,,2156.0,2720.0,21575.0,10157.0,646.0,651.0,651
,,,25331.0,,,28169.0,,,,,,,,,15763.0,,,,,,2342.0,2729.0,21968.0,10266.0,647.0,652.0,652
,,,25334.0,,,28253.0,,,,,,,,,15796.0,,,,,,2346.0,2731.0,21987.0,10764.0,648.0,653.0,653
,,,25336.0,,,28469.0,,,,,,,,,15939.0,,,,,,2352.0,2741.0,22335.0,10986.0,649.0,654.0,654
,,,25337.0,,,29366.0,,,,,,,,,16905.0,,,,,,2358.0,2980.0,22516.0,11048.0,650.0,655.0,655
,,,26270.0,,,29563.0,,,,,,,,,17187.0,,,,,,2360.0,2983.0,22521.0,11392.0,651.0,656.0,656
,,,26577.0,,,,,,,,,,,,17545.0,,,,,,2369.0,2990.0,22651.0,12041.0,652.0,657.0,657
,,,27384.0,,,,,,,,,,,,18466.0,,,,,,2374.0,2995.0,22661.0,12164.0,653.0,658.0,658
,,,,,,,,,,,,,,,18658.0,,,,,,2381.0,3000.0,22802.0,12413.0,654.0,659.0,659
,,,,,,,,,,,,,,,18662.0,,,,,,2398.0,3293.0,24389.0,12491.0,655.0,660.0,660
,,,,,,,,,,,,,,,18674.0,,,,,,2403.0,3294.0,24390.0,12506.0,656.0,661.0,661
,,,,,,,,,,,,,,,18682.0,,,,,,2408.0,3298.0,24410.0,12685.0,657.0,662.0,662
,,,,,,,,,,,,,,,18692.0,,,,,,2667.0,3300.0,24622.0,12698.0,658.0,663.0,663
,,,,,,,,,,,,,,,18696.0,,,,,,2676.0,3304.0,24933.0,12751.0,659.0,664.0,664
,,,,,,,,,,,,,,,18701.0,,,,,,2686.0,3307.0,25202.0,13161.0,660.0,665.0,665
,,,,,,,,,,,,,,,18708.0,,,,,,2691.0,3308.0,25381.0,13193.0,661.0,705.0,705
,,,,,,,,,,,,,,,18712.0,,,,,,2695.0,3313.0,25382.0,13239.0,662.0,706.0,706
,,,,,,,,,,,,,,,18715.0,,,,,,2697.0,3320.0,26549.0,13512.0,663.0,707.0,707
,,,,,,,,,,,,,,,18719.0,,,,,,2701.0,3338.0,27658.0,13513.0,704.0,708.0,708
,,,,,,,,,,,,,,,18728.0,,,,,,2715.0,3340.0,27660.0,13514.0,705.0,709.0,709
,,,,,,,,,,,,,,,18733.0,,,,,,2717.0,3353.0,27760.0,13650.0,706.0,710.0,710
,,,,,,,,,,,,,,,18739.0,,,,,,2729.0,3375.0,27761.0,13686.0,707.0,711.0,711
,,,,,,,,,,,,,,,18744.0,,,,,,2730.0,3594.0,27784.0,13693.0,708.0,712.0,712
,,,,,,,,,,,,,,,18754.0,,,,,,2949.0,3596.0,28184.0,14197.0,709.0,713.0,713
,,,,,,,,,,,,,,,18762.0,,,,,,3004.0,3602.0,28253.0,14488.0,710.0,714.0,714
,,,,,,,,,,,,,,,18766.0,,,,,,3011.0,3615.0,28985.0,14536.0,711.0,715.0,715
,,,,,,,,,,,,,,,18769.0,,,,,,3014.0,3627.0,29037.0,14548.0,712.0,716.0,716
,,,,,,,,,,,,,,,19209.0,,,,,,3015.0,3636.0,29039.0,14553.0,713.0,717.0,717
,,,,,,,,,,,,,,,19210.0,,,,,,3022.0,3896.0,29058.0,15075.0,714.0,718.0,718
,,,,,,,,,,,,,,,19212.0,,,,,,3023.0,3901.0,29425.0,15103.0,715.0,719.0,719
,,,,,,,,,,,,,,,19214.0,,,,,,3024.0,3902.0,29553.0,15199.0,716.0,720.0,720
,,,,,,,,,,,,,,,19217.0,,,,,,3025.0,3903.0,29594.0,15230.0,717.0,721.0,721
,,,,,,,,,,,,,,,19367.0,,,,,,3033.0,3912.0,,15513.0,718.0,722.0,722
,,,,,,,,,,,,,,,19683.0,,,,,,3037.0,3914.0,,15769.0,719.0,723.0,723
,,,,,,,,,,,,,,,19718.0,,,,,,3046.0,3916.0,,15771.0,720.0,724.0,724
,,,,,,,,,,,,,,,19985.0,,,,,,3052.0,3918.0,,16130.0,721.0,725.0,725
,,,,,,,,,,,,,,,20290.0,,,,,,3056.0,3924.0,,16132.0,722.0,726.0,726
,,,,,,,,,,,,,,,20305.0,,,,,,3096.0,3929.0,,16188.0,723.0,944.0,944
,,,,,,,,,,,,,,,20587.0,,,,,,3335.0,3932.0,,16210.0,724.0,945.0,945
,,,,,,,,,,,,,,,20596.0,,,,,,3338.0,3939.0,,16537.0,725.0,946.0,946
,,,,,,,,,,,,,,,21180.0,,,,,,3345.0,3950.0,,16738.0,943.0,947.0,947
,,,,,,,,,,,,,,,22290.0,,,,,,3351.0,3977.0,,16787.0,944.0,948.0,948
,,,,,,,,,,,,,,,22299.0,,,,,,3353.0,4209.0,,16988.0,945.0,949.0,949
,,,,,,,,,,,,,,,22574.0,,,,,,3354.0,4211.0,,17096.0,946.0,950.0,950
,,,,,,,,,,,,,,,22592.0,,,,,,3634.0,4502.0,,17479.0,947.0,951.0,951
,,,,,,,,,,,,,,,22786.0,,,,,,3638.0,4511.0,,17668.0,948.0,952.0,952
,,,,,,,,,,,,,,,23173.0,,,,,,3641.0,4514.0,,17675.0,949.0,953.0,953
,,,,,,,,,,,,,,,23854.0,,,,,,3644.0,4520.0,,17716.0,950.0,954.0,954
,,,,,,,,,,,,,,,24020.0,,,,,,3646.0,4521.0,,17754.0,951.0,955.0,955
,,,,,,,,,,,,,,,24070.0,,,,,,3653.0,4523.0,,17848.0,952.0,956.0,956
,,,,,,,,,,,,,,,24072.0,,,,,,3656.0,4524.0,,18297.0,953.0,957.0,957
,,,,,,,,,,,,,,,24676.0,,,,,,3661.0,4527.0,,18445.0,954.0,958.0,958
,,,,,,,,,,,,,,,24923.0,,,,,,3663.0,4818.0,,18465.0,955.0,959.0,959
,,,,,,,,,,,,,,,25274.0,,,,,,3666.0,4820.0,,18505.0,956.0,960.0,960
,,,,,,,,,,,,,,,25277.0,,,,,,3671.0,4824.0,,18506.0,957.0,961.0,961
,,,,,,,,,,,,,,,25280.0,,,,,,3924.0,4827.0,,18690.0,958.0,962.0,962
,,,,,,,,,,,,,,,25284.0,,,,,,3966.0,4829.0,,18716.0,959.0,963.0,963
,,,,,,,,,,,,,,,25286.0,,,,,,3967.0,4831.0,,19250.0,960.0,964.0,964
,,,,,,,,,,,,,,,25289.0,,,,,,3977.0,4832.0,,19338.0,961.0,965.0,965
,,,,,,,,,,,,,,,25294.0,,,,,,3980.0,4833.0,,19339.0,962.0,1017.0,1017
,,,,,,,,,,,,,,,25296.0,,,,,,3984.0,4835.0,,19344.0,963.0,1018.0,1018
,,,,,,,,,,,,,,,25302.0,,,,,,3987.0,4840.0,,19369.0,964.0,1019.0,1019
,,,,,,,,,,,,,,,25305.0,,,,,,3990.0,4841.0,,19406.0,1004.0,1020.0,1020
,,,,,,,,,,,,,,,25308.0,,,,,,3994.0,5129.0,,19482.0,1005.0,1021.0,1021
,,,,,,,,,,,,,,,25314.0,,,,,,4007.0,5131.0,,19732.0,1006.0,1022.0,1022
,,,,,,,,,,,,,,,25324.0,,,,,,4206.0,5135.0,,20126.0,1007.0,1023.0,1023
,,,,,,,,,,,,,,,25331.0,,,,,,4212.0,5145.0,,20128.0,1008.0,1024.0,1024
,,,,,,,,,,,,,,,25525.0,,,,,,4226.0,5169.0,,20254.0,1009.0,1025.0,1025
,,,,,,,,,,,,,,,25529.0,,,,,,4227.0,5176.0,,20857.0,1010.0,1026.0,1026
,,,,,,,,,,,,,,,25530.0,,,,,,4237.0,5444.0,,21281.0,1011.0,1027.0,1027
,,,,,,,,,,,,,,,25532.0,,,,,,4245.0,5447.0,,21302.0,1012.0,1028.0,1028
,,,,,,,,,,,,,,,25807.0,,,,,,4246.0,5449.0,,21304.0,1013.0,1029.0,1029
,,,,,,,,,,,,,,,25836.0,,,,,,4251.0,5451.0,,21305.0,1014.0,1030.0,1030
,,,,,,,,,,,,,,,25842.0,,,,,,4262.0,5751.0,,21379.0,1015.0,1031.0,1031
,,,,,,,,,,,,,,,25867.0,,,,,,4263.0,5753.0,,21609.0,1016.0,1032.0,1032
,,,,,,,,,,,,,,,26205.0,,,,,,4475.0,5758.0,,21658.0,1017.0,1033.0,1033
,,,,,,,,,,,,,,,26206.0,,,,,,4476.0,5759.0,,22329.0,1018.0,1034.0,1034
,,,,,,,,,,,,,,,26456.0,,,,,,4486.0,5765.0,,22389.0,1019.0,1035.0,1035
,,,,,,,,,,,,,,,26469.0,,,,,,4487.0,5766.0,,22393.0,1020.0,1036.0,1036
,,,,,,,,,,,,,,,26478.0,,,,,,4488.0,5768.0,,22410.0,1021.0,1037.0,1037
,,,,,,,,,,,,,,,26531.0,,,,,,4499.0,5777.0,,22416.0,1022.0,1038.0,1038
,,,,,,,,,,,,,,,26772.0,,,,,,4504.0,5784.0,,22420.0,1023.0,1039.0,1039
,,,,,,,,,,,,,,,27373.0,,,,,,4505.0,5791.0,,22488.0,1024.0,1040.0,1040
,,,,,,,,,,,,,,,27931.0,,,,,,4511.0,5794.0,,22500.0,1025.0,1041.0,1041
,,,,,,,,,,,,,,,28469.0,,,,,,4524.0,5796.0,,22506.0,1026.0,1042.0,1042
,,,,,,,,,,,,,,,28734.0,,,,,,4806.0,5798.0,,22515.0,1027.0,1043.0,1043
,,,,,,,,,,,,,,,28755.0,,,,,,4807.0,5800.0,,22797.0,1242.0,1245.0,1245
,,,,,,,,,,,,,,,28772.0,,,,,,4809.0,5803.0,,22892.0,1243.0,1246.0,1246
,,,,,,,,,,,,,,,29359.0,,,,,,4810.0,5805.0,,22904.0,1244.0,1247.0,1247
,,,,,,,,,,,,,,,29360.0,,,,,,4815.0,5816.0,,23016.0,1245.0,1248.0,1248
,,,,,,,,,,,,,,,,,,,,,4817.0,5837.0,,23116.0,1246.0,1249.0,1249
,,,,,,,,,,,,,,,,,,,,,4818.0,5844.0,,23122.0,1247.0,1250.0,1250
,,,,,,,,,,,,,,,,,,,,,4820.0,5858.0,,23144.0,1248.0,1251.0,1251
,,,,,,,,,,,,,,,,,,,,,4824.0,5866.0,,23162.0,1249.0,1252.0,1252
,,,,,,,,,,,,,,,,,,,,,4827.0,6077.0,,23288.0,1250.0,1253.0,1253
,,,,,,,,,,,,,,,,,,,,,4829.0,6078.0,,23291.0,1251.0,1254.0,1254
,,,,,,,,,,,,,,,,,,,,,4831.0,6080.0,,23292.0,1252.0,1255.0,1255
,,,,,,,,,,,,,,,,,,,,,4832.0,6083.0,,23302.0,1253.0,1256.0,1256
,,,,,,,,,,,,,,,,,,,,,4834.0,6383.0,,23343.0,1254.0,1257.0,1257
,,,,,,,,,,,,,,,,,,,,,4835.0,6384.0,,23519.0,1255.0,1258.0,1258
,,,,,,,,,,,,,,,,,,,,,4836.0,6392.0,,23652.0,1256.0,1259.0,1259
,,,,,,,,,,,,,,,,,,,,,4841.0,6395.0,,23738.0,1257.0,1260.0,1260
,,,,,,,,,,,,,,,,,,,,,4847.0,6689.0,,23745.0,1258.0,1261.0,1261
,,,,,,,,,,,,,,,,,,,,,4856.0,6690.0,,23763.0,1259.0,1262.0,1262
,,,,,,,,,,,,,,,,,,,,,4857.0,6694.0,,23766.0,1260.0,1263.0,1263
,,,,,,,,,,,,,,,,,,,,,5102.0,6701.0,,23775.0,1261.0,1264.0,1264
,,,,,,,,,,,,,,,,,,,,,5105.0,6704.0,,23855.0,1262.0,1265.0,1265
,,,,,,,,,,,,,,,,,,,,,5108.0,6708.0,,24497.0,1263.0,1337.0,1337
,,,,,,,,,,,,,,,,,,,,,5109.0,6816.0,,24557.0,1312.0,1338.0,1338
,,,,,,,,,,,,,,,,,,,,,5115.0,6848.0,,24673.0,1313.0,1339.0,1339
,,,,,,,,,,,,,,,,,,,,,5123.0,6884.0,,24728.0,1314.0,1340.0,1340
,,,,,,,,,,,,,,,,,,,,,5129.0,6924.0,,24942.0,1315.0,1341.0,1341
,,,,,,,,,,,,,,,,,,,,,5130.0,6941.0,,25446.0,1316.0,1342.0,1342
,,,,,,,,,,,,,,,,,,,,,5135.0,6960.0,,25798.0,1317.0,1343.0,1343
,,,,,,,,,,,,,,,,,,,,,5147.0,6961.0,,25902.0,1318.0,1344.0,1344
,,,,,,,,,,,,,,,,,,,,,5148.0,6975.0,,25908.0,1319.0,1345.0,1345
,,,,,,,,,,,,,,,,,,,,,5150.0,6987.0,,25961.0,1320.0,1346.0,1346
,,,,,,,,,,,,,,,,,,,,,5155.0,6990.0,,26700.0,1321.0,1347.0,1347
,,,,,,,,,,,,,,,,,,,,,5156.0,7252.0,,26709.0,1322.0,1348.0,1348
,,,,,,,,,,,,,,,,,,,,,5157.0,7262.0,,27033.0,1323.0,1349.0,1349
,,,,,,,,,,,,,,,,,,,,,5442.0,7269.0,,27534.0,1324.0,1350.0,1350
,,,,,,,,,,,,,,,,,,,,,5453.0,7270.0,,27720.0,1325.0,1351.0,1351
,,,,,,,,,,,,,,,,,,,,,5467.0,7272.0,,27792.0,1326.0,1352.0,1352
,,,,,,,,,,,,,,,,,,,,,5470.0,7531.0,,28004.0,1327.0,1353.0,1353
,,,,,,,,,,,,,,,,,,,,,5726.0,7550.0,,28005.0,1328.0,1354.0,1354
,,,,,,,,,,,,,,,,,,,,,5751.0,7557.0,,28006.0,1329.0,1355.0,1355
,,,,,,,,,,,,,,,,,,,,,5758.0,7565.0,,28008.0,1330.0,1356.0,1356
,,,,,,,,,,,,,,,,,,,,,5766.0,7566.0,,28517.0,1331.0,1357.0,1357
,,,,,,,,,,,,,,,,,,,,,5777.0,7571.0,,28559.0,1332.0,1358.0,1358
,,,,,,,,,,,,,,,,,,,,,5787.0,7573.0,,28676.0,1333.0,1359.0,1359
,,,,,,,,,,,,,,,,,,,,,5790.0,7574.0,,28780.0,1334.0,1360.0,1360
,,,,,,,,,,,,,,,,,,,,,6060.0,7575.0,,28881.0,1335.0,1361.0,1361
,,,,,,,,,,,,,,,,,,,,,6062.0,7577.0,,28882.0,1336.0,1540.0,1540
,,,,,,,,,,,,,,,,,,,,,6070.0,7578.0,,28883.0,1573.0,1541.0,1541
,,,,,,,,,,,,,,,,,,,,,6077.0,7583.0,,28886.0,1574.0,1542.0,1542
,,,,,,,,,,,,,,,,,,,,,6078.0,7584.0,,29049.0,1575.0,1543.0,1543
,,,,,,,,,,,,,,,,,,,,,6080.0,7586.0,,29378.0,1576.0,1544.0,1544
,,,,,,,,,,,,,,,,,,,,,6083.0,7587.0,,29427.0,1577.0,1545.0,1545
,,,,,,,,,,,,,,,,,,,,,6094.0,7592.0,,29428.0,1578.0,1546.0,1546
,,,,,,,,,,,,,,,,,,,,,6101.0,7593.0,,29737.0,1579.0,1547.0,1547
,,,,,,,,,,,,,,,,,,,,,6286.0,7594.0,,29786.0,1580.0,1548.0,1548
,,,,,,,,,,,,,,,,,,,,,6330.0,7597.0,,,1581.0,1549.0,1549
,,,,,,,,,,,,,,,,,,,,,6336.0,7599.0,,,1582.0,1550.0,1550
,,,,,,,,,,,,,,,,,,,,,6352.0,7600.0,,,1583.0,1551.0,1551
,,,,,,,,,,,,,,,,,,,,,6358.0,7602.0,,,1584.0,1552.0,1552
,,,,,,,,,,,,,,,,,,,,,6362.0,7769.0,,,1585.0,1553.0,1553
,,,,,,,,,,,,,,,,,,,,,6368.0,8194.0,,,1586.0,1554.0,1554
,,,,,,,,,,,,,,,,,,,,,6383.0,8196.0,,,1587.0,1555.0,1555
,,,,,,,,,,,,,,,,,,,,,6384.0,8198.0,,,1588.0,1556.0,1556
,,,,,,,,,,,,,,,,,,,,,6395.0,8201.0,,,1589.0,1557.0,1557
,,,,,,,,,,,,,,,,,,,,,6421.0,8204.0,,,1590.0,1558.0,1558
,,,,,,,,,,,,,,,,,,,,,6449.0,8208.0,,,1591.0,1559.0,1559
,,,,,,,,,,,,,,,,,,,,,6609.0,8213.0,,,1592.0,1560.0,1560
,,,,,,,,,,,,,,,,,,,,,6622.0,8216.0,,,1593.0,1561.0,1561
,,,,,,,,,,,,,,,,,,,,,6628.0,8228.0,,,1594.0,1623.0,1623
,,,,,,,,,,,,,,,,,,,,,6647.0,8499.0,,,1623.0,1624.0,1624
,,,,,,,,,,,,,,,,,,,,,6648.0,8501.0,,,1624.0,1625.0,1625
,,,,,,,,,,,,,,,,,,,,,6651.0,8502.0,,,1625.0,1626.0,1626
,,,,,,,,,,,,,,,,,,,,,6665.0,8505.0,,,1626.0,1627.0,1627
,,,,,,,,,,,,,,,,,,,,,6669.0,8507.0,,,1627.0,1628.0,1628
,,,,,,,,,,,,,,,,,,,,,6670.0,8508.0,,,1628.0,1629.0,1629
,,,,,,,,,,,,,,,,,,,,,6675.0,8512.0,,,1629.0,1630.0,1630
,,,,,,,,,,,,,,,,,,,,,6680.0,8522.0,,,1630.0,1631.0,1631
,,,,,,,,,,,,,,,,,,,,,6681.0,8538.0,,,1631.0,1632.0,1632
,,,,,,,,,,,,,,,,,,,,,6689.0,8615.0,,,1632.0,1633.0,1633
,,,,,,,,,,,,,,,,,,,,,6695.0,8618.0,,,1633.0,1634.0,1634
,,,,,,,,,,,,,,,,,,,,,6696.0,8626.0,,,1634.0,1635.0,1635
,,,,,,,,,,,,,,,,,,,,,6701.0,8655.0,,,1635.0,1636.0,1636
,,,,,,,,,,,,,,,,,,,,,6708.0,8822.0,,,1636.0,1637.0,1637
,,,,,,,,,,,,,,,,,,,,,6894.0,8826.0,,,1637.0,1638.0,1638
,,,,,,,,,,,,,,,,,,,,,6899.0,8835.0,,,1638.0,1639.0,1639
,,,,,,,,,,,,,,,,,,,,,6901.0,8853.0,,,1639.0,1640.0,1640
,,,,,,,,,,,,,,,,,,,,,6902.0,9130.0,,,1640.0,1641.0,1641
,,,,,,,,,,,,,,,,,,,,,6903.0,9131.0,,,1641.0,1642.0,1642
,,,,,,,,,,,,,,,,,,,,,6906.0,9141.0,,,1642.0,1643.0,1643
,,,,,,,,,,,,,,,,,,,,,6919.0,9309.0,,,1643.0,1644.0,1644
,,,,,,,,,,,,,,,,,,,,,6922.0,9363.0,,,1644.0,1645.0,1645
,,,,,,,,,,,,,,,,,,,,,6924.0,9371.0,,,1645.0,1646.0,1646
,,,,,,,,,,,,,,,,,,,,,6936.0,9374.0,,,1646.0,1647.0,1647
,,,,,,,,,,,,,,,,,,,,,6943.0,9375.0,,,1647.0,1648.0,1648
,,,,,,,,,,,,,,,,,,,,,6968.0,9378.0,,,1648.0,1649.0,1649
,,,,,,,,,,,,,,,,,,,,,6975.0,9380.0,,,1649.0,1851.0,1851
,,,,,,,,,,,,,,,,,,,,,6990.0,9381.0,,,1650.0,1852.0,1852
,,,,,,,,,,,,,,,,,,,,,7194.0,9383.0,,,1868.0,1853.0,1853
,,,,,,,,,,,,,,,,,,,,,7200.0,9384.0,,,1869.0,1854.0,1854
,,,,,,,,,,,,,,,,,,,,,7203.0,9386.0,,,1870.0,1855.0,1855
,,,,,,,,,,,,,,,,,,,,,7212.0,9388.0,,,1871.0,1856.0,1856
,,,,,,,,,,,,,,,,,,,,,7213.0,9389.0,,,1872.0,1857.0,1857
,,,,,,,,,,,,,,,,,,,,,7214.0,9393.0,,,1873.0,1858.0,1858
,,,,,,,,,,,,,,,,,,,,,7223.0,9394.0,,,1874.0,1859.0,1859
,,,,,,,,,,,,,,,,,,,,,7224.0,9398.0,,,1875.0,1860.0,1860
,,,,,,,,,,,,,,,,,,,,,7226.0,9399.0,,,1876.0,1861.0,1861
,,,,,,,,,,,,,,,,,,,,,7229.0,9402.0,,,1877.0,1862.0,1862
,,,,,,,,,,,,,,,,,,,,,7230.0,9408.0,,,1878.0,1863.0,1863
,,,,,,,,,,,,,,,,,,,,,7231.0,9411.0,,,1879.0,1864.0,1864
,,,,,,,,,,,,,,,,,,,,,7235.0,9413.0,,,1880.0,1865.0,1865
,,,,,,,,,,,,,,,,,,,,,7238.0,9416.0,,,1881.0,1866.0,1866
,,,,,,,,,,,,,,,,,,,,,7239.0,9666.0,,,1882.0,1867.0,1867
,,,,,,,,,,,,,,,,,,,,,7245.0,9674.0,,,1883.0,1868.0,1868
,,,,,,,,,,,,,,,,,,,,,7246.0,9675.0,,,1884.0,1869.0,1869
,,,,,,,,,,,,,,,,,,,,,7252.0,9679.0,,,1885.0,1870.0,1870
,,,,,,,,,,,,,,,,,,,,,7253.0,9681.0,,,1886.0,1871.0,1871
,,,,,,,,,,,,,,,,,,,,,7279.0,9682.0,,,1887.0,1872.0,1872
,,,,,,,,,,,,,,,,,,,,,7414.0,9687.0,,,1888.0,1873.0,1873
,,,,,,,,,,,,,,,,,,,,,7469.0,9693.0,,,1889.0,1874.0,1874
,,,,,,,,,,,,,,,,,,,,,7476.0,9703.0,,,1890.0,1925.0,1925
,,,,,,,,,,,,,,,,,,,,,7482.0,9711.0,,,1891.0,1926.0,1926
,,,,,,,,,,,,,,,,,,,,,7488.0,9977.0,,,1892.0,1927.0,1927
,,,,,,,,,,,,,,,,,,,,,7495.0,9985.0,,,1893.0,1928.0,1928
,,,,,,,,,,,,,,,,,,,,,7498.0,9988.0,,,1894.0,1929.0,1929
,,,,,,,,,,,,,,,,,,,,,7500.0,9994.0,,,1895.0,1930.0,1930
,,,,,,,,,,,,,,,,,,,,,7504.0,9996.0,,,1896.0,1931.0,1931
,,,,,,,,,,,,,,,,,,,,,7508.0,10000.0,,,1942.0,1932.0,1932
,,,,,,,,,,,,,,,,,,,,,7509.0,10290.0,,,1943.0,1933.0,1933
,,,,,,,,,,,,,,,,,,,,,7515.0,10292.0,,,1944.0,1934.0,1934
,,,,,,,,,,,,,,,,,,,,,7517.0,10294.0,,,1945.0,1935.0,1935
,,,,,,,,,,,,,,,,,,,,,7520.0,10306.0,,,1946.0,1936.0,1936
,,,,,,,,,,,,,,,,,,,,,7524.0,10449.0,,,1947.0,1937.0,1937
,,,,,,,,,,,,,,,,,,,,,7529.0,10596.0,,,1948.0,1938.0,1938
,,,,,,,,,,,,,,,,,,,,,7798.0,10606.0,,,1949.0,1939.0,1939
,,,,,,,,,,,,,,,,,,,,,7800.0,10613.0,,,1950.0,1940.0,1940
,,,,,,,,,,,,,,,,,,,,,7805.0,10625.0,,,1951.0,1941.0,1941
,,,,,,,,,,,,,,,,,,,,,7813.0,10634.0,,,1952.0,1942.0,1942
,,,,,,,,,,,,,,,,,,,,,7829.0,10637.0,,,1953.0,1943.0,1943
,,,,,,,,,,,,,,,,,,,,,7834.0,10638.0,,,1954.0,1944.0,1944
,,,,,,,,,,,,,,,,,,,,,7843.0,10642.0,,,1955.0,1945.0,1945
,,,,,,,,,,,,,,,,,,,,,8114.0,10643.0,,,1956.0,1946.0,1946
,,,,,,,,,,,,,,,,,,,,,8117.0,10645.0,,,1957.0,1947.0,1947
,,,,,,,,,,,,,,,,,,,,,8118.0,10647.0,,,1958.0,2154.0,2154
,,,,,,,,,,,,,,,,,,,,,8123.0,10650.0,,,1959.0,2155.0,2155
,,,,,,,,,,,,,,,,,,,,,8131.0,10654.0,,,1960.0,2156.0,2156
,,,,,,,,,,,,,,,,,,,,,8133.0,10658.0,,,1961.0,2157.0,2157
,,,,,,,,,,,,,,,,,,,,,8135.0,10664.0,,,1962.0,2158.0,2158
,,,,,,,,,,,,,,,,,,,,,8140.0,10675.0,,,1963.0,2159.0,2159
,,,,,,,,,,,,,,,,,,,,,8144.0,10688.0,,,2181.0,2160.0,2160
,,,,,,,,,,,,,,,,,,,,,8146.0,10910.0,,,2182.0,2161.0,2161
,,,,,,,,,,,,,,,,,,,,,8148.0,10919.0,,,2183.0,2162.0,2162
,,,,,,,,,,,,,,,,,,,,,8153.0,10922.0,,,2184.0,2163.0,2163
,,,,,,,,,,,,,,,,,,,,,8154.0,10929.0,,,2185.0,2164.0,2164
,,,,,,,,,,,,,,,,,,,,,8157.0,10932.0,,,2186.0,2165.0,2165
,,,,,,,,,,,,,,,,,,,,,8160.0,11087.0,,,2187.0,2166.0,2166
,,,,,,,,,,,,,,,,,,,,,8428.0,11190.0,,,2188.0,2167.0,2167
,,,,,,,,,,,,,,,,,,,,,8447.0,11198.0,,,2189.0,2168.0,2168
,,,,,,,,,,,,,,,,,,,,,8453.0,11199.0,,,2190.0,2169.0,2169
,,,,,,,,,,,,,,,,,,,,,8457.0,11200.0,,,2191.0,2170.0,2170
,,,,,,,,,,,,,,,,,,,,,8478.0,11205.0,,,2192.0,2171.0,2171
,,,,,,,,,,,,,,,,,,,,,8480.0,11207.0,,,2193.0,2172.0,2172
,,,,,,,,,,,,,,,,,,,,,8482.0,11208.0,,,2194.0,2173.0,2173
,,,,,,,,,,,,,,,,,,,,,8726.0,11210.0,,,2195.0,2174.0,2174
,,,,,,,,,,,,,,,,,,,,,8760.0,11221.0,,,2196.0,2175.0,2175
,,,,,,,,,,,,,,,,,,,,,8793.0,11222.0,,,2197.0,2176.0,2176
,,,,,,,,,,,,,,,,,,,,,8811.0,11224.0,,,2198.0,2177.0,2177
,,,,,,,,,,,,,,,,,,,,,8813.0,11514.0,,,2199.0,2178.0,2178
,,,,,,,,,,,,,,,,,,,,,9035.0,11534.0,,,2200.0,2179.0,2179
,,,,,,,,,,,,,,,,,,,,,9039.0,11535.0,,,2201.0,2228.0,2228
,,,,,,,,,,,,,,,,,,,,,9049.0,11546.0,,,2202.0,2229.0,2229
,,,,,,,,,,,,,,,,,,,,,9056.0,11831.0,,,2203.0,2230.0,2230
,,,,,,,,,,,,,,,,,,,,,9057.0,11832.0,,,2204.0,2231.0,2231
,,,,,,,,,,,,,,,,,,,,,9063.0,11840.0,,,2242.0,2232.0,2232
,,,,,,,,,,,,,,,,,,,,,9072.0,11842.0,,,2243.0,2233.0,2233
,,,,,,,,,,,,,,,,,,,,,9073.0,12138.0,,,2244.0,2234.0,2234
,,,,,,,,,,,,,,,,,,,,,9077.0,12139.0,,,2245.0,2235.0,2235
,,,,,,,,,,,,,,,,,,,,,9080.0,12144.0,,,2246.0,2236.0,2236
,,,,,,,,,,,,,,,,,,,,,9083.0,12149.0,,,2247.0,2237.0,2237
,,,,,,,,,,,,,,,,,,,,,9086.0,12152.0,,,2248.0,2238.0,2238
,,,,,,,,,,,,,,,,,,,,,9087.0,12153.0,,,2249.0,2239.0,2239
,,,,,,,,,,,,,,,,,,,,,9095.0,12171.0,,,2250.0,2240.0,2240
,,,,,,,,,,,,,,,,,,,,,9101.0,12445.0,,,2251.0,2241.0,2241
,,,,,,,,,,,,,,,,,,,,,9105.0,12447.0,,,2252.0,2242.0,2242
,,,,,,,,,,,,,,,,,,,,,9144.0,12450.0,,,2253.0,2243.0,2243
,,,,,,,,,,,,,,,,,,,,,9375.0,12452.0,,,2254.0,2244.0,2244
,,,,,,,,,,,,,,,,,,,,,9377.0,12453.0,,,2255.0,2245.0,2245
,,,,,,,,,,,,,,,,,,,,,9378.0,12521.0,,,2256.0,2246.0,2246
,,,,,,,,,,,,,,,,,,,,,9388.0,12545.0,,,2257.0,2247.0,2247
,,,,,,,,,,,,,,,,,,,,,9389.0,12553.0,,,2258.0,2248.0,2248
,,,,,,,,,,,,,,,,,,,,,9398.0,12578.0,,,2259.0,2249.0,2249
,,,,,,,,,,,,,,,,,,,,,9399.0,12721.0,,,2260.0,2483.0,2483
,,,,,,,,,,,,,,,,,,,,,9402.0,12726.0,,,2261.0,2484.0,2484
,,,,,,,,,,,,,,,,,,,,,9430.0,12734.0,,,2262.0,2485.0,2485
,,,,,,,,,,,,,,,,,,,,,9635.0,13037.0,,,2263.0,2486.0,2486
,,,,,,,,,,,,,,,,,,,,,9636.0,13042.0,,,2264.0,2487.0,2487
,,,,,,,,,,,,,,,,,,,,,9648.0,13043.0,,,2265.0,2488.0,2488
,,,,,,,,,,,,,,,,,,,,,9649.0,13046.0,,,2266.0,2489.0,2489
,,,,,,,,,,,,,,,,,,,,,9658.0,13050.0,,,2267.0,2490.0,2490
,,,,,,,,,,,,,,,,,,,,,9661.0,13051.0,,,2268.0,2491.0,2491
,,,,,,,,,,,,,,,,,,,,,9665.0,13054.0,,,2504.0,2492.0,2492
,,,,,,,,,,,,,,,,,,,,,9666.0,13061.0,,,2505.0,2493.0,2493
,,,,,,,,,,,,,,,,,,,,,9671.0,13326.0,,,2506.0,2494.0,2494
,,,,,,,,,,,,,,,,,,,,,9674.0,13334.0,,,2507.0,2495.0,2495
,,,,,,,,,,,,,,,,,,,,,9675.0,13335.0,,,2508.0,2496.0,2496
,,,,,,,,,,,,,,,,,,,,,9679.0,13343.0,,,2509.0,2497.0,2497
,,,,,,,,,,,,,,,,,,,,,9682.0,13346.0,,,2510.0,2498.0,2498
,,,,,,,,,,,,,,,,,,,,,9687.0,13661.0,,,2511.0,2499.0,2499
,,,,,,,,,,,,,,,,,,,,,9692.0,13663.0,,,2512.0,2500.0,2500
,,,,,,,,,,,,,,,,,,,,,9693.0,13665.0,,,2513.0,2501.0,2501
,,,,,,,,,,,,,,,,,,,,,9705.0,13667.0,,,2514.0,2502.0,2502
,,,,,,,,,,,,,,,,,,,,,9711.0,13669.0,,,2515.0,2503.0,2503
,,,,,,,,,,,,,,,,,,,,,9729.0,13671.0,,,2516.0,2504.0,2504
,,,,,,,,,,,,,,,,,,,,,9733.0,13673.0,,,2517.0,2505.0,2505
,,,,,,,,,,,,,,,,,,,,,9843.0,13675.0,,,2518.0,2506.0,2506
,,,,,,,,,,,,,,,,,,,,,9910.0,13677.0,,,2519.0,2507.0,2507
,,,,,,,,,,,,,,,,,,,,,9939.0,13680.0,,,2520.0,2544.0,2544
,,,,,,,,,,,,,,,,,,,,,9954.0,13681.0,,,2521.0,2545.0,2545
,,,,,,,,,,,,,,,,,,,,,9962.0,13685.0,,,2522.0,2546.0,2546
,,,,,,,,,,,,,,,,,,,,,9968.0,13687.0,,,2523.0,2547.0,2547
,,,,,,,,,,,,,,,,,,,,,9971.0,13694.0,,,2524.0,2548.0,2548
,,,,,,,,,,,,,,,,,,,,,9974.0,13945.0,,,2525.0,2549.0,2549
,,,,,,,,,,,,,,,,,,,,,10000.0,13950.0,,,2526.0,2550.0,2550
,,,,,,,,,,,,,,,,,,,,,10010.0,13957.0,,,2527.0,2551.0,2551
,,,,,,,,,,,,,,,,,,,,,10018.0,13958.0,,,2528.0,2552.0,2552
,,,,,,,,,,,,,,,,,,,,,10021.0,13959.0,,,2568.0,2553.0,2553
,,,,,,,,,,,,,,,,,,,,,10027.0,13960.0,,,2569.0,2554.0,2554
,,,,,,,,,,,,,,,,,,,,,10034.0,13961.0,,,2570.0,2555.0,2555
,,,,,,,,,,,,,,,,,,,,,10078.0,13965.0,,,2571.0,2556.0,2556
,,,,,,,,,,,,,,,,,,,,,10208.0,13966.0,,,2572.0,2557.0,2557
,,,,,,,,,,,,,,,,,,,,,10237.0,13967.0,,,2573.0,2558.0,2558
,,,,,,,,,,,,,,,,,,,,,10239.0,14257.0,,,2574.0,2559.0,2559
,,,,,,,,,,,,,,,,,,,,,10244.0,14260.0,,,2575.0,2560.0,2560
,,,,,,,,,,,,,,,,,,,,,10252.0,14265.0,,,2576.0,2561.0,2561
,,,,,,,,,,,,,,,,,,,,,10255.0,14266.0,,,2577.0,2562.0,2562
,,,,,,,,,,,,,,,,,,,,,10256.0,14268.0,,,2578.0,2563.0,2563
,,,,,,,,,,,,,,,,,,,,,10261.0,14269.0,,,2579.0,2564.0,2564
,,,,,,,,,,,,,,,,,,,,,10262.0,14276.0,,,2580.0,2565.0,2565
,,,,,,,,,,,,,,,,,,,,,10263.0,14277.0,,,2581.0,2566.0,2566
,,,,,,,,,,,,,,,,,,,,,10266.0,14278.0,,,2582.0,2567.0,2567
,,,,,,,,,,,,,,,,,,,,,10271.0,14282.0,,,2583.0,2568.0,2568
,,,,,,,,,,,,,,,,,,,,,10274.0,14294.0,,,2584.0,2569.0,2569
,,,,,,,,,,,,,,,,,,,,,10282.0,14305.0,,,2585.0,2570.0,2570
,,,,,,,,,,,,,,,,,,,,,10289.0,14320.0,,,2586.0,2826.0,2780
,,,,,,,,,,,,,,,,,,,,,10290.0,14322.0,,,2587.0,2827.0,2781
,,,,,,,,,,,,,,,,,,,,,10318.0,14327.0,,,2588.0,2828.0,2782
,,,,,,,,,,,,,,,,,,,,,10511.0,14528.0,,,2589.0,2829.0,2783
,,,,,,,,,,,,,,,,,,,,,10529.0,14529.0,,,2590.0,2830.0,2784
,,,,,,,,,,,,,,,,,,,,,10533.0,14547.0,,,2591.0,2831.0,2785
,,,,,,,,,,,,,,,,,,,,,10537.0,14548.0,,,2826.0,2832.0,2786
,,,,,,,,,,,,,,,,,,,,,10541.0,14554.0,,,2827.0,2833.0,2787
,,,,,,,,,,,,,,,,,,,,,10543.0,14557.0,,,2828.0,2834.0,2788
,,,,,,,,,,,,,,,,,,,,,10544.0,14852.0,,,2829.0,2835.0,2789
,,,,,,,,,,,,,,,,,,,,,10546.0,14854.0,,,2830.0,2836.0,2790
,,,,,,,,,,,,,,,,,,,,,10549.0,14857.0,,,2831.0,2837.0,2791
,,,,,,,,,,,,,,,,,,,,,10550.0,14860.0,,,2832.0,2838.0,2792
,,,,,,,,,,,,,,,,,,,,,10556.0,14863.0,,,2833.0,2839.0,2793
,,,,,,,,,,,,,,,,,,,,,10565.0,14869.0,,,2834.0,2840.0,2794
,,,,,,,,,,,,,,,,,,,,,10568.0,14898.0,,,2835.0,2841.0,2795
,,,,,,,,,,,,,,,,,,,,,10571.0,14909.0,,,2836.0,2842.0,2796
,,,,,,,,,,,,,,,,,,,,,10572.0,15098.0,,,2837.0,2843.0,2797
,,,,,,,,,,,,,,,,,,,,,10575.0,15141.0,,,2838.0,2844.0,2798
,,,,,,,,,,,,,,,,,,,,,10580.0,15146.0,,,2839.0,2845.0,2799
,,,,,,,,,,,,,,,,,,,,,10586.0,15157.0,,,2840.0,2846.0,2800
,,,,,,,,,,,,,,,,,,,,,10619.0,15168.0,,,2841.0,2847.0,2801
,,,,,,,,,,,,,,,,,,,,,10829.0,15170.0,,,2842.0,2848.0,2802
,,,,,,,,,,,,,,,,,,,,,10851.0,15173.0,,,2843.0,2849.0,2803
,,,,,,,,,,,,,,,,,,,,,10862.0,15175.0,,,2844.0,2861.0,2804
,,,,,,,,,,,,,,,,,,,,,10870.0,15186.0,,,2845.0,2862.0,2805
,,,,,,,,,,,,,,,,,,,,,10877.0,15215.0,,,2846.0,2863.0,2806
,,,,,,,,,,,,,,,,,,,,,10878.0,15424.0,,,2847.0,2864.0,2807
,,,,,,,,,,,,,,,,,,,,,10882.0,15521.0,,,2848.0,2865.0,2808
,,,,,,,,,,,,,,,,,,,,,10886.0,15743.0,,,2849.0,2866.0,2809
,,,,,,,,,,,,,,,,,,,,,10902.0,15744.0,,,2880.0,2867.0,2810
,,,,,,,,,,,,,,,,,,,,,11001.0,15746.0,,,2881.0,2868.0,2811
,,,,,,,,,,,,,,,,,,,,,11083.0,15751.0,,,2882.0,2869.0,2812
,,,,,,,,,,,,,,,,,,,,,11146.0,15752.0,,,2883.0,2870.0,2826
,,,,,,,,,,,,,,,,,,,,,11155.0,15755.0,,,2884.0,2871.0,2827
,,,,,,,,,,,,,,,,,,,,,11161.0,15757.0,,,2885.0,2872.0,2828
,,,,,,,,,,,,,,,,,,,,,11162.0,15763.0,,,2886.0,2873.0,2829
,,,,,,,,,,,,,,,,,,,,,11166.0,16054.0,,,2887.0,2874.0,2830
,,,,,,,,,,,,,,,,,,,,,11168.0,16057.0,,,2888.0,2875.0,2831
,,,,,,,,,,,,,,,,,,,,,11171.0,16058.0,,,2889.0,2876.0,2832
,,,,,,,,,,,,,,,,,,,,,11177.0,16065.0,,,2890.0,2877.0,2833
,,,,,,,,,,,,,,,,,,,,,11179.0,16066.0,,,2891.0,2878.0,2834
,,,,,,,,,,,,,,,,,,,,,11181.0,16068.0,,,2892.0,2879.0,2835
,,,,,,,,,,,,,,,,,,,,,11183.0,16072.0,,,2893.0,2880.0,2836
,,,,,,,,,,,,,,,,,,,,,11185.0,16073.0,,,2894.0,2881.0,2837
,,,,,,,,,,,,,,,,,,,,,11190.0,16075.0,,,2895.0,2882.0,2838
,,,,,,,,,,,,,,,,,,,,,11193.0,16078.0,,,2896.0,2883.0,2839
,,,,,,,,,,,,,,,,,,,,,11195.0,16308.0,,,2897.0,2884.0,2840
,,,,,,,,,,,,,,,,,,,,,11198.0,16313.0,,,2898.0,3078.0,2841
,,,,,,,,,,,,,,,,,,,,,11199.0,16316.0,,,2899.0,3079.0,2842
,,,,,,,,,,,,,,,,,,,,,11207.0,16322.0,,,2900.0,3080.0,2843
,,,,,,,,,,,,,,,,,,,,,11208.0,16323.0,,,2901.0,3081.0,2844
,,,,,,,,,,,,,,,,,,,,,11224.0,16325.0,,,2902.0,3082.0,2845
,,,,,,,,,,,,,,,,,,,,,11461.0,16329.0,,,2903.0,3083.0,2846
,,,,,,,,,,,,,,,,,,,,,11479.0,16330.0,,,3144.0,3084.0,2847
,,,,,,,,,,,,,,,,,,,,,11483.0,16596.0,,,3145.0,3085.0,2848
,,,,,,,,,,,,,,,,,,,,,11487.0,16604.0,,,3146.0,3086.0,2849
,,,,,,,,,,,,,,,,,,,,,11494.0,16606.0,,,3147.0,3087.0,2861
,,,,,,,,,,,,,,,,,,,,,11497.0,16905.0,,,3148.0,3088.0,2862
,,,,,,,,,,,,,,,,,,,,,11501.0,16912.0,,,3149.0,3089.0,2863
,,,,,,,,,,,,,,,,,,,,,11502.0,16914.0,,,3150.0,3090.0,2864
,,,,,,,,,,,,,,,,,,,,,11507.0,17187.0,,,3151.0,3091.0,2865
,,,,,,,,,,,,,,,,,,,,,11511.0,17199.0,,,3152.0,3092.0,2866
,,,,,,,,,,,,,,,,,,,,,11521.0,17200.0,,,3153.0,3093.0,2867
,,,,,,,,,,,,,,,,,,,,,11534.0,17202.0,,,3154.0,3094.0,2868
,,,,,,,,,,,,,,,,,,,,,11708.0,17209.0,,,3155.0,3095.0,2869
,,,,,,,,,,,,,,,,,,,,,11715.0,17210.0,,,3156.0,3096.0,2870
,,,,,,,,,,,,,,,,,,,,,11720.0,17488.0,,,3157.0,3097.0,2871
,,,,,,,,,,,,,,,,,,,,,11727.0,17513.0,,,3158.0,3098.0,2872
,,,,,,,,,,,,,,,,,,,,,11734.0,17516.0,,,3159.0,3099.0,2873
,,,,,,,,,,,,,,,,,,,,,11744.0,17519.0,,,3160.0,3100.0,2874
,,,,,,,,,,,,,,,,,,,,,11753.0,17520.0,,,3161.0,3101.0,2875
,,,,,,,,,,,,,,,,,,,,,11757.0,17523.0,,,3162.0,3183.0,2876
,,,,,,,,,,,,,,,,,,,,,11763.0,17525.0,,,3163.0,3184.0,2877
,,,,,,,,,,,,,,,,,,,,,11766.0,17526.0,,,3164.0,3185.0,2878
,,,,,,,,,,,,,,,,,,,,,11774.0,17528.0,,,3165.0,3186.0,2879
,,,,,,,,,,,,,,,,,,,,,11775.0,17533.0,,,3183.0,3187.0,2880
,,,,,,,,,,,,,,,,,,,,,11781.0,17534.0,,,3184.0,3188.0,2881
,,,,,,,,,,,,,,,,,,,,,12019.0,17536.0,,,3185.0,3189.0,2882
,,,,,,,,,,,,,,,,,,,,,12020.0,17544.0,,,3186.0,3190.0,2883
,,,,,,,,,,,,,,,,,,,,,12025.0,17545.0,,,3187.0,3191.0,2884
,,,,,,,,,,,,,,,,,,,,,12028.0,17552.0,,,3188.0,3192.0,3078
,,,,,,,,,,,,,,,,,,,,,12049.0,17810.0,,,3189.0,3193.0,3079
,,,,,,,,,,,,,,,,,,,,,12052.0,17821.0,,,3190.0,3194.0,3080
,,,,,,,,,,,,,,,,,,,,,12053.0,17825.0,,,3191.0,3195.0,3081
,,,,,,,,,,,,,,,,,,,,,12055.0,17827.0,,,3192.0,3196.0,3082
,,,,,,,,,,,,,,,,,,,,,12059.0,17829.0,,,3193.0,3197.0,3083
,,,,,,,,,,,,,,,,,,,,,12062.0,17831.0,,,3194.0,3198.0,3084
,,,,,,,,,,,,,,,,,,,,,12067.0,17836.0,,,3195.0,3199.0,3085
,,,,,,,,,,,,,,,,,,,,,12068.0,17838.0,,,3196.0,3200.0,3086
,,,,,,,,,,,,,,,,,,,,,12071.0,17840.0,,,3197.0,3201.0,3087
,,,,,,,,,,,,,,,,,,,,,12079.0,17847.0,,,3198.0,3202.0,3088
,,,,,,,,,,,,,,,,,,,,,12080.0,17848.0,,,3199.0,3203.0,3089
,,,,,,,,,,,,,,,,,,,,,12085.0,17849.0,,,3200.0,3204.0,3090
,,,,,,,,,,,,,,,,,,,,,12092.0,17854.0,,,3201.0,3205.0,3091
,,,,,,,,,,,,,,,,,,,,,12093.0,17856.0,,,3202.0,3206.0,3092
,,,,,,,,,,,,,,,,,,,,,12096.0,17860.0,,,3203.0,3207.0,3093
,,,,,,,,,,,,,,,,,,,,,12287.0,17862.0,,,3204.0,3208.0,3094
,,,,,,,,,,,,,,,,,,,,,12294.0,17866.0,,,3205.0,3209.0,3095
,,,,,,,,,,,,,,,,,,,,,12295.0,17880.0,,,3206.0,3390.0,3096
,,,,,,,,,,,,,,,,,,,,,12296.0,17887.0,,,3207.0,3391.0,3097
,,,,,,,,,,,,,,,,,,,,,12298.0,17893.0,,,3208.0,3392.0,3098
,,,,,,,,,,,,,,,,,,,,,12311.0,17903.0,,,3209.0,3393.0,3099
,,,,,,,,,,,,,,,,,,,,,12323.0,17948.0,,,3460.0,3394.0,3100
,,,,,,,,,,,,,,,,,,,,,12332.0,18067.0,,,3461.0,3395.0,3101
,,,,,,,,,,,,,,,,,,,,,12333.0,18098.0,,,3462.0,3396.0,3156
,,,,,,,,,,,,,,,,,,,,,12590.0,18118.0,,,3463.0,3397.0,3157
,,,,,,,,,,,,,,,,,,,,,12593.0,18129.0,,,3464.0,3398.0,3158
,,,,,,,,,,,,,,,,,,,,,12596.0,18135.0,,,3465.0,3399.0,3159
,,,,,,,,,,,,,,,,,,,,,12600.0,18136.0,,,3466.0,3400.0,3160
,,,,,,,,,,,,,,,,,,,,,12613.0,18141.0,,,3467.0,3401.0,3161
,,,,,,,,,,,,,,,,,,,,,12614.0,18449.0,,,3468.0,3402.0,3162
,,,,,,,,,,,,,,,,,,,,,12616.0,18451.0,,,3469.0,3403.0,3163
,,,,,,,,,,,,,,,,,,,,,12624.0,18452.0,,,3470.0,3404.0,3164
,,,,,,,,,,,,,,,,,,,,,12632.0,18453.0,,,3471.0,3405.0,3165
,,,,,,,,,,,,,,,,,,,,,12636.0,18457.0,,,3472.0,3406.0,3166
,,,,,,,,,,,,,,,,,,,,,12637.0,18458.0,,,3473.0,3407.0,3167
,,,,,,,,,,,,,,,,,,,,,12641.0,18462.0,,,3474.0,3408.0,3168
,,,,,,,,,,,,,,,,,,,,,12647.0,18463.0,,,3475.0,3409.0,3169
,,,,,,,,,,,,,,,,,,,,,12663.0,18467.0,,,3476.0,3410.0,3170
,,,,,,,,,,,,,,,,,,,,,12869.0,18469.0,,,3477.0,3411.0,3171
,,,,,,,,,,,,,,,,,,,,,12880.0,18472.0,,,3478.0,3470.0,3172
,,,,,,,,,,,,,,,,,,,,,12887.0,18475.0,,,3479.0,3471.0,3173
,,,,,,,,,,,,,,,,,,,,,12900.0,18479.0,,,3480.0,3472.0,3174
,,,,,,,,,,,,,,,,,,,,,12906.0,18482.0,,,3481.0,3473.0,3175
,,,,,,,,,,,,,,,,,,,,,12907.0,18488.0,,,3507.0,3474.0,3176
,,,,,,,,,,,,,,,,,,,,,12909.0,18489.0,,,3508.0,3475.0,3183
,,,,,,,,,,,,,,,,,,,,,12924.0,18493.0,,,3509.0,3476.0,3184
,,,,,,,,,,,,,,,,,,,,,12929.0,18494.0,,,3510.0,3477.0,3185
,,,,,,,,,,,,,,,,,,,,,12936.0,18496.0,,,3511.0,3478.0,3186
,,,,,,,,,,,,,,,,,,,,,12963.0,18501.0,,,3512.0,3479.0,3187
,,,,,,,,,,,,,,,,,,,,,12978.0,18504.0,,,3513.0,3480.0,3188
,,,,,,,,,,,,,,,,,,,,,13142.0,18509.0,,,3514.0,3481.0,3189
,,,,,,,,,,,,,,,,,,,,,13184.0,18583.0,,,3515.0,3482.0,3190
,,,,,,,,,,,,,,,,,,,,,13187.0,18589.0,,,3516.0,3483.0,3191
,,,,,,,,,,,,,,,,,,,,,13201.0,18620.0,,,3517.0,3484.0,3192
,,,,,,,,,,,,,,,,,,,,,13204.0,18744.0,,,3518.0,3485.0,3193
,,,,,,,,,,,,,,,,,,,,,13206.0,18762.0,,,3519.0,3486.0,3194
,,,,,,,,,,,,,,,,,,,,,13209.0,18763.0,,,3520.0,3487.0,3195
,,,,,,,,,,,,,,,,,,,,,13210.0,18769.0,,,3521.0,3488.0,3196
,,,,,,,,,,,,,,,,,,,,,13214.0,18772.0,,,3522.0,3489.0,3197
,,,,,,,,,,,,,,,,,,,,,13222.0,18779.0,,,3523.0,3490.0,3198
,,,,,,,,,,,,,,,,,,,,,13225.0,18781.0,,,3524.0,3491.0,3199
,,,,,,,,,,,,,,,,,,,,,13473.0,18782.0,,,3525.0,3683.0,3200
,,,,,,,,,,,,,,,,,,,,,13477.0,18871.0,,,3526.0,3684.0,3201
,,,,,,,,,,,,,,,,,,,,,13492.0,18903.0,,,3527.0,3685.0,3202
,,,,,,,,,,,,,,,,,,,,,13502.0,19037.0,,,3528.0,3686.0,3203
,,,,,,,,,,,,,,,,,,,,,13520.0,19049.0,,,3529.0,3687.0,3204
,,,,,,,,,,,,,,,,,,,,,13530.0,19078.0,,,3530.0,3688.0,3205
,,,,,,,,,,,,,,,,,,,,,13531.0,19080.0,,,3771.0,3689.0,3206
,,,,,,,,,,,,,,,,,,,,,13539.0,19082.0,,,3772.0,3690.0,3207
,,,,,,,,,,,,,,,,,,,,,13541.0,19083.0,,,3773.0,3691.0,3208
,,,,,,,,,,,,,,,,,,,,,13548.0,19086.0,,,3774.0,3692.0,3209
,,,,,,,,,,,,,,,,,,,,,13558.0,19103.0,,,3775.0,3693.0,3390
,,,,,,,,,,,,,,,,,,,,,13759.0,19117.0,,,3776.0,3694.0,3391
,,,,,,,,,,,,,,,,,,,,,13774.0,19118.0,,,3777.0,3695.0,3392
,,,,,,,,,,,,,,,,,,,,,13787.0,19145.0,,,3778.0,3696.0,3393
,,,,,,,,,,,,,,,,,,,,,13792.0,19193.0,,,3779.0,3697.0,3394
,,,,,,,,,,,,,,,,,,,,,13793.0,19217.0,,,3780.0,3698.0,3395
,,,,,,,,,,,,,,,,,,,,,13799.0,19392.0,,,3781.0,3699.0,3396
,,,,,,,,,,,,,,,,,,,,,13806.0,19393.0,,,3782.0,3700.0,3397
,,,,,,,,,,,,,,,,,,,,,13810.0,19415.0,,,3783.0,3701.0,3398
,,,,,,,,,,,,,,,,,,,,,13813.0,19444.0,,,3784.0,3702.0,3399
,,,,,,,,,,,,,,,,,,,,,13819.0,19700.0,,,3785.0,3703.0,3400
,,,,,,,,,,,,,,,,,,,,,13824.0,19701.0,,,3786.0,3704.0,3401
,,,,,,,,,,,,,,,,,,,,,14071.0,19707.0,,,3787.0,3769.0,3402
,,,,,,,,,,,,,,,,,,,,,14087.0,19711.0,,,3788.0,3770.0,3403
,,,,,,,,,,,,,,,,,,,,,14088.0,19712.0,,,3789.0,3771.0,3404
,,,,,,,,,,,,,,,,,,,,,14090.0,19718.0,,,3790.0,3772.0,3405
,,,,,,,,,,,,,,,,,,,,,14098.0,19729.0,,,3791.0,3773.0,3406
,,,,,,,,,,,,,,,,,,,,,14101.0,19732.0,,,3792.0,3774.0,3407
,,,,,,,,,,,,,,,,,,,,,14106.0,19741.0,,,3793.0,3775.0,3408
,,,,,,,,,,,,,,,,,,,,,14112.0,19750.0,,,3794.0,3776.0,3409
,,,,,,,,,,,,,,,,,,,,,14114.0,19803.0,,,3826.0,3777.0,3410
,,,,,,,,,,,,,,,,,,,,,14118.0,19964.0,,,3827.0,3778.0,3411
,,,,,,,,,,,,,,,,,,,,,14119.0,19992.0,,,3828.0,3779.0,3470
,,,,,,,,,,,,,,,,,,,,,14129.0,20014.0,,,3829.0,3780.0,3471
,,,,,,,,,,,,,,,,,,,,,14140.0,20024.0,,,3830.0,3781.0,3472
,,,,,,,,,,,,,,,,,,,,,14147.0,20026.0,,,3831.0,3782.0,3473
,,,,,,,,,,,,,,,,,,,,,14168.0,20029.0,,,3832.0,3783.0,3474
,,,,,,,,,,,,,,,,,,,,,14367.0,20092.0,,,3833.0,3784.0,3475
,,,,,,,,,,,,,,,,,,,,,14374.0,20189.0,,,3834.0,3785.0,3476
,,,,,,,,,,,,,,,,,,,,,14383.0,20206.0,,,3835.0,3786.0,3477
,,,,,,,,,,,,,,,,,,,,,14393.0,20213.0,,,3836.0,3787.0,3478
,,,,,,,,,,,,,,,,,,,,,14414.0,20272.0,,,3837.0,3788.0,3479
,,,,,,,,,,,,,,,,,,,,,14419.0,20278.0,,,3838.0,3789.0,3480
,,,,,,,,,,,,,,,,,,,,,14420.0,20290.0,,,3839.0,3790.0,3481
,,,,,,,,,,,,,,,,,,,,,14432.0,20292.0,,,3840.0,3791.0,3482
,,,,,,,,,,,,,,,,,,,,,14692.0,20294.0,,,3841.0,3792.0,3483
,,,,,,,,,,,,,,,,,,,,,14701.0,20302.0,,,3842.0,3793.0,3484
,,,,,,,,,,,,,,,,,,,,,14716.0,20305.0,,,3843.0,3992.0,3485
,,,,,,,,,,,,,,,,,,,,,14719.0,20306.0,,,3844.0,3993.0,3486
,,,,,,,,,,,,,,,,,,,,,14720.0,20307.0,,,3845.0,3994.0,3487
,,,,,,,,,,,,,,,,,,,,,14730.0,20309.0,,,3846.0,3995.0,3488
,,,,,,,,,,,,,,,,,,,,,14731.0,20312.0,,,3847.0,3996.0,3489
,,,,,,,,,,,,,,,,,,,,,14734.0,20313.0,,,3848.0,3997.0,3490
,,,,,,,,,,,,,,,,,,,,,14735.0,20316.0,,,3849.0,3998.0,3491
,,,,,,,,,,,,,,,,,,,,,14738.0,20317.0,,,3850.0,3999.0,3683
,,,,,,,,,,,,,,,,,,,,,14741.0,20320.0,,,3851.0,4000.0,3684
,,,,,,,,,,,,,,,,,,,,,14746.0,20322.0,,,3852.0,4001.0,3685
,,,,,,,,,,,,,,,,,,,,,14755.0,20323.0,,,4044.0,4002.0,3686
,,,,,,,,,,,,,,,,,,,,,14763.0,20325.0,,,4045.0,4003.0,3687
,,,,,,,,,,,,,,,,,,,,,14772.0,20326.0,,,4046.0,4004.0,3688
,,,,,,,,,,,,,,,,,,,,,14776.0,20332.0,,,4047.0,4005.0,3689
,,,,,,,,,,,,,,,,,,,,,15037.0,20333.0,,,4048.0,4006.0,3690
,,,,,,,,,,,,,,,,,,,,,15038.0,20335.0,,,4049.0,4007.0,3691
,,,,,,,,,,,,,,,,,,,,,15048.0,20344.0,,,4050.0,4008.0,3692
,,,,,,,,,,,,,,,,,,,,,15049.0,20352.0,,,4051.0,4009.0,3693
,,,,,,,,,,,,,,,,,,,,,15050.0,20359.0,,,4052.0,4010.0,3694
,,,,,,,,,,,,,,,,,,,,,15053.0,20360.0,,,4053.0,4011.0,3695
,,,,,,,,,,,,,,,,,,,,,15055.0,20368.0,,,4054.0,4012.0,3696
,,,,,,,,,,,,,,,,,,,,,15059.0,20377.0,,,4055.0,4013.0,3697
,,,,,,,,,,,,,,,,,,,,,15061.0,20587.0,,,4056.0,4014.0,3698
,,,,,,,,,,,,,,,,,,,,,15066.0,20594.0,,,4057.0,4015.0,3699
,,,,,,,,,,,,,,,,,,,,,15070.0,20596.0,,,4058.0,4016.0,3700
,,,,,,,,,,,,,,,,,,,,,15075.0,20881.0,,,4059.0,4017.0,3701
,,,,,,,,,,,,,,,,,,,,,15079.0,20888.0,,,4060.0,4067.0,3702
,,,,,,,,,,,,,,,,,,,,,15086.0,20890.0,,,4061.0,4068.0,3703
,,,,,,,,,,,,,,,,,,,,,15088.0,20893.0,,,4062.0,4069.0,3704
,,,,,,,,,,,,,,,,,,,,,15334.0,20894.0,,,4063.0,4070.0,3769
,,,,,,,,,,,,,,,,,,,,,15341.0,20899.0,,,4064.0,4071.0,3770
,,,,,,,,,,,,,,,,,,,,,15342.0,20900.0,,,4065.0,4072.0,3771
,,,,,,,,,,,,,,,,,,,,,15349.0,20901.0,,,4066.0,4073.0,3772
,,,,,,,,,,,,,,,,,,,,,15353.0,20908.0,,,4067.0,4074.0,3773
,,,,,,,,,,,,,,,,,,,,,15355.0,20921.0,,,4068.0,4075.0,3774
,,,,,,,,,,,,,,,,,,,,,15359.0,20927.0,,,4069.0,4076.0,3775
,,,,,,,,,,,,,,,,,,,,,15362.0,20941.0,,,4070.0,4077.0,3776
,,,,,,,,,,,,,,,,,,,,,15380.0,20946.0,,,4071.0,4078.0,3777
,,,,,,,,,,,,,,,,,,,,,15381.0,20956.0,,,4072.0,4079.0,3778
,,,,,,,,,,,,,,,,,,,,,15396.0,21186.0,,,4073.0,4080.0,3779
,,,,,,,,,,,,,,,,,,,,,15404.0,21188.0,,,4074.0,4081.0,3780
,,,,,,,,,,,,,,,,,,,,,15406.0,21190.0,,,4075.0,4082.0,3781
,,,,,,,,,,,,,,,,,,,,,15635.0,21191.0,,,4076.0,4083.0,3782
,,,,,,,,,,,,,,,,,,,,,15658.0,21196.0,,,4142.0,4084.0,3783
,,,,,,,,,,,,,,,,,,,,,15670.0,21204.0,,,4143.0,4085.0,3784
,,,,,,,,,,,,,,,,,,,,,15672.0,21205.0,,,4144.0,4086.0,3785
,,,,,,,,,,,,,,,,,,,,,15678.0,21478.0,,,4145.0,4087.0,3786
,,,,,,,,,,,,,,,,,,,,,15679.0,21494.0,,,4146.0,4088.0,3787
,,,,,,,,,,,,,,,,,,,,,15680.0,21496.0,,,4147.0,4089.0,3788
,,,,,,,,,,,,,,,,,,,,,15682.0,21506.0,,,4148.0,4090.0,3789
,,,,,,,,,,,,,,,,,,,,,15687.0,21508.0,,,4149.0,4091.0,3790
,,,,,,,,,,,,,,,,,,,,,15688.0,21513.0,,,4150.0,4092.0,3791
,,,,,,,,,,,,,,,,,,,,,15689.0,21515.0,,,4151.0,4312.0,3792
,,,,,,,,,,,,,,,,,,,,,15699.0,21533.0,,,4152.0,4313.0,3793
,,,,,,,,,,,,,,,,,,,,,15710.0,21544.0,,,4153.0,4314.0,3992
,,,,,,,,,,,,,,,,,,,,,15734.0,21618.0,,,4154.0,4315.0,3993
,,,,,,,,,,,,,,,,,,,,,15796.0,21726.0,,,4155.0,4316.0,3994
,,,,,,,,,,,,,,,,,,,,,15973.0,21728.0,,,4156.0,4317.0,3995
,,,,,,,,,,,,,,,,,,,,,15981.0,21732.0,,,4157.0,4318.0,3996
,,,,,,,,,,,,,,,,,,,,,16000.0,21734.0,,,4158.0,4319.0,3997
,,,,,,,,,,,,,,,,,,,,,16007.0,21741.0,,,4159.0,4320.0,3998
,,,,,,,,,,,,,,,,,,,,,16012.0,21742.0,,,4160.0,4321.0,3999
,,,,,,,,,,,,,,,,,,,,,16013.0,21744.0,,,4161.0,4322.0,4000
,,,,,,,,,,,,,,,,,,,,,16014.0,21746.0,,,4162.0,4323.0,4001
,,,,,,,,,,,,,,,,,,,,,16017.0,21750.0,,,4163.0,4324.0,4002
,,,,,,,,,,,,,,,,,,,,,16018.0,21753.0,,,4294.0,4325.0,4003
,,,,,,,,,,,,,,,,,,,,,16028.0,21754.0,,,4295.0,4326.0,4004
,,,,,,,,,,,,,,,,,,,,,16033.0,21761.0,,,4296.0,4327.0,4005
,,,,,,,,,,,,,,,,,,,,,16036.0,22073.0,,,4297.0,4328.0,4006
,,,,,,,,,,,,,,,,,,,,,16037.0,22075.0,,,4298.0,4329.0,4007
,,,,,,,,,,,,,,,,,,,,,16042.0,22077.0,,,4299.0,4330.0,4008
,,,,,,,,,,,,,,,,,,,,,16049.0,22081.0,,,4300.0,4331.0,4009
,,,,,,,,,,,,,,,,,,,,,16269.0,22082.0,,,4301.0,4332.0,4010
,,,,,,,,,,,,,,,,,,,,,16289.0,22090.0,,,4302.0,4333.0,4011
,,,,,,,,,,,,,,,,,,,,,16292.0,22188.0,,,4303.0,4334.0,4012
,,,,,,,,,,,,,,,,,,,,,16303.0,22200.0,,,4304.0,4335.0,4013
,,,,,,,,,,,,,,,,,,,,,16308.0,22302.0,,,4305.0,4336.0,4014
,,,,,,,,,,,,,,,,,,,,,16313.0,22604.0,,,4306.0,4337.0,4015
,,,,,,,,,,,,,,,,,,,,,16316.0,22617.0,,,4307.0,4338.0,4016
,,,,,,,,,,,,,,,,,,,,,16323.0,22620.0,,,4308.0,4387.0,4017
,,,,,,,,,,,,,,,,,,,,,16329.0,22621.0,,,4309.0,4388.0,4067
,,,,,,,,,,,,,,,,,,,,,16333.0,22623.0,,,4310.0,4389.0,4068
,,,,,,,,,,,,,,,,,,,,,16369.0,22786.0,,,4311.0,4390.0,4069
,,,,,,,,,,,,,,,,,,,,,16396.0,22942.0,,,4312.0,4391.0,4070
,,,,,,,,,,,,,,,,,,,,,16418.0,22943.0,,,4313.0,4392.0,4071
,,,,,,,,,,,,,,,,,,,,,16508.0,22950.0,,,4314.0,4393.0,4072
,,,,,,,,,,,,,,,,,,,,,16558.0,22959.0,,,4315.0,4394.0,4073
,,,,,,,,,,,,,,,,,,,,,16559.0,22995.0,,,4316.0,4395.0,4074
,,,,,,,,,,,,,,,,,,,,,16564.0,23013.0,,,4317.0,4396.0,4075
,,,,,,,,,,,,,,,,,,,,,16585.0,23018.0,,,4318.0,4397.0,4076
,,,,,,,,,,,,,,,,,,,,,16586.0,23063.0,,,4319.0,4398.0,4077
,,,,,,,,,,,,,,,,,,,,,16589.0,23151.0,,,4320.0,4399.0,4078
,,,,,,,,,,,,,,,,,,,,,16596.0,23154.0,,,4321.0,4400.0,4079
,,,,,,,,,,,,,,,,,,,,,16603.0,23161.0,,,4402.0,4401.0,4080
,,,,,,,,,,,,,,,,,,,,,16604.0,23162.0,,,4403.0,4402.0,4081
,,,,,,,,,,,,,,,,,,,,,16608.0,23170.0,,,4404.0,4403.0,4082
,,,,,,,,,,,,,,,,,,,,,16611.0,23181.0,,,4405.0,4404.0,4083
,,,,,,,,,,,,,,,,,,,,,16620.0,23182.0,,,4406.0,4405.0,4084
,,,,,,,,,,,,,,,,,,,,,16629.0,23183.0,,,4407.0,4406.0,4085
,,,,,,,,,,,,,,,,,,,,,16636.0,23189.0,,,4408.0,4407.0,4086
,,,,,,,,,,,,,,,,,,,,,16639.0,23192.0,,,4409.0,4408.0,4087
,,,,,,,,,,,,,,,,,,,,,16644.0,23195.0,,,4410.0,4620.0,4088
,,,,,,,,,,,,,,,,,,,,,16650.0,23196.0,,,4411.0,4621.0,4089
,,,,,,,,,,,,,,,,,,,,,16652.0,23210.0,,,4412.0,4622.0,4090
,,,,,,,,,,,,,,,,,,,,,16662.0,23213.0,,,4413.0,4623.0,4091
,,,,,,,,,,,,,,,,,,,,,16669.0,23423.0,,,4414.0,4624.0,4092
,,,,,,,,,,,,,,,,,,,,,16679.0,23428.0,,,4415.0,4625.0,4312
,,,,,,,,,,,,,,,,,,,,,16912.0,23432.0,,,4416.0,4626.0,4313
,,,,,,,,,,,,,,,,,,,,,16915.0,23438.0,,,4417.0,4627.0,4314
,,,,,,,,,,,,,,,,,,,,,16935.0,23439.0,,,4418.0,4628.0,4315
,,,,,,,,,,,,,,,,,,,,,16937.0,23555.0,,,4419.0,4629.0,4316
,,,,,,,,,,,,,,,,,,,,,16957.0,23599.0,,,4420.0,4630.0,4317
,,,,,,,,,,,,,,,,,,,,,16960.0,23604.0,,,4421.0,4631.0,4318
,,,,,,,,,,,,,,,,,,,,,16961.0,23744.0,,,4422.0,4632.0,4319
,,,,,,,,,,,,,,,,,,,,,16966.0,23757.0,,,4423.0,4633.0,4320
,,,,,,,,,,,,,,,,,,,,,16975.0,23758.0,,,4428.0,4634.0,4321
,,,,,,,,,,,,,,,,,,,,,16982.0,23761.0,,,4429.0,4635.0,4322
,,,,,,,,,,,,,,,,,,,,,16983.0,23763.0,,,4430.0,4636.0,4323
,,,,,,,,,,,,,,,,,,,,,16989.0,23768.0,,,4431.0,4637.0,4324
,,,,,,,,,,,,,,,,,,,,,17019.0,23771.0,,,4432.0,4638.0,4325
,,,,,,,,,,,,,,,,,,,,,17167.0,23775.0,,,4433.0,4639.0,4326
,,,,,,,,,,,,,,,,,,,,,17255.0,23885.0,,,4434.0,4640.0,4327
,,,,,,,,,,,,,,,,,,,,,17257.0,24053.0,,,4435.0,4641.0,4328
,,,,,,,,,,,,,,,,,,,,,17266.0,24054.0,,,4436.0,4642.0,4329
,,,,,,,,,,,,,,,,,,,,,17274.0,24057.0,,,4437.0,4643.0,4330
,,,,,,,,,,,,,,,,,,,,,17280.0,24058.0,,,4438.0,4644.0,4331
,,,,,,,,,,,,,,,,,,,,,17285.0,24059.0,,,4439.0,4645.0,4332
,,,,,,,,,,,,,,,,,,,,,17289.0,24061.0,,,4440.0,4646.0,4333
,,,,,,,,,,,,,,,,,,,,,17304.0,24064.0,,,4441.0,4647.0,4334
,,,,,,,,,,,,,,,,,,,,,17516.0,24070.0,,,4442.0,4685.0,4335
,,,,,,,,,,,,,,,,,,,,,17534.0,24079.0,,,4443.0,4686.0,4336
,,,,,,,,,,,,,,,,,,,,,17537.0,24093.0,,,4444.0,4687.0,4337
,,,,,,,,,,,,,,,,,,,,,17551.0,24353.0,,,4445.0,4688.0,4338
,,,,,,,,,,,,,,,,,,,,,17565.0,24360.0,,,4446.0,4689.0,4387
,,,,,,,,,,,,,,,,,,,,,17570.0,24368.0,,,4447.0,4690.0,4388
,,,,,,,,,,,,,,,,,,,,,17572.0,24370.0,,,4448.0,4691.0,4389
,,,,,,,,,,,,,,,,,,,,,17573.0,24374.0,,,4449.0,4692.0,4390
,,,,,,,,,,,,,,,,,,,,,17584.0,24376.0,,,4636.0,4693.0,4391
,,,,,,,,,,,,,,,,,,,,,17597.0,24378.0,,,4637.0,4694.0,4392
,,,,,,,,,,,,,,,,,,,,,17599.0,24383.0,,,4638.0,4695.0,4393
,,,,,,,,,,,,,,,,,,,,,17601.0,24384.0,,,4639.0,4696.0,4394
,,,,,,,,,,,,,,,,,,,,,17608.0,24386.0,,,4640.0,4697.0,4395
,,,,,,,,,,,,,,,,,,,,,17840.0,24387.0,,,4641.0,4698.0,4396
,,,,,,,,,,,,,,,,,,,,,17864.0,24388.0,,,4642.0,4699.0,4397
,,,,,,,,,,,,,,,,,,,,,17868.0,24398.0,,,4643.0,4700.0,4398
,,,,,,,,,,,,,,,,,,,,,17872.0,24408.0,,,4644.0,4701.0,4399
,,,,,,,,,,,,,,,,,,,,,17874.0,24415.0,,,4645.0,4702.0,4400
,,,,,,,,,,,,,,,,,,,,,17878.0,24469.0,,,4646.0,4703.0,4401
,,,,,,,,,,,,,,,,,,,,,17882.0,24629.0,,,4647.0,4704.0,4402
,,,,,,,,,,,,,,,,,,,,,17883.0,24636.0,,,4648.0,4705.0,4403
,,,,,,,,,,,,,,,,,,,,,17886.0,24639.0,,,4649.0,4706.0,4404
,,,,,,,,,,,,,,,,,,,,,17889.0,24642.0,,,4650.0,4707.0,4405
,,,,,,,,,,,,,,,,,,,,,17893.0,24716.0,,,4651.0,4708.0,4406
,,,,,,,,,,,,,,,,,,,,,17900.0,24951.0,,,4652.0,4709.0,4407
,,,,,,,,,,,,,,,,,,,,,18148.0,24953.0,,,4653.0,4923.0,4408
,,,,,,,,,,,,,,,,,,,,,18155.0,24954.0,,,4654.0,4924.0,4620
,,,,,,,,,,,,,,,,,,,,,18157.0,24959.0,,,4655.0,4925.0,4621
,,,,,,,,,,,,,,,,,,,,,18170.0,24961.0,,,4656.0,4926.0,4622
,,,,,,,,,,,,,,,,,,,,,18171.0,24964.0,,,4657.0,4927.0,4623
,,,,,,,,,,,,,,,,,,,,,18175.0,24967.0,,,4666.0,4928.0,4624
,,,,,,,,,,,,,,,,,,,,,18176.0,25262.0,,,4667.0,4929.0,4625
,,,,,,,,,,,,,,,,,,,,,18180.0,25264.0,,,4668.0,4930.0,4626
,,,,,,,,,,,,,,,,,,,,,18181.0,25266.0,,,4669.0,4931.0,4627
,,,,,,,,,,,,,,,,,,,,,18188.0,25267.0,,,4670.0,4932.0,4628
,,,,,,,,,,,,,,,,,,,,,18189.0,25271.0,,,4671.0,4933.0,4629
,,,,,,,,,,,,,,,,,,,,,18206.0,25273.0,,,4672.0,4934.0,4630
,,,,,,,,,,,,,,,,,,,,,18441.0,25324.0,,,4673.0,4935.0,4631
,,,,,,,,,,,,,,,,,,,,,18472.0,25331.0,,,4674.0,4936.0,4632
,,,,,,,,,,,,,,,,,,,,,18479.0,25416.0,,,4675.0,4937.0,4633
,,,,,,,,,,,,,,,,,,,,,18483.0,25525.0,,,4676.0,4938.0,4634
,,,,,,,,,,,,,,,,,,,,,18487.0,25529.0,,,4677.0,4939.0,4635
,,,,,,,,,,,,,,,,,,,,,18488.0,25530.0,,,4678.0,4940.0,4636
,,,,,,,,,,,,,,,,,,,,,18490.0,25532.0,,,4679.0,4941.0,4637
,,,,,,,,,,,,,,,,,,,,,18493.0,25538.0,,,4680.0,4942.0,4638
,,,,,,,,,,,,,,,,,,,,,18494.0,25547.0,,,4681.0,4943.0,4639
,,,,,,,,,,,,,,,,,,,,,18496.0,25550.0,,,4682.0,4944.0,4640
,,,,,,,,,,,,,,,,,,,,,18501.0,25555.0,,,4683.0,4945.0,4641
,,,,,,,,,,,,,,,,,,,,,18503.0,25559.0,,,4684.0,4946.0,4642
,,,,,,,,,,,,,,,,,,,,,18504.0,25854.0,,,4685.0,4947.0,4643
,,,,,,,,,,,,,,,,,,,,,18509.0,25855.0,,,4686.0,4948.0,4644
,,,,,,,,,,,,,,,,,,,,,18511.0,25857.0,,,4687.0,4949.0,4645
,,,,,,,,,,,,,,,,,,,,,18515.0,25862.0,,,4688.0,4950.0,4646
,,,,,,,,,,,,,,,,,,,,,18527.0,25867.0,,,4689.0,4951.0,4647
,,,,,,,,,,,,,,,,,,,,,18755.0,26151.0,,,4690.0,4952.0,4685
,,,,,,,,,,,,,,,,,,,,,18769.0,26167.0,,,4691.0,4995.0,4686
,,,,,,,,,,,,,,,,,,,,,18772.0,26169.0,,,4692.0,4996.0,4687
,,,,,,,,,,,,,,,,,,,,,18781.0,26170.0,,,4693.0,4997.0,4688
,,,,,,,,,,,,,,,,,,,,,18782.0,26173.0,,,4694.0,4998.0,4689
,,,,,,,,,,,,,,,,,,,,,18788.0,26176.0,,,4695.0,4999.0,4690
,,,,,,,,,,,,,,,,,,,,,18790.0,26177.0,,,4939.0,5000.0,4691
,,,,,,,,,,,,,,,,,,,,,18791.0,26186.0,,,4940.0,5001.0,4692
,,,,,,,,,,,,,,,,,,,,,18795.0,26190.0,,,4941.0,5002.0,4693
,,,,,,,,,,,,,,,,,,,,,18796.0,26203.0,,,4942.0,5003.0,4694
,,,,,,,,,,,,,,,,,,,,,18799.0,26206.0,,,4943.0,5004.0,4695
,,,,,,,,,,,,,,,,,,,,,18803.0,26450.0,,,4944.0,5005.0,4696
,,,,,,,,,,,,,,,,,,,,,18808.0,26461.0,,,4945.0,5006.0,4697
,,,,,,,,,,,,,,,,,,,,,18814.0,26469.0,,,4946.0,5007.0,4698
,,,,,,,,,,,,,,,,,,,,,19078.0,26474.0,,,4947.0,5008.0,4699
,,,,,,,,,,,,,,,,,,,,,19080.0,26475.0,,,4948.0,5009.0,4700
,,,,,,,,,,,,,,,,,,,,,19083.0,26478.0,,,4949.0,5010.0,4701
,,,,,,,,,,,,,,,,,,,,,19089.0,26486.0,,,4950.0,5011.0,4702
,,,,,,,,,,,,,,,,,,,,,19102.0,26491.0,,,4951.0,5012.0,4703
,,,,,,,,,,,,,,,,,,,,,19117.0,26493.0,,,4952.0,5013.0,4704
,,,,,,,,,,,,,,,,,,,,,19118.0,26501.0,,,4953.0,5014.0,4705
,,,,,,,,,,,,,,,,,,,,,19380.0,26509.0,,,4954.0,5015.0,4706
,,,,,,,,,,,,,,,,,,,,,19391.0,26524.0,,,4955.0,5016.0,4707
,,,,,,,,,,,,,,,,,,,,,19400.0,26531.0,,,4956.0,5230.0,4708
,,,,,,,,,,,,,,,,,,,,,19405.0,26546.0,,,4957.0,5231.0,4709
,,,,,,,,,,,,,,,,,,,,,19406.0,26577.0,,,4958.0,5232.0,4923
,,,,,,,,,,,,,,,,,,,,,19414.0,26654.0,,,4959.0,5233.0,4924
,,,,,,,,,,,,,,,,,,,,,19423.0,26753.0,,,4960.0,5234.0,4925
,,,,,,,,,,,,,,,,,,,,,19438.0,26764.0,,,4961.0,5235.0,4926
,,,,,,,,,,,,,,,,,,,,,19441.0,26772.0,,,4962.0,5236.0,4927
,,,,,,,,,,,,,,,,,,,,,19457.0,26775.0,,,4963.0,5237.0,4928
,,,,,,,,,,,,,,,,,,,,,19716.0,26797.0,,,4964.0,5238.0,4929
,,,,,,,,,,,,,,,,,,,,,19723.0,26798.0,,,4965.0,5239.0,4930
,,,,,,,,,,,,,,,,,,,,,19729.0,26803.0,,,4995.0,5240.0,4931
,,,,,,,,,,,,,,,,,,,,,19730.0,26804.0,,,4996.0,5241.0,4932
,,,,,,,,,,,,,,,,,,,,,19735.0,26807.0,,,4997.0,5242.0,4933
,,,,,,,,,,,,,,,,,,,,,19738.0,26808.0,,,4998.0,5243.0,4934
,,,,,,,,,,,,,,,,,,,,,19741.0,26812.0,,,4999.0,5244.0,4935
,,,,,,,,,,,,,,,,,,,,,19746.0,26820.0,,,5000.0,5245.0,4936
,,,,,,,,,,,,,,,,,,,,,19750.0,26830.0,,,5001.0,5246.0,4937
,,,,,,,,,,,,,,,,,,,,,19760.0,26843.0,,,5002.0,5247.0,4938
,,,,,,,,,,,,,,,,,,,,,19763.0,27061.0,,,5003.0,5248.0,4939
,,,,,,,,,,,,,,,,,,,,,19768.0,27063.0,,,5004.0,5249.0,4940
,,,,,,,,,,,,,,,,,,,,,20029.0,27084.0,,,5005.0,5250.0,4941
,,,,,,,,,,,,,,,,,,,,,20030.0,27358.0,,,5006.0,5251.0,4942
,,,,,,,,,,,,,,,,,,,,,20038.0,27366.0,,,5007.0,5252.0,4943
,,,,,,,,,,,,,,,,,,,,,20044.0,27367.0,,,5008.0,5253.0,4944
,,,,,,,,,,,,,,,,,,,,,20053.0,27371.0,,,5009.0,5254.0,4945
,,,,,,,,,,,,,,,,,,,,,20056.0,27372.0,,,5010.0,5255.0,4946
,,,,,,,,,,,,,,,,,,,,,20057.0,27373.0,,,5011.0,5256.0,4947
,,,,,,,,,,,,,,,,,,,,,20060.0,27374.0,,,5012.0,5257.0,4948
,,,,,,,,,,,,,,,,,,,,,20077.0,27375.0,,,5013.0,5258.0,4949
,,,,,,,,,,,,,,,,,,,,,20078.0,27378.0,,,5014.0,5302.0,4950
,,,,,,,,,,,,,,,,,,,,,20081.0,27649.0,,,5015.0,5303.0,4951
,,,,,,,,,,,,,,,,,,,,,20090.0,27654.0,,,5016.0,5304.0,4952
,,,,,,,,,,,,,,,,,,,,,20099.0,27661.0,,,5230.0,5305.0,4995
,,,,,,,,,,,,,,,,,,,,,20302.0,27667.0,,,5231.0,5306.0,4996
,,,,,,,,,,,,,,,,,,,,,20305.0,27670.0,,,5232.0,5307.0,4997
,,,,,,,,,,,,,,,,,,,,,20342.0,27673.0,,,5233.0,5308.0,4998
,,,,,,,,,,,,,,,,,,,,,20348.0,27676.0,,,5234.0,5309.0,4999
,,,,,,,,,,,,,,,,,,,,,20350.0,27697.0,,,5235.0,5310.0,5000
,,,,,,,,,,,,,,,,,,,,,20354.0,27827.0,,,5236.0,5311.0,5001
,,,,,,,,,,,,,,,,,,,,,20356.0,27903.0,,,5237.0,5312.0,5002
,,,,,,,,,,,,,,,,,,,,,20357.0,27904.0,,,5238.0,5313.0,5003
,,,,,,,,,,,,,,,,,,,,,20359.0,27906.0,,,5239.0,5314.0,5004
,,,,,,,,,,,,,,,,,,,,,20360.0,27909.0,,,5240.0,5315.0,5005
,,,,,,,,,,,,,,,,,,,,,20365.0,27915.0,,,5241.0,5316.0,5006
,,,,,,,,,,,,,,,,,,,,,20368.0,27916.0,,,5242.0,5317.0,5007
,,,,,,,,,,,,,,,,,,,,,20375.0,27918.0,,,5243.0,5318.0,5008
,,,,,,,,,,,,,,,,,,,,,20378.0,27920.0,,,5244.0,5319.0,5009
,,,,,,,,,,,,,,,,,,,,,20383.0,27925.0,,,5245.0,5320.0,5010
,,,,,,,,,,,,,,,,,,,,,20384.0,27926.0,,,5246.0,5321.0,5011
,,,,,,,,,,,,,,,,,,,,,20386.0,27931.0,,,5247.0,5322.0,5012
,,,,,,,,,,,,,,,,,,,,,20389.0,27933.0,,,5248.0,5323.0,5013
,,,,,,,,,,,,,,,,,,,,,20390.0,27936.0,,,5249.0,5324.0,5014
,,,,,,,,,,,,,,,,,,,,,20397.0,27948.0,,,5250.0,5325.0,5015
,,,,,,,,,,,,,,,,,,,,,20398.0,27952.0,,,5251.0,5326.0,5016
,,,,,,,,,,,,,,,,,,,,,20404.0,27955.0,,,5252.0,5327.0,5230
,,,,,,,,,,,,,,,,,,,,,20426.0,27970.0,,,5253.0,5328.0,5231
,,,,,,,,,,,,,,,,,,,,,20596.0,27987.0,,,5254.0,5329.0,5232
,,,,,,,,,,,,,,,,,,,,,20623.0,28209.0,,,5255.0,5330.0,5233
,,,,,,,,,,,,,,,,,,,,,20627.0,28212.0,,,5256.0,5561.0,5234
,,,,,,,,,,,,,,,,,,,,,20628.0,28214.0,,,5257.0,5562.0,5235
,,,,,,,,,,,,,,,,,,,,,20646.0,28248.0,,,5258.0,5563.0,5236
,,,,,,,,,,,,,,,,,,,,,20647.0,28271.0,,,5259.0,5564.0,5237
,,,,,,,,,,,,,,,,,,,,,20656.0,28311.0,,,5260.0,5565.0,5238
,,,,,,,,,,,,,,,,,,,,,20663.0,28312.0,,,5261.0,5566.0,5239
,,,,,,,,,,,,,,,,,,,,,20668.0,28330.0,,,5262.0,5567.0,5240
,,,,,,,,,,,,,,,,,,,,,20669.0,28399.0,,,5263.0,5568.0,5241
,,,,,,,,,,,,,,,,,,,,,20686.0,28409.0,,,5264.0,5569.0,5242
,,,,,,,,,,,,,,,,,,,,,20691.0,28410.0,,,5265.0,5570.0,5243
,,,,,,,,,,,,,,,,,,,,,20692.0,28411.0,,,5266.0,5571.0,5244
,,,,,,,,,,,,,,,,,,,,,20696.0,28413.0,,,5267.0,5572.0,5245
,,,,,,,,,,,,,,,,,,,,,20698.0,28419.0,,,5268.0,5573.0,5246
,,,,,,,,,,,,,,,,,,,,,20699.0,28429.0,,,5269.0,5574.0,5247
,,,,,,,,,,,,,,,,,,,,,20703.0,28447.0,,,5270.0,5575.0,5248
,,,,,,,,,,,,,,,,,,,,,20710.0,28449.0,,,5271.0,5576.0,5249
,,,,,,,,,,,,,,,,,,,,,20774.0,28463.0,,,5272.0,5577.0,5250
,,,,,,,,,,,,,,,,,,,,,20956.0,28469.0,,,5273.0,5578.0,5251
,,,,,,,,,,,,,,,,,,,,,20968.0,28710.0,,,5274.0,5579.0,5252
,,,,,,,,,,,,,,,,,,,,,20970.0,28713.0,,,5275.0,5580.0,5253
,,,,,,,,,,,,,,,,,,,,,20977.0,28715.0,,,5276.0,5581.0,5254
,,,,,,,,,,,,,,,,,,,,,20978.0,28718.0,,,5277.0,5582.0,5255
,,,,,,,,,,,,,,,,,,,,,20980.0,28719.0,,,5278.0,5583.0,5256
,,,,,,,,,,,,,,,,,,,,,20982.0,28720.0,,,5279.0,5620.0,5257
,,,,,,,,,,,,,,,,,,,,,20984.0,28722.0,,,5280.0,5621.0,5258
,,,,,,,,,,,,,,,,,,,,,20989.0,28723.0,,,5281.0,5622.0,5302
,,,,,,,,,,,,,,,,,,,,,20991.0,28725.0,,,5282.0,5623.0,5303
,,,,,,,,,,,,,,,,,,,,,20993.0,28729.0,,,5283.0,5624.0,5304
,,,,,,,,,,,,,,,,,,,,,20995.0,28730.0,,,5284.0,5625.0,5305
,,,,,,,,,,,,,,,,,,,,,20996.0,28732.0,,,5285.0,5626.0,5306
,,,,,,,,,,,,,,,,,,,,,21002.0,28735.0,,,5286.0,5627.0,5307
,,,,,,,,,,,,,,,,,,,,,21005.0,28772.0,,,5296.0,5628.0,5308
,,,,,,,,,,,,,,,,,,,,,21019.0,28881.0,,,5297.0,5629.0,5309
,,,,,,,,,,,,,,,,,,,,,21020.0,28883.0,,,5298.0,5630.0,5310
,,,,,,,,,,,,,,,,,,,,,21217.0,28914.0,,,5299.0,5631.0,5311
,,,,,,,,,,,,,,,,,,,,,21235.0,29015.0,,,5300.0,5632.0,5312
,,,,,,,,,,,,,,,,,,,,,21244.0,29020.0,,,5301.0,5633.0,5313
,,,,,,,,,,,,,,,,,,,,,21249.0,29028.0,,,5302.0,5634.0,5314
,,,,,,,,,,,,,,,,,,,,,21251.0,29033.0,,,5303.0,5635.0,5315
,,,,,,,,,,,,,,,,,,,,,21253.0,29035.0,,,5304.0,5636.0,5316
,,,,,,,,,,,,,,,,,,,,,21254.0,29037.0,,,5305.0,5637.0,5317
,,,,,,,,,,,,,,,,,,,,,21265.0,29039.0,,,5306.0,5638.0,5318
,,,,,,,,,,,,,,,,,,,,,21268.0,29041.0,,,5307.0,5639.0,5319
,,,,,,,,,,,,,,,,,,,,,21269.0,29043.0,,,5308.0,5640.0,5320
,,,,,,,,,,,,,,,,,,,,,21280.0,29044.0,,,5309.0,5641.0,5321
,,,,,,,,,,,,,,,,,,,,,21281.0,29045.0,,,5310.0,5642.0,5322
,,,,,,,,,,,,,,,,,,,,,21284.0,29049.0,,,5311.0,5867.0,5323
,,,,,,,,,,,,,,,,,,,,,21292.0,29050.0,,,5312.0,5868.0,5324
,,,,,,,,,,,,,,,,,,,,,21295.0,29054.0,,,5313.0,5869.0,5325
,,,,,,,,,,,,,,,,,,,,,21490.0,29055.0,,,5314.0,5870.0,5326
,,,,,,,,,,,,,,,,,,,,,21494.0,29056.0,,,5315.0,5871.0,5327
,,,,,,,,,,,,,,,,,,,,,21506.0,29070.0,,,5316.0,5872.0,5328
,,,,,,,,,,,,,,,,,,,,,21508.0,29071.0,,,5317.0,5873.0,5329
,,,,,,,,,,,,,,,,,,,,,21516.0,29338.0,,,5318.0,5874.0,5330
,,,,,,,,,,,,,,,,,,,,,21518.0,29339.0,,,5319.0,5875.0,5561
,,,,,,,,,,,,,,,,,,,,,21530.0,29345.0,,,5320.0,5876.0,5562
,,,,,,,,,,,,,,,,,,,,,21533.0,29347.0,,,5563.0,5877.0,5563
,,,,,,,,,,,,,,,,,,,,,21535.0,29348.0,,,5564.0,5878.0,5564
,,,,,,,,,,,,,,,,,,,,,21541.0,29349.0,,,5565.0,5879.0,5565
,,,,,,,,,,,,,,,,,,,,,21544.0,29351.0,,,5566.0,5880.0,5566
,,,,,,,,,,,,,,,,,,,,,21549.0,29353.0,,,5567.0,5881.0,5567
,,,,,,,,,,,,,,,,,,,,,21557.0,29355.0,,,5568.0,5882.0,5568
,,,,,,,,,,,,,,,,,,,,,21558.0,29359.0,,,5569.0,5883.0,5569
,,,,,,,,,,,,,,,,,,,,,21561.0,29360.0,,,5570.0,5884.0,5570
,,,,,,,,,,,,,,,,,,,,,21565.0,29376.0,,,5571.0,5885.0,5571
,,,,,,,,,,,,,,,,,,,,,21575.0,29381.0,,,5572.0,5886.0,5572
,,,,,,,,,,,,,,,,,,,,,21590.0,29389.0,,,5573.0,5887.0,5573
,,,,,,,,,,,,,,,,,,,,,21597.0,29390.0,,,5574.0,5888.0,5574
,,,,,,,,,,,,,,,,,,,,,21614.0,29535.0,,,5575.0,5889.0,5575
,,,,,,,,,,,,,,,,,,,,,21793.0,29639.0,,,5576.0,5890.0,5576
,,,,,,,,,,,,,,,,,,,,,21826.0,29640.0,,,5577.0,5891.0,5577
,,,,,,,,,,,,,,,,,,,,,21827.0,29651.0,,,5578.0,5892.0,5578
,,,,,,,,,,,,,,,,,,,,,21828.0,29666.0,,,5579.0,5893.0,5579
,,,,,,,,,,,,,,,,,,,,,21830.0,,,,5580.0,5932.0,5580
,,,,,,,,,,,,,,,,,,,,,21839.0,,,,5581.0,5933.0,5581
,,,,,,,,,,,,,,,,,,,,,21840.0,,,,5582.0,5934.0,5582
,,,,,,,,,,,,,,,,,,,,,21843.0,,,,5583.0,5935.0,5583
,,,,,,,,,,,,,,,,,,,,,21844.0,,,,5584.0,5936.0,5620
,,,,,,,,,,,,,,,,,,,,,21848.0,,,,5585.0,5937.0,5621
,,,,,,,,,,,,,,,,,,,,,21850.0,,,,5620.0,5938.0,5622
,,,,,,,,,,,,,,,,,,,,,21852.0,,,,5621.0,5939.0,5623
,,,,,,,,,,,,,,,,,,,,,21853.0,,,,5622.0,5940.0,5624
,,,,,,,,,,,,,,,,,,,,,21855.0,,,,5623.0,5941.0,5625
,,,,,,,,,,,,,,,,,,,,,21859.0,,,,5624.0,5942.0,5626
,,,,,,,,,,,,,,,,,,,,,21867.0,,,,5625.0,5943.0,5627
,,,,,,,,,,,,,,,,,,,,,21869.0,,,,5626.0,5944.0,5628
,,,,,,,,,,,,,,,,,,,,,21870.0,,,,5627.0,5945.0,5629
,,,,,,,,,,,,,,,,,,,,,21871.0,,,,5628.0,5946.0,5630
,,,,,,,,,,,,,,,,,,,,,21881.0,,,,5629.0,5947.0,5631
,,,,,,,,,,,,,,,,,,,,,21891.0,,,,5630.0,5948.0,5632
,,,,,,,,,,,,,,,,,,,,,22127.0,,,,5631.0,5949.0,5633
,,,,,,,,,,,,,,,,,,,,,22131.0,,,,5632.0,5950.0,5634
,,,,,,,,,,,,,,,,,,,,,22132.0,,,,5633.0,5951.0,5635
,,,,,,,,,,,,,,,,,,,,,22133.0,,,,5634.0,5952.0,5636
,,,,,,,,,,,,,,,,,,,,,22139.0,,,,5635.0,5953.0,5637
,,,,,,,,,,,,,,,,,,,,,22141.0,,,,5636.0,5954.0,5638
,,,,,,,,,,,,,,,,,,,,,22147.0,,,,5637.0,5955.0,5639
,,,,,,,,,,,,,,,,,,,,,22149.0,,,,5638.0,5956.0,5640
,,,,,,,,,,,,,,,,,,,,,22154.0,,,,5639.0,6184.0,5641
,,,,,,,,,,,,,,,,,,,,,22156.0,,,,5640.0,6185.0,5642
,,,,,,,,,,,,,,,,,,,,,22157.0,,,,5641.0,6186.0,5867
,,,,,,,,,,,,,,,,,,,,,22176.0,,,,5642.0,6187.0,5868
,,,,,,,,,,,,,,,,,,,,,22180.0,,,,5643.0,6188.0,5869
,,,,,,,,,,,,,,,,,,,,,22227.0,,,,5867.0,6189.0,5870
,,,,,,,,,,,,,,,,,,,,,22377.0,,,,5868.0,6190.0,5871
,,,,,,,,,,,,,,,,,,,,,22410.0,,,,5869.0,6191.0,5872
,,,,,,,,,,,,,,,,,,,,,22419.0,,,,5870.0,6192.0,5873
,,,,,,,,,,,,,,,,,,,,,22421.0,,,,5871.0,6193.0,5874
,,,,,,,,,,,,,,,,,,,,,22436.0,,,,5872.0,6194.0,5875
,,,,,,,,,,,,,,,,,,,,,22439.0,,,,5873.0,6195.0,5876
,,,,,,,,,,,,,,,,,,,,,22444.0,,,,5874.0,6196.0,5877
,,,,,,,,,,,,,,,,,,,,,22445.0,,,,5875.0,6197.0,5878
,,,,,,,,,,,,,,,,,,,,,22452.0,,,,5876.0,6198.0,5879
,,,,,,,,,,,,,,,,,,,,,22454.0,,,,5877.0,6199.0,5880
,,,,,,,,,,,,,,,,,,,,,22456.0,,,,5878.0,6200.0,5881
,,,,,,,,,,,,,,,,,,,,,22458.0,,,,5879.0,6201.0,5882
,,,,,,,,,,,,,,,,,,,,,22460.0,,,,5880.0,6202.0,5883
,,,,,,,,,,,,,,,,,,,,,22467.0,,,,5881.0,6203.0,5884
,,,,,,,,,,,,,,,,,,,,,22468.0,,,,5882.0,6204.0,5885
,,,,,,,,,,,,,,,,,,,,,22471.0,,,,5883.0,6205.0,5886
,,,,,,,,,,,,,,,,,,,,,22476.0,,,,5884.0,6206.0,5887
,,,,,,,,,,,,,,,,,,,,,22477.0,,,,5885.0,6207.0,5888
,,,,,,,,,,,,,,,,,,,,,22480.0,,,,5886.0,6208.0,5889
,,,,,,,,,,,,,,,,,,,,,22484.0,,,,5887.0,6209.0,5890
,,,,,,,,,,,,,,,,,,,,,22487.0,,,,5888.0,6247.0,5891
,,,,,,,,,,,,,,,,,,,,,22493.0,,,,5889.0,6248.0,5892
,,,,,,,,,,,,,,,,,,,,,22498.0,,,,5890.0,6249.0,5893
,,,,,,,,,,,,,,,,,,,,,22504.0,,,,5891.0,6250.0,5932
,,,,,,,,,,,,,,,,,,,,,22516.0,,,,5892.0,6251.0,5933
,,,,,,,,,,,,,,,,,,,,,22674.0,,,,5893.0,6252.0,5934
,,,,,,,,,,,,,,,,,,,,,22675.0,,,,5932.0,6253.0,5935
,,,,,,,,,,,,,,,,,,,,,22676.0,,,,5933.0,6254.0,5936
,,,,,,,,,,,,,,,,,,,,,22686.0,,,,5934.0,6255.0,5937
,,,,,,,,,,,,,,,,,,,,,22687.0,,,,5935.0,6256.0,5938
,,,,,,,,,,,,,,,,,,,,,22691.0,,,,5936.0,6257.0,5939
,,,,,,,,,,,,,,,,,,,,,22692.0,,,,5937.0,6258.0,5940
,,,,,,,,,,,,,,,,,,,,,22694.0,,,,5938.0,6259.0,5941
,,,,,,,,,,,,,,,,,,,,,22698.0,,,,5939.0,6260.0,5942
,,,,,,,,,,,,,,,,,,,,,22699.0,,,,5940.0,6261.0,5943
,,,,,,,,,,,,,,,,,,,,,22700.0,,,,5941.0,6262.0,5944
,,,,,,,,,,,,,,,,,,,,,22703.0,,,,5942.0,6263.0,5945
,,,,,,,,,,,,,,,,,,,,,22704.0,,,,5943.0,6264.0,5946
,,,,,,,,,,,,,,,,,,,,,22710.0,,,,5944.0,6265.0,5947
,,,,,,,,,,,,,,,,,,,,,22712.0,,,,5945.0,6266.0,5948
,,,,,,,,,,,,,,,,,,,,,22716.0,,,,5946.0,6267.0,5949
,,,,,,,,,,,,,,,,,,,,,22727.0,,,,5947.0,6268.0,5950
,,,,,,,,,,,,,,,,,,,,,22730.0,,,,5948.0,6269.0,5951
,,,,,,,,,,,,,,,,,,,,,22732.0,,,,5949.0,6270.0,5952
,,,,,,,,,,,,,,,,,,,,,22734.0,,,,5950.0,6271.0,5953
,,,,,,,,,,,,,,,,,,,,,22735.0,,,,5951.0,6478.0,5954
,,,,,,,,,,,,,,,,,,,,,22742.0,,,,5952.0,6479.0,5955
,,,,,,,,,,,,,,,,,,,,,22743.0,,,,5953.0,6480.0,5956
,,,,,,,,,,,,,,,,,,,,,22744.0,,,,5954.0,6481.0,6184
,,,,,,,,,,,,,,,,,,,,,22747.0,,,,5955.0,6482.0,6185
,,,,,,,,,,,,,,,,,,,,,22749.0,,,,5956.0,6483.0,6186
,,,,,,,,,,,,,,,,,,,,,22948.0,,,,6167.0,6484.0,6187
,,,,,,,,,,,,,,,,,,,,,22952.0,,,,6168.0,6485.0,6188
,,,,,,,,,,,,,,,,,,,,,22968.0,,,,6169.0,6486.0,6189
,,,,,,,,,,,,,,,,,,,,,22971.0,,,,6170.0,6487.0,6190
,,,,,,,,,,,,,,,,,,,,,22985.0,,,,6171.0,6488.0,6191
,,,,,,,,,,,,,,,,,,,,,22986.0,,,,6172.0,6489.0,6192
,,,,,,,,,,,,,,,,,,,,,22998.0,,,,6173.0,6490.0,6193
,,,,,,,,,,,,,,,,,,,,,22999.0,,,,6174.0,6491.0,6194
,,,,,,,,,,,,,,,,,,,,,23005.0,,,,6175.0,6492.0,6195
,,,,,,,,,,,,,,,,,,,,,23006.0,,,,6176.0,6493.0,6196
,,,,,,,,,,,,,,,,,,,,,23007.0,,,,6177.0,6494.0,6197
,,,,,,,,,,,,,,,,,,,,,23015.0,,,,6178.0,6495.0,6198
,,,,,,,,,,,,,,,,,,,,,23016.0,,,,6179.0,6496.0,6199
,,,,,,,,,,,,,,,,,,,,,23031.0,,,,6180.0,6497.0,6200
,,,,,,,,,,,,,,,,,,,,,23034.0,,,,6181.0,6498.0,6201
,,,,,,,,,,,,,,,,,,,,,23035.0,,,,6182.0,6499.0,6202
,,,,,,,,,,,,,,,,,,,,,23064.0,,,,6183.0,6500.0,6203
,,,,,,,,,,,,,,,,,,,,,23298.0,,,,6184.0,6501.0,6204
,,,,,,,,,,,,,,,,,,,,,23300.0,,,,6185.0,6502.0,6205
,,,,,,,,,,,,,,,,,,,,,23311.0,,,,6186.0,6503.0,6206
,,,,,,,,,,,,,,,,,,,,,23313.0,,,,6187.0,6504.0,6207
,,,,,,,,,,,,,,,,,,,,,23315.0,,,,6188.0,6505.0,6208
,,,,,,,,,,,,,,,,,,,,,23322.0,,,,6189.0,6506.0,6209
,,,,,,,,,,,,,,,,,,,,,23325.0,,,,6190.0,6553.0,6247
,,,,,,,,,,,,,,,,,,,,,23327.0,,,,6191.0,6554.0,6248
,,,,,,,,,,,,,,,,,,,,,23332.0,,,,6192.0,6555.0,6249
,,,,,,,,,,,,,,,,,,,,,23334.0,,,,6193.0,6556.0,6250
,,,,,,,,,,,,,,,,,,,,,23336.0,,,,6194.0,6557.0,6251
,,,,,,,,,,,,,,,,,,,,,23337.0,,,,6195.0,6558.0,6252
,,,,,,,,,,,,,,,,,,,,,23339.0,,,,6196.0,6559.0,6253
,,,,,,,,,,,,,,,,,,,,,23340.0,,,,6247.0,6560.0,6254
,,,,,,,,,,,,,,,,,,,,,23342.0,,,,6248.0,6561.0,6255
,,,,,,,,,,,,,,,,,,,,,23403.0,,,,6249.0,6562.0,6256
,,,,,,,,,,,,,,,,,,,,,23618.0,,,,6250.0,6563.0,6257
,,,,,,,,,,,,,,,,,,,,,23624.0,,,,6251.0,6564.0,6258
,,,,,,,,,,,,,,,,,,,,,23640.0,,,,6252.0,6565.0,6259
,,,,,,,,,,,,,,,,,,,,,23651.0,,,,6253.0,6566.0,6260
,,,,,,,,,,,,,,,,,,,,,23660.0,,,,6254.0,6567.0,6261
,,,,,,,,,,,,,,,,,,,,,23671.0,,,,6255.0,6568.0,6262
,,,,,,,,,,,,,,,,,,,,,23676.0,,,,6256.0,6569.0,6263
,,,,,,,,,,,,,,,,,,,,,23694.0,,,,6257.0,6570.0,6264
,,,,,,,,,,,,,,,,,,,,,23697.0,,,,6258.0,6571.0,6265
,,,,,,,,,,,,,,,,,,,,,23934.0,,,,6259.0,6572.0,6266
,,,,,,,,,,,,,,,,,,,,,23954.0,,,,6260.0,6573.0,6267
,,,,,,,,,,,,,,,,,,,,,23957.0,,,,6261.0,6574.0,6268
,,,,,,,,,,,,,,,,,,,,,23958.0,,,,6262.0,6575.0,6269
,,,,,,,,,,,,,,,,,,,,,23972.0,,,,6263.0,6576.0,6270
,,,,,,,,,,,,,,,,,,,,,23981.0,,,,6264.0,6577.0,6271
,,,,,,,,,,,,,,,,,,,,,23984.0,,,,6265.0,6578.0,6478
,,,,,,,,,,,,,,,,,,,,,23987.0,,,,6266.0,6579.0,6479
,,,,,,,,,,,,,,,,,,,,,23988.0,,,,6267.0,6580.0,6480
,,,,,,,,,,,,,,,,,,,,,23991.0,,,,6268.0,6581.0,6481
,,,,,,,,,,,,,,,,,,,,,23996.0,,,,6269.0,6747.0,6482
,,,,,,,,,,,,,,,,,,,,,23997.0,,,,6270.0,6748.0,6483
,,,,,,,,,,,,,,,,,,,,,24000.0,,,,6271.0,6749.0,6484
,,,,,,,,,,,,,,,,,,,,,24003.0,,,,6466.0,6750.0,6485
,,,,,,,,,,,,,,,,,,,,,24023.0,,,,6467.0,6751.0,6486
,,,,,,,,,,,,,,,,,,,,,24251.0,,,,6468.0,6752.0,6487
,,,,,,,,,,,,,,,,,,,,,24257.0,,,,6469.0,6753.0,6488
,,,,,,,,,,,,,,,,,,,,,24258.0,,,,6470.0,6754.0,6489
,,,,,,,,,,,,,,,,,,,,,24262.0,,,,6471.0,6755.0,6490
,,,,,,,,,,,,,,,,,,,,,24269.0,,,,6472.0,6756.0,6491
,,,,,,,,,,,,,,,,,,,,,24272.0,,,,6473.0,6757.0,6492
,,,,,,,,,,,,,,,,,,,,,24274.0,,,,6474.0,6758.0,6493
,,,,,,,,,,,,,,,,,,,,,24276.0,,,,6475.0,6759.0,6494
,,,,,,,,,,,,,,,,,,,,,24277.0,,,,6476.0,6760.0,6495
,,,,,,,,,,,,,,,,,,,,,24284.0,,,,6477.0,6761.0,6496
,,,,,,,,,,,,,,,,,,,,,24285.0,,,,6478.0,6762.0,6497
,,,,,,,,,,,,,,,,,,,,,24290.0,,,,6479.0,6763.0,6498
,,,,,,,,,,,,,,,,,,,,,24291.0,,,,6480.0,6764.0,6499
,,,,,,,,,,,,,,,,,,,,,24293.0,,,,6481.0,6765.0,6500
,,,,,,,,,,,,,,,,,,,,,24308.0,,,,6482.0,6766.0,6501
,,,,,,,,,,,,,,,,,,,,,24310.0,,,,6483.0,6767.0,6502
,,,,,,,,,,,,,,,,,,,,,24590.0,,,,6484.0,6768.0,6503
,,,,,,,,,,,,,,,,,,,,,24593.0,,,,6485.0,6769.0,6504
,,,,,,,,,,,,,,,,,,,,,24611.0,,,,6486.0,6770.0,6505
,,,,,,,,,,,,,,,,,,,,,24614.0,,,,6487.0,6771.0,6506
,,,,,,,,,,,,,,,,,,,,,24620.0,,,,6488.0,6772.0,6553
,,,,,,,,,,,,,,,,,,,,,24621.0,,,,6489.0,6773.0,6554
,,,,,,,,,,,,,,,,,,,,,24639.0,,,,6490.0,6774.0,6555
,,,,,,,,,,,,,,,,,,,,,24858.0,,,,6491.0,6775.0,6556
,,,,,,,,,,,,,,,,,,,,,24868.0,,,,6492.0,6859.0,6557
,,,,,,,,,,,,,,,,,,,,,24872.0,,,,6493.0,6860.0,6558
,,,,,,,,,,,,,,,,,,,,,24876.0,,,,6494.0,6861.0,6559
,,,,,,,,,,,,,,,,,,,,,24878.0,,,,6526.0,6862.0,6560
,,,,,,,,,,,,,,,,,,,,,24880.0,,,,6527.0,6863.0,6561
,,,,,,,,,,,,,,,,,,,,,24882.0,,,,6528.0,6864.0,6562
,,,,,,,,,,,,,,,,,,,,,24883.0,,,,6529.0,6865.0,6563
,,,,,,,,,,,,,,,,,,,,,24893.0,,,,6530.0,6866.0,6564
,,,,,,,,,,,,,,,,,,,,,24896.0,,,,6531.0,6867.0,6565
,,,,,,,,,,,,,,,,,,,,,24897.0,,,,6532.0,6868.0,6566
,,,,,,,,,,,,,,,,,,,,,24904.0,,,,6533.0,6869.0,6567
,,,,,,,,,,,,,,,,,,,,,24909.0,,,,6534.0,6870.0,6568
,,,,,,,,,,,,,,,,,,,,,24914.0,,,,6535.0,6871.0,6569
,,,,,,,,,,,,,,,,,,,,,24921.0,,,,6536.0,6872.0,6570
,,,,,,,,,,,,,,,,,,,,,24932.0,,,,6537.0,6873.0,6571
,,,,,,,,,,,,,,,,,,,,,25149.0,,,,6538.0,6874.0,6572
,,,,,,,,,,,,,,,,,,,,,25151.0,,,,6539.0,6875.0,6573
,,,,,,,,,,,,,,,,,,,,,25153.0,,,,6540.0,6876.0,6574
,,,,,,,,,,,,,,,,,,,,,25157.0,,,,6541.0,6877.0,6575
,,,,,,,,,,,,,,,,,,,,,25160.0,,,,6542.0,6878.0,6576
,,,,,,,,,,,,,,,,,,,,,25163.0,,,,6543.0,6879.0,6577
,,,,,,,,,,,,,,,,,,,,,25166.0,,,,6544.0,6880.0,6578
,,,,,,,,,,,,,,,,,,,,,25169.0,,,,6545.0,6881.0,6579
,,,,,,,,,,,,,,,,,,,,,25171.0,,,,6546.0,6882.0,6580
,,,,,,,,,,,,,,,,,,,,,25172.0,,,,6547.0,6883.0,6581
,,,,,,,,,,,,,,,,,,,,,25177.0,,,,6548.0,6884.0,6747
,,,,,,,,,,,,,,,,,,,,,25181.0,,,,6549.0,7057.0,6748
,,,,,,,,,,,,,,,,,,,,,25184.0,,,,6718.0,7058.0,6749
,,,,,,,,,,,,,,,,,,,,,25200.0,,,,6719.0,7059.0,6750
,,,,,,,,,,,,,,,,,,,,,25202.0,,,,6720.0,7060.0,6751
,,,,,,,,,,,,,,,,,,,,,25204.0,,,,6721.0,7061.0,6752
,,,,,,,,,,,,,,,,,,,,,25207.0,,,,6722.0,7062.0,6753
,,,,,,,,,,,,,,,,,,,,,25208.0,,,,6723.0,7063.0,6754
,,,,,,,,,,,,,,,,,,,,,25211.0,,,,6724.0,7064.0,6755
,,,,,,,,,,,,,,,,,,,,,25214.0,,,,6725.0,7065.0,6756
,,,,,,,,,,,,,,,,,,,,,25216.0,,,,6726.0,7066.0,6757
,,,,,,,,,,,,,,,,,,,,,25218.0,,,,6727.0,7067.0,6758
,,,,,,,,,,,,,,,,,,,,,25231.0,,,,6728.0,7068.0,6759
,,,,,,,,,,,,,,,,,,,,,25234.0,,,,6729.0,7069.0,6760
,,,,,,,,,,,,,,,,,,,,,25437.0,,,,6730.0,7070.0,6761
,,,,,,,,,,,,,,,,,,,,,25441.0,,,,6731.0,7071.0,6762
,,,,,,,,,,,,,,,,,,,,,25443.0,,,,6732.0,7072.0,6763
,,,,,,,,,,,,,,,,,,,,,25455.0,,,,6733.0,7073.0,6764
,,,,,,,,,,,,,,,,,,,,,25460.0,,,,6734.0,7074.0,6765
,,,,,,,,,,,,,,,,,,,,,25465.0,,,,6735.0,7075.0,6766
,,,,,,,,,,,,,,,,,,,,,25466.0,,,,6736.0,7076.0,6767
,,,,,,,,,,,,,,,,,,,,,25471.0,,,,6737.0,7077.0,6768
,,,,,,,,,,,,,,,,,,,,,25480.0,,,,6738.0,7078.0,6769
,,,,,,,,,,,,,,,,,,,,,25483.0,,,,6739.0,7079.0,6770
,,,,,,,,,,,,,,,,,,,,,25489.0,,,,6740.0,7080.0,6771
,,,,,,,,,,,,,,,,,,,,,25490.0,,,,6741.0,7081.0,6772
,,,,,,,,,,,,,,,,,,,,,25496.0,,,,6742.0,7082.0,6773
,,,,,,,,,,,,,,,,,,,,,25502.0,,,,6743.0,7083.0,6774
,,,,,,,,,,,,,,,,,,,,,25505.0,,,,6744.0,7122.0,6775
,,,,,,,,,,,,,,,,,,,,,25522.0,,,,6846.0,7123.0,6859
,,,,,,,,,,,,,,,,,,,,,25528.0,,,,6847.0,7124.0,6860
,,,,,,,,,,,,,,,,,,,,,25673.0,,,,6848.0,7125.0,6861
,,,,,,,,,,,,,,,,,,,,,25776.0,,,,6849.0,7126.0,6862
,,,,,,,,,,,,,,,,,,,,,25779.0,,,,6850.0,7127.0,6863
,,,,,,,,,,,,,,,,,,,,,25796.0,,,,6851.0,7128.0,6864
,,,,,,,,,,,,,,,,,,,,,25803.0,,,,6852.0,7129.0,6865
,,,,,,,,,,,,,,,,,,,,,25804.0,,,,6853.0,7130.0,6866
,,,,,,,,,,,,,,,,,,,,,25805.0,,,,6854.0,7131.0,6867
,,,,,,,,,,,,,,,,,,,,,25807.0,,,,6855.0,7132.0,6868
,,,,,,,,,,,,,,,,,,,,,25808.0,,,,6856.0,7133.0,6869
,,,,,,,,,,,,,,,,,,,,,25816.0,,,,6857.0,7134.0,6870
,,,,,,,,,,,,,,,,,,,,,25819.0,,,,6858.0,7135.0,6871
,,,,,,,,,,,,,,,,,,,,,25820.0,,,,6859.0,7136.0,6872
,,,,,,,,,,,,,,,,,,,,,25860.0,,,,6860.0,7137.0,6873
,,,,,,,,,,,,,,,,,,,,,26079.0,,,,6861.0,7138.0,6874
,,,,,,,,,,,,,,,,,,,,,26091.0,,,,6862.0,7139.0,6875
,,,,,,,,,,,,,,,,,,,,,26101.0,,,,6863.0,7140.0,6876
,,,,,,,,,,,,,,,,,,,,,26104.0,,,,6864.0,7141.0,6877
,,,,,,,,,,,,,,,,,,,,,26107.0,,,,6865.0,7142.0,6878
,,,,,,,,,,,,,,,,,,,,,26109.0,,,,6866.0,7143.0,6879
,,,,,,,,,,,,,,,,,,,,,26118.0,,,,6867.0,7144.0,6880
,,,,,,,,,,,,,,,,,,,,,26119.0,,,,6868.0,7145.0,6881
,,,,,,,,,,,,,,,,,,,,,26121.0,,,,6869.0,7146.0,6882
,,,,,,,,,,,,,,,,,,,,,26122.0,,,,6870.0,7147.0,6883
,,,,,,,,,,,,,,,,,,,,,26124.0,,,,6871.0,7381.0,6884
,,,,,,,,,,,,,,,,,,,,,26125.0,,,,6872.0,7382.0,7057
,,,,,,,,,,,,,,,,,,,,,26128.0,,,,7035.0,7383.0,7058
,,,,,,,,,,,,,,,,,,,,,26129.0,,,,7036.0,7384.0,7059
,,,,,,,,,,,,,,,,,,,,,26130.0,,,,7037.0,7385.0,7060
,,,,,,,,,,,,,,,,,,,,,26132.0,,,,7038.0,7386.0,7061
,,,,,,,,,,,,,,,,,,,,,26133.0,,,,7039.0,7387.0,7062
,,,,,,,,,,,,,,,,,,,,,26134.0,,,,7040.0,7388.0,7063
,,,,,,,,,,,,,,,,,,,,,26135.0,,,,7041.0,7389.0,7064
,,,,,,,,,,,,,,,,,,,,,26137.0,,,,7042.0,7390.0,7065
,,,,,,,,,,,,,,,,,,,,,26314.0,,,,7043.0,7391.0,7066
,,,,,,,,,,,,,,,,,,,,,26338.0,,,,7044.0,7392.0,7067
,,,,,,,,,,,,,,,,,,,,,26359.0,,,,7045.0,7393.0,7068
,,,,,,,,,,,,,,,,,,,,,26383.0,,,,7046.0,7394.0,7069
,,,,,,,,,,,,,,,,,,,,,26386.0,,,,7047.0,7395.0,7070
,,,,,,,,,,,,,,,,,,,,,26388.0,,,,7048.0,7396.0,7071
,,,,,,,,,,,,,,,,,,,,,26389.0,,,,7049.0,7397.0,7072
,,,,,,,,,,,,,,,,,,,,,26404.0,,,,7050.0,7398.0,7073
,,,,,,,,,,,,,,,,,,,,,26405.0,,,,7051.0,7399.0,7074
,,,,,,,,,,,,,,,,,,,,,26408.0,,,,7052.0,7400.0,7075
,,,,,,,,,,,,,,,,,,,,,26415.0,,,,7053.0,7401.0,7076
,,,,,,,,,,,,,,,,,,,,,26416.0,,,,7054.0,7402.0,7077
,,,,,,,,,,,,,,,,,,,,,26423.0,,,,7055.0,7440.0,7078
,,,,,,,,,,,,,,,,,,,,,26425.0,,,,7056.0,7441.0,7079
,,,,,,,,,,,,,,,,,,,,,26428.0,,,,7057.0,7442.0,7080
,,,,,,,,,,,,,,,,,,,,,26650.0,,,,7092.0,7443.0,7081
,,,,,,,,,,,,,,,,,,,,,26682.0,,,,7093.0,7444.0,7082
,,,,,,,,,,,,,,,,,,,,,26692.0,,,,7094.0,7445.0,7083
,,,,,,,,,,,,,,,,,,,,,26693.0,,,,7095.0,7446.0,7122
,,,,,,,,,,,,,,,,,,,,,26694.0,,,,7096.0,7447.0,7123
,,,,,,,,,,,,,,,,,,,,,26697.0,,,,7097.0,7448.0,7124
,,,,,,,,,,,,,,,,,,,,,26709.0,,,,7098.0,7449.0,7125
,,,,,,,,,,,,,,,,,,,,,26716.0,,,,7099.0,7450.0,7126
,,,,,,,,,,,,,,,,,,,,,26732.0,,,,7100.0,7451.0,7127
,,,,,,,,,,,,,,,,,,,,,26737.0,,,,7101.0,7452.0,7128
,,,,,,,,,,,,,,,,,,,,,26745.0,,,,7102.0,7453.0,7129
,,,,,,,,,,,,,,,,,,,,,26748.0,,,,7103.0,7454.0,7130
,,,,,,,,,,,,,,,,,,,,,26751.0,,,,7104.0,7455.0,7131
,,,,,,,,,,,,,,,,,,,,,26761.0,,,,7105.0,7456.0,7132
,,,,,,,,,,,,,,,,,,,,,26776.0,,,,7106.0,7457.0,7133
,,,,,,,,,,,,,,,,,,,,,26781.0,,,,7107.0,7458.0,7134
,,,,,,,,,,,,,,,,,,,,,26789.0,,,,7108.0,7459.0,7135
,,,,,,,,,,,,,,,,,,,,,26801.0,,,,7109.0,7460.0,7136
,,,,,,,,,,,,,,,,,,,,,27008.0,,,,7110.0,7461.0,7137
,,,,,,,,,,,,,,,,,,,,,27023.0,,,,7111.0,7462.0,7138
,,,,,,,,,,,,,,,,,,,,,27024.0,,,,7112.0,7463.0,7139
,,,,,,,,,,,,,,,,,,,,,27033.0,,,,7113.0,7464.0,7140
,,,,,,,,,,,,,,,,,,,,,27047.0,,,,7114.0,7465.0,7141
,,,,,,,,,,,,,,,,,,,,,27049.0,,,,7115.0,7466.0,7142
,,,,,,,,,,,,,,,,,,,,,27050.0,,,,7116.0,7672.0,7143
,,,,,,,,,,,,,,,,,,,,,27062.0,,,,7305.0,7673.0,7144
,,,,,,,,,,,,,,,,,,,,,27323.0,,,,7306.0,7674.0,7145
,,,,,,,,,,,,,,,,,,,,,27327.0,,,,7307.0,7675.0,7146
,,,,,,,,,,,,,,,,,,,,,27331.0,,,,7308.0,7676.0,7147
,,,,,,,,,,,,,,,,,,,,,27335.0,,,,7309.0,7677.0,7148
,,,,,,,,,,,,,,,,,,,,,27337.0,,,,7310.0,7678.0,7149
,,,,,,,,,,,,,,,,,,,,,27339.0,,,,7311.0,7679.0,7150
,,,,,,,,,,,,,,,,,,,,,27350.0,,,,7312.0,7680.0,7151
,,,,,,,,,,,,,,,,,,,,,27352.0,,,,7313.0,7681.0,7152
,,,,,,,,,,,,,,,,,,,,,27358.0,,,,7314.0,7682.0,7153
,,,,,,,,,,,,,,,,,,,,,27361.0,,,,7315.0,7683.0,7154
,,,,,,,,,,,,,,,,,,,,,27370.0,,,,7316.0,7684.0,7155
,,,,,,,,,,,,,,,,,,,,,27373.0,,,,7317.0,7685.0,7381
,,,,,,,,,,,,,,,,,,,,,27375.0,,,,7318.0,7686.0,7382
,,,,,,,,,,,,,,,,,,,,,27378.0,,,,7319.0,7687.0,7383
,,,,,,,,,,,,,,,,,,,,,27389.0,,,,7320.0,7688.0,7384
,,,,,,,,,,,,,,,,,,,,,27596.0,,,,7321.0,7689.0,7385
,,,,,,,,,,,,,,,,,,,,,27619.0,,,,7322.0,7690.0,7386
,,,,,,,,,,,,,,,,,,,,,27641.0,,,,7323.0,7691.0,7387
,,,,,,,,,,,,,,,,,,,,,27643.0,,,,7324.0,7692.0,7388
,,,,,,,,,,,,,,,,,,,,,27644.0,,,,7325.0,7693.0,7389
,,,,,,,,,,,,,,,,,,,,,27654.0,,,,7326.0,7694.0,7390
,,,,,,,,,,,,,,,,,,,,,27664.0,,,,7327.0,7747.0,7391
,,,,,,,,,,,,,,,,,,,,,27670.0,,,,7328.0,7748.0,7392
,,,,,,,,,,,,,,,,,,,,,27673.0,,,,7329.0,7749.0,7393
,,,,,,,,,,,,,,,,,,,,,27679.0,,,,7330.0,7750.0,7394
,,,,,,,,,,,,,,,,,,,,,27686.0,,,,7331.0,7751.0,7395
,,,,,,,,,,,,,,,,,,,,,27688.0,,,,7389.0,7752.0,7396
,,,,,,,,,,,,,,,,,,,,,27708.0,,,,7390.0,7753.0,7397
,,,,,,,,,,,,,,,,,,,,,27709.0,,,,7391.0,7754.0,7398
,,,,,,,,,,,,,,,,,,,,,27710.0,,,,7392.0,7755.0,7399
,,,,,,,,,,,,,,,,,,,,,27717.0,,,,7393.0,7756.0,7400
,,,,,,,,,,,,,,,,,,,,,27741.0,,,,7394.0,7757.0,7401
,,,,,,,,,,,,,,,,,,,,,27944.0,,,,7395.0,7758.0,7402
,,,,,,,,,,,,,,,,,,,,,27948.0,,,,7396.0,7759.0,7440
,,,,,,,,,,,,,,,,,,,,,27964.0,,,,7397.0,7760.0,7441
,,,,,,,,,,,,,,,,,,,,,27972.0,,,,7398.0,7761.0,7442
,,,,,,,,,,,,,,,,,,,,,27982.0,,,,7399.0,7762.0,7443
,,,,,,,,,,,,,,,,,,,,,27985.0,,,,7400.0,7763.0,7444
,,,,,,,,,,,,,,,,,,,,,27990.0,,,,7401.0,7764.0,7445
,,,,,,,,,,,,,,,,,,,,,28013.0,,,,7402.0,7765.0,7446
,,,,,,,,,,,,,,,,,,,,,28016.0,,,,7403.0,7766.0,7447
,,,,,,,,,,,,,,,,,,,,,28212.0,,,,7404.0,7767.0,7448
,,,,,,,,,,,,,,,,,,,,,28221.0,,,,7405.0,7768.0,7449
,,,,,,,,,,,,,,,,,,,,,28236.0,,,,7406.0,7769.0,7450
,,,,,,,,,,,,,,,,,,,,,28237.0,,,,7407.0,7997.0,7451
,,,,,,,,,,,,,,,,,,,,,28253.0,,,,7408.0,7998.0,7452
,,,,,,,,,,,,,,,,,,,,,28256.0,,,,7409.0,7999.0,7453
,,,,,,,,,,,,,,,,,,,,,28261.0,,,,7410.0,8000.0,7454
,,,,,,,,,,,,,,,,,,,,,28262.0,,,,7411.0,8001.0,7455
,,,,,,,,,,,,,,,,,,,,,28265.0,,,,7412.0,8002.0,7456
,,,,,,,,,,,,,,,,,,,,,28269.0,,,,7413.0,8003.0,7457
,,,,,,,,,,,,,,,,,,,,,28278.0,,,,7414.0,8004.0,7458
,,,,,,,,,,,,,,,,,,,,,28280.0,,,,7626.0,8005.0,7459
,,,,,,,,,,,,,,,,,,,,,28281.0,,,,7627.0,8006.0,7460
,,,,,,,,,,,,,,,,,,,,,28282.0,,,,7628.0,8007.0,7461
,,,,,,,,,,,,,,,,,,,,,28286.0,,,,7629.0,8008.0,7462
,,,,,,,,,,,,,,,,,,,,,28287.0,,,,7630.0,8009.0,7463
,,,,,,,,,,,,,,,,,,,,,28290.0,,,,7631.0,8010.0,7464
,,,,,,,,,,,,,,,,,,,,,28291.0,,,,7632.0,8011.0,7465
,,,,,,,,,,,,,,,,,,,,,28292.0,,,,7633.0,8012.0,7466
,,,,,,,,,,,,,,,,,,,,,28300.0,,,,7634.0,8013.0,7672
,,,,,,,,,,,,,,,,,,,,,28553.0,,,,7635.0,8014.0,7673
,,,,,,,,,,,,,,,,,,,,,28568.0,,,,7636.0,8015.0,7674
,,,,,,,,,,,,,,,,,,,,,28578.0,,,,7637.0,8016.0,7675
,,,,,,,,,,,,,,,,,,,,,28583.0,,,,7638.0,8017.0,7676
,,,,,,,,,,,,,,,,,,,,,28589.0,,,,7639.0,8018.0,7677
,,,,,,,,,,,,,,,,,,,,,28592.0,,,,7640.0,8063.0,7678
,,,,,,,,,,,,,,,,,,,,,28593.0,,,,7641.0,8064.0,7679
,,,,,,,,,,,,,,,,,,,,,28596.0,,,,7642.0,8065.0,7680
,,,,,,,,,,,,,,,,,,,,,28597.0,,,,7643.0,8066.0,7681
,,,,,,,,,,,,,,,,,,,,,28600.0,,,,7644.0,8067.0,7682
,,,,,,,,,,,,,,,,,,,,,28601.0,,,,7645.0,8068.0,7683
,,,,,,,,,,,,,,,,,,,,,28613.0,,,,7646.0,8069.0,7684
,,,,,,,,,,,,,,,,,,,,,28859.0,,,,7647.0,8070.0,7685
,,,,,,,,,,,,,,,,,,,,,28860.0,,,,7648.0,8071.0,7686
,,,,,,,,,,,,,,,,,,,,,28861.0,,,,7649.0,8072.0,7687
,,,,,,,,,,,,,,,,,,,,,28881.0,,,,7650.0,8073.0,7688
,,,,,,,,,,,,,,,,,,,,,28882.0,,,,7671.0,8074.0,7689
,,,,,,,,,,,,,,,,,,,,,28883.0,,,,7672.0,8075.0,7690
,,,,,,,,,,,,,,,,,,,,,29126.0,,,,7673.0,8076.0,7691
,,,,,,,,,,,,,,,,,,,,,29155.0,,,,7674.0,8077.0,7692
,,,,,,,,,,,,,,,,,,,,,29169.0,,,,7675.0,8078.0,7693
,,,,,,,,,,,,,,,,,,,,,29172.0,,,,7676.0,8079.0,7694
,,,,,,,,,,,,,,,,,,,,,29182.0,,,,7677.0,8080.0,7747
,,,,,,,,,,,,,,,,,,,,,29183.0,,,,7678.0,8081.0,7748
,,,,,,,,,,,,,,,,,,,,,29184.0,,,,7679.0,8082.0,7749
,,,,,,,,,,,,,,,,,,,,,29186.0,,,,7680.0,8083.0,7750
,,,,,,,,,,,,,,,,,,,,,29187.0,,,,7681.0,8084.0,7751
,,,,,,,,,,,,,,,,,,,,,29191.0,,,,7682.0,8085.0,7752
,,,,,,,,,,,,,,,,,,,,,29201.0,,,,7683.0,8086.0,7753
,,,,,,,,,,,,,,,,,,,,,29207.0,,,,7684.0,8087.0,7754
,,,,,,,,,,,,,,,,,,,,,29213.0,,,,7685.0,8088.0,7755
,,,,,,,,,,,,,,,,,,,,,29414.0,,,,7686.0,8089.0,7756
,,,,,,,,,,,,,,,,,,,,,29434.0,,,,7687.0,8090.0,7757
,,,,,,,,,,,,,,,,,,,,,29482.0,,,,7688.0,8091.0,7758
,,,,,,,,,,,,,,,,,,,,,29484.0,,,,7689.0,8304.0,7759
,,,,,,,,,,,,,,,,,,,,,29485.0,,,,7690.0,8305.0,7760
,,,,,,,,,,,,,,,,,,,,,29494.0,,,,7691.0,8306.0,7761
,,,,,,,,,,,,,,,,,,,,,29495.0,,,,7692.0,8307.0,7762
,,,,,,,,,,,,,,,,,,,,,29563.0,,,,7693.0,8308.0,7763
,,,,,,,,,,,,,,,,,,,,,29645.0,,,,7943.0,8309.0,7764
,,,,,,,,,,,,,,,,,,,,,29674.0,,,,7944.0,8310.0,7765
,,,,,,,,,,,,,,,,,,,,,,,,,7945.0,8311.0,7766
,,,,,,,,,,,,,,,,,,,,,,,,,7946.0,8312.0,7767
,,,,,,,,,,,,,,,,,,,,,,,,,7947.0,8313.0,7768
,,,,,,,,,,,,,,,,,,,,,,,,,7948.0,8314.0,7769
,,,,,,,,,,,,,,,,,,,,,,,,,7949.0,8315.0,7997
,,,,,,,,,,,,,,,,,,,,,,,,,7950.0,8316.0,7998
,,,,,,,,,,,,,,,,,,,,,,,,,7951.0,8317.0,7999
,,,,,,,,,,,,,,,,,,,,,,,,,7952.0,8318.0,8000
,,,,,,,,,,,,,,,,,,,,,,,,,7953.0,8319.0,8001
,,,,,,,,,,,,,,,,,,,,,,,,,7954.0,8320.0,8002
,,,,,,,,,,,,,,,,,,,,,,,,,7955.0,8321.0,8003
,,,,,,,,,,,,,,,,,,,,,,,,,7956.0,8322.0,8004
,,,,,,,,,,,,,,,,,,,,,,,,,7957.0,8323.0,8005
,,,,,,,,,,,,,,,,,,,,,,,,,7958.0,8324.0,8006
,,,,,,,,,,,,,,,,,,,,,,,,,7959.0,8325.0,8007
,,,,,,,,,,,,,,,,,,,,,,,,,7960.0,8370.0,8008
,,,,,,,,,,,,,,,,,,,,,,,,,7961.0,8371.0,8009
,,,,,,,,,,,,,,,,,,,,,,,,,7962.0,8372.0,8010
,,,,,,,,,,,,,,,,,,,,,,,,,7963.0,8373.0,8011
,,,,,,,,,,,,,,,,,,,,,,,,,7964.0,8374.0,8012
,,,,,,,,,,,,,,,,,,,,,,,,,7965.0,8375.0,8013
,,,,,,,,,,,,,,,,,,,,,,,,,7966.0,8376.0,8014
,,,,,,,,,,,,,,,,,,,,,,,,,7967.0,8377.0,8015
,,,,,,,,,,,,,,,,,,,,,,,,,7997.0,8378.0,8016
,,,,,,,,,,,,,,,,,,,,,,,,,7998.0,8379.0,8017
,,,,,,,,,,,,,,,,,,,,,,,,,7999.0,8380.0,8018
,,,,,,,,,,,,,,,,,,,,,,,,,8000.0,8381.0,8063
,,,,,,,,,,,,,,,,,,,,,,,,,8001.0,8382.0,8064
,,,,,,,,,,,,,,,,,,,,,,,,,8002.0,8383.0,8065
,,,,,,,,,,,,,,,,,,,,,,,,,8003.0,8384.0,8066
,,,,,,,,,,,,,,,,,,,,,,,,,8004.0,8385.0,8067
,,,,,,,,,,,,,,,,,,,,,,,,,8005.0,8386.0,8068
,,,,,,,,,,,,,,,,,,,,,,,,,8006.0,8387.0,8069
,,,,,,,,,,,,,,,,,,,,,,,,,8007.0,8388.0,8070
,,,,,,,,,,,,,,,,,,,,,,,,,8008.0,8389.0,8071
,,,,,,,,,,,,,,,,,,,,,,,,,8009.0,8390.0,8072
,,,,,,,,,,,,,,,,,,,,,,,,,8010.0,8391.0,8073
,,,,,,,,,,,,,,,,,,,,,,,,,8011.0,8392.0,8074
,,,,,,,,,,,,,,,,,,,,,,,,,8012.0,8393.0,8075
,,,,,,,,,,,,,,,,,,,,,,,,,8013.0,8394.0,8076
,,,,,,,,,,,,,,,,,,,,,,,,,8014.0,8596.0,8077
,,,,,,,,,,,,,,,,,,,,,,,,,8015.0,8597.0,8078
,,,,,,,,,,,,,,,,,,,,,,,,,8016.0,8598.0,8079
,,,,,,,,,,,,,,,,,,,,,,,,,8017.0,8599.0,8080
,,,,,,,,,,,,,,,,,,,,,,,,,8018.0,8600.0,8081
,,,,,,,,,,,,,,,,,,,,,,,,,8249.0,8601.0,8082
,,,,,,,,,,,,,,,,,,,,,,,,,8250.0,8602.0,8083
,,,,,,,,,,,,,,,,,,,,,,,,,8251.0,8603.0,8084
,,,,,,,,,,,,,,,,,,,,,,,,,8252.0,8604.0,8085
,,,,,,,,,,,,,,,,,,,,,,,,,8253.0,8605.0,8086
,,,,,,,,,,,,,,,,,,,,,,,,,8254.0,8606.0,8087
,,,,,,,,,,,,,,,,,,,,,,,,,8255.0,8607.0,8088
,,,,,,,,,,,,,,,,,,,,,,,,,8256.0,8608.0,8089
,,,,,,,,,,,,,,,,,,,,,,,,,8257.0,8609.0,8090
,,,,,,,,,,,,,,,,,,,,,,,,,8258.0,8610.0,8091
,,,,,,,,,,,,,,,,,,,,,,,,,8259.0,8611.0,8304
,,,,,,,,,,,,,,,,,,,,,,,,,8260.0,8612.0,8305
,,,,,,,,,,,,,,,,,,,,,,,,,8261.0,8613.0,8306
,,,,,,,,,,,,,,,,,,,,,,,,,8262.0,8614.0,8307
,,,,,,,,,,,,,,,,,,,,,,,,,8263.0,8615.0,8308
,,,,,,,,,,,,,,,,,,,,,,,,,8264.0,8616.0,8309
,,,,,,,,,,,,,,,,,,,,,,,,,8265.0,8617.0,8310
,,,,,,,,,,,,,,,,,,,,,,,,,8266.0,8618.0,8311
,,,,,,,,,,,,,,,,,,,,,,,,,8267.0,8691.0,8312
,,,,,,,,,,,,,,,,,,,,,,,,,8268.0,8692.0,8313
,,,,,,,,,,,,,,,,,,,,,,,,,8269.0,8693.0,8314
,,,,,,,,,,,,,,,,,,,,,,,,,8270.0,8694.0,8315
,,,,,,,,,,,,,,,,,,,,,,,,,8271.0,8695.0,8316
,,,,,,,,,,,,,,,,,,,,,,,,,8272.0,8696.0,8317
,,,,,,,,,,,,,,,,,,,,,,,,,8273.0,8697.0,8318
,,,,,,,,,,,,,,,,,,,,,,,,,8274.0,8698.0,8319
,,,,,,,,,,,,,,,,,,,,,,,,,8319.0,8699.0,8320
,,,,,,,,,,,,,,,,,,,,,,,,,8320.0,8700.0,8321
,,,,,,,,,,,,,,,,,,,,,,,,,8321.0,8701.0,8322
,,,,,,,,,,,,,,,,,,,,,,,,,8322.0,8702.0,8323
,,,,,,,,,,,,,,,,,,,,,,,,,8323.0,8703.0,8324
,,,,,,,,,,,,,,,,,,,,,,,,,8324.0,8704.0,8325
,,,,,,,,,,,,,,,,,,,,,,,,,8325.0,8705.0,8367
,,,,,,,,,,,,,,,,,,,,,,,,,8326.0,8706.0,8368
,,,,,,,,,,,,,,,,,,,,,,,,,8327.0,8707.0,8369
,,,,,,,,,,,,,,,,,,,,,,,,,8328.0,8708.0,8370
,,,,,,,,,,,,,,,,,,,,,,,,,8329.0,8709.0,8371
,,,,,,,,,,,,,,,,,,,,,,,,,8330.0,8710.0,8372
,,,,,,,,,,,,,,,,,,,,,,,,,8331.0,8711.0,8373
,,,,,,,,,,,,,,,,,,,,,,,,,8332.0,8712.0,8374
,,,,,,,,,,,,,,,,,,,,,,,,,8333.0,8713.0,8375
,,,,,,,,,,,,,,,,,,,,,,,,,8334.0,8919.0,8376
,,,,,,,,,,,,,,,,,,,,,,,,,8335.0,8920.0,8377
,,,,,,,,,,,,,,,,,,,,,,,,,8336.0,8921.0,8378
,,,,,,,,,,,,,,,,,,,,,,,,,8337.0,8922.0,8379
,,,,,,,,,,,,,,,,,,,,,,,,,8338.0,8923.0,8380
,,,,,,,,,,,,,,,,,,,,,,,,,8339.0,8924.0,8381
,,,,,,,,,,,,,,,,,,,,,,,,,8340.0,8925.0,8382
,,,,,,,,,,,,,,,,,,,,,,,,,8595.0,8926.0,8383
,,,,,,,,,,,,,,,,,,,,,,,,,8596.0,8927.0,8384
,,,,,,,,,,,,,,,,,,,,,,,,,8597.0,8928.0,8385
,,,,,,,,,,,,,,,,,,,,,,,,,8598.0,8929.0,8386
,,,,,,,,,,,,,,,,,,,,,,,,,8599.0,8930.0,8387
,,,,,,,,,,,,,,,,,,,,,,,,,8600.0,8931.0,8388
,,,,,,,,,,,,,,,,,,,,,,,,,8601.0,8932.0,8389
,,,,,,,,,,,,,,,,,,,,,,,,,8602.0,8933.0,8390
,,,,,,,,,,,,,,,,,,,,,,,,,8603.0,8934.0,8391
,,,,,,,,,,,,,,,,,,,,,,,,,8604.0,8935.0,8392
,,,,,,,,,,,,,,,,,,,,,,,,,8605.0,8936.0,8393
,,,,,,,,,,,,,,,,,,,,,,,,,8606.0,8937.0,8394
,,,,,,,,,,,,,,,,,,,,,,,,,8607.0,8938.0,8596
,,,,,,,,,,,,,,,,,,,,,,,,,8608.0,8939.0,8597
,,,,,,,,,,,,,,,,,,,,,,,,,8609.0,8940.0,8598
,,,,,,,,,,,,,,,,,,,,,,,,,8610.0,8941.0,8599
,,,,,,,,,,,,,,,,,,,,,,,,,8611.0,8942.0,8600
,,,,,,,,,,,,,,,,,,,,,,,,,8612.0,8943.0,8601
,,,,,,,,,,,,,,,,,,,,,,,,,8613.0,8990.0,8602
,,,,,,,,,,,,,,,,,,,,,,,,,8614.0,8991.0,8603
,,,,,,,,,,,,,,,,,,,,,,,,,8615.0,8992.0,8604
,,,,,,,,,,,,,,,,,,,,,,,,,8616.0,8993.0,8605
,,,,,,,,,,,,,,,,,,,,,,,,,8617.0,8994.0,8606
,,,,,,,,,,,,,,,,,,,,,,,,,8618.0,8995.0,8607
,,,,,,,,,,,,,,,,,,,,,,,,,8635.0,8996.0,8608
,,,,,,,,,,,,,,,,,,,,,,,,,8636.0,8997.0,8609
,,,,,,,,,,,,,,,,,,,,,,,,,8637.0,8998.0,8610
,,,,,,,,,,,,,,,,,,,,,,,,,8638.0,8999.0,8611
,,,,,,,,,,,,,,,,,,,,,,,,,8639.0,9000.0,8612
,,,,,,,,,,,,,,,,,,,,,,,,,8640.0,9001.0,8613
,,,,,,,,,,,,,,,,,,,,,,,,,8641.0,9002.0,8614
,,,,,,,,,,,,,,,,,,,,,,,,,8642.0,9003.0,8615
,,,,,,,,,,,,,,,,,,,,,,,,,8643.0,9004.0,8616
,,,,,,,,,,,,,,,,,,,,,,,,,8644.0,9005.0,8617
,,,,,,,,,,,,,,,,,,,,,,,,,8645.0,9006.0,8618
,,,,,,,,,,,,,,,,,,,,,,,,,8646.0,9007.0,8691
,,,,,,,,,,,,,,,,,,,,,,,,,8647.0,9008.0,8692
,,,,,,,,,,,,,,,,,,,,,,,,,8648.0,9009.0,8693
,,,,,,,,,,,,,,,,,,,,,,,,,8649.0,9010.0,8694
,,,,,,,,,,,,,,,,,,,,,,,,,8650.0,9011.0,8695
,,,,,,,,,,,,,,,,,,,,,,,,,8651.0,9012.0,8696
,,,,,,,,,,,,,,,,,,,,,,,,,8652.0,9168.0,8697
,,,,,,,,,,,,,,,,,,,,,,,,,8653.0,9169.0,8698
,,,,,,,,,,,,,,,,,,,,,,,,,8654.0,9170.0,8699
,,,,,,,,,,,,,,,,,,,,,,,,,8655.0,9171.0,8700
,,,,,,,,,,,,,,,,,,,,,,,,,8656.0,9172.0,8701
,,,,,,,,,,,,,,,,,,,,,,,,,8657.0,9173.0,8702
,,,,,,,,,,,,,,,,,,,,,,,,,8658.0,9174.0,8703
,,,,,,,,,,,,,,,,,,,,,,,,,8659.0,9175.0,8704
,,,,,,,,,,,,,,,,,,,,,,,,,8660.0,9176.0,8705
,,,,,,,,,,,,,,,,,,,,,,,,,8888.0,9177.0,8706
,,,,,,,,,,,,,,,,,,,,,,,,,8889.0,9178.0,8707
,,,,,,,,,,,,,,,,,,,,,,,,,8890.0,9179.0,8708
,,,,,,,,,,,,,,,,,,,,,,,,,8891.0,9180.0,8709
,,,,,,,,,,,,,,,,,,,,,,,,,8892.0,9181.0,8710
,,,,,,,,,,,,,,,,,,,,,,,,,8893.0,9182.0,8711
,,,,,,,,,,,,,,,,,,,,,,,,,8894.0,9183.0,8712
,,,,,,,,,,,,,,,,,,,,,,,,,8895.0,9184.0,8713
,,,,,,,,,,,,,,,,,,,,,,,,,8896.0,9185.0,8919
,,,,,,,,,,,,,,,,,,,,,,,,,8897.0,9186.0,8920
,,,,,,,,,,,,,,,,,,,,,,,,,8898.0,9187.0,8921
,,,,,,,,,,,,,,,,,,,,,,,,,8899.0,9188.0,8922
,,,,,,,,,,,,,,,,,,,,,,,,,8900.0,9189.0,8923
,,,,,,,,,,,,,,,,,,,,,,,,,8901.0,9190.0,8924
,,,,,,,,,,,,,,,,,,,,,,,,,8902.0,9191.0,8925
,,,,,,,,,,,,,,,,,,,,,,,,,8903.0,9306.0,8926
,,,,,,,,,,,,,,,,,,,,,,,,,8904.0,9307.0,8927
,,,,,,,,,,,,,,,,,,,,,,,,,8905.0,9308.0,8928
,,,,,,,,,,,,,,,,,,,,,,,,,8906.0,9309.0,8929
,,,,,,,,,,,,,,,,,,,,,,,,,8907.0,9310.0,8930
,,,,,,,,,,,,,,,,,,,,,,,,,8908.0,9311.0,8931
,,,,,,,,,,,,,,,,,,,,,,,,,8909.0,9312.0,8932
,,,,,,,,,,,,,,,,,,,,,,,,,8910.0,9313.0,8933
,,,,,,,,,,,,,,,,,,,,,,,,,8911.0,9314.0,8934
,,,,,,,,,,,,,,,,,,,,,,,,,8912.0,9315.0,8935
,,,,,,,,,,,,,,,,,,,,,,,,,8954.0,9316.0,8936
,,,,,,,,,,,,,,,,,,,,,,,,,8955.0,9317.0,8937
,,,,,,,,,,,,,,,,,,,,,,,,,8956.0,9318.0,8938
,,,,,,,,,,,,,,,,,,,,,,,,,8957.0,9319.0,8939
,,,,,,,,,,,,,,,,,,,,,,,,,8958.0,9320.0,8940
,,,,,,,,,,,,,,,,,,,,,,,,,8959.0,9321.0,8941
,,,,,,,,,,,,,,,,,,,,,,,,,8960.0,9322.0,8942
,,,,,,,,,,,,,,,,,,,,,,,,,8961.0,9323.0,8943
,,,,,,,,,,,,,,,,,,,,,,,,,8962.0,9324.0,8990
,,,,,,,,,,,,,,,,,,,,,,,,,8963.0,9325.0,8991
,,,,,,,,,,,,,,,,,,,,,,,,,8964.0,9326.0,8992
,,,,,,,,,,,,,,,,,,,,,,,,,8965.0,9327.0,8993
,,,,,,,,,,,,,,,,,,,,,,,,,8966.0,9328.0,8994
,,,,,,,,,,,,,,,,,,,,,,,,,8967.0,9470.0,8995
,,,,,,,,,,,,,,,,,,,,,,,,,8968.0,9471.0,8996
,,,,,,,,,,,,,,,,,,,,,,,,,8969.0,9472.0,8997
,,,,,,,,,,,,,,,,,,,,,,,,,8970.0,9473.0,8998
,,,,,,,,,,,,,,,,,,,,,,,,,8971.0,9474.0,8999
,,,,,,,,,,,,,,,,,,,,,,,,,8972.0,9475.0,9000
,,,,,,,,,,,,,,,,,,,,,,,,,8973.0,9476.0,9001
,,,,,,,,,,,,,,,,,,,,,,,,,8974.0,9477.0,9002
,,,,,,,,,,,,,,,,,,,,,,,,,8975.0,9478.0,9003
,,,,,,,,,,,,,,,,,,,,,,,,,8976.0,9479.0,9004
,,,,,,,,,,,,,,,,,,,,,,,,,8977.0,9480.0,9005
,,,,,,,,,,,,,,,,,,,,,,,,,8978.0,9481.0,9006
,,,,,,,,,,,,,,,,,,,,,,,,,8979.0,9482.0,9007
,,,,,,,,,,,,,,,,,,,,,,,,,8980.0,9483.0,9008
,,,,,,,,,,,,,,,,,,,,,,,,,8981.0,9484.0,9009
,,,,,,,,,,,,,,,,,,,,,,,,,8982.0,9485.0,9010
,,,,,,,,,,,,,,,,,,,,,,,,,9204.0,9486.0,9011
,,,,,,,,,,,,,,,,,,,,,,,,,9205.0,9487.0,9012
,,,,,,,,,,,,,,,,,,,,,,,,,9206.0,9488.0,9168
,,,,,,,,,,,,,,,,,,,,,,,,,9207.0,9489.0,9169
,,,,,,,,,,,,,,,,,,,,,,,,,9208.0,9490.0,9170
,,,,,,,,,,,,,,,,,,,,,,,,,9209.0,9491.0,9171
,,,,,,,,,,,,,,,,,,,,,,,,,9210.0,9492.0,9172
,,,,,,,,,,,,,,,,,,,,,,,,,9211.0,9493.0,9173
,,,,,,,,,,,,,,,,,,,,,,,,,9212.0,9494.0,9174
,,,,,,,,,,,,,,,,,,,,,,,,,9213.0,9495.0,9175
,,,,,,,,,,,,,,,,,,,,,,,,,9214.0,9496.0,9176
,,,,,,,,,,,,,,,,,,,,,,,,,9215.0,9535.0,9177
,,,,,,,,,,,,,,,,,,,,,,,,,9216.0,9536.0,9178
,,,,,,,,,,,,,,,,,,,,,,,,,9217.0,9537.0,9179
,,,,,,,,,,,,,,,,,,,,,,,,,9218.0,9538.0,9180
,,,,,,,,,,,,,,,,,,,,,,,,,9219.0,9539.0,9181
,,,,,,,,,,,,,,,,,,,,,,,,,9220.0,9540.0,9182
,,,,,,,,,,,,,,,,,,,,,,,,,9221.0,9541.0,9183
,,,,,,,,,,,,,,,,,,,,,,,,,9222.0,9542.0,9184
,,,,,,,,,,,,,,,,,,,,,,,,,9223.0,9543.0,9185
,,,,,,,,,,,,,,,,,,,,,,,,,9224.0,9544.0,9186
,,,,,,,,,,,,,,,,,,,,,,,,,9225.0,9545.0,9187
,,,,,,,,,,,,,,,,,,,,,,,,,9245.0,9546.0,9188
,,,,,,,,,,,,,,,,,,,,,,,,,9246.0,9547.0,9189
,,,,,,,,,,,,,,,,,,,,,,,,,9247.0,9548.0,9190
,,,,,,,,,,,,,,,,,,,,,,,,,9248.0,9549.0,9191
,,,,,,,,,,,,,,,,,,,,,,,,,9249.0,9550.0,9306
,,,,,,,,,,,,,,,,,,,,,,,,,9250.0,9551.0,9307
,,,,,,,,,,,,,,,,,,,,,,,,,9251.0,9552.0,9308
,,,,,,,,,,,,,,,,,,,,,,,,,9252.0,9553.0,9309
,,,,,,,,,,,,,,,,,,,,,,,,,9253.0,9554.0,9310
,,,,,,,,,,,,,,,,,,,,,,,,,9254.0,9555.0,9311
,,,,,,,,,,,,,,,,,,,,,,,,,9255.0,9556.0,9312
,,,,,,,,,,,,,,,,,,,,,,,,,9256.0,9557.0,9313
,,,,,,,,,,,,,,,,,,,,,,,,,9257.0,9558.0,9314
,,,,,,,,,,,,,,,,,,,,,,,,,9258.0,9559.0,9315
,,,,,,,,,,,,,,,,,,,,,,,,,9259.0,9560.0,9316
,,,,,,,,,,,,,,,,,,,,,,,,,9260.0,9561.0,9317
,,,,,,,,,,,,,,,,,,,,,,,,,9261.0,9562.0,9318
,,,,,,,,,,,,,,,,,,,,,,,,,9262.0,9563.0,9319
,,,,,,,,,,,,,,,,,,,,,,,,,9263.0,9782.0,9320
,,,,,,,,,,,,,,,,,,,,,,,,,9264.0,9783.0,9321
,,,,,,,,,,,,,,,,,,,,,,,,,9265.0,9784.0,9322
,,,,,,,,,,,,,,,,,,,,,,,,,9266.0,9785.0,9323
,,,,,,,,,,,,,,,,,,,,,,,,,9267.0,9786.0,9324
,,,,,,,,,,,,,,,,,,,,,,,,,9268.0,9787.0,9325
,,,,,,,,,,,,,,,,,,,,,,,,,9269.0,9788.0,9326
,,,,,,,,,,,,,,,,,,,,,,,,,9270.0,9789.0,9327
,,,,,,,,,,,,,,,,,,,,,,,,,9477.0,9790.0,9328
,,,,,,,,,,,,,,,,,,,,,,,,,9478.0,9791.0,9470
,,,,,,,,,,,,,,,,,,,,,,,,,9479.0,9792.0,9471
,,,,,,,,,,,,,,,,,,,,,,,,,9480.0,9793.0,9472
,,,,,,,,,,,,,,,,,,,,,,,,,9481.0,9794.0,9473
,,,,,,,,,,,,,,,,,,,,,,,,,9482.0,9795.0,9474
,,,,,,,,,,,,,,,,,,,,,,,,,9483.0,9796.0,9475
,,,,,,,,,,,,,,,,,,,,,,,,,9484.0,9797.0,9476
,,,,,,,,,,,,,,,,,,,,,,,,,9485.0,9798.0,9477
,,,,,,,,,,,,,,,,,,,,,,,,,9486.0,9799.0,9478
,,,,,,,,,,,,,,,,,,,,,,,,,9487.0,9800.0,9479
,,,,,,,,,,,,,,,,,,,,,,,,,9488.0,9801.0,9480
,,,,,,,,,,,,,,,,,,,,,,,,,9489.0,9802.0,9481
,,,,,,,,,,,,,,,,,,,,,,,,,9490.0,9803.0,9482
,,,,,,,,,,,,,,,,,,,,,,,,,9491.0,9804.0,9483
,,,,,,,,,,,,,,,,,,,,,,,,,9492.0,9842.0,9484
,,,,,,,,,,,,,,,,,,,,,,,,,9493.0,9843.0,9485
,,,,,,,,,,,,,,,,,,,,,,,,,9494.0,9844.0,9486
,,,,,,,,,,,,,,,,,,,,,,,,,9495.0,9845.0,9487
,,,,,,,,,,,,,,,,,,,,,,,,,9496.0,9846.0,9488
,,,,,,,,,,,,,,,,,,,,,,,,,9497.0,9847.0,9489
,,,,,,,,,,,,,,,,,,,,,,,,,9498.0,9848.0,9490
,,,,,,,,,,,,,,,,,,,,,,,,,9499.0,9849.0,9491
,,,,,,,,,,,,,,,,,,,,,,,,,9500.0,9850.0,9492
,,,,,,,,,,,,,,,,,,,,,,,,,9501.0,9851.0,9493
,,,,,,,,,,,,,,,,,,,,,,,,,9557.0,9852.0,9494
,,,,,,,,,,,,,,,,,,,,,,,,,9558.0,9853.0,9495
,,,,,,,,,,,,,,,,,,,,,,,,,9559.0,9854.0,9496
,,,,,,,,,,,,,,,,,,,,,,,,,9560.0,9855.0,9535
,,,,,,,,,,,,,,,,,,,,,,,,,9561.0,9856.0,9536
,,,,,,,,,,,,,,,,,,,,,,,,,9562.0,9857.0,9537
,,,,,,,,,,,,,,,,,,,,,,,,,9563.0,9858.0,9538
,,,,,,,,,,,,,,,,,,,,,,,,,9564.0,9859.0,9539
,,,,,,,,,,,,,,,,,,,,,,,,,9565.0,9860.0,9540
,,,,,,,,,,,,,,,,,,,,,,,,,9566.0,9861.0,9541
,,,,,,,,,,,,,,,,,,,,,,,,,9567.0,9862.0,9542
,,,,,,,,,,,,,,,,,,,,,,,,,9568.0,9863.0,9543
,,,,,,,,,,,,,,,,,,,,,,,,,9569.0,9864.0,9544
,,,,,,,,,,,,,,,,,,,,,,,,,9570.0,9865.0,9545
,,,,,,,,,,,,,,,,,,,,,,,,,9571.0,10076.0,9546
,,,,,,,,,,,,,,,,,,,,,,,,,9572.0,10077.0,9547
,,,,,,,,,,,,,,,,,,,,,,,,,9573.0,10078.0,9548
,,,,,,,,,,,,,,,,,,,,,,,,,9574.0,10079.0,9549
,,,,,,,,,,,,,,,,,,,,,,,,,9575.0,10080.0,9550
,,,,,,,,,,,,,,,,,,,,,,,,,9576.0,10081.0,9551
,,,,,,,,,,,,,,,,,,,,,,,,,9577.0,10082.0,9552
,,,,,,,,,,,,,,,,,,,,,,,,,9578.0,10083.0,9553
,,,,,,,,,,,,,,,,,,,,,,,,,9579.0,10084.0,9554
,,,,,,,,,,,,,,,,,,,,,,,,,9580.0,10085.0,9555
,,,,,,,,,,,,,,,,,,,,,,,,,9581.0,10086.0,9556
,,,,,,,,,,,,,,,,,,,,,,,,,9582.0,10087.0,9557
,,,,,,,,,,,,,,,,,,,,,,,,,9583.0,10088.0,9558
,,,,,,,,,,,,,,,,,,,,,,,,,9584.0,10089.0,9559
,,,,,,,,,,,,,,,,,,,,,,,,,9784.0,10090.0,9560
,,,,,,,,,,,,,,,,,,,,,,,,,9785.0,10091.0,9561
,,,,,,,,,,,,,,,,,,,,,,,,,9786.0,10092.0,9562
,,,,,,,,,,,,,,,,,,,,,,,,,9787.0,10093.0,9563
,,,,,,,,,,,,,,,,,,,,,,,,,9788.0,10094.0,9782
,,,,,,,,,,,,,,,,,,,,,,,,,9789.0,10095.0,9783
,,,,,,,,,,,,,,,,,,,,,,,,,9790.0,10096.0,9784
,,,,,,,,,,,,,,,,,,,,,,,,,9791.0,10097.0,9785
,,,,,,,,,,,,,,,,,,,,,,,,,9792.0,10098.0,9786
,,,,,,,,,,,,,,,,,,,,,,,,,9793.0,10150.0,9787
,,,,,,,,,,,,,,,,,,,,,,,,,9794.0,10151.0,9788
,,,,,,,,,,,,,,,,,,,,,,,,,9795.0,10152.0,9789
,,,,,,,,,,,,,,,,,,,,,,,,,9796.0,10153.0,9790
,,,,,,,,,,,,,,,,,,,,,,,,,9797.0,10154.0,9791
,,,,,,,,,,,,,,,,,,,,,,,,,9798.0,10155.0,9792
,,,,,,,,,,,,,,,,,,,,,,,,,9799.0,10156.0,9793
,,,,,,,,,,,,,,,,,,,,,,,,,9800.0,10157.0,9794
,,,,,,,,,,,,,,,,,,,,,,,,,9801.0,10158.0,9795
,,,,,,,,,,,,,,,,,,,,,,,,,9802.0,10159.0,9796
,,,,,,,,,,,,,,,,,,,,,,,,,9803.0,10160.0,9797
,,,,,,,,,,,,,,,,,,,,,,,,,9804.0,10161.0,9798
,,,,,,,,,,,,,,,,,,,,,,,,,9805.0,10162.0,9799
,,,,,,,,,,,,,,,,,,,,,,,,,9834.0,10163.0,9800
,,,,,,,,,,,,,,,,,,,,,,,,,9835.0,10164.0,9801
,,,,,,,,,,,,,,,,,,,,,,,,,9836.0,10165.0,9802
,,,,,,,,,,,,,,,,,,,,,,,,,9837.0,10166.0,9803
,,,,,,,,,,,,,,,,,,,,,,,,,9838.0,10167.0,9804
,,,,,,,,,,,,,,,,,,,,,,,,,9839.0,10168.0,9842
,,,,,,,,,,,,,,,,,,,,,,,,,9840.0,10169.0,9843
,,,,,,,,,,,,,,,,,,,,,,,,,9841.0,10170.0,9844
,,,,,,,,,,,,,,,,,,,,,,,,,9842.0,10171.0,9845
,,,,,,,,,,,,,,,,,,,,,,,,,9843.0,10172.0,9846
,,,,,,,,,,,,,,,,,,,,,,,,,9844.0,10173.0,9847
,,,,,,,,,,,,,,,,,,,,,,,,,9845.0,10174.0,9848
,,,,,,,,,,,,,,,,,,,,,,,,,9846.0,10175.0,9849
,,,,,,,,,,,,,,,,,,,,,,,,,9847.0,10393.0,9850
,,,,,,,,,,,,,,,,,,,,,,,,,9848.0,10394.0,9851
,,,,,,,,,,,,,,,,,,,,,,,,,9849.0,10395.0,9852
,,,,,,,,,,,,,,,,,,,,,,,,,9850.0,10396.0,9853
,,,,,,,,,,,,,,,,,,,,,,,,,9851.0,10397.0,9854
,,,,,,,,,,,,,,,,,,,,,,,,,9852.0,10398.0,9855
,,,,,,,,,,,,,,,,,,,,,,,,,9853.0,10399.0,9856
,,,,,,,,,,,,,,,,,,,,,,,,,9854.0,10400.0,9857
,,,,,,,,,,,,,,,,,,,,,,,,,9855.0,10401.0,9858
,,,,,,,,,,,,,,,,,,,,,,,,,9856.0,10402.0,9859
,,,,,,,,,,,,,,,,,,,,,,,,,9857.0,10403.0,9860
,,,,,,,,,,,,,,,,,,,,,,,,,10076.0,10404.0,9861
,,,,,,,,,,,,,,,,,,,,,,,,,10077.0,10405.0,9862
,,,,,,,,,,,,,,,,,,,,,,,,,10078.0,10406.0,9863
,,,,,,,,,,,,,,,,,,,,,,,,,10079.0,10407.0,9864
,,,,,,,,,,,,,,,,,,,,,,,,,10080.0,10408.0,9865
,,,,,,,,,,,,,,,,,,,,,,,,,10081.0,10409.0,10076
,,,,,,,,,,,,,,,,,,,,,,,,,10082.0,10410.0,10077
,,,,,,,,,,,,,,,,,,,,,,,,,10083.0,10411.0,10078
,,,,,,,,,,,,,,,,,,,,,,,,,10084.0,10412.0,10079
,,,,,,,,,,,,,,,,,,,,,,,,,10085.0,10413.0,10080
,,,,,,,,,,,,,,,,,,,,,,,,,10086.0,10414.0,10081
,,,,,,,,,,,,,,,,,,,,,,,,,10087.0,10415.0,10082
,,,,,,,,,,,,,,,,,,,,,,,,,10088.0,10416.0,10083
,,,,,,,,,,,,,,,,,,,,,,,,,10089.0,10417.0,10084
,,,,,,,,,,,,,,,,,,,,,,,,,10090.0,10418.0,10085
,,,,,,,,,,,,,,,,,,,,,,,,,10091.0,10465.0,10086
,,,,,,,,,,,,,,,,,,,,,,,,,10092.0,10466.0,10087
,,,,,,,,,,,,,,,,,,,,,,,,,10093.0,10467.0,10088
,,,,,,,,,,,,,,,,,,,,,,,,,10094.0,10468.0,10089
,,,,,,,,,,,,,,,,,,,,,,,,,10095.0,10469.0,10090
,,,,,,,,,,,,,,,,,,,,,,,,,10096.0,10470.0,10091
,,,,,,,,,,,,,,,,,,,,,,,,,10097.0,10471.0,10092
,,,,,,,,,,,,,,,,,,,,,,,,,10098.0,10472.0,10093
,,,,,,,,,,,,,,,,,,,,,,,,,10146.0,10473.0,10094
,,,,,,,,,,,,,,,,,,,,,,,,,10147.0,10474.0,10095
,,,,,,,,,,,,,,,,,,,,,,,,,10148.0,10475.0,10096
,,,,,,,,,,,,,,,,,,,,,,,,,10149.0,10476.0,10097
,,,,,,,,,,,,,,,,,,,,,,,,,10150.0,10477.0,10098
,,,,,,,,,,,,,,,,,,,,,,,,,10151.0,10478.0,10150
,,,,,,,,,,,,,,,,,,,,,,,,,10152.0,10479.0,10151
,,,,,,,,,,,,,,,,,,,,,,,,,10153.0,10480.0,10152
,,,,,,,,,,,,,,,,,,,,,,,,,10154.0,10481.0,10153
,,,,,,,,,,,,,,,,,,,,,,,,,10155.0,10482.0,10154
,,,,,,,,,,,,,,,,,,,,,,,,,10156.0,10483.0,10155
,,,,,,,,,,,,,,,,,,,,,,,,,10157.0,10484.0,10156
,,,,,,,,,,,,,,,,,,,,,,,,,10158.0,10485.0,10157
,,,,,,,,,,,,,,,,,,,,,,,,,10159.0,10486.0,10158
,,,,,,,,,,,,,,,,,,,,,,,,,10160.0,10487.0,10159
,,,,,,,,,,,,,,,,,,,,,,,,,10161.0,10488.0,10160
,,,,,,,,,,,,,,,,,,,,,,,,,10162.0,10489.0,10161
,,,,,,,,,,,,,,,,,,,,,,,,,10163.0,10490.0,10162
,,,,,,,,,,,,,,,,,,,,,,,,,10164.0,10713.0,10163
,,,,,,,,,,,,,,,,,,,,,,,,,10165.0,10714.0,10164
,,,,,,,,,,,,,,,,,,,,,,,,,10166.0,10715.0,10165
,,,,,,,,,,,,,,,,,,,,,,,,,10167.0,10716.0,10166
,,,,,,,,,,,,,,,,,,,,,,,,,10168.0,10717.0,10167
,,,,,,,,,,,,,,,,,,,,,,,,,10169.0,10718.0,10168
,,,,,,,,,,,,,,,,,,,,,,,,,10170.0,10719.0,10169
,,,,,,,,,,,,,,,,,,,,,,,,,10362.0,10720.0,10170
,,,,,,,,,,,,,,,,,,,,,,,,,10363.0,10721.0,10171
,,,,,,,,,,,,,,,,,,,,,,,,,10364.0,10722.0,10172
,,,,,,,,,,,,,,,,,,,,,,,,,10365.0,10723.0,10173
,,,,,,,,,,,,,,,,,,,,,,,,,10366.0,10724.0,10174
,,,,,,,,,,,,,,,,,,,,,,,,,10367.0,10725.0,10175
,,,,,,,,,,,,,,,,,,,,,,,,,10368.0,10726.0,10393
,,,,,,,,,,,,,,,,,,,,,,,,,10369.0,10727.0,10394
,,,,,,,,,,,,,,,,,,,,,,,,,10370.0,10728.0,10395
,,,,,,,,,,,,,,,,,,,,,,,,,10371.0,10729.0,10396
,,,,,,,,,,,,,,,,,,,,,,,,,10372.0,10730.0,10397
,,,,,,,,,,,,,,,,,,,,,,,,,10373.0,10731.0,10398
,,,,,,,,,,,,,,,,,,,,,,,,,10374.0,10732.0,10399
,,,,,,,,,,,,,,,,,,,,,,,,,10375.0,10733.0,10400
,,,,,,,,,,,,,,,,,,,,,,,,,10376.0,10734.0,10401
,,,,,,,,,,,,,,,,,,,,,,,,,10377.0,10735.0,10402
,,,,,,,,,,,,,,,,,,,,,,,,,10378.0,10736.0,10403
,,,,,,,,,,,,,,,,,,,,,,,,,10379.0,10737.0,10404
,,,,,,,,,,,,,,,,,,,,,,,,,10380.0,10738.0,10405
,,,,,,,,,,,,,,,,,,,,,,,,,10381.0,10739.0,10406
,,,,,,,,,,,,,,,,,,,,,,,,,10382.0,10740.0,10407
,,,,,,,,,,,,,,,,,,,,,,,,,10383.0,10741.0,10408
,,,,,,,,,,,,,,,,,,,,,,,,,10437.0,10785.0,10409
,,,,,,,,,,,,,,,,,,,,,,,,,10438.0,10786.0,10410
,,,,,,,,,,,,,,,,,,,,,,,,,10439.0,10787.0,10411
,,,,,,,,,,,,,,,,,,,,,,,,,10440.0,10788.0,10412
,,,,,,,,,,,,,,,,,,,,,,,,,10441.0,10789.0,10413
,,,,,,,,,,,,,,,,,,,,,,,,,10442.0,10790.0,10414
,,,,,,,,,,,,,,,,,,,,,,,,,10443.0,10791.0,10415
,,,,,,,,,,,,,,,,,,,,,,,,,10444.0,10792.0,10416
,,,,,,,,,,,,,,,,,,,,,,,,,10445.0,10793.0,10417
,,,,,,,,,,,,,,,,,,,,,,,,,10446.0,10794.0,10418
,,,,,,,,,,,,,,,,,,,,,,,,,10447.0,10795.0,10465
,,,,,,,,,,,,,,,,,,,,,,,,,10448.0,10796.0,10466
,,,,,,,,,,,,,,,,,,,,,,,,,10449.0,10797.0,10467
,,,,,,,,,,,,,,,,,,,,,,,,,10450.0,10798.0,10468
,,,,,,,,,,,,,,,,,,,,,,,,,10451.0,10799.0,10469
,,,,,,,,,,,,,,,,,,,,,,,,,10452.0,10800.0,10470
,,,,,,,,,,,,,,,,,,,,,,,,,10453.0,10801.0,10471
,,,,,,,,,,,,,,,,,,,,,,,,,10454.0,10802.0,10472
,,,,,,,,,,,,,,,,,,,,,,,,,10455.0,10803.0,10473
,,,,,,,,,,,,,,,,,,,,,,,,,10456.0,10804.0,10474
,,,,,,,,,,,,,,,,,,,,,,,,,10457.0,10805.0,10475
,,,,,,,,,,,,,,,,,,,,,,,,,10458.0,10806.0,10476
,,,,,,,,,,,,,,,,,,,,,,,,,10666.0,10807.0,10477
,,,,,,,,,,,,,,,,,,,,,,,,,10667.0,10808.0,10478
,,,,,,,,,,,,,,,,,,,,,,,,,10668.0,10809.0,10479
,,,,,,,,,,,,,,,,,,,,,,,,,10669.0,11000.0,10480
,,,,,,,,,,,,,,,,,,,,,,,,,10670.0,11001.0,10481
,,,,,,,,,,,,,,,,,,,,,,,,,10671.0,11002.0,10482
,,,,,,,,,,,,,,,,,,,,,,,,,10672.0,11003.0,10483
,,,,,,,,,,,,,,,,,,,,,,,,,10673.0,11004.0,10484
,,,,,,,,,,,,,,,,,,,,,,,,,10674.0,11005.0,10485
,,,,,,,,,,,,,,,,,,,,,,,,,10675.0,11006.0,10486
,,,,,,,,,,,,,,,,,,,,,,,,,10676.0,11007.0,10487
,,,,,,,,,,,,,,,,,,,,,,,,,10677.0,11008.0,10488
,,,,,,,,,,,,,,,,,,,,,,,,,10678.0,11009.0,10489
,,,,,,,,,,,,,,,,,,,,,,,,,10679.0,11010.0,10490
,,,,,,,,,,,,,,,,,,,,,,,,,10680.0,11011.0,10713
,,,,,,,,,,,,,,,,,,,,,,,,,10681.0,11012.0,10714
,,,,,,,,,,,,,,,,,,,,,,,,,10682.0,11013.0,10715
,,,,,,,,,,,,,,,,,,,,,,,,,10683.0,11014.0,10716
,,,,,,,,,,,,,,,,,,,,,,,,,10684.0,11015.0,10717
,,,,,,,,,,,,,,,,,,,,,,,,,10685.0,11016.0,10718
,,,,,,,,,,,,,,,,,,,,,,,,,10686.0,11017.0,10719
,,,,,,,,,,,,,,,,,,,,,,,,,10687.0,11018.0,10720
,,,,,,,,,,,,,,,,,,,,,,,,,10737.0,11019.0,10721
,,,,,,,,,,,,,,,,,,,,,,,,,10738.0,11020.0,10722
,,,,,,,,,,,,,,,,,,,,,,,,,10739.0,11021.0,10723
,,,,,,,,,,,,,,,,,,,,,,,,,10740.0,11022.0,10724
,,,,,,,,,,,,,,,,,,,,,,,,,10741.0,11092.0,10725
,,,,,,,,,,,,,,,,,,,,,,,,,10742.0,11093.0,10726
,,,,,,,,,,,,,,,,,,,,,,,,,10743.0,11094.0,10727
,,,,,,,,,,,,,,,,,,,,,,,,,10744.0,11095.0,10728
,,,,,,,,,,,,,,,,,,,,,,,,,10745.0,11096.0,10729
,,,,,,,,,,,,,,,,,,,,,,,,,10746.0,11097.0,10730
,,,,,,,,,,,,,,,,,,,,,,,,,10747.0,11098.0,10731
,,,,,,,,,,,,,,,,,,,,,,,,,10748.0,11099.0,10732
,,,,,,,,,,,,,,,,,,,,,,,,,10749.0,11100.0,10733
,,,,,,,,,,,,,,,,,,,,,,,,,10750.0,11101.0,10734
,,,,,,,,,,,,,,,,,,,,,,,,,10751.0,11102.0,10735
,,,,,,,,,,,,,,,,,,,,,,,,,10752.0,11103.0,10736
,,,,,,,,,,,,,,,,,,,,,,,,,10753.0,11104.0,10737
,,,,,,,,,,,,,,,,,,,,,,,,,10754.0,11105.0,10738
,,,,,,,,,,,,,,,,,,,,,,,,,10755.0,11106.0,10739
,,,,,,,,,,,,,,,,,,,,,,,,,10756.0,11107.0,10740
,,,,,,,,,,,,,,,,,,,,,,,,,10757.0,11108.0,10741
,,,,,,,,,,,,,,,,,,,,,,,,,10758.0,11109.0,10785
,,,,,,,,,,,,,,,,,,,,,,,,,10759.0,11110.0,10786
,,,,,,,,,,,,,,,,,,,,,,,,,10760.0,11111.0,10787
,,,,,,,,,,,,,,,,,,,,,,,,,10761.0,11112.0,10788
,,,,,,,,,,,,,,,,,,,,,,,,,10762.0,11113.0,10789
,,,,,,,,,,,,,,,,,,,,,,,,,10999.0,11114.0,10790
,,,,,,,,,,,,,,,,,,,,,,,,,11000.0,11115.0,10791
,,,,,,,,,,,,,,,,,,,,,,,,,11001.0,11305.0,10792
,,,,,,,,,,,,,,,,,,,,,,,,,11002.0,11306.0,10793
,,,,,,,,,,,,,,,,,,,,,,,,,11003.0,11307.0,10794
,,,,,,,,,,,,,,,,,,,,,,,,,11004.0,11308.0,10795
,,,,,,,,,,,,,,,,,,,,,,,,,11005.0,11309.0,10796
,,,,,,,,,,,,,,,,,,,,,,,,,11006.0,11310.0,10797
,,,,,,,,,,,,,,,,,,,,,,,,,11007.0,11311.0,10798
,,,,,,,,,,,,,,,,,,,,,,,,,11008.0,11312.0,10799
,,,,,,,,,,,,,,,,,,,,,,,,,11009.0,11313.0,10800
,,,,,,,,,,,,,,,,,,,,,,,,,11010.0,11314.0,10801
,,,,,,,,,,,,,,,,,,,,,,,,,11011.0,11315.0,10802
,,,,,,,,,,,,,,,,,,,,,,,,,11012.0,11316.0,10803
,,,,,,,,,,,,,,,,,,,,,,,,,11013.0,11317.0,10804
,,,,,,,,,,,,,,,,,,,,,,,,,11014.0,11318.0,10805
,,,,,,,,,,,,,,,,,,,,,,,,,11015.0,11319.0,10806
,,,,,,,,,,,,,,,,,,,,,,,,,11016.0,11320.0,10807
,,,,,,,,,,,,,,,,,,,,,,,,,11017.0,11321.0,10808
,,,,,,,,,,,,,,,,,,,,,,,,,11018.0,11322.0,10809
,,,,,,,,,,,,,,,,,,,,,,,,,11019.0,11323.0,11000
,,,,,,,,,,,,,,,,,,,,,,,,,11020.0,11324.0,11001
,,,,,,,,,,,,,,,,,,,,,,,,,11021.0,11325.0,11002
,,,,,,,,,,,,,,,,,,,,,,,,,11048.0,11326.0,11003
,,,,,,,,,,,,,,,,,,,,,,,,,11049.0,11327.0,11004
,,,,,,,,,,,,,,,,,,,,,,,,,11050.0,11328.0,11005
,,,,,,,,,,,,,,,,,,,,,,,,,11051.0,11329.0,11006
,,,,,,,,,,,,,,,,,,,,,,,,,11052.0,11388.0,11007
,,,,,,,,,,,,,,,,,,,,,,,,,11053.0,11389.0,11008
,,,,,,,,,,,,,,,,,,,,,,,,,11054.0,11390.0,11009
,,,,,,,,,,,,,,,,,,,,,,,,,11055.0,11391.0,11010
,,,,,,,,,,,,,,,,,,,,,,,,,11056.0,11392.0,11011
,,,,,,,,,,,,,,,,,,,,,,,,,11057.0,11393.0,11012
,,,,,,,,,,,,,,,,,,,,,,,,,11058.0,11394.0,11013
,,,,,,,,,,,,,,,,,,,,,,,,,11059.0,11395.0,11014
,,,,,,,,,,,,,,,,,,,,,,,,,11060.0,11396.0,11015
,,,,,,,,,,,,,,,,,,,,,,,,,11061.0,11397.0,11016
,,,,,,,,,,,,,,,,,,,,,,,,,11062.0,11398.0,11017
,,,,,,,,,,,,,,,,,,,,,,,,,11063.0,11399.0,11018
,,,,,,,,,,,,,,,,,,,,,,,,,11064.0,11400.0,11019
,,,,,,,,,,,,,,,,,,,,,,,,,11065.0,11401.0,11020
,,,,,,,,,,,,,,,,,,,,,,,,,11066.0,11402.0,11021
,,,,,,,,,,,,,,,,,,,,,,,,,11067.0,11403.0,11022
,,,,,,,,,,,,,,,,,,,,,,,,,11068.0,11404.0,11092
,,,,,,,,,,,,,,,,,,,,,,,,,11069.0,11405.0,11093
,,,,,,,,,,,,,,,,,,,,,,,,,11070.0,11406.0,11094
,,,,,,,,,,,,,,,,,,,,,,,,,11071.0,11407.0,11095
,,,,,,,,,,,,,,,,,,,,,,,,,11072.0,11408.0,11096
,,,,,,,,,,,,,,,,,,,,,,,,,11073.0,11409.0,11097
,,,,,,,,,,,,,,,,,,,,,,,,,11306.0,11410.0,11098
,,,,,,,,,,,,,,,,,,,,,,,,,11307.0,11411.0,11099
,,,,,,,,,,,,,,,,,,,,,,,,,11308.0,11412.0,11100
,,,,,,,,,,,,,,,,,,,,,,,,,11309.0,11413.0,11101
,,,,,,,,,,,,,,,,,,,,,,,,,11310.0,11624.0,11102
,,,,,,,,,,,,,,,,,,,,,,,,,11311.0,11625.0,11103
,,,,,,,,,,,,,,,,,,,,,,,,,11312.0,11626.0,11104
,,,,,,,,,,,,,,,,,,,,,,,,,11313.0,11627.0,11105
,,,,,,,,,,,,,,,,,,,,,,,,,11314.0,11628.0,11106
,,,,,,,,,,,,,,,,,,,,,,,,,11315.0,11629.0,11107
,,,,,,,,,,,,,,,,,,,,,,,,,11316.0,11630.0,11108
,,,,,,,,,,,,,,,,,,,,,,,,,11317.0,11631.0,11109
,,,,,,,,,,,,,,,,,,,,,,,,,11318.0,11632.0,11110
,,,,,,,,,,,,,,,,,,,,,,,,,11319.0,11633.0,11111
,,,,,,,,,,,,,,,,,,,,,,,,,11320.0,11634.0,11112
,,,,,,,,,,,,,,,,,,,,,,,,,11321.0,11635.0,11113
,,,,,,,,,,,,,,,,,,,,,,,,,11322.0,11636.0,11114
,,,,,,,,,,,,,,,,,,,,,,,,,11323.0,11637.0,11115
,,,,,,,,,,,,,,,,,,,,,,,,,11324.0,11638.0,11305
,,,,,,,,,,,,,,,,,,,,,,,,,11325.0,11639.0,11306
,,,,,,,,,,,,,,,,,,,,,,,,,11326.0,11640.0,11307
,,,,,,,,,,,,,,,,,,,,,,,,,11327.0,11641.0,11308
,,,,,,,,,,,,,,,,,,,,,,,,,11328.0,11642.0,11309
,,,,,,,,,,,,,,,,,,,,,,,,,11329.0,11643.0,11310
,,,,,,,,,,,,,,,,,,,,,,,,,11330.0,11644.0,11311
,,,,,,,,,,,,,,,,,,,,,,,,,11372.0,11645.0,11312
,,,,,,,,,,,,,,,,,,,,,,,,,11373.0,11646.0,11313
,,,,,,,,,,,,,,,,,,,,,,,,,11374.0,11647.0,11314
,,,,,,,,,,,,,,,,,,,,,,,,,11375.0,11648.0,11315
,,,,,,,,,,,,,,,,,,,,,,,,,11376.0,11649.0,11316
,,,,,,,,,,,,,,,,,,,,,,,,,11377.0,11650.0,11317
,,,,,,,,,,,,,,,,,,,,,,,,,11378.0,11689.0,11318
,,,,,,,,,,,,,,,,,,,,,,,,,11379.0,11690.0,11319
,,,,,,,,,,,,,,,,,,,,,,,,,11380.0,11691.0,11320
,,,,,,,,,,,,,,,,,,,,,,,,,11381.0,11692.0,11321
,,,,,,,,,,,,,,,,,,,,,,,,,11382.0,11693.0,11322
,,,,,,,,,,,,,,,,,,,,,,,,,11383.0,11694.0,11323
,,,,,,,,,,,,,,,,,,,,,,,,,11384.0,11695.0,11324
,,,,,,,,,,,,,,,,,,,,,,,,,11385.0,11696.0,11325
,,,,,,,,,,,,,,,,,,,,,,,,,11386.0,11697.0,11326
,,,,,,,,,,,,,,,,,,,,,,,,,11387.0,11698.0,11327
,,,,,,,,,,,,,,,,,,,,,,,,,11388.0,11699.0,11328
,,,,,,,,,,,,,,,,,,,,,,,,,11389.0,11700.0,11329
,,,,,,,,,,,,,,,,,,,,,,,,,11390.0,11701.0,11388
,,,,,,,,,,,,,,,,,,,,,,,,,11391.0,11702.0,11389
,,,,,,,,,,,,,,,,,,,,,,,,,11392.0,11703.0,11390
,,,,,,,,,,,,,,,,,,,,,,,,,11393.0,11704.0,11391
,,,,,,,,,,,,,,,,,,,,,,,,,11555.0,11705.0,11392
,,,,,,,,,,,,,,,,,,,,,,,,,11556.0,11706.0,11393
,,,,,,,,,,,,,,,,,,,,,,,,,11557.0,11707.0,11394
,,,,,,,,,,,,,,,,,,,,,,,,,11558.0,11708.0,11395
,,,,,,,,,,,,,,,,,,,,,,,,,11559.0,11709.0,11396
,,,,,,,,,,,,,,,,,,,,,,,,,11560.0,11710.0,11397
,,,,,,,,,,,,,,,,,,,,,,,,,11561.0,11711.0,11398
,,,,,,,,,,,,,,,,,,,,,,,,,11562.0,11712.0,11399
,,,,,,,,,,,,,,,,,,,,,,,,,11563.0,11713.0,11400
,,,,,,,,,,,,,,,,,,,,,,,,,11564.0,11714.0,11401
,,,,,,,,,,,,,,,,,,,,,,,,,11565.0,11715.0,11402
,,,,,,,,,,,,,,,,,,,,,,,,,11566.0,11716.0,11403
,,,,,,,,,,,,,,,,,,,,,,,,,11567.0,11717.0,11404
,,,,,,,,,,,,,,,,,,,,,,,,,11568.0,11718.0,11405
,,,,,,,,,,,,,,,,,,,,,,,,,11569.0,11719.0,11406
,,,,,,,,,,,,,,,,,,,,,,,,,11570.0,11937.0,11407
,,,,,,,,,,,,,,,,,,,,,,,,,11571.0,11938.0,11408
,,,,,,,,,,,,,,,,,,,,,,,,,11572.0,11939.0,11409
,,,,,,,,,,,,,,,,,,,,,,,,,11573.0,11940.0,11410
,,,,,,,,,,,,,,,,,,,,,,,,,11574.0,11941.0,11411
,,,,,,,,,,,,,,,,,,,,,,,,,11575.0,11942.0,11412
,,,,,,,,,,,,,,,,,,,,,,,,,11576.0,11943.0,11413
,,,,,,,,,,,,,,,,,,,,,,,,,11577.0,11944.0,11624
,,,,,,,,,,,,,,,,,,,,,,,,,11578.0,11945.0,11625
,,,,,,,,,,,,,,,,,,,,,,,,,11579.0,11946.0,11626
,,,,,,,,,,,,,,,,,,,,,,,,,11580.0,11947.0,11627
,,,,,,,,,,,,,,,,,,,,,,,,,11581.0,11948.0,11628
,,,,,,,,,,,,,,,,,,,,,,,,,11582.0,11949.0,11629
,,,,,,,,,,,,,,,,,,,,,,,,,11583.0,11950.0,11630
,,,,,,,,,,,,,,,,,,,,,,,,,11668.0,11951.0,11631
,,,,,,,,,,,,,,,,,,,,,,,,,11669.0,11952.0,11632
,,,,,,,,,,,,,,,,,,,,,,,,,11670.0,11953.0,11633
,,,,,,,,,,,,,,,,,,,,,,,,,11671.0,11954.0,11634
,,,,,,,,,,,,,,,,,,,,,,,,,11672.0,11955.0,11635
,,,,,,,,,,,,,,,,,,,,,,,,,11673.0,11956.0,11636
,,,,,,,,,,,,,,,,,,,,,,,,,11674.0,11957.0,11637
,,,,,,,,,,,,,,,,,,,,,,,,,11675.0,11958.0,11638
,,,,,,,,,,,,,,,,,,,,,,,,,11676.0,11959.0,11639
,,,,,,,,,,,,,,,,,,,,,,,,,11677.0,11960.0,11640
,,,,,,,,,,,,,,,,,,,,,,,,,11678.0,11961.0,11641
,,,,,,,,,,,,,,,,,,,,,,,,,11679.0,11962.0,11642
,,,,,,,,,,,,,,,,,,,,,,,,,11680.0,12011.0,11643
,,,,,,,,,,,,,,,,,,,,,,,,,11681.0,12012.0,11644
,,,,,,,,,,,,,,,,,,,,,,,,,11682.0,12013.0,11645
,,,,,,,,,,,,,,,,,,,,,,,,,11683.0,12014.0,11646
,,,,,,,,,,,,,,,,,,,,,,,,,11684.0,12015.0,11647
,,,,,,,,,,,,,,,,,,,,,,,,,11685.0,12016.0,11648
,,,,,,,,,,,,,,,,,,,,,,,,,11686.0,12017.0,11649
,,,,,,,,,,,,,,,,,,,,,,,,,11687.0,12018.0,11650
,,,,,,,,,,,,,,,,,,,,,,,,,11688.0,12019.0,11689
,,,,,,,,,,,,,,,,,,,,,,,,,11689.0,12020.0,11690
,,,,,,,,,,,,,,,,,,,,,,,,,11690.0,12021.0,11691
,,,,,,,,,,,,,,,,,,,,,,,,,11691.0,12022.0,11692
,,,,,,,,,,,,,,,,,,,,,,,,,11692.0,12023.0,11693
,,,,,,,,,,,,,,,,,,,,,,,,,11863.0,12024.0,11694
,,,,,,,,,,,,,,,,,,,,,,,,,11864.0,12025.0,11695
,,,,,,,,,,,,,,,,,,,,,,,,,11865.0,12026.0,11696
,,,,,,,,,,,,,,,,,,,,,,,,,11866.0,12027.0,11697
,,,,,,,,,,,,,,,,,,,,,,,,,11867.0,12028.0,11698
,,,,,,,,,,,,,,,,,,,,,,,,,11868.0,12029.0,11699
,,,,,,,,,,,,,,,,,,,,,,,,,11869.0,12030.0,11700
,,,,,,,,,,,,,,,,,,,,,,,,,11870.0,12031.0,11701
,,,,,,,,,,,,,,,,,,,,,,,,,11871.0,12032.0,11702
,,,,,,,,,,,,,,,,,,,,,,,,,11872.0,12234.0,11703
,,,,,,,,,,,,,,,,,,,,,,,,,11873.0,12235.0,11704
,,,,,,,,,,,,,,,,,,,,,,,,,11874.0,12236.0,11705
,,,,,,,,,,,,,,,,,,,,,,,,,11875.0,12237.0,11706
,,,,,,,,,,,,,,,,,,,,,,,,,11876.0,12238.0,11707
,,,,,,,,,,,,,,,,,,,,,,,,,11877.0,12239.0,11708
,,,,,,,,,,,,,,,,,,,,,,,,,11878.0,12240.0,11709
,,,,,,,,,,,,,,,,,,,,,,,,,11879.0,12241.0,11710
,,,,,,,,,,,,,,,,,,,,,,,,,11880.0,12242.0,11711
,,,,,,,,,,,,,,,,,,,,,,,,,11881.0,12243.0,11712
,,,,,,,,,,,,,,,,,,,,,,,,,11882.0,12244.0,11713
,,,,,,,,,,,,,,,,,,,,,,,,,11883.0,12245.0,11714
,,,,,,,,,,,,,,,,,,,,,,,,,11884.0,12246.0,11715
,,,,,,,,,,,,,,,,,,,,,,,,,11885.0,12247.0,11716
,,,,,,,,,,,,,,,,,,,,,,,,,11886.0,12248.0,11717
,,,,,,,,,,,,,,,,,,,,,,,,,11887.0,12249.0,11718
,,,,,,,,,,,,,,,,,,,,,,,,,11888.0,12250.0,11719
,,,,,,,,,,,,,,,,,,,,,,,,,11927.0,12251.0,11937
,,,,,,,,,,,,,,,,,,,,,,,,,11928.0,12252.0,11938
,,,,,,,,,,,,,,,,,,,,,,,,,11929.0,12253.0,11939
,,,,,,,,,,,,,,,,,,,,,,,,,11930.0,12254.0,11940
,,,,,,,,,,,,,,,,,,,,,,,,,11931.0,12317.0,11941
,,,,,,,,,,,,,,,,,,,,,,,,,11932.0,12318.0,11942
,,,,,,,,,,,,,,,,,,,,,,,,,11933.0,12319.0,11943
,,,,,,,,,,,,,,,,,,,,,,,,,11934.0,12320.0,11944
,,,,,,,,,,,,,,,,,,,,,,,,,11935.0,12321.0,11945
,,,,,,,,,,,,,,,,,,,,,,,,,11936.0,12322.0,11946
,,,,,,,,,,,,,,,,,,,,,,,,,11937.0,12323.0,11947
,,,,,,,,,,,,,,,,,,,,,,,,,11938.0,12324.0,11948
,,,,,,,,,,,,,,,,,,,,,,,,,11939.0,12325.0,11949
,,,,,,,,,,,,,,,,,,,,,,,,,11940.0,12326.0,11950
,,,,,,,,,,,,,,,,,,,,,,,,,11941.0,12327.0,11951
,,,,,,,,,,,,,,,,,,,,,,,,,11942.0,12328.0,11952
,,,,,,,,,,,,,,,,,,,,,,,,,11943.0,12329.0,11953
,,,,,,,,,,,,,,,,,,,,,,,,,11944.0,12330.0,11954
,,,,,,,,,,,,,,,,,,,,,,,,,11945.0,12331.0,11955
,,,,,,,,,,,,,,,,,,,,,,,,,11946.0,12332.0,11956
,,,,,,,,,,,,,,,,,,,,,,,,,11947.0,12333.0,11957
,,,,,,,,,,,,,,,,,,,,,,,,,11948.0,12334.0,11958
,,,,,,,,,,,,,,,,,,,,,,,,,12110.0,12335.0,11959
,,,,,,,,,,,,,,,,,,,,,,,,,12111.0,12336.0,11960
,,,,,,,,,,,,,,,,,,,,,,,,,12112.0,12337.0,11961
,,,,,,,,,,,,,,,,,,,,,,,,,12113.0,12338.0,11962
,,,,,,,,,,,,,,,,,,,,,,,,,12114.0,12519.0,12011
,,,,,,,,,,,,,,,,,,,,,,,,,12115.0,12520.0,12012
,,,,,,,,,,,,,,,,,,,,,,,,,12116.0,12521.0,12013
,,,,,,,,,,,,,,,,,,,,,,,,,12117.0,12522.0,12014
,,,,,,,,,,,,,,,,,,,,,,,,,12118.0,12523.0,12015
,,,,,,,,,,,,,,,,,,,,,,,,,12119.0,12524.0,12016
,,,,,,,,,,,,,,,,,,,,,,,,,12120.0,12525.0,12017
,,,,,,,,,,,,,,,,,,,,,,,,,12121.0,12526.0,12018
,,,,,,,,,,,,,,,,,,,,,,,,,12122.0,12527.0,12019
,,,,,,,,,,,,,,,,,,,,,,,,,12123.0,12528.0,12020
,,,,,,,,,,,,,,,,,,,,,,,,,12124.0,12529.0,12021
,,,,,,,,,,,,,,,,,,,,,,,,,12125.0,12530.0,12022
,,,,,,,,,,,,,,,,,,,,,,,,,12126.0,12531.0,12023
,,,,,,,,,,,,,,,,,,,,,,,,,12127.0,12532.0,12024
,,,,,,,,,,,,,,,,,,,,,,,,,12128.0,12533.0,12025
,,,,,,,,,,,,,,,,,,,,,,,,,12129.0,12534.0,12026
,,,,,,,,,,,,,,,,,,,,,,,,,12130.0,12535.0,12027
,,,,,,,,,,,,,,,,,,,,,,,,,12131.0,12536.0,12028
,,,,,,,,,,,,,,,,,,,,,,,,,12132.0,12537.0,12029
,,,,,,,,,,,,,,,,,,,,,,,,,12234.0,12538.0,12030
,,,,,,,,,,,,,,,,,,,,,,,,,12235.0,12539.0,12031
,,,,,,,,,,,,,,,,,,,,,,,,,12236.0,12540.0,12032
,,,,,,,,,,,,,,,,,,,,,,,,,12237.0,12541.0,12234
,,,,,,,,,,,,,,,,,,,,,,,,,12238.0,12542.0,12235
,,,,,,,,,,,,,,,,,,,,,,,,,12239.0,12543.0,12236
,,,,,,,,,,,,,,,,,,,,,,,,,12240.0,12544.0,12237
,,,,,,,,,,,,,,,,,,,,,,,,,12241.0,12545.0,12238
,,,,,,,,,,,,,,,,,,,,,,,,,12242.0,12618.0,12239
,,,,,,,,,,,,,,,,,,,,,,,,,12243.0,12619.0,12240
,,,,,,,,,,,,,,,,,,,,,,,,,12244.0,12620.0,12241
,,,,,,,,,,,,,,,,,,,,,,,,,12245.0,12621.0,12242
,,,,,,,,,,,,,,,,,,,,,,,,,12246.0,12622.0,12243
,,,,,,,,,,,,,,,,,,,,,,,,,12247.0,12623.0,12244
,,,,,,,,,,,,,,,,,,,,,,,,,12248.0,12624.0,12245
,,,,,,,,,,,,,,,,,,,,,,,,,12249.0,12625.0,12246
,,,,,,,,,,,,,,,,,,,,,,,,,12250.0,12626.0,12247
,,,,,,,,,,,,,,,,,,,,,,,,,12251.0,12627.0,12248
,,,,,,,,,,,,,,,,,,,,,,,,,12252.0,12628.0,12249
,,,,,,,,,,,,,,,,,,,,,,,,,12253.0,12629.0,12250
,,,,,,,,,,,,,,,,,,,,,,,,,12254.0,12630.0,12251
,,,,,,,,,,,,,,,,,,,,,,,,,12255.0,12631.0,12252
,,,,,,,,,,,,,,,,,,,,,,,,,12417.0,12632.0,12253
,,,,,,,,,,,,,,,,,,,,,,,,,12418.0,12633.0,12254
,,,,,,,,,,,,,,,,,,,,,,,,,12419.0,12634.0,12317
,,,,,,,,,,,,,,,,,,,,,,,,,12420.0,12635.0,12318
,,,,,,,,,,,,,,,,,,,,,,,,,12421.0,12636.0,12319
,,,,,,,,,,,,,,,,,,,,,,,,,12422.0,12637.0,12320
,,,,,,,,,,,,,,,,,,,,,,,,,12423.0,12638.0,12321
,,,,,,,,,,,,,,,,,,,,,,,,,12424.0,12639.0,12322
,,,,,,,,,,,,,,,,,,,,,,,,,12425.0,12640.0,12323
,,,,,,,,,,,,,,,,,,,,,,,,,12426.0,12641.0,12324
,,,,,,,,,,,,,,,,,,,,,,,,,12427.0,12642.0,12325
,,,,,,,,,,,,,,,,,,,,,,,,,12428.0,12831.0,12326
,,,,,,,,,,,,,,,,,,,,,,,,,12429.0,12832.0,12327
,,,,,,,,,,,,,,,,,,,,,,,,,12430.0,12833.0,12328
,,,,,,,,,,,,,,,,,,,,,,,,,12431.0,12834.0,12329
,,,,,,,,,,,,,,,,,,,,,,,,,12432.0,12835.0,12330
,,,,,,,,,,,,,,,,,,,,,,,,,12433.0,12836.0,12331
,,,,,,,,,,,,,,,,,,,,,,,,,12434.0,12837.0,12332
,,,,,,,,,,,,,,,,,,,,,,,,,12435.0,12838.0,12333
,,,,,,,,,,,,,,,,,,,,,,,,,12436.0,12839.0,12334
,,,,,,,,,,,,,,,,,,,,,,,,,12437.0,12840.0,12335
,,,,,,,,,,,,,,,,,,,,,,,,,12438.0,12841.0,12336
,,,,,,,,,,,,,,,,,,,,,,,,,12465.0,12842.0,12337
,,,,,,,,,,,,,,,,,,,,,,,,,12466.0,12843.0,12338
,,,,,,,,,,,,,,,,,,,,,,,,,12467.0,12844.0,12519
,,,,,,,,,,,,,,,,,,,,,,,,,12468.0,12845.0,12520
,,,,,,,,,,,,,,,,,,,,,,,,,12469.0,12846.0,12521
,,,,,,,,,,,,,,,,,,,,,,,,,12470.0,12847.0,12522
,,,,,,,,,,,,,,,,,,,,,,,,,12471.0,12848.0,12523
,,,,,,,,,,,,,,,,,,,,,,,,,12472.0,12849.0,12524
,,,,,,,,,,,,,,,,,,,,,,,,,12473.0,12850.0,12525
,,,,,,,,,,,,,,,,,,,,,,,,,12474.0,12851.0,12526
,,,,,,,,,,,,,,,,,,,,,,,,,12475.0,12852.0,12527
,,,,,,,,,,,,,,,,,,,,,,,,,12476.0,12853.0,12528
,,,,,,,,,,,,,,,,,,,,,,,,,12477.0,12854.0,12529
,,,,,,,,,,,,,,,,,,,,,,,,,12478.0,12855.0,12530
,,,,,,,,,,,,,,,,,,,,,,,,,12479.0,12895.0,12531
,,,,,,,,,,,,,,,,,,,,,,,,,12480.0,12896.0,12532
,,,,,,,,,,,,,,,,,,,,,,,,,12481.0,12897.0,12533
,,,,,,,,,,,,,,,,,,,,,,,,,12482.0,12898.0,12534
,,,,,,,,,,,,,,,,,,,,,,,,,12483.0,12899.0,12535
,,,,,,,,,,,,,,,,,,,,,,,,,12484.0,12900.0,12536
,,,,,,,,,,,,,,,,,,,,,,,,,12485.0,12901.0,12537
,,,,,,,,,,,,,,,,,,,,,,,,,12486.0,12902.0,12538
,,,,,,,,,,,,,,,,,,,,,,,,,12487.0,12903.0,12539
,,,,,,,,,,,,,,,,,,,,,,,,,12488.0,12904.0,12540
,,,,,,,,,,,,,,,,,,,,,,,,,12489.0,12905.0,12541
,,,,,,,,,,,,,,,,,,,,,,,,,12710.0,12906.0,12542
,,,,,,,,,,,,,,,,,,,,,,,,,12711.0,12907.0,12543
,,,,,,,,,,,,,,,,,,,,,,,,,12712.0,12908.0,12544
,,,,,,,,,,,,,,,,,,,,,,,,,12713.0,12909.0,12545
,,,,,,,,,,,,,,,,,,,,,,,,,12714.0,12910.0,12618
,,,,,,,,,,,,,,,,,,,,,,,,,12715.0,12911.0,12619
,,,,,,,,,,,,,,,,,,,,,,,,,12716.0,12912.0,12620
,,,,,,,,,,,,,,,,,,,,,,,,,12717.0,12913.0,12621
,,,,,,,,,,,,,,,,,,,,,,,,,12718.0,12914.0,12622
,,,,,,,,,,,,,,,,,,,,,,,,,12719.0,12915.0,12623
,,,,,,,,,,,,,,,,,,,,,,,,,12720.0,12916.0,12624
,,,,,,,,,,,,,,,,,,,,,,,,,12721.0,12917.0,12625
,,,,,,,,,,,,,,,,,,,,,,,,,12722.0,12918.0,12626
,,,,,,,,,,,,,,,,,,,,,,,,,12723.0,12919.0,12627
,,,,,,,,,,,,,,,,,,,,,,,,,12724.0,13124.0,12628
,,,,,,,,,,,,,,,,,,,,,,,,,12725.0,13125.0,12629
,,,,,,,,,,,,,,,,,,,,,,,,,12726.0,13126.0,12630
,,,,,,,,,,,,,,,,,,,,,,,,,12727.0,13127.0,12631
,,,,,,,,,,,,,,,,,,,,,,,,,12728.0,13128.0,12632
,,,,,,,,,,,,,,,,,,,,,,,,,12729.0,13129.0,12633
,,,,,,,,,,,,,,,,,,,,,,,,,12730.0,13130.0,12634
,,,,,,,,,,,,,,,,,,,,,,,,,12731.0,13131.0,12635
,,,,,,,,,,,,,,,,,,,,,,,,,12779.0,13132.0,12636
,,,,,,,,,,,,,,,,,,,,,,,,,12780.0,13133.0,12637
,,,,,,,,,,,,,,,,,,,,,,,,,12781.0,13134.0,12638
,,,,,,,,,,,,,,,,,,,,,,,,,12782.0,13135.0,12639
,,,,,,,,,,,,,,,,,,,,,,,,,12783.0,13136.0,12640
,,,,,,,,,,,,,,,,,,,,,,,,,12784.0,13137.0,12641
,,,,,,,,,,,,,,,,,,,,,,,,,12785.0,13138.0,12642
,,,,,,,,,,,,,,,,,,,,,,,,,12786.0,13139.0,12831
,,,,,,,,,,,,,,,,,,,,,,,,,12787.0,13140.0,12832
,,,,,,,,,,,,,,,,,,,,,,,,,12788.0,13141.0,12833
,,,,,,,,,,,,,,,,,,,,,,,,,12789.0,13142.0,12834
,,,,,,,,,,,,,,,,,,,,,,,,,12790.0,13143.0,12835
,,,,,,,,,,,,,,,,,,,,,,,,,12791.0,13144.0,12836
,,,,,,,,,,,,,,,,,,,,,,,,,12792.0,13145.0,12837
,,,,,,,,,,,,,,,,,,,,,,,,,12793.0,13146.0,12838
,,,,,,,,,,,,,,,,,,,,,,,,,12794.0,13147.0,12839
,,,,,,,,,,,,,,,,,,,,,,,,,12795.0,13218.0,12840
,,,,,,,,,,,,,,,,,,,,,,,,,12796.0,13219.0,12841
,,,,,,,,,,,,,,,,,,,,,,,,,12797.0,13220.0,12842
,,,,,,,,,,,,,,,,,,,,,,,,,12798.0,13221.0,12843
,,,,,,,,,,,,,,,,,,,,,,,,,12799.0,13222.0,12844
,,,,,,,,,,,,,,,,,,,,,,,,,12800.0,13223.0,12845
,,,,,,,,,,,,,,,,,,,,,,,,,12801.0,13224.0,12846
,,,,,,,,,,,,,,,,,,,,,,,,,13005.0,13225.0,12847
,,,,,,,,,,,,,,,,,,,,,,,,,13006.0,13226.0,12848
,,,,,,,,,,,,,,,,,,,,,,,,,13007.0,13227.0,12849
,,,,,,,,,,,,,,,,,,,,,,,,,13008.0,13228.0,12850
,,,,,,,,,,,,,,,,,,,,,,,,,13009.0,13229.0,12851
,,,,,,,,,,,,,,,,,,,,,,,,,13010.0,13230.0,12852
,,,,,,,,,,,,,,,,,,,,,,,,,13011.0,13231.0,12853
,,,,,,,,,,,,,,,,,,,,,,,,,13012.0,13232.0,12854
,,,,,,,,,,,,,,,,,,,,,,,,,13013.0,13233.0,12855
,,,,,,,,,,,,,,,,,,,,,,,,,13014.0,13234.0,12895
,,,,,,,,,,,,,,,,,,,,,,,,,13015.0,13235.0,12896
,,,,,,,,,,,,,,,,,,,,,,,,,13016.0,13236.0,12897
,,,,,,,,,,,,,,,,,,,,,,,,,13017.0,13237.0,12898
,,,,,,,,,,,,,,,,,,,,,,,,,13018.0,13238.0,12899
,,,,,,,,,,,,,,,,,,,,,,,,,13019.0,13239.0,12900
,,,,,,,,,,,,,,,,,,,,,,,,,13020.0,13463.0,12901
,,,,,,,,,,,,,,,,,,,,,,,,,13021.0,13464.0,12902
,,,,,,,,,,,,,,,,,,,,,,,,,13022.0,13465.0,12903
,,,,,,,,,,,,,,,,,,,,,,,,,13023.0,13466.0,12904
,,,,,,,,,,,,,,,,,,,,,,,,,13024.0,13467.0,12905
,,,,,,,,,,,,,,,,,,,,,,,,,13025.0,13468.0,12906
,,,,,,,,,,,,,,,,,,,,,,,,,13026.0,13469.0,12907
,,,,,,,,,,,,,,,,,,,,,,,,,13027.0,13470.0,12908
,,,,,,,,,,,,,,,,,,,,,,,,,13028.0,13471.0,12909
,,,,,,,,,,,,,,,,,,,,,,,,,13074.0,13472.0,12910
,,,,,,,,,,,,,,,,,,,,,,,,,13075.0,13473.0,12911
,,,,,,,,,,,,,,,,,,,,,,,,,13076.0,13474.0,12912
,,,,,,,,,,,,,,,,,,,,,,,,,13077.0,13475.0,12913
,,,,,,,,,,,,,,,,,,,,,,,,,13078.0,13476.0,12914
,,,,,,,,,,,,,,,,,,,,,,,,,13079.0,13477.0,12915
,,,,,,,,,,,,,,,,,,,,,,,,,13080.0,13478.0,12916
,,,,,,,,,,,,,,,,,,,,,,,,,13081.0,13479.0,12917
,,,,,,,,,,,,,,,,,,,,,,,,,13082.0,13480.0,12918
,,,,,,,,,,,,,,,,,,,,,,,,,13083.0,13481.0,12919
,,,,,,,,,,,,,,,,,,,,,,,,,13084.0,13482.0,13124
,,,,,,,,,,,,,,,,,,,,,,,,,13085.0,13483.0,13125
,,,,,,,,,,,,,,,,,,,,,,,,,13086.0,13484.0,13126
,,,,,,,,,,,,,,,,,,,,,,,,,13087.0,13506.0,13127
,,,,,,,,,,,,,,,,,,,,,,,,,13088.0,13507.0,13128
,,,,,,,,,,,,,,,,,,,,,,,,,13089.0,13508.0,13129
,,,,,,,,,,,,,,,,,,,,,,,,,13090.0,13509.0,13130
,,,,,,,,,,,,,,,,,,,,,,,,,13091.0,13510.0,13131
,,,,,,,,,,,,,,,,,,,,,,,,,13092.0,13511.0,13132
,,,,,,,,,,,,,,,,,,,,,,,,,13093.0,13512.0,13133
,,,,,,,,,,,,,,,,,,,,,,,,,13094.0,13513.0,13134
,,,,,,,,,,,,,,,,,,,,,,,,,13095.0,13514.0,13135
,,,,,,,,,,,,,,,,,,,,,,,,,13307.0,13515.0,13136
,,,,,,,,,,,,,,,,,,,,,,,,,13308.0,13516.0,13137
,,,,,,,,,,,,,,,,,,,,,,,,,13309.0,13517.0,13138
,,,,,,,,,,,,,,,,,,,,,,,,,13310.0,13518.0,13139
,,,,,,,,,,,,,,,,,,,,,,,,,13311.0,13519.0,13140
,,,,,,,,,,,,,,,,,,,,,,,,,13312.0,13520.0,13141
,,,,,,,,,,,,,,,,,,,,,,,,,13313.0,13521.0,13142
,,,,,,,,,,,,,,,,,,,,,,,,,13314.0,13522.0,13143
,,,,,,,,,,,,,,,,,,,,,,,,,13315.0,13523.0,13144
,,,,,,,,,,,,,,,,,,,,,,,,,13316.0,13524.0,13145
,,,,,,,,,,,,,,,,,,,,,,,,,13317.0,13525.0,13146
,,,,,,,,,,,,,,,,,,,,,,,,,13318.0,13526.0,13147
,,,,,,,,,,,,,,,,,,,,,,,,,13319.0,13527.0,13218
,,,,,,,,,,,,,,,,,,,,,,,,,13320.0,13752.0,13219
,,,,,,,,,,,,,,,,,,,,,,,,,13321.0,13753.0,13220
,,,,,,,,,,,,,,,,,,,,,,,,,13322.0,13754.0,13221
,,,,,,,,,,,,,,,,,,,,,,,,,13323.0,13755.0,13222
,,,,,,,,,,,,,,,,,,,,,,,,,13324.0,13756.0,13223
,,,,,,,,,,,,,,,,,,,,,,,,,13325.0,13757.0,13224
,,,,,,,,,,,,,,,,,,,,,,,,,13326.0,13758.0,13225
,,,,,,,,,,,,,,,,,,,,,,,,,13327.0,13759.0,13226
,,,,,,,,,,,,,,,,,,,,,,,,,13328.0,13760.0,13227
,,,,,,,,,,,,,,,,,,,,,,,,,13329.0,13761.0,13228
,,,,,,,,,,,,,,,,,,,,,,,,,13330.0,13762.0,13229
,,,,,,,,,,,,,,,,,,,,,,,,,13331.0,13763.0,13230
,,,,,,,,,,,,,,,,,,,,,,,,,13332.0,13764.0,13231
,,,,,,,,,,,,,,,,,,,,,,,,,13333.0,13765.0,13232
,,,,,,,,,,,,,,,,,,,,,,,,,13334.0,13766.0,13233
,,,,,,,,,,,,,,,,,,,,,,,,,13335.0,13767.0,13234
,,,,,,,,,,,,,,,,,,,,,,,,,13336.0,13768.0,13235
,,,,,,,,,,,,,,,,,,,,,,,,,13337.0,13769.0,13236
,,,,,,,,,,,,,,,,,,,,,,,,,13338.0,13770.0,13237
,,,,,,,,,,,,,,,,,,,,,,,,,13339.0,13771.0,13238
,,,,,,,,,,,,,,,,,,,,,,,,,13340.0,13772.0,13239
,,,,,,,,,,,,,,,,,,,,,,,,,13341.0,13773.0,13463
,,,,,,,,,,,,,,,,,,,,,,,,,13342.0,13774.0,13464
,,,,,,,,,,,,,,,,,,,,,,,,,13343.0,13833.0,13465
,,,,,,,,,,,,,,,,,,,,,,,,,13363.0,13834.0,13466
,,,,,,,,,,,,,,,,,,,,,,,,,13364.0,13835.0,13467
,,,,,,,,,,,,,,,,,,,,,,,,,13365.0,13836.0,13468
,,,,,,,,,,,,,,,,,,,,,,,,,13366.0,13837.0,13469
,,,,,,,,,,,,,,,,,,,,,,,,,13367.0,13838.0,13470
,,,,,,,,,,,,,,,,,,,,,,,,,13368.0,13839.0,13471
,,,,,,,,,,,,,,,,,,,,,,,,,13369.0,13840.0,13472
,,,,,,,,,,,,,,,,,,,,,,,,,13370.0,13841.0,13473
,,,,,,,,,,,,,,,,,,,,,,,,,13371.0,13842.0,13474
,,,,,,,,,,,,,,,,,,,,,,,,,13372.0,13843.0,13475
,,,,,,,,,,,,,,,,,,,,,,,,,13373.0,13844.0,13476
,,,,,,,,,,,,,,,,,,,,,,,,,13374.0,13845.0,13477
,,,,,,,,,,,,,,,,,,,,,,,,,13375.0,13846.0,13478
,,,,,,,,,,,,,,,,,,,,,,,,,13376.0,13847.0,13479
,,,,,,,,,,,,,,,,,,,,,,,,,13377.0,13848.0,13480
,,,,,,,,,,,,,,,,,,,,,,,,,13378.0,13849.0,13481
,,,,,,,,,,,,,,,,,,,,,,,,,13379.0,13850.0,13482
,,,,,,,,,,,,,,,,,,,,,,,,,13380.0,13851.0,13483
,,,,,,,,,,,,,,,,,,,,,,,,,13381.0,13852.0,13484
,,,,,,,,,,,,,,,,,,,,,,,,,13382.0,13853.0,13506
,,,,,,,,,,,,,,,,,,,,,,,,,13383.0,13854.0,13507
,,,,,,,,,,,,,,,,,,,,,,,,,13384.0,13855.0,13508
,,,,,,,,,,,,,,,,,,,,,,,,,13385.0,13856.0,13509
,,,,,,,,,,,,,,,,,,,,,,,,,13386.0,13857.0,13510
,,,,,,,,,,,,,,,,,,,,,,,,,13387.0,13858.0,13511
,,,,,,,,,,,,,,,,,,,,,,,,,13388.0,14045.0,13512
,,,,,,,,,,,,,,,,,,,,,,,,,13389.0,14046.0,13513
,,,,,,,,,,,,,,,,,,,,,,,,,13390.0,14047.0,13514
,,,,,,,,,,,,,,,,,,,,,,,,,13391.0,14048.0,13515
,,,,,,,,,,,,,,,,,,,,,,,,,13392.0,14049.0,13516
,,,,,,,,,,,,,,,,,,,,,,,,,13393.0,14050.0,13517
,,,,,,,,,,,,,,,,,,,,,,,,,13394.0,14051.0,13518
,,,,,,,,,,,,,,,,,,,,,,,,,13395.0,14052.0,13519
,,,,,,,,,,,,,,,,,,,,,,,,,13396.0,14053.0,13520
,,,,,,,,,,,,,,,,,,,,,,,,,13397.0,14054.0,13521
,,,,,,,,,,,,,,,,,,,,,,,,,13398.0,14055.0,13522
,,,,,,,,,,,,,,,,,,,,,,,,,13399.0,14056.0,13523
,,,,,,,,,,,,,,,,,,,,,,,,,13599.0,14057.0,13524
,,,,,,,,,,,,,,,,,,,,,,,,,13600.0,14058.0,13525
,,,,,,,,,,,,,,,,,,,,,,,,,13601.0,14059.0,13526
,,,,,,,,,,,,,,,,,,,,,,,,,13602.0,14060.0,13527
,,,,,,,,,,,,,,,,,,,,,,,,,13603.0,14061.0,13752
,,,,,,,,,,,,,,,,,,,,,,,,,13604.0,14062.0,13753
,,,,,,,,,,,,,,,,,,,,,,,,,13605.0,14063.0,13754
,,,,,,,,,,,,,,,,,,,,,,,,,13606.0,14064.0,13755
,,,,,,,,,,,,,,,,,,,,,,,,,13607.0,14065.0,13756
,,,,,,,,,,,,,,,,,,,,,,,,,13608.0,14066.0,13757
,,,,,,,,,,,,,,,,,,,,,,,,,13609.0,14067.0,13758
,,,,,,,,,,,,,,,,,,,,,,,,,13610.0,14068.0,13759
,,,,,,,,,,,,,,,,,,,,,,,,,13611.0,14069.0,13760
,,,,,,,,,,,,,,,,,,,,,,,,,13612.0,14070.0,13761
,,,,,,,,,,,,,,,,,,,,,,,,,13613.0,14071.0,13762
,,,,,,,,,,,,,,,,,,,,,,,,,13614.0,14072.0,13763
,,,,,,,,,,,,,,,,,,,,,,,,,13615.0,14073.0,13764
,,,,,,,,,,,,,,,,,,,,,,,,,13616.0,14074.0,13765
,,,,,,,,,,,,,,,,,,,,,,,,,13617.0,14120.0,13766
,,,,,,,,,,,,,,,,,,,,,,,,,13618.0,14121.0,13767
,,,,,,,,,,,,,,,,,,,,,,,,,13619.0,14122.0,13768
,,,,,,,,,,,,,,,,,,,,,,,,,13620.0,14123.0,13769
,,,,,,,,,,,,,,,,,,,,,,,,,13621.0,14124.0,13770
,,,,,,,,,,,,,,,,,,,,,,,,,13622.0,14125.0,13771
,,,,,,,,,,,,,,,,,,,,,,,,,13623.0,14126.0,13772
,,,,,,,,,,,,,,,,,,,,,,,,,13624.0,14127.0,13773
,,,,,,,,,,,,,,,,,,,,,,,,,13660.0,14128.0,13774
,,,,,,,,,,,,,,,,,,,,,,,,,13661.0,14129.0,13833
,,,,,,,,,,,,,,,,,,,,,,,,,13662.0,14130.0,13834
,,,,,,,,,,,,,,,,,,,,,,,,,13663.0,14131.0,13835
,,,,,,,,,,,,,,,,,,,,,,,,,13664.0,14132.0,13836
,,,,,,,,,,,,,,,,,,,,,,,,,13665.0,14133.0,13837
,,,,,,,,,,,,,,,,,,,,,,,,,13666.0,14134.0,13838
,,,,,,,,,,,,,,,,,,,,,,,,,13667.0,14135.0,13839
,,,,,,,,,,,,,,,,,,,,,,,,,13668.0,14136.0,13840
,,,,,,,,,,,,,,,,,,,,,,,,,13669.0,14137.0,13841
,,,,,,,,,,,,,,,,,,,,,,,,,13670.0,14138.0,13842
,,,,,,,,,,,,,,,,,,,,,,,,,13671.0,14139.0,13843
,,,,,,,,,,,,,,,,,,,,,,,,,13672.0,14140.0,13844
,,,,,,,,,,,,,,,,,,,,,,,,,13673.0,14141.0,13845
,,,,,,,,,,,,,,,,,,,,,,,,,13674.0,14142.0,13846
,,,,,,,,,,,,,,,,,,,,,,,,,13675.0,14143.0,13847
,,,,,,,,,,,,,,,,,,,,,,,,,13676.0,14338.0,13848
,,,,,,,,,,,,,,,,,,,,,,,,,13677.0,14339.0,13849
,,,,,,,,,,,,,,,,,,,,,,,,,13678.0,14340.0,13850
,,,,,,,,,,,,,,,,,,,,,,,,,13679.0,14341.0,13851
,,,,,,,,,,,,,,,,,,,,,,,,,13680.0,14342.0,13852
,,,,,,,,,,,,,,,,,,,,,,,,,13681.0,14343.0,13853
,,,,,,,,,,,,,,,,,,,,,,,,,13682.0,14344.0,13854
,,,,,,,,,,,,,,,,,,,,,,,,,13683.0,14345.0,13855
,,,,,,,,,,,,,,,,,,,,,,,,,13684.0,14346.0,13856
,,,,,,,,,,,,,,,,,,,,,,,,,13685.0,14347.0,13857
,,,,,,,,,,,,,,,,,,,,,,,,,13686.0,14348.0,13858
,,,,,,,,,,,,,,,,,,,,,,,,,13687.0,14349.0,14045
,,,,,,,,,,,,,,,,,,,,,,,,,13688.0,14350.0,14046
,,,,,,,,,,,,,,,,,,,,,,,,,13689.0,14351.0,14047
,,,,,,,,,,,,,,,,,,,,,,,,,13690.0,14352.0,14048
,,,,,,,,,,,,,,,,,,,,,,,,,13691.0,14353.0,14049
,,,,,,,,,,,,,,,,,,,,,,,,,13692.0,14354.0,14050
,,,,,,,,,,,,,,,,,,,,,,,,,13693.0,14355.0,14051
,,,,,,,,,,,,,,,,,,,,,,,,,13694.0,14356.0,14052
,,,,,,,,,,,,,,,,,,,,,,,,,13695.0,14357.0,14053
,,,,,,,,,,,,,,,,,,,,,,,,,13696.0,14358.0,14054
,,,,,,,,,,,,,,,,,,,,,,,,,13697.0,14359.0,14055
,,,,,,,,,,,,,,,,,,,,,,,,,13698.0,14360.0,14056
,,,,,,,,,,,,,,,,,,,,,,,,,13918.0,14361.0,14057
,,,,,,,,,,,,,,,,,,,,,,,,,13919.0,14428.0,14058
,,,,,,,,,,,,,,,,,,,,,,,,,13920.0,14429.0,14059
,,,,,,,,,,,,,,,,,,,,,,,,,13921.0,14430.0,14060
,,,,,,,,,,,,,,,,,,,,,,,,,13922.0,14431.0,14061
,,,,,,,,,,,,,,,,,,,,,,,,,13923.0,14432.0,14062
,,,,,,,,,,,,,,,,,,,,,,,,,13924.0,14433.0,14063
,,,,,,,,,,,,,,,,,,,,,,,,,13925.0,14434.0,14064
,,,,,,,,,,,,,,,,,,,,,,,,,13926.0,14435.0,14065
,,,,,,,,,,,,,,,,,,,,,,,,,13927.0,14436.0,14066
,,,,,,,,,,,,,,,,,,,,,,,,,13928.0,14437.0,14067
,,,,,,,,,,,,,,,,,,,,,,,,,13929.0,14438.0,14068
,,,,,,,,,,,,,,,,,,,,,,,,,13930.0,14439.0,14069
,,,,,,,,,,,,,,,,,,,,,,,,,13931.0,14440.0,14070
,,,,,,,,,,,,,,,,,,,,,,,,,13932.0,14441.0,14071
,,,,,,,,,,,,,,,,,,,,,,,,,13933.0,14442.0,14072
,,,,,,,,,,,,,,,,,,,,,,,,,13934.0,14443.0,14073
,,,,,,,,,,,,,,,,,,,,,,,,,13935.0,14444.0,14074
,,,,,,,,,,,,,,,,,,,,,,,,,13936.0,14445.0,14120
,,,,,,,,,,,,,,,,,,,,,,,,,13937.0,14446.0,14121
,,,,,,,,,,,,,,,,,,,,,,,,,13938.0,14447.0,14122
,,,,,,,,,,,,,,,,,,,,,,,,,13939.0,14448.0,14123
,,,,,,,,,,,,,,,,,,,,,,,,,13940.0,14449.0,14124
,,,,,,,,,,,,,,,,,,,,,,,,,13941.0,14450.0,14125
,,,,,,,,,,,,,,,,,,,,,,,,,13942.0,14451.0,14126
,,,,,,,,,,,,,,,,,,,,,,,,,13943.0,14452.0,14127
,,,,,,,,,,,,,,,,,,,,,,,,,13944.0,14453.0,14128
,,,,,,,,,,,,,,,,,,,,,,,,,13945.0,14454.0,14129
,,,,,,,,,,,,,,,,,,,,,,,,,13961.0,14455.0,14130
,,,,,,,,,,,,,,,,,,,,,,,,,13962.0,14456.0,14131
,,,,,,,,,,,,,,,,,,,,,,,,,13963.0,14647.0,14132
,,,,,,,,,,,,,,,,,,,,,,,,,13964.0,14648.0,14133
,,,,,,,,,,,,,,,,,,,,,,,,,13965.0,14649.0,14134
,,,,,,,,,,,,,,,,,,,,,,,,,13966.0,14650.0,14135
,,,,,,,,,,,,,,,,,,,,,,,,,13967.0,14651.0,14136
,,,,,,,,,,,,,,,,,,,,,,,,,13968.0,14652.0,14137
,,,,,,,,,,,,,,,,,,,,,,,,,13969.0,14653.0,14138
,,,,,,,,,,,,,,,,,,,,,,,,,13970.0,14654.0,14139
,,,,,,,,,,,,,,,,,,,,,,,,,13971.0,14655.0,14140
,,,,,,,,,,,,,,,,,,,,,,,,,13972.0,14656.0,14141
,,,,,,,,,,,,,,,,,,,,,,,,,13973.0,14657.0,14142
,,,,,,,,,,,,,,,,,,,,,,,,,13974.0,14658.0,14143
,,,,,,,,,,,,,,,,,,,,,,,,,13975.0,14659.0,14338
,,,,,,,,,,,,,,,,,,,,,,,,,13976.0,14660.0,14339
,,,,,,,,,,,,,,,,,,,,,,,,,13977.0,14661.0,14340
,,,,,,,,,,,,,,,,,,,,,,,,,13978.0,14662.0,14341
,,,,,,,,,,,,,,,,,,,,,,,,,13979.0,14663.0,14342
,,,,,,,,,,,,,,,,,,,,,,,,,13980.0,14664.0,14343
,,,,,,,,,,,,,,,,,,,,,,,,,13981.0,14665.0,14344
,,,,,,,,,,,,,,,,,,,,,,,,,13982.0,14666.0,14345
,,,,,,,,,,,,,,,,,,,,,,,,,13983.0,14667.0,14346
,,,,,,,,,,,,,,,,,,,,,,,,,14207.0,14668.0,14347
,,,,,,,,,,,,,,,,,,,,,,,,,14208.0,14669.0,14348
,,,,,,,,,,,,,,,,,,,,,,,,,14209.0,14670.0,14349
,,,,,,,,,,,,,,,,,,,,,,,,,14210.0,14671.0,14350
,,,,,,,,,,,,,,,,,,,,,,,,,14211.0,14672.0,14351
,,,,,,,,,,,,,,,,,,,,,,,,,14212.0,14673.0,14352
,,,,,,,,,,,,,,,,,,,,,,,,,14213.0,14717.0,14353
,,,,,,,,,,,,,,,,,,,,,,,,,14214.0,14718.0,14354
,,,,,,,,,,,,,,,,,,,,,,,,,14215.0,14719.0,14355
,,,,,,,,,,,,,,,,,,,,,,,,,14216.0,14720.0,14356
,,,,,,,,,,,,,,,,,,,,,,,,,14217.0,14721.0,14357
,,,,,,,,,,,,,,,,,,,,,,,,,14218.0,14722.0,14358
,,,,,,,,,,,,,,,,,,,,,,,,,14219.0,14723.0,14359
,,,,,,,,,,,,,,,,,,,,,,,,,14220.0,14724.0,14360
,,,,,,,,,,,,,,,,,,,,,,,,,14221.0,14725.0,14361
,,,,,,,,,,,,,,,,,,,,,,,,,14222.0,14726.0,14428
,,,,,,,,,,,,,,,,,,,,,,,,,14223.0,14727.0,14429
,,,,,,,,,,,,,,,,,,,,,,,,,14224.0,14728.0,14430
,,,,,,,,,,,,,,,,,,,,,,,,,14225.0,14729.0,14431
,,,,,,,,,,,,,,,,,,,,,,,,,14226.0,14730.0,14432
,,,,,,,,,,,,,,,,,,,,,,,,,14227.0,14731.0,14433
,,,,,,,,,,,,,,,,,,,,,,,,,14228.0,14732.0,14434
,,,,,,,,,,,,,,,,,,,,,,,,,14229.0,14733.0,14435
,,,,,,,,,,,,,,,,,,,,,,,,,14230.0,14734.0,14436
,,,,,,,,,,,,,,,,,,,,,,,,,14231.0,14735.0,14437
,,,,,,,,,,,,,,,,,,,,,,,,,14271.0,14736.0,14438
,,,,,,,,,,,,,,,,,,,,,,,,,14272.0,14737.0,14439
,,,,,,,,,,,,,,,,,,,,,,,,,14273.0,14738.0,14440
,,,,,,,,,,,,,,,,,,,,,,,,,14274.0,14739.0,14441
,,,,,,,,,,,,,,,,,,,,,,,,,14275.0,14740.0,14442
,,,,,,,,,,,,,,,,,,,,,,,,,14276.0,14741.0,14443
,,,,,,,,,,,,,,,,,,,,,,,,,14277.0,14742.0,14444
,,,,,,,,,,,,,,,,,,,,,,,,,14278.0,14953.0,14445
,,,,,,,,,,,,,,,,,,,,,,,,,14279.0,14954.0,14446
,,,,,,,,,,,,,,,,,,,,,,,,,14280.0,14955.0,14447
,,,,,,,,,,,,,,,,,,,,,,,,,14281.0,14956.0,14448
,,,,,,,,,,,,,,,,,,,,,,,,,14282.0,14957.0,14449
,,,,,,,,,,,,,,,,,,,,,,,,,14283.0,14958.0,14450
,,,,,,,,,,,,,,,,,,,,,,,,,14284.0,14959.0,14451
,,,,,,,,,,,,,,,,,,,,,,,,,14285.0,14960.0,14452
,,,,,,,,,,,,,,,,,,,,,,,,,14286.0,14961.0,14453
,,,,,,,,,,,,,,,,,,,,,,,,,14287.0,14962.0,14454
,,,,,,,,,,,,,,,,,,,,,,,,,14288.0,14963.0,14455
,,,,,,,,,,,,,,,,,,,,,,,,,14289.0,14964.0,14456
,,,,,,,,,,,,,,,,,,,,,,,,,14290.0,14965.0,14647
,,,,,,,,,,,,,,,,,,,,,,,,,14291.0,14966.0,14648
,,,,,,,,,,,,,,,,,,,,,,,,,14292.0,14967.0,14649
,,,,,,,,,,,,,,,,,,,,,,,,,14293.0,14968.0,14650
,,,,,,,,,,,,,,,,,,,,,,,,,14294.0,14969.0,14651
,,,,,,,,,,,,,,,,,,,,,,,,,14295.0,14970.0,14652
,,,,,,,,,,,,,,,,,,,,,,,,,14296.0,14971.0,14653
,,,,,,,,,,,,,,,,,,,,,,,,,14297.0,14972.0,14654
,,,,,,,,,,,,,,,,,,,,,,,,,14298.0,14973.0,14655
,,,,,,,,,,,,,,,,,,,,,,,,,14545.0,14974.0,14656
,,,,,,,,,,,,,,,,,,,,,,,,,14546.0,14975.0,14657
,,,,,,,,,,,,,,,,,,,,,,,,,14547.0,14976.0,14658
,,,,,,,,,,,,,,,,,,,,,,,,,14548.0,14977.0,14659
,,,,,,,,,,,,,,,,,,,,,,,,,14549.0,14978.0,14660
,,,,,,,,,,,,,,,,,,,,,,,,,14550.0,14979.0,14661
,,,,,,,,,,,,,,,,,,,,,,,,,14551.0,14980.0,14662
,,,,,,,,,,,,,,,,,,,,,,,,,14552.0,14981.0,14663
,,,,,,,,,,,,,,,,,,,,,,,,,14553.0,14982.0,14664
,,,,,,,,,,,,,,,,,,,,,,,,,14554.0,15023.0,14665
,,,,,,,,,,,,,,,,,,,,,,,,,14555.0,15024.0,14666
,,,,,,,,,,,,,,,,,,,,,,,,,14556.0,15025.0,14667
,,,,,,,,,,,,,,,,,,,,,,,,,14557.0,15026.0,14668
,,,,,,,,,,,,,,,,,,,,,,,,,14558.0,15027.0,14669
,,,,,,,,,,,,,,,,,,,,,,,,,14559.0,15028.0,14670
,,,,,,,,,,,,,,,,,,,,,,,,,14560.0,15029.0,14671
,,,,,,,,,,,,,,,,,,,,,,,,,14561.0,15030.0,14672
,,,,,,,,,,,,,,,,,,,,,,,,,14562.0,15031.0,14673
,,,,,,,,,,,,,,,,,,,,,,,,,14563.0,15032.0,14717
,,,,,,,,,,,,,,,,,,,,,,,,,14564.0,15033.0,14718
,,,,,,,,,,,,,,,,,,,,,,,,,14565.0,15034.0,14719
,,,,,,,,,,,,,,,,,,,,,,,,,14566.0,15035.0,14720
,,,,,,,,,,,,,,,,,,,,,,,,,14567.0,15036.0,14721
,,,,,,,,,,,,,,,,,,,,,,,,,14568.0,15037.0,14722
,,,,,,,,,,,,,,,,,,,,,,,,,14569.0,15038.0,14723
,,,,,,,,,,,,,,,,,,,,,,,,,14579.0,15039.0,14724
,,,,,,,,,,,,,,,,,,,,,,,,,14580.0,15040.0,14725
,,,,,,,,,,,,,,,,,,,,,,,,,14581.0,15041.0,14726
,,,,,,,,,,,,,,,,,,,,,,,,,14582.0,15042.0,14727
,,,,,,,,,,,,,,,,,,,,,,,,,14583.0,15043.0,14728
,,,,,,,,,,,,,,,,,,,,,,,,,14584.0,15044.0,14729
,,,,,,,,,,,,,,,,,,,,,,,,,14585.0,15045.0,14730
,,,,,,,,,,,,,,,,,,,,,,,,,14586.0,15046.0,14731
,,,,,,,,,,,,,,,,,,,,,,,,,14587.0,15047.0,14732
,,,,,,,,,,,,,,,,,,,,,,,,,14588.0,15048.0,14733
,,,,,,,,,,,,,,,,,,,,,,,,,14589.0,15049.0,14734
,,,,,,,,,,,,,,,,,,,,,,,,,14590.0,15214.0,14735
,,,,,,,,,,,,,,,,,,,,,,,,,14591.0,15215.0,14736
,,,,,,,,,,,,,,,,,,,,,,,,,14592.0,15216.0,14737
,,,,,,,,,,,,,,,,,,,,,,,,,14593.0,15217.0,14738
,,,,,,,,,,,,,,,,,,,,,,,,,14594.0,15218.0,14739
,,,,,,,,,,,,,,,,,,,,,,,,,14595.0,15219.0,14740
,,,,,,,,,,,,,,,,,,,,,,,,,14596.0,15220.0,14741
,,,,,,,,,,,,,,,,,,,,,,,,,14597.0,15221.0,14742
,,,,,,,,,,,,,,,,,,,,,,,,,14598.0,15222.0,14953
,,,,,,,,,,,,,,,,,,,,,,,,,14599.0,15223.0,14954
,,,,,,,,,,,,,,,,,,,,,,,,,14600.0,15224.0,14955
,,,,,,,,,,,,,,,,,,,,,,,,,14865.0,15225.0,14956
,,,,,,,,,,,,,,,,,,,,,,,,,14866.0,15226.0,14957
,,,,,,,,,,,,,,,,,,,,,,,,,14867.0,15227.0,14958
,,,,,,,,,,,,,,,,,,,,,,,,,14868.0,15228.0,14959
,,,,,,,,,,,,,,,,,,,,,,,,,14869.0,15229.0,14960
,,,,,,,,,,,,,,,,,,,,,,,,,14870.0,15230.0,14961
,,,,,,,,,,,,,,,,,,,,,,,,,14871.0,15231.0,14962
,,,,,,,,,,,,,,,,,,,,,,,,,14872.0,15232.0,14963
,,,,,,,,,,,,,,,,,,,,,,,,,14873.0,15233.0,14964
,,,,,,,,,,,,,,,,,,,,,,,,,14874.0,15234.0,14965
,,,,,,,,,,,,,,,,,,,,,,,,,14875.0,15235.0,14966
,,,,,,,,,,,,,,,,,,,,,,,,,14876.0,15236.0,14967
,,,,,,,,,,,,,,,,,,,,,,,,,14877.0,15336.0,14968
,,,,,,,,,,,,,,,,,,,,,,,,,14878.0,15337.0,14969
,,,,,,,,,,,,,,,,,,,,,,,,,14879.0,15338.0,14970
,,,,,,,,,,,,,,,,,,,,,,,,,14880.0,15339.0,14971
,,,,,,,,,,,,,,,,,,,,,,,,,14881.0,15340.0,14972
,,,,,,,,,,,,,,,,,,,,,,,,,14882.0,15341.0,14973
,,,,,,,,,,,,,,,,,,,,,,,,,14883.0,15342.0,14974
,,,,,,,,,,,,,,,,,,,,,,,,,14884.0,15343.0,14975
,,,,,,,,,,,,,,,,,,,,,,,,,14885.0,15344.0,14976
,,,,,,,,,,,,,,,,,,,,,,,,,14886.0,15345.0,14977
,,,,,,,,,,,,,,,,,,,,,,,,,14887.0,15346.0,14978
,,,,,,,,,,,,,,,,,,,,,,,,,14888.0,15347.0,14979
,,,,,,,,,,,,,,,,,,,,,,,,,14889.0,15348.0,14980
,,,,,,,,,,,,,,,,,,,,,,,,,14890.0,15349.0,14981
,,,,,,,,,,,,,,,,,,,,,,,,,14891.0,15350.0,14982
,,,,,,,,,,,,,,,,,,,,,,,,,14892.0,15351.0,15023
,,,,,,,,,,,,,,,,,,,,,,,,,14893.0,15352.0,15024
,,,,,,,,,,,,,,,,,,,,,,,,,14894.0,15353.0,15025
,,,,,,,,,,,,,,,,,,,,,,,,,14898.0,15354.0,15026
,,,,,,,,,,,,,,,,,,,,,,,,,14899.0,15355.0,15027
,,,,,,,,,,,,,,,,,,,,,,,,,14900.0,15356.0,15028
,,,,,,,,,,,,,,,,,,,,,,,,,14901.0,15357.0,15029
,,,,,,,,,,,,,,,,,,,,,,,,,14902.0,15535.0,15030
,,,,,,,,,,,,,,,,,,,,,,,,,14903.0,15536.0,15031
,,,,,,,,,,,,,,,,,,,,,,,,,14904.0,15537.0,15032
,,,,,,,,,,,,,,,,,,,,,,,,,14905.0,15538.0,15033
,,,,,,,,,,,,,,,,,,,,,,,,,14906.0,15539.0,15034
,,,,,,,,,,,,,,,,,,,,,,,,,14907.0,15540.0,15035
,,,,,,,,,,,,,,,,,,,,,,,,,14908.0,15541.0,15036
,,,,,,,,,,,,,,,,,,,,,,,,,14909.0,15542.0,15037
,,,,,,,,,,,,,,,,,,,,,,,,,14910.0,15543.0,15038
,,,,,,,,,,,,,,,,,,,,,,,,,14911.0,15544.0,15039
,,,,,,,,,,,,,,,,,,,,,,,,,14912.0,15545.0,15040
,,,,,,,,,,,,,,,,,,,,,,,,,14913.0,15546.0,15041
,,,,,,,,,,,,,,,,,,,,,,,,,14914.0,15547.0,15042
,,,,,,,,,,,,,,,,,,,,,,,,,14915.0,15548.0,15043
,,,,,,,,,,,,,,,,,,,,,,,,,14916.0,15549.0,15044
,,,,,,,,,,,,,,,,,,,,,,,,,14917.0,15550.0,15045
,,,,,,,,,,,,,,,,,,,,,,,,,14918.0,15551.0,15046
,,,,,,,,,,,,,,,,,,,,,,,,,14919.0,15552.0,15047
,,,,,,,,,,,,,,,,,,,,,,,,,14920.0,15553.0,15048
,,,,,,,,,,,,,,,,,,,,,,,,,14921.0,15554.0,15049
,,,,,,,,,,,,,,,,,,,,,,,,,14922.0,15555.0,15214
,,,,,,,,,,,,,,,,,,,,,,,,,14923.0,15556.0,15215
,,,,,,,,,,,,,,,,,,,,,,,,,14924.0,15596.0,15216
,,,,,,,,,,,,,,,,,,,,,,,,,14925.0,15597.0,15217
,,,,,,,,,,,,,,,,,,,,,,,,,15171.0,15598.0,15218
,,,,,,,,,,,,,,,,,,,,,,,,,15172.0,15599.0,15219
,,,,,,,,,,,,,,,,,,,,,,,,,15173.0,15600.0,15220
,,,,,,,,,,,,,,,,,,,,,,,,,15174.0,15601.0,15221
,,,,,,,,,,,,,,,,,,,,,,,,,15175.0,15602.0,15222
,,,,,,,,,,,,,,,,,,,,,,,,,15176.0,15603.0,15223
,,,,,,,,,,,,,,,,,,,,,,,,,15177.0,15604.0,15224
,,,,,,,,,,,,,,,,,,,,,,,,,15178.0,15605.0,15225
,,,,,,,,,,,,,,,,,,,,,,,,,15179.0,15606.0,15226
,,,,,,,,,,,,,,,,,,,,,,,,,15180.0,15607.0,15227
,,,,,,,,,,,,,,,,,,,,,,,,,15181.0,15608.0,15228
,,,,,,,,,,,,,,,,,,,,,,,,,15182.0,15609.0,15229
,,,,,,,,,,,,,,,,,,,,,,,,,15183.0,15610.0,15230
,,,,,,,,,,,,,,,,,,,,,,,,,15184.0,15611.0,15231
,,,,,,,,,,,,,,,,,,,,,,,,,15185.0,15612.0,15232
,,,,,,,,,,,,,,,,,,,,,,,,,15186.0,15613.0,15233
,,,,,,,,,,,,,,,,,,,,,,,,,15187.0,15614.0,15234
,,,,,,,,,,,,,,,,,,,,,,,,,15188.0,15615.0,15235
,,,,,,,,,,,,,,,,,,,,,,,,,15189.0,15616.0,15236
,,,,,,,,,,,,,,,,,,,,,,,,,15190.0,15617.0,15336
,,,,,,,,,,,,,,,,,,,,,,,,,15191.0,15618.0,15337
,,,,,,,,,,,,,,,,,,,,,,,,,15192.0,15855.0,15338
,,,,,,,,,,,,,,,,,,,,,,,,,15224.0,15856.0,15339
,,,,,,,,,,,,,,,,,,,,,,,,,15225.0,15857.0,15340
,,,,,,,,,,,,,,,,,,,,,,,,,15226.0,15858.0,15341
,,,,,,,,,,,,,,,,,,,,,,,,,15227.0,15859.0,15342
,,,,,,,,,,,,,,,,,,,,,,,,,15228.0,15860.0,15343
,,,,,,,,,,,,,,,,,,,,,,,,,15229.0,15861.0,15344
,,,,,,,,,,,,,,,,,,,,,,,,,15230.0,15862.0,15345
,,,,,,,,,,,,,,,,,,,,,,,,,15231.0,15863.0,15346
,,,,,,,,,,,,,,,,,,,,,,,,,15232.0,15864.0,15347
,,,,,,,,,,,,,,,,,,,,,,,,,15233.0,15865.0,15348
,,,,,,,,,,,,,,,,,,,,,,,,,15234.0,15866.0,15349
,,,,,,,,,,,,,,,,,,,,,,,,,15235.0,15867.0,15350
,,,,,,,,,,,,,,,,,,,,,,,,,15236.0,15868.0,15351
,,,,,,,,,,,,,,,,,,,,,,,,,15237.0,15869.0,15352
,,,,,,,,,,,,,,,,,,,,,,,,,15238.0,15870.0,15353
,,,,,,,,,,,,,,,,,,,,,,,,,15239.0,15871.0,15354
,,,,,,,,,,,,,,,,,,,,,,,,,15240.0,15872.0,15355
,,,,,,,,,,,,,,,,,,,,,,,,,15241.0,15873.0,15356
,,,,,,,,,,,,,,,,,,,,,,,,,15242.0,15874.0,15357
,,,,,,,,,,,,,,,,,,,,,,,,,15243.0,15875.0,15535
,,,,,,,,,,,,,,,,,,,,,,,,,15244.0,15876.0,15536
,,,,,,,,,,,,,,,,,,,,,,,,,15245.0,15877.0,15537
,,,,,,,,,,,,,,,,,,,,,,,,,15481.0,15878.0,15538
,,,,,,,,,,,,,,,,,,,,,,,,,15482.0,15879.0,15539
,,,,,,,,,,,,,,,,,,,,,,,,,15483.0,15880.0,15540
,,,,,,,,,,,,,,,,,,,,,,,,,15484.0,15917.0,15541
,,,,,,,,,,,,,,,,,,,,,,,,,15485.0,15918.0,15542
,,,,,,,,,,,,,,,,,,,,,,,,,15486.0,15919.0,15543
,,,,,,,,,,,,,,,,,,,,,,,,,15487.0,15920.0,15544
,,,,,,,,,,,,,,,,,,,,,,,,,15488.0,15921.0,15545
,,,,,,,,,,,,,,,,,,,,,,,,,15489.0,15922.0,15546
,,,,,,,,,,,,,,,,,,,,,,,,,15490.0,15923.0,15547
,,,,,,,,,,,,,,,,,,,,,,,,,15491.0,15924.0,15548
,,,,,,,,,,,,,,,,,,,,,,,,,15492.0,15925.0,15549
,,,,,,,,,,,,,,,,,,,,,,,,,15493.0,15926.0,15550
,,,,,,,,,,,,,,,,,,,,,,,,,15494.0,15927.0,15551
,,,,,,,,,,,,,,,,,,,,,,,,,15495.0,15928.0,15552
,,,,,,,,,,,,,,,,,,,,,,,,,15496.0,15929.0,15553
,,,,,,,,,,,,,,,,,,,,,,,,,15497.0,15930.0,15554
,,,,,,,,,,,,,,,,,,,,,,,,,15498.0,15931.0,15555
,,,,,,,,,,,,,,,,,,,,,,,,,15499.0,15932.0,15556
,,,,,,,,,,,,,,,,,,,,,,,,,15500.0,15933.0,15596
,,,,,,,,,,,,,,,,,,,,,,,,,15501.0,15934.0,15597
,,,,,,,,,,,,,,,,,,,,,,,,,15502.0,15935.0,15598
,,,,,,,,,,,,,,,,,,,,,,,,,15538.0,15936.0,15599
,,,,,,,,,,,,,,,,,,,,,,,,,15539.0,15937.0,15600
,,,,,,,,,,,,,,,,,,,,,,,,,15540.0,15938.0,15601
,,,,,,,,,,,,,,,,,,,,,,,,,15541.0,15939.0,15602
,,,,,,,,,,,,,,,,,,,,,,,,,15542.0,15940.0,15603
,,,,,,,,,,,,,,,,,,,,,,,,,15543.0,16112.0,15604
,,,,,,,,,,,,,,,,,,,,,,,,,15544.0,16113.0,15605
,,,,,,,,,,,,,,,,,,,,,,,,,15545.0,16114.0,15606
,,,,,,,,,,,,,,,,,,,,,,,,,15546.0,16115.0,15607
,,,,,,,,,,,,,,,,,,,,,,,,,15547.0,16116.0,15608
,,,,,,,,,,,,,,,,,,,,,,,,,15548.0,16117.0,15609
,,,,,,,,,,,,,,,,,,,,,,,,,15549.0,16118.0,15610
,,,,,,,,,,,,,,,,,,,,,,,,,15550.0,16119.0,15611
,,,,,,,,,,,,,,,,,,,,,,,,,15551.0,16120.0,15612
,,,,,,,,,,,,,,,,,,,,,,,,,15552.0,16121.0,15613
,,,,,,,,,,,,,,,,,,,,,,,,,15553.0,16122.0,15614
,,,,,,,,,,,,,,,,,,,,,,,,,15554.0,16123.0,15615
,,,,,,,,,,,,,,,,,,,,,,,,,15555.0,16124.0,15616
,,,,,,,,,,,,,,,,,,,,,,,,,15556.0,16125.0,15617
,,,,,,,,,,,,,,,,,,,,,,,,,15557.0,16126.0,15618
,,,,,,,,,,,,,,,,,,,,,,,,,15558.0,16127.0,15855
,,,,,,,,,,,,,,,,,,,,,,,,,15559.0,16128.0,15856
,,,,,,,,,,,,,,,,,,,,,,,,,15827.0,16129.0,15857
,,,,,,,,,,,,,,,,,,,,,,,,,15828.0,16130.0,15858
,,,,,,,,,,,,,,,,,,,,,,,,,15829.0,16131.0,15859
,,,,,,,,,,,,,,,,,,,,,,,,,15830.0,16132.0,15860
,,,,,,,,,,,,,,,,,,,,,,,,,15831.0,16133.0,15861
,,,,,,,,,,,,,,,,,,,,,,,,,15832.0,16134.0,15862
,,,,,,,,,,,,,,,,,,,,,,,,,15833.0,16135.0,15863
,,,,,,,,,,,,,,,,,,,,,,,,,15834.0,16136.0,15864
,,,,,,,,,,,,,,,,,,,,,,,,,15835.0,16239.0,15865
,,,,,,,,,,,,,,,,,,,,,,,,,15836.0,16240.0,15866
,,,,,,,,,,,,,,,,,,,,,,,,,15837.0,16241.0,15867
,,,,,,,,,,,,,,,,,,,,,,,,,15838.0,16242.0,15868
,,,,,,,,,,,,,,,,,,,,,,,,,15839.0,16243.0,15869
,,,,,,,,,,,,,,,,,,,,,,,,,15840.0,16244.0,15870
,,,,,,,,,,,,,,,,,,,,,,,,,15841.0,16245.0,15871
,,,,,,,,,,,,,,,,,,,,,,,,,15842.0,16246.0,15872
,,,,,,,,,,,,,,,,,,,,,,,,,15843.0,16247.0,15873
,,,,,,,,,,,,,,,,,,,,,,,,,15844.0,16248.0,15874
,,,,,,,,,,,,,,,,,,,,,,,,,15845.0,16249.0,15875
,,,,,,,,,,,,,,,,,,,,,,,,,15846.0,16250.0,15876
,,,,,,,,,,,,,,,,,,,,,,,,,15847.0,16251.0,15877
,,,,,,,,,,,,,,,,,,,,,,,,,15848.0,16252.0,15878
,,,,,,,,,,,,,,,,,,,,,,,,,15849.0,16253.0,15879
,,,,,,,,,,,,,,,,,,,,,,,,,15850.0,16254.0,15880
,,,,,,,,,,,,,,,,,,,,,,,,,15861.0,16255.0,15917
,,,,,,,,,,,,,,,,,,,,,,,,,15862.0,16256.0,15918
,,,,,,,,,,,,,,,,,,,,,,,,,15863.0,16257.0,15919
,,,,,,,,,,,,,,,,,,,,,,,,,15864.0,16258.0,15920
,,,,,,,,,,,,,,,,,,,,,,,,,15865.0,16259.0,15921
,,,,,,,,,,,,,,,,,,,,,,,,,15866.0,16386.0,15922
,,,,,,,,,,,,,,,,,,,,,,,,,15867.0,16387.0,15923
,,,,,,,,,,,,,,,,,,,,,,,,,15868.0,16388.0,15924
,,,,,,,,,,,,,,,,,,,,,,,,,15869.0,16389.0,15925
,,,,,,,,,,,,,,,,,,,,,,,,,15870.0,16390.0,15926
,,,,,,,,,,,,,,,,,,,,,,,,,15871.0,16391.0,15927
,,,,,,,,,,,,,,,,,,,,,,,,,15872.0,16392.0,15928
,,,,,,,,,,,,,,,,,,,,,,,,,15873.0,16393.0,15929
,,,,,,,,,,,,,,,,,,,,,,,,,15874.0,16394.0,15930
,,,,,,,,,,,,,,,,,,,,,,,,,15875.0,16395.0,15931
,,,,,,,,,,,,,,,,,,,,,,,,,15876.0,16396.0,15932
,,,,,,,,,,,,,,,,,,,,,,,,,15877.0,16397.0,15933
,,,,,,,,,,,,,,,,,,,,,,,,,15878.0,16398.0,15934
,,,,,,,,,,,,,,,,,,,,,,,,,15879.0,16399.0,15935
,,,,,,,,,,,,,,,,,,,,,,,,,15880.0,16400.0,15936
,,,,,,,,,,,,,,,,,,,,,,,,,15881.0,16401.0,15937
,,,,,,,,,,,,,,,,,,,,,,,,,15882.0,16402.0,15938
,,,,,,,,,,,,,,,,,,,,,,,,,15883.0,16403.0,15939
,,,,,,,,,,,,,,,,,,,,,,,,,15884.0,16404.0,15940
,,,,,,,,,,,,,,,,,,,,,,,,,15885.0,16405.0,16112
,,,,,,,,,,,,,,,,,,,,,,,,,16118.0,16406.0,16113
,,,,,,,,,,,,,,,,,,,,,,,,,16119.0,16407.0,16114
,,,,,,,,,,,,,,,,,,,,,,,,,16120.0,16483.0,16115
,,,,,,,,,,,,,,,,,,,,,,,,,16121.0,16484.0,16116
,,,,,,,,,,,,,,,,,,,,,,,,,16122.0,16485.0,16117
,,,,,,,,,,,,,,,,,,,,,,,,,16123.0,16486.0,16118
,,,,,,,,,,,,,,,,,,,,,,,,,16124.0,16487.0,16119
,,,,,,,,,,,,,,,,,,,,,,,,,16125.0,16488.0,16120
,,,,,,,,,,,,,,,,,,,,,,,,,16126.0,16489.0,16121
,,,,,,,,,,,,,,,,,,,,,,,,,16127.0,16490.0,16122
,,,,,,,,,,,,,,,,,,,,,,,,,16128.0,16491.0,16123
,,,,,,,,,,,,,,,,,,,,,,,,,16129.0,16492.0,16124
,,,,,,,,,,,,,,,,,,,,,,,,,16130.0,16493.0,16125
,,,,,,,,,,,,,,,,,,,,,,,,,16131.0,16494.0,16126
,,,,,,,,,,,,,,,,,,,,,,,,,16132.0,16495.0,16127
,,,,,,,,,,,,,,,,,,,,,,,,,16133.0,16496.0,16128
,,,,,,,,,,,,,,,,,,,,,,,,,16134.0,16497.0,16129
,,,,,,,,,,,,,,,,,,,,,,,,,16135.0,16498.0,16130
,,,,,,,,,,,,,,,,,,,,,,,,,16136.0,16499.0,16131
,,,,,,,,,,,,,,,,,,,,,,,,,16137.0,16500.0,16132
,,,,,,,,,,,,,,,,,,,,,,,,,16138.0,16501.0,16133
,,,,,,,,,,,,,,,,,,,,,,,,,16139.0,16502.0,16134
,,,,,,,,,,,,,,,,,,,,,,,,,16140.0,16503.0,16135
,,,,,,,,,,,,,,,,,,,,,,,,,16141.0,16504.0,16136
,,,,,,,,,,,,,,,,,,,,,,,,,16142.0,16505.0,16239
,,,,,,,,,,,,,,,,,,,,,,,,,16143.0,16506.0,16240
,,,,,,,,,,,,,,,,,,,,,,,,,16186.0,16507.0,16241
,,,,,,,,,,,,,,,,,,,,,,,,,16187.0,16692.0,16242
,,,,,,,,,,,,,,,,,,,,,,,,,16188.0,16693.0,16243
,,,,,,,,,,,,,,,,,,,,,,,,,16189.0,16694.0,16244
,,,,,,,,,,,,,,,,,,,,,,,,,16190.0,16695.0,16245
,,,,,,,,,,,,,,,,,,,,,,,,,16191.0,16696.0,16246
,,,,,,,,,,,,,,,,,,,,,,,,,16192.0,16697.0,16247
,,,,,,,,,,,,,,,,,,,,,,,,,16193.0,16698.0,16248
,,,,,,,,,,,,,,,,,,,,,,,,,16194.0,16699.0,16249
,,,,,,,,,,,,,,,,,,,,,,,,,16195.0,16700.0,16250
,,,,,,,,,,,,,,,,,,,,,,,,,16196.0,16701.0,16251
,,,,,,,,,,,,,,,,,,,,,,,,,16197.0,16702.0,16252
,,,,,,,,,,,,,,,,,,,,,,,,,16198.0,16703.0,16253
,,,,,,,,,,,,,,,,,,,,,,,,,16199.0,16704.0,16254
,,,,,,,,,,,,,,,,,,,,,,,,,16200.0,16705.0,16255
,,,,,,,,,,,,,,,,,,,,,,,,,16201.0,16706.0,16256
,,,,,,,,,,,,,,,,,,,,,,,,,16202.0,16707.0,16257
,,,,,,,,,,,,,,,,,,,,,,,,,16203.0,16708.0,16258
,,,,,,,,,,,,,,,,,,,,,,,,,16204.0,16709.0,16259
,,,,,,,,,,,,,,,,,,,,,,,,,16205.0,16710.0,16386
,,,,,,,,,,,,,,,,,,,,,,,,,16206.0,16711.0,16387
,,,,,,,,,,,,,,,,,,,,,,,,,16207.0,16712.0,16388
,,,,,,,,,,,,,,,,,,,,,,,,,16208.0,16713.0,16389
,,,,,,,,,,,,,,,,,,,,,,,,,16416.0,16767.0,16390
,,,,,,,,,,,,,,,,,,,,,,,,,16417.0,16768.0,16391
,,,,,,,,,,,,,,,,,,,,,,,,,16418.0,16769.0,16392
,,,,,,,,,,,,,,,,,,,,,,,,,16419.0,16770.0,16393
,,,,,,,,,,,,,,,,,,,,,,,,,16420.0,16771.0,16394
,,,,,,,,,,,,,,,,,,,,,,,,,16421.0,16772.0,16395
,,,,,,,,,,,,,,,,,,,,,,,,,16422.0,16773.0,16396
,,,,,,,,,,,,,,,,,,,,,,,,,16423.0,16774.0,16397
,,,,,,,,,,,,,,,,,,,,,,,,,16424.0,16775.0,16398
,,,,,,,,,,,,,,,,,,,,,,,,,16425.0,16776.0,16399
,,,,,,,,,,,,,,,,,,,,,,,,,16426.0,16777.0,16400
,,,,,,,,,,,,,,,,,,,,,,,,,16427.0,16778.0,16401
,,,,,,,,,,,,,,,,,,,,,,,,,16428.0,16779.0,16402
,,,,,,,,,,,,,,,,,,,,,,,,,16429.0,16780.0,16403
,,,,,,,,,,,,,,,,,,,,,,,,,16430.0,16781.0,16404
,,,,,,,,,,,,,,,,,,,,,,,,,16431.0,16782.0,16405
,,,,,,,,,,,,,,,,,,,,,,,,,16432.0,16783.0,16406
,,,,,,,,,,,,,,,,,,,,,,,,,16433.0,16784.0,16407
,,,,,,,,,,,,,,,,,,,,,,,,,16434.0,16785.0,16483
,,,,,,,,,,,,,,,,,,,,,,,,,16435.0,16786.0,16484
,,,,,,,,,,,,,,,,,,,,,,,,,16436.0,16787.0,16485
,,,,,,,,,,,,,,,,,,,,,,,,,16437.0,16788.0,16486
,,,,,,,,,,,,,,,,,,,,,,,,,16438.0,16789.0,16487
,,,,,,,,,,,,,,,,,,,,,,,,,16439.0,16790.0,16488
,,,,,,,,,,,,,,,,,,,,,,,,,16440.0,16791.0,16489
,,,,,,,,,,,,,,,,,,,,,,,,,16441.0,16792.0,16490
,,,,,,,,,,,,,,,,,,,,,,,,,16442.0,16793.0,16491
,,,,,,,,,,,,,,,,,,,,,,,,,16443.0,16794.0,16492
,,,,,,,,,,,,,,,,,,,,,,,,,16485.0,16795.0,16493
,,,,,,,,,,,,,,,,,,,,,,,,,16486.0,16986.0,16494
,,,,,,,,,,,,,,,,,,,,,,,,,16487.0,16987.0,16495
,,,,,,,,,,,,,,,,,,,,,,,,,16488.0,16988.0,16496
,,,,,,,,,,,,,,,,,,,,,,,,,16489.0,16989.0,16497
,,,,,,,,,,,,,,,,,,,,,,,,,16490.0,16990.0,16498
,,,,,,,,,,,,,,,,,,,,,,,,,16491.0,16991.0,16499
,,,,,,,,,,,,,,,,,,,,,,,,,16492.0,16992.0,16500
,,,,,,,,,,,,,,,,,,,,,,,,,16493.0,16993.0,16501
,,,,,,,,,,,,,,,,,,,,,,,,,16494.0,16994.0,16502
,,,,,,,,,,,,,,,,,,,,,,,,,16495.0,16995.0,16503
,,,,,,,,,,,,,,,,,,,,,,,,,16496.0,16996.0,16504
,,,,,,,,,,,,,,,,,,,,,,,,,16497.0,16997.0,16505
,,,,,,,,,,,,,,,,,,,,,,,,,16498.0,16998.0,16506
,,,,,,,,,,,,,,,,,,,,,,,,,16499.0,16999.0,16507
,,,,,,,,,,,,,,,,,,,,,,,,,16500.0,17000.0,16692
,,,,,,,,,,,,,,,,,,,,,,,,,16501.0,17001.0,16693
,,,,,,,,,,,,,,,,,,,,,,,,,16502.0,17002.0,16694
,,,,,,,,,,,,,,,,,,,,,,,,,16503.0,17003.0,16695
,,,,,,,,,,,,,,,,,,,,,,,,,16504.0,17004.0,16696
,,,,,,,,,,,,,,,,,,,,,,,,,16505.0,17005.0,16697
,,,,,,,,,,,,,,,,,,,,,,,,,16506.0,17006.0,16698
,,,,,,,,,,,,,,,,,,,,,,,,,16507.0,17007.0,16699
,,,,,,,,,,,,,,,,,,,,,,,,,16508.0,17008.0,16700
,,,,,,,,,,,,,,,,,,,,,,,,,16509.0,17009.0,16701
,,,,,,,,,,,,,,,,,,,,,,,,,16748.0,17010.0,16702
,,,,,,,,,,,,,,,,,,,,,,,,,16749.0,17011.0,16703
,,,,,,,,,,,,,,,,,,,,,,,,,16750.0,17012.0,16704
,,,,,,,,,,,,,,,,,,,,,,,,,16751.0,17082.0,16705
,,,,,,,,,,,,,,,,,,,,,,,,,16752.0,17083.0,16706
,,,,,,,,,,,,,,,,,,,,,,,,,16753.0,17084.0,16707
,,,,,,,,,,,,,,,,,,,,,,,,,16754.0,17085.0,16708
,,,,,,,,,,,,,,,,,,,,,,,,,16755.0,17086.0,16709
,,,,,,,,,,,,,,,,,,,,,,,,,16756.0,17087.0,16710
,,,,,,,,,,,,,,,,,,,,,,,,,16757.0,17088.0,16711
,,,,,,,,,,,,,,,,,,,,,,,,,16758.0,17089.0,16712
,,,,,,,,,,,,,,,,,,,,,,,,,16759.0,17090.0,16713
,,,,,,,,,,,,,,,,,,,,,,,,,16760.0,17091.0,16767
,,,,,,,,,,,,,,,,,,,,,,,,,16761.0,17092.0,16768
,,,,,,,,,,,,,,,,,,,,,,,,,16762.0,17093.0,16769
,,,,,,,,,,,,,,,,,,,,,,,,,16763.0,17094.0,16770
,,,,,,,,,,,,,,,,,,,,,,,,,16764.0,17095.0,16771
,,,,,,,,,,,,,,,,,,,,,,,,,16765.0,17096.0,16772
,,,,,,,,,,,,,,,,,,,,,,,,,16766.0,17097.0,16773
,,,,,,,,,,,,,,,,,,,,,,,,,16767.0,17098.0,16774
,,,,,,,,,,,,,,,,,,,,,,,,,16768.0,17099.0,16775
,,,,,,,,,,,,,,,,,,,,,,,,,16769.0,17100.0,16776
,,,,,,,,,,,,,,,,,,,,,,,,,16804.0,17101.0,16777
,,,,,,,,,,,,,,,,,,,,,,,,,16805.0,17102.0,16778
,,,,,,,,,,,,,,,,,,,,,,,,,16806.0,17103.0,16779
,,,,,,,,,,,,,,,,,,,,,,,,,16807.0,17104.0,16780
,,,,,,,,,,,,,,,,,,,,,,,,,16808.0,17323.0,16781
,,,,,,,,,,,,,,,,,,,,,,,,,16809.0,17324.0,16782
,,,,,,,,,,,,,,,,,,,,,,,,,16810.0,17325.0,16783
,,,,,,,,,,,,,,,,,,,,,,,,,16811.0,17326.0,16784
,,,,,,,,,,,,,,,,,,,,,,,,,16812.0,17327.0,16785
,,,,,,,,,,,,,,,,,,,,,,,,,16813.0,17328.0,16786
,,,,,,,,,,,,,,,,,,,,,,,,,16814.0,17329.0,16787
,,,,,,,,,,,,,,,,,,,,,,,,,16815.0,17330.0,16788
,,,,,,,,,,,,,,,,,,,,,,,,,16816.0,17331.0,16789
,,,,,,,,,,,,,,,,,,,,,,,,,16817.0,17332.0,16790
,,,,,,,,,,,,,,,,,,,,,,,,,16818.0,17333.0,16791
,,,,,,,,,,,,,,,,,,,,,,,,,16819.0,17334.0,16792
,,,,,,,,,,,,,,,,,,,,,,,,,16820.0,17335.0,16793
,,,,,,,,,,,,,,,,,,,,,,,,,16821.0,17336.0,16794
,,,,,,,,,,,,,,,,,,,,,,,,,16822.0,17337.0,16795
,,,,,,,,,,,,,,,,,,,,,,,,,16823.0,17338.0,16986
,,,,,,,,,,,,,,,,,,,,,,,,,16824.0,17339.0,16987
,,,,,,,,,,,,,,,,,,,,,,,,,16825.0,17340.0,16988
,,,,,,,,,,,,,,,,,,,,,,,,,16826.0,17341.0,16989
,,,,,,,,,,,,,,,,,,,,,,,,,16827.0,17342.0,16990
,,,,,,,,,,,,,,,,,,,,,,,,,16828.0,17343.0,16991
,,,,,,,,,,,,,,,,,,,,,,,,,16829.0,17344.0,16992
,,,,,,,,,,,,,,,,,,,,,,,,,16830.0,17381.0,16993
,,,,,,,,,,,,,,,,,,,,,,,,,16831.0,17382.0,16994
,,,,,,,,,,,,,,,,,,,,,,,,,16832.0,17383.0,16995
,,,,,,,,,,,,,,,,,,,,,,,,,17065.0,17384.0,16996
,,,,,,,,,,,,,,,,,,,,,,,,,17066.0,17385.0,16997
,,,,,,,,,,,,,,,,,,,,,,,,,17067.0,17386.0,16998
,,,,,,,,,,,,,,,,,,,,,,,,,17068.0,17387.0,16999
,,,,,,,,,,,,,,,,,,,,,,,,,17069.0,17388.0,17000
,,,,,,,,,,,,,,,,,,,,,,,,,17070.0,17389.0,17001
,,,,,,,,,,,,,,,,,,,,,,,,,17071.0,17390.0,17002
,,,,,,,,,,,,,,,,,,,,,,,,,17072.0,17391.0,17003
,,,,,,,,,,,,,,,,,,,,,,,,,17073.0,17392.0,17004
,,,,,,,,,,,,,,,,,,,,,,,,,17074.0,17393.0,17005
,,,,,,,,,,,,,,,,,,,,,,,,,17075.0,17394.0,17006
,,,,,,,,,,,,,,,,,,,,,,,,,17076.0,17395.0,17007
,,,,,,,,,,,,,,,,,,,,,,,,,17077.0,17396.0,17008
,,,,,,,,,,,,,,,,,,,,,,,,,17078.0,17397.0,17009
,,,,,,,,,,,,,,,,,,,,,,,,,17079.0,17398.0,17010
,,,,,,,,,,,,,,,,,,,,,,,,,17080.0,17399.0,17011
,,,,,,,,,,,,,,,,,,,,,,,,,17081.0,17400.0,17012
,,,,,,,,,,,,,,,,,,,,,,,,,17082.0,17401.0,17082
,,,,,,,,,,,,,,,,,,,,,,,,,17083.0,17402.0,17083
,,,,,,,,,,,,,,,,,,,,,,,,,17084.0,17403.0,17084
,,,,,,,,,,,,,,,,,,,,,,,,,17085.0,17404.0,17085
,,,,,,,,,,,,,,,,,,,,,,,,,17086.0,17615.0,17086
,,,,,,,,,,,,,,,,,,,,,,,,,17130.0,17616.0,17087
,,,,,,,,,,,,,,,,,,,,,,,,,17131.0,17617.0,17088
,,,,,,,,,,,,,,,,,,,,,,,,,17132.0,17618.0,17089
,,,,,,,,,,,,,,,,,,,,,,,,,17133.0,17619.0,17090
,,,,,,,,,,,,,,,,,,,,,,,,,17134.0,17620.0,17091
,,,,,,,,,,,,,,,,,,,,,,,,,17135.0,17621.0,17092
,,,,,,,,,,,,,,,,,,,,,,,,,17136.0,17622.0,17093
,,,,,,,,,,,,,,,,,,,,,,,,,17137.0,17623.0,17094
,,,,,,,,,,,,,,,,,,,,,,,,,17138.0,17624.0,17095
,,,,,,,,,,,,,,,,,,,,,,,,,17139.0,17625.0,17096
,,,,,,,,,,,,,,,,,,,,,,,,,17140.0,17626.0,17097
,,,,,,,,,,,,,,,,,,,,,,,,,17141.0,17627.0,17098
,,,,,,,,,,,,,,,,,,,,,,,,,17142.0,17628.0,17099
,,,,,,,,,,,,,,,,,,,,,,,,,17143.0,17629.0,17100
,,,,,,,,,,,,,,,,,,,,,,,,,17144.0,17630.0,17101
,,,,,,,,,,,,,,,,,,,,,,,,,17145.0,17631.0,17102
,,,,,,,,,,,,,,,,,,,,,,,,,17146.0,17632.0,17103
,,,,,,,,,,,,,,,,,,,,,,,,,17147.0,17633.0,17104
,,,,,,,,,,,,,,,,,,,,,,,,,17148.0,17634.0,17323
,,,,,,,,,,,,,,,,,,,,,,,,,17149.0,17635.0,17324
,,,,,,,,,,,,,,,,,,,,,,,,,17150.0,17636.0,17325
,,,,,,,,,,,,,,,,,,,,,,,,,17151.0,17637.0,17326
,,,,,,,,,,,,,,,,,,,,,,,,,17381.0,17638.0,17327
,,,,,,,,,,,,,,,,,,,,,,,,,17382.0,17639.0,17328
,,,,,,,,,,,,,,,,,,,,,,,,,17383.0,17640.0,17329
,,,,,,,,,,,,,,,,,,,,,,,,,17384.0,17641.0,17330
,,,,,,,,,,,,,,,,,,,,,,,,,17385.0,17688.0,17331
,,,,,,,,,,,,,,,,,,,,,,,,,17386.0,17689.0,17332
,,,,,,,,,,,,,,,,,,,,,,,,,17387.0,17690.0,17333
,,,,,,,,,,,,,,,,,,,,,,,,,17388.0,17691.0,17334
,,,,,,,,,,,,,,,,,,,,,,,,,17389.0,17692.0,17335
,,,,,,,,,,,,,,,,,,,,,,,,,17390.0,17693.0,17336
,,,,,,,,,,,,,,,,,,,,,,,,,17391.0,17694.0,17337
,,,,,,,,,,,,,,,,,,,,,,,,,17392.0,17695.0,17338
,,,,,,,,,,,,,,,,,,,,,,,,,17393.0,17696.0,17339
,,,,,,,,,,,,,,,,,,,,,,,,,17394.0,17697.0,17340
,,,,,,,,,,,,,,,,,,,,,,,,,17395.0,17698.0,17341
,,,,,,,,,,,,,,,,,,,,,,,,,17396.0,17699.0,17342
,,,,,,,,,,,,,,,,,,,,,,,,,17397.0,17700.0,17343
,,,,,,,,,,,,,,,,,,,,,,,,,17398.0,17701.0,17344
,,,,,,,,,,,,,,,,,,,,,,,,,17399.0,17702.0,17381
,,,,,,,,,,,,,,,,,,,,,,,,,17400.0,17703.0,17382
,,,,,,,,,,,,,,,,,,,,,,,,,17401.0,17704.0,17383
,,,,,,,,,,,,,,,,,,,,,,,,,17402.0,17705.0,17384
,,,,,,,,,,,,,,,,,,,,,,,,,17403.0,17706.0,17385
,,,,,,,,,,,,,,,,,,,,,,,,,17404.0,17707.0,17386
,,,,,,,,,,,,,,,,,,,,,,,,,17405.0,17708.0,17387
,,,,,,,,,,,,,,,,,,,,,,,,,17430.0,17709.0,17388
,,,,,,,,,,,,,,,,,,,,,,,,,17431.0,17710.0,17389
,,,,,,,,,,,,,,,,,,,,,,,,,17432.0,17911.0,17390
,,,,,,,,,,,,,,,,,,,,,,,,,17433.0,17912.0,17391
,,,,,,,,,,,,,,,,,,,,,,,,,17434.0,17913.0,17392
,,,,,,,,,,,,,,,,,,,,,,,,,17435.0,17914.0,17393
,,,,,,,,,,,,,,,,,,,,,,,,,17436.0,17915.0,17394
,,,,,,,,,,,,,,,,,,,,,,,,,17437.0,17916.0,17395
,,,,,,,,,,,,,,,,,,,,,,,,,17438.0,17917.0,17396
,,,,,,,,,,,,,,,,,,,,,,,,,17439.0,17918.0,17397
,,,,,,,,,,,,,,,,,,,,,,,,,17440.0,17919.0,17398
,,,,,,,,,,,,,,,,,,,,,,,,,17441.0,17920.0,17399
,,,,,,,,,,,,,,,,,,,,,,,,,17442.0,17921.0,17400
,,,,,,,,,,,,,,,,,,,,,,,,,17443.0,17922.0,17401
,,,,,,,,,,,,,,,,,,,,,,,,,17444.0,17923.0,17402
,,,,,,,,,,,,,,,,,,,,,,,,,17445.0,17924.0,17403
,,,,,,,,,,,,,,,,,,,,,,,,,17446.0,17925.0,17404
,,,,,,,,,,,,,,,,,,,,,,,,,17447.0,17926.0,17615
,,,,,,,,,,,,,,,,,,,,,,,,,17448.0,17927.0,17616
,,,,,,,,,,,,,,,,,,,,,,,,,17449.0,17928.0,17617
,,,,,,,,,,,,,,,,,,,,,,,,,17450.0,17929.0,17618
,,,,,,,,,,,,,,,,,,,,,,,,,17451.0,17930.0,17619
,,,,,,,,,,,,,,,,,,,,,,,,,17674.0,17931.0,17620
,,,,,,,,,,,,,,,,,,,,,,,,,17675.0,17932.0,17621
,,,,,,,,,,,,,,,,,,,,,,,,,17676.0,17933.0,17622
,,,,,,,,,,,,,,,,,,,,,,,,,17677.0,17934.0,17623
,,,,,,,,,,,,,,,,,,,,,,,,,17678.0,17935.0,17624
,,,,,,,,,,,,,,,,,,,,,,,,,17679.0,17936.0,17625
,,,,,,,,,,,,,,,,,,,,,,,,,17680.0,17937.0,17626
,,,,,,,,,,,,,,,,,,,,,,,,,17681.0,17938.0,17627
,,,,,,,,,,,,,,,,,,,,,,,,,17682.0,17997.0,17628
,,,,,,,,,,,,,,,,,,,,,,,,,17683.0,17998.0,17629
,,,,,,,,,,,,,,,,,,,,,,,,,17684.0,17999.0,17630
,,,,,,,,,,,,,,,,,,,,,,,,,17685.0,18000.0,17631
,,,,,,,,,,,,,,,,,,,,,,,,,17686.0,18001.0,17632
,,,,,,,,,,,,,,,,,,,,,,,,,17687.0,18002.0,17633
,,,,,,,,,,,,,,,,,,,,,,,,,17688.0,18003.0,17634
,,,,,,,,,,,,,,,,,,,,,,,,,17689.0,18004.0,17635
,,,,,,,,,,,,,,,,,,,,,,,,,17690.0,18005.0,17636
,,,,,,,,,,,,,,,,,,,,,,,,,17691.0,18006.0,17637
,,,,,,,,,,,,,,,,,,,,,,,,,17692.0,18007.0,17638
,,,,,,,,,,,,,,,,,,,,,,,,,17693.0,18008.0,17639
,,,,,,,,,,,,,,,,,,,,,,,,,17694.0,18009.0,17640
,,,,,,,,,,,,,,,,,,,,,,,,,17695.0,18010.0,17641
,,,,,,,,,,,,,,,,,,,,,,,,,17696.0,18011.0,17688
,,,,,,,,,,,,,,,,,,,,,,,,,17738.0,18012.0,17689
,,,,,,,,,,,,,,,,,,,,,,,,,17739.0,18013.0,17690
,,,,,,,,,,,,,,,,,,,,,,,,,17740.0,18014.0,17691
,,,,,,,,,,,,,,,,,,,,,,,,,17741.0,18015.0,17692
,,,,,,,,,,,,,,,,,,,,,,,,,17742.0,18016.0,17693
,,,,,,,,,,,,,,,,,,,,,,,,,17743.0,18017.0,17694
,,,,,,,,,,,,,,,,,,,,,,,,,17744.0,18018.0,17695
,,,,,,,,,,,,,,,,,,,,,,,,,17745.0,18019.0,17696
,,,,,,,,,,,,,,,,,,,,,,,,,17746.0,18020.0,17697
,,,,,,,,,,,,,,,,,,,,,,,,,17747.0,18021.0,17698
,,,,,,,,,,,,,,,,,,,,,,,,,17748.0,18244.0,17699
,,,,,,,,,,,,,,,,,,,,,,,,,17749.0,18245.0,17700
,,,,,,,,,,,,,,,,,,,,,,,,,17750.0,18246.0,17701
,,,,,,,,,,,,,,,,,,,,,,,,,17751.0,18247.0,17702
,,,,,,,,,,,,,,,,,,,,,,,,,17752.0,18248.0,17703
,,,,,,,,,,,,,,,,,,,,,,,,,17753.0,18249.0,17704
,,,,,,,,,,,,,,,,,,,,,,,,,17754.0,18250.0,17705
,,,,,,,,,,,,,,,,,,,,,,,,,17755.0,18251.0,17706
,,,,,,,,,,,,,,,,,,,,,,,,,17756.0,18252.0,17707
,,,,,,,,,,,,,,,,,,,,,,,,,17757.0,18253.0,17708
,,,,,,,,,,,,,,,,,,,,,,,,,17758.0,18254.0,17709
,,,,,,,,,,,,,,,,,,,,,,,,,17759.0,18255.0,17710
,,,,,,,,,,,,,,,,,,,,,,,,,17760.0,18256.0,17911
,,,,,,,,,,,,,,,,,,,,,,,,,17966.0,18257.0,17912
,,,,,,,,,,,,,,,,,,,,,,,,,17967.0,18258.0,17913
,,,,,,,,,,,,,,,,,,,,,,,,,17968.0,18259.0,17914
,,,,,,,,,,,,,,,,,,,,,,,,,17969.0,18260.0,17915
,,,,,,,,,,,,,,,,,,,,,,,,,17970.0,18261.0,17916
,,,,,,,,,,,,,,,,,,,,,,,,,17971.0,18262.0,17917
,,,,,,,,,,,,,,,,,,,,,,,,,17972.0,18263.0,17918
,,,,,,,,,,,,,,,,,,,,,,,,,17973.0,18264.0,17919
,,,,,,,,,,,,,,,,,,,,,,,,,17974.0,18265.0,17920
,,,,,,,,,,,,,,,,,,,,,,,,,17975.0,18266.0,17921
,,,,,,,,,,,,,,,,,,,,,,,,,17976.0,18307.0,17922
,,,,,,,,,,,,,,,,,,,,,,,,,17977.0,18308.0,17923
,,,,,,,,,,,,,,,,,,,,,,,,,17978.0,18309.0,17924
,,,,,,,,,,,,,,,,,,,,,,,,,17979.0,18310.0,17925
,,,,,,,,,,,,,,,,,,,,,,,,,17980.0,18311.0,17926
,,,,,,,,,,,,,,,,,,,,,,,,,17981.0,18312.0,17927
,,,,,,,,,,,,,,,,,,,,,,,,,17982.0,18313.0,17928
,,,,,,,,,,,,,,,,,,,,,,,,,17983.0,18314.0,17929
,,,,,,,,,,,,,,,,,,,,,,,,,17984.0,18315.0,17930
,,,,,,,,,,,,,,,,,,,,,,,,,17985.0,18316.0,17931
,,,,,,,,,,,,,,,,,,,,,,,,,17986.0,18317.0,17932
,,,,,,,,,,,,,,,,,,,,,,,,,17987.0,18318.0,17933
,,,,,,,,,,,,,,,,,,,,,,,,,17988.0,18319.0,17934
,,,,,,,,,,,,,,,,,,,,,,,,,17989.0,18320.0,17935
,,,,,,,,,,,,,,,,,,,,,,,,,17990.0,18321.0,17936
,,,,,,,,,,,,,,,,,,,,,,,,,17991.0,18322.0,17937
,,,,,,,,,,,,,,,,,,,,,,,,,17992.0,18323.0,17938
,,,,,,,,,,,,,,,,,,,,,,,,,18036.0,18324.0,17997
,,,,,,,,,,,,,,,,,,,,,,,,,18037.0,18325.0,17998
,,,,,,,,,,,,,,,,,,,,,,,,,18038.0,18326.0,17999
,,,,,,,,,,,,,,,,,,,,,,,,,18039.0,18327.0,18000
,,,,,,,,,,,,,,,,,,,,,,,,,18040.0,18550.0,18001
,,,,,,,,,,,,,,,,,,,,,,,,,18041.0,18551.0,18002
,,,,,,,,,,,,,,,,,,,,,,,,,18042.0,18552.0,18003
,,,,,,,,,,,,,,,,,,,,,,,,,18043.0,18553.0,18004
,,,,,,,,,,,,,,,,,,,,,,,,,18044.0,18554.0,18005
,,,,,,,,,,,,,,,,,,,,,,,,,18045.0,18555.0,18006
,,,,,,,,,,,,,,,,,,,,,,,,,18046.0,18556.0,18007
,,,,,,,,,,,,,,,,,,,,,,,,,18047.0,18557.0,18008
,,,,,,,,,,,,,,,,,,,,,,,,,18048.0,18558.0,18009
,,,,,,,,,,,,,,,,,,,,,,,,,18049.0,18559.0,18010
,,,,,,,,,,,,,,,,,,,,,,,,,18050.0,18560.0,18011
,,,,,,,,,,,,,,,,,,,,,,,,,18051.0,18561.0,18012
,,,,,,,,,,,,,,,,,,,,,,,,,18052.0,18562.0,18013
,,,,,,,,,,,,,,,,,,,,,,,,,18053.0,18563.0,18014
,,,,,,,,,,,,,,,,,,,,,,,,,18054.0,18564.0,18015
,,,,,,,,,,,,,,,,,,,,,,,,,18055.0,18565.0,18016
,,,,,,,,,,,,,,,,,,,,,,,,,18056.0,18566.0,18017
,,,,,,,,,,,,,,,,,,,,,,,,,18057.0,18567.0,18018
,,,,,,,,,,,,,,,,,,,,,,,,,18058.0,18568.0,18019
,,,,,,,,,,,,,,,,,,,,,,,,,18059.0,18569.0,18020
,,,,,,,,,,,,,,,,,,,,,,,,,18060.0,18570.0,18021
,,,,,,,,,,,,,,,,,,,,,,,,,18061.0,18571.0,18244
,,,,,,,,,,,,,,,,,,,,,,,,,18253.0,18572.0,18245
,,,,,,,,,,,,,,,,,,,,,,,,,18254.0,18573.0,18246
,,,,,,,,,,,,,,,,,,,,,,,,,18255.0,18574.0,18247
,,,,,,,,,,,,,,,,,,,,,,,,,18256.0,18575.0,18248
,,,,,,,,,,,,,,,,,,,,,,,,,18257.0,18576.0,18249
,,,,,,,,,,,,,,,,,,,,,,,,,18258.0,18577.0,18250
,,,,,,,,,,,,,,,,,,,,,,,,,18259.0,18624.0,18251
,,,,,,,,,,,,,,,,,,,,,,,,,18260.0,18625.0,18252
,,,,,,,,,,,,,,,,,,,,,,,,,18261.0,18626.0,18253
,,,,,,,,,,,,,,,,,,,,,,,,,18262.0,18627.0,18254
,,,,,,,,,,,,,,,,,,,,,,,,,18263.0,18628.0,18255
,,,,,,,,,,,,,,,,,,,,,,,,,18264.0,18629.0,18256
,,,,,,,,,,,,,,,,,,,,,,,,,18265.0,18630.0,18257
,,,,,,,,,,,,,,,,,,,,,,,,,18266.0,18631.0,18258
,,,,,,,,,,,,,,,,,,,,,,,,,18267.0,18632.0,18259
,,,,,,,,,,,,,,,,,,,,,,,,,18268.0,18633.0,18260
,,,,,,,,,,,,,,,,,,,,,,,,,18269.0,18634.0,18261
,,,,,,,,,,,,,,,,,,,,,,,,,18270.0,18635.0,18262
,,,,,,,,,,,,,,,,,,,,,,,,,18271.0,18636.0,18263
,,,,,,,,,,,,,,,,,,,,,,,,,18272.0,18637.0,18264
,,,,,,,,,,,,,,,,,,,,,,,,,18273.0,18638.0,18265
,,,,,,,,,,,,,,,,,,,,,,,,,18274.0,18639.0,18266
,,,,,,,,,,,,,,,,,,,,,,,,,18324.0,18640.0,18307
,,,,,,,,,,,,,,,,,,,,,,,,,18325.0,18641.0,18308
,,,,,,,,,,,,,,,,,,,,,,,,,18326.0,18642.0,18309
,,,,,,,,,,,,,,,,,,,,,,,,,18327.0,18643.0,18310
,,,,,,,,,,,,,,,,,,,,,,,,,18328.0,18644.0,18311
,,,,,,,,,,,,,,,,,,,,,,,,,18329.0,18645.0,18312
,,,,,,,,,,,,,,,,,,,,,,,,,18330.0,18646.0,18313
,,,,,,,,,,,,,,,,,,,,,,,,,18331.0,18647.0,18314
,,,,,,,,,,,,,,,,,,,,,,,,,18332.0,18648.0,18315
,,,,,,,,,,,,,,,,,,,,,,,,,18333.0,18649.0,18316
,,,,,,,,,,,,,,,,,,,,,,,,,18334.0,18650.0,18317
,,,,,,,,,,,,,,,,,,,,,,,,,18335.0,18651.0,18318
,,,,,,,,,,,,,,,,,,,,,,,,,18336.0,18869.0,18319
,,,,,,,,,,,,,,,,,,,,,,,,,18337.0,18870.0,18320
,,,,,,,,,,,,,,,,,,,,,,,,,18338.0,18871.0,18321
,,,,,,,,,,,,,,,,,,,,,,,,,18339.0,18872.0,18322
,,,,,,,,,,,,,,,,,,,,,,,,,18340.0,18873.0,18323
,,,,,,,,,,,,,,,,,,,,,,,,,18341.0,18874.0,18324
,,,,,,,,,,,,,,,,,,,,,,,,,18342.0,18875.0,18325
,,,,,,,,,,,,,,,,,,,,,,,,,18343.0,18876.0,18326
,,,,,,,,,,,,,,,,,,,,,,,,,18344.0,18877.0,18327
,,,,,,,,,,,,,,,,,,,,,,,,,18345.0,18878.0,18550
,,,,,,,,,,,,,,,,,,,,,,,,,18346.0,18879.0,18551
,,,,,,,,,,,,,,,,,,,,,,,,,18347.0,18880.0,18552
,,,,,,,,,,,,,,,,,,,,,,,,,18596.0,18881.0,18553
,,,,,,,,,,,,,,,,,,,,,,,,,18597.0,18882.0,18554
,,,,,,,,,,,,,,,,,,,,,,,,,18598.0,18883.0,18555
,,,,,,,,,,,,,,,,,,,,,,,,,18599.0,18884.0,18556
,,,,,,,,,,,,,,,,,,,,,,,,,18600.0,18885.0,18557
,,,,,,,,,,,,,,,,,,,,,,,,,18601.0,18886.0,18558
,,,,,,,,,,,,,,,,,,,,,,,,,18602.0,18887.0,18559
,,,,,,,,,,,,,,,,,,,,,,,,,18603.0,18888.0,18560
,,,,,,,,,,,,,,,,,,,,,,,,,18604.0,18889.0,18561
,,,,,,,,,,,,,,,,,,,,,,,,,18605.0,18890.0,18562
,,,,,,,,,,,,,,,,,,,,,,,,,18606.0,18936.0,18563
,,,,,,,,,,,,,,,,,,,,,,,,,18607.0,18937.0,18564
,,,,,,,,,,,,,,,,,,,,,,,,,18608.0,18938.0,18565
,,,,,,,,,,,,,,,,,,,,,,,,,18609.0,18939.0,18566
,,,,,,,,,,,,,,,,,,,,,,,,,18610.0,18940.0,18567
,,,,,,,,,,,,,,,,,,,,,,,,,18611.0,18941.0,18568
,,,,,,,,,,,,,,,,,,,,,,,,,18612.0,18942.0,18569
,,,,,,,,,,,,,,,,,,,,,,,,,18613.0,18943.0,18570
,,,,,,,,,,,,,,,,,,,,,,,,,18614.0,18944.0,18571
,,,,,,,,,,,,,,,,,,,,,,,,,18615.0,18945.0,18572
,,,,,,,,,,,,,,,,,,,,,,,,,18616.0,18946.0,18573
,,,,,,,,,,,,,,,,,,,,,,,,,18617.0,18947.0,18574
,,,,,,,,,,,,,,,,,,,,,,,,,18650.0,18948.0,18575
,,,,,,,,,,,,,,,,,,,,,,,,,18651.0,18949.0,18576
,,,,,,,,,,,,,,,,,,,,,,,,,18652.0,18950.0,18577
,,,,,,,,,,,,,,,,,,,,,,,,,18653.0,18951.0,18624
,,,,,,,,,,,,,,,,,,,,,,,,,18654.0,18952.0,18625
,,,,,,,,,,,,,,,,,,,,,,,,,18655.0,18953.0,18626
,,,,,,,,,,,,,,,,,,,,,,,,,18656.0,18954.0,18627
,,,,,,,,,,,,,,,,,,,,,,,,,18657.0,18955.0,18628
,,,,,,,,,,,,,,,,,,,,,,,,,18658.0,18956.0,18629
,,,,,,,,,,,,,,,,,,,,,,,,,18659.0,18957.0,18630
,,,,,,,,,,,,,,,,,,,,,,,,,18660.0,18958.0,18631
,,,,,,,,,,,,,,,,,,,,,,,,,18661.0,18959.0,18632
,,,,,,,,,,,,,,,,,,,,,,,,,18662.0,18960.0,18633
,,,,,,,,,,,,,,,,,,,,,,,,,18663.0,19183.0,18634
,,,,,,,,,,,,,,,,,,,,,,,,,18664.0,19184.0,18635
,,,,,,,,,,,,,,,,,,,,,,,,,18665.0,19185.0,18636
,,,,,,,,,,,,,,,,,,,,,,,,,18666.0,19186.0,18637
,,,,,,,,,,,,,,,,,,,,,,,,,18667.0,19187.0,18638
,,,,,,,,,,,,,,,,,,,,,,,,,18668.0,19188.0,18639
,,,,,,,,,,,,,,,,,,,,,,,,,18669.0,19189.0,18640
,,,,,,,,,,,,,,,,,,,,,,,,,18670.0,19190.0,18641
,,,,,,,,,,,,,,,,,,,,,,,,,18671.0,19191.0,18642
,,,,,,,,,,,,,,,,,,,,,,,,,18896.0,19192.0,18643
,,,,,,,,,,,,,,,,,,,,,,,,,18897.0,19193.0,18644
,,,,,,,,,,,,,,,,,,,,,,,,,18898.0,19194.0,18645
,,,,,,,,,,,,,,,,,,,,,,,,,18899.0,19195.0,18646
,,,,,,,,,,,,,,,,,,,,,,,,,18900.0,19196.0,18647
,,,,,,,,,,,,,,,,,,,,,,,,,18901.0,19197.0,18648
,,,,,,,,,,,,,,,,,,,,,,,,,18902.0,19198.0,18649
,,,,,,,,,,,,,,,,,,,,,,,,,18903.0,19199.0,18650
,,,,,,,,,,,,,,,,,,,,,,,,,18904.0,19200.0,18651
,,,,,,,,,,,,,,,,,,,,,,,,,18905.0,19201.0,18869
,,,,,,,,,,,,,,,,,,,,,,,,,18906.0,19202.0,18870
,,,,,,,,,,,,,,,,,,,,,,,,,18907.0,19203.0,18871
,,,,,,,,,,,,,,,,,,,,,,,,,18908.0,19204.0,18872
,,,,,,,,,,,,,,,,,,,,,,,,,18909.0,19205.0,18873
,,,,,,,,,,,,,,,,,,,,,,,,,18910.0,19206.0,18874
,,,,,,,,,,,,,,,,,,,,,,,,,18911.0,19207.0,18875
,,,,,,,,,,,,,,,,,,,,,,,,,18912.0,19252.0,18876
,,,,,,,,,,,,,,,,,,,,,,,,,18913.0,19253.0,18877
,,,,,,,,,,,,,,,,,,,,,,,,,18914.0,19254.0,18878
,,,,,,,,,,,,,,,,,,,,,,,,,18915.0,19255.0,18879
,,,,,,,,,,,,,,,,,,,,,,,,,18916.0,19256.0,18880
,,,,,,,,,,,,,,,,,,,,,,,,,18917.0,19257.0,18881
,,,,,,,,,,,,,,,,,,,,,,,,,18957.0,19258.0,18882
,,,,,,,,,,,,,,,,,,,,,,,,,18958.0,19259.0,18883
,,,,,,,,,,,,,,,,,,,,,,,,,18959.0,19260.0,18884
,,,,,,,,,,,,,,,,,,,,,,,,,18960.0,19261.0,18885
,,,,,,,,,,,,,,,,,,,,,,,,,18961.0,19262.0,18886
,,,,,,,,,,,,,,,,,,,,,,,,,18962.0,19263.0,18887
,,,,,,,,,,,,,,,,,,,,,,,,,18963.0,19264.0,18888
,,,,,,,,,,,,,,,,,,,,,,,,,18964.0,19265.0,18889
,,,,,,,,,,,,,,,,,,,,,,,,,18965.0,19266.0,18890
,,,,,,,,,,,,,,,,,,,,,,,,,18966.0,19267.0,18936
,,,,,,,,,,,,,,,,,,,,,,,,,18967.0,19268.0,18937
,,,,,,,,,,,,,,,,,,,,,,,,,18968.0,19269.0,18938
,,,,,,,,,,,,,,,,,,,,,,,,,18969.0,19270.0,18939
,,,,,,,,,,,,,,,,,,,,,,,,,18970.0,19271.0,18940
,,,,,,,,,,,,,,,,,,,,,,,,,18971.0,19272.0,18941
,,,,,,,,,,,,,,,,,,,,,,,,,18972.0,19273.0,18942
,,,,,,,,,,,,,,,,,,,,,,,,,18973.0,19274.0,18943
,,,,,,,,,,,,,,,,,,,,,,,,,18974.0,19275.0,18944
,,,,,,,,,,,,,,,,,,,,,,,,,18975.0,19276.0,18945
,,,,,,,,,,,,,,,,,,,,,,,,,18976.0,19485.0,18946
,,,,,,,,,,,,,,,,,,,,,,,,,18977.0,19486.0,18947
,,,,,,,,,,,,,,,,,,,,,,,,,18978.0,19487.0,18948
,,,,,,,,,,,,,,,,,,,,,,,,,19204.0,19488.0,18949
,,,,,,,,,,,,,,,,,,,,,,,,,19205.0,19489.0,18950
,,,,,,,,,,,,,,,,,,,,,,,,,19206.0,19490.0,18951
,,,,,,,,,,,,,,,,,,,,,,,,,19207.0,19491.0,18952
,,,,,,,,,,,,,,,,,,,,,,,,,19208.0,19492.0,18953
,,,,,,,,,,,,,,,,,,,,,,,,,19209.0,19493.0,18954
,,,,,,,,,,,,,,,,,,,,,,,,,19210.0,19494.0,18955
,,,,,,,,,,,,,,,,,,,,,,,,,19211.0,19495.0,18956
,,,,,,,,,,,,,,,,,,,,,,,,,19212.0,19496.0,18957
,,,,,,,,,,,,,,,,,,,,,,,,,19213.0,19497.0,18958
,,,,,,,,,,,,,,,,,,,,,,,,,19214.0,19498.0,18959
,,,,,,,,,,,,,,,,,,,,,,,,,19215.0,19499.0,18960
,,,,,,,,,,,,,,,,,,,,,,,,,19216.0,19500.0,19183
,,,,,,,,,,,,,,,,,,,,,,,,,19217.0,19501.0,19184
,,,,,,,,,,,,,,,,,,,,,,,,,19218.0,19502.0,19185
,,,,,,,,,,,,,,,,,,,,,,,,,19219.0,19503.0,19186
,,,,,,,,,,,,,,,,,,,,,,,,,19220.0,19504.0,19187
,,,,,,,,,,,,,,,,,,,,,,,,,19221.0,19505.0,19188
,,,,,,,,,,,,,,,,,,,,,,,,,19222.0,19506.0,19189
,,,,,,,,,,,,,,,,,,,,,,,,,19223.0,19507.0,19190
,,,,,,,,,,,,,,,,,,,,,,,,,19224.0,19508.0,19191
,,,,,,,,,,,,,,,,,,,,,,,,,19225.0,19509.0,19192
,,,,,,,,,,,,,,,,,,,,,,,,,19226.0,19510.0,19193
,,,,,,,,,,,,,,,,,,,,,,,,,19227.0,19511.0,19194
,,,,,,,,,,,,,,,,,,,,,,,,,19228.0,19512.0,19195
,,,,,,,,,,,,,,,,,,,,,,,,,19229.0,19558.0,19196
,,,,,,,,,,,,,,,,,,,,,,,,,19230.0,19559.0,19197
,,,,,,,,,,,,,,,,,,,,,,,,,19231.0,19560.0,19198
,,,,,,,,,,,,,,,,,,,,,,,,,19275.0,19561.0,19199
,,,,,,,,,,,,,,,,,,,,,,,,,19276.0,19562.0,19200
,,,,,,,,,,,,,,,,,,,,,,,,,19277.0,19563.0,19201
,,,,,,,,,,,,,,,,,,,,,,,,,19278.0,19564.0,19202
,,,,,,,,,,,,,,,,,,,,,,,,,19279.0,19565.0,19203
,,,,,,,,,,,,,,,,,,,,,,,,,19280.0,19566.0,19204
,,,,,,,,,,,,,,,,,,,,,,,,,19281.0,19567.0,19205
,,,,,,,,,,,,,,,,,,,,,,,,,19282.0,19568.0,19206
,,,,,,,,,,,,,,,,,,,,,,,,,19283.0,19569.0,19207
,,,,,,,,,,,,,,,,,,,,,,,,,19284.0,19570.0,19252
,,,,,,,,,,,,,,,,,,,,,,,,,19285.0,19571.0,19253
,,,,,,,,,,,,,,,,,,,,,,,,,19286.0,19572.0,19254
,,,,,,,,,,,,,,,,,,,,,,,,,19287.0,19573.0,19255
,,,,,,,,,,,,,,,,,,,,,,,,,19288.0,19574.0,19256
,,,,,,,,,,,,,,,,,,,,,,,,,19289.0,19575.0,19257
,,,,,,,,,,,,,,,,,,,,,,,,,19290.0,19576.0,19258
,,,,,,,,,,,,,,,,,,,,,,,,,19291.0,19577.0,19259
,,,,,,,,,,,,,,,,,,,,,,,,,19292.0,19578.0,19260
,,,,,,,,,,,,,,,,,,,,,,,,,19293.0,19579.0,19261
,,,,,,,,,,,,,,,,,,,,,,,,,19294.0,19580.0,19262
,,,,,,,,,,,,,,,,,,,,,,,,,19295.0,19581.0,19263
,,,,,,,,,,,,,,,,,,,,,,,,,19296.0,19582.0,19264
,,,,,,,,,,,,,,,,,,,,,,,,,19548.0,19583.0,19265
,,,,,,,,,,,,,,,,,,,,,,,,,19549.0,19584.0,19266
,,,,,,,,,,,,,,,,,,,,,,,,,19550.0,19585.0,19267
,,,,,,,,,,,,,,,,,,,,,,,,,19551.0,19810.0,19268
,,,,,,,,,,,,,,,,,,,,,,,,,19552.0,19811.0,19269
,,,,,,,,,,,,,,,,,,,,,,,,,19553.0,19812.0,19270
,,,,,,,,,,,,,,,,,,,,,,,,,19554.0,19813.0,19271
,,,,,,,,,,,,,,,,,,,,,,,,,19555.0,19814.0,19272
,,,,,,,,,,,,,,,,,,,,,,,,,19556.0,19815.0,19273
,,,,,,,,,,,,,,,,,,,,,,,,,19557.0,19816.0,19274
,,,,,,,,,,,,,,,,,,,,,,,,,19558.0,19817.0,19275
,,,,,,,,,,,,,,,,,,,,,,,,,19559.0,19818.0,19276
,,,,,,,,,,,,,,,,,,,,,,,,,19560.0,19819.0,19485
,,,,,,,,,,,,,,,,,,,,,,,,,19561.0,19820.0,19486
,,,,,,,,,,,,,,,,,,,,,,,,,19562.0,19821.0,19487
,,,,,,,,,,,,,,,,,,,,,,,,,19563.0,19822.0,19488
,,,,,,,,,,,,,,,,,,,,,,,,,19564.0,19823.0,19489
,,,,,,,,,,,,,,,,,,,,,,,,,19565.0,19824.0,19490
,,,,,,,,,,,,,,,,,,,,,,,,,19566.0,19825.0,19491
,,,,,,,,,,,,,,,,,,,,,,,,,19567.0,19826.0,19492
,,,,,,,,,,,,,,,,,,,,,,,,,19568.0,19827.0,19493
,,,,,,,,,,,,,,,,,,,,,,,,,19569.0,19828.0,19494
,,,,,,,,,,,,,,,,,,,,,,,,,19591.0,19829.0,19495
,,,,,,,,,,,,,,,,,,,,,,,,,19592.0,19830.0,19496
,,,,,,,,,,,,,,,,,,,,,,,,,19593.0,19831.0,19497
,,,,,,,,,,,,,,,,,,,,,,,,,19594.0,19832.0,19498
,,,,,,,,,,,,,,,,,,,,,,,,,19595.0,19833.0,19499
,,,,,,,,,,,,,,,,,,,,,,,,,19596.0,19834.0,19500
,,,,,,,,,,,,,,,,,,,,,,,,,19597.0,19835.0,19501
,,,,,,,,,,,,,,,,,,,,,,,,,19598.0,19877.0,19502
,,,,,,,,,,,,,,,,,,,,,,,,,19599.0,19878.0,19503
,,,,,,,,,,,,,,,,,,,,,,,,,19600.0,19879.0,19504
,,,,,,,,,,,,,,,,,,,,,,,,,19601.0,19880.0,19505
,,,,,,,,,,,,,,,,,,,,,,,,,19602.0,19881.0,19506
,,,,,,,,,,,,,,,,,,,,,,,,,19603.0,19882.0,19507
,,,,,,,,,,,,,,,,,,,,,,,,,19604.0,19883.0,19508
,,,,,,,,,,,,,,,,,,,,,,,,,19605.0,19884.0,19509
,,,,,,,,,,,,,,,,,,,,,,,,,19606.0,19885.0,19510
,,,,,,,,,,,,,,,,,,,,,,,,,19607.0,19886.0,19511
,,,,,,,,,,,,,,,,,,,,,,,,,19608.0,19887.0,19512
,,,,,,,,,,,,,,,,,,,,,,,,,19609.0,19888.0,19558
,,,,,,,,,,,,,,,,,,,,,,,,,19610.0,19889.0,19559
,,,,,,,,,,,,,,,,,,,,,,,,,19611.0,19890.0,19560
,,,,,,,,,,,,,,,,,,,,,,,,,19612.0,19891.0,19561
,,,,,,,,,,,,,,,,,,,,,,,,,19613.0,19892.0,19562
,,,,,,,,,,,,,,,,,,,,,,,,,19614.0,19893.0,19563
,,,,,,,,,,,,,,,,,,,,,,,,,19615.0,19894.0,19564
,,,,,,,,,,,,,,,,,,,,,,,,,19844.0,19895.0,19565
,,,,,,,,,,,,,,,,,,,,,,,,,19845.0,19896.0,19566
,,,,,,,,,,,,,,,,,,,,,,,,,19846.0,19897.0,19567
,,,,,,,,,,,,,,,,,,,,,,,,,19847.0,19898.0,19568
,,,,,,,,,,,,,,,,,,,,,,,,,19848.0,19899.0,19569
,,,,,,,,,,,,,,,,,,,,,,,,,19849.0,19900.0,19570
,,,,,,,,,,,,,,,,,,,,,,,,,19850.0,20090.0,19571
,,,,,,,,,,,,,,,,,,,,,,,,,19851.0,20091.0,19572
,,,,,,,,,,,,,,,,,,,,,,,,,19852.0,20092.0,19573
,,,,,,,,,,,,,,,,,,,,,,,,,19853.0,20093.0,19574
,,,,,,,,,,,,,,,,,,,,,,,,,19854.0,20094.0,19575
,,,,,,,,,,,,,,,,,,,,,,,,,19855.0,20095.0,19576
,,,,,,,,,,,,,,,,,,,,,,,,,19856.0,20096.0,19577
,,,,,,,,,,,,,,,,,,,,,,,,,19857.0,20097.0,19578
,,,,,,,,,,,,,,,,,,,,,,,,,19858.0,20098.0,19579
,,,,,,,,,,,,,,,,,,,,,,,,,19859.0,20099.0,19580
,,,,,,,,,,,,,,,,,,,,,,,,,19860.0,20100.0,19581
,,,,,,,,,,,,,,,,,,,,,,,,,19861.0,20101.0,19582
,,,,,,,,,,,,,,,,,,,,,,,,,19862.0,20102.0,19583
,,,,,,,,,,,,,,,,,,,,,,,,,19863.0,20103.0,19584
,,,,,,,,,,,,,,,,,,,,,,,,,19864.0,20104.0,19585
,,,,,,,,,,,,,,,,,,,,,,,,,19865.0,20105.0,19810
,,,,,,,,,,,,,,,,,,,,,,,,,19911.0,20106.0,19811
,,,,,,,,,,,,,,,,,,,,,,,,,19912.0,20107.0,19812
,,,,,,,,,,,,,,,,,,,,,,,,,19913.0,20108.0,19813
,,,,,,,,,,,,,,,,,,,,,,,,,19914.0,20109.0,19814
,,,,,,,,,,,,,,,,,,,,,,,,,19915.0,20110.0,19815
,,,,,,,,,,,,,,,,,,,,,,,,,19916.0,20111.0,19816
,,,,,,,,,,,,,,,,,,,,,,,,,19917.0,20112.0,19817
,,,,,,,,,,,,,,,,,,,,,,,,,19918.0,20113.0,19818
,,,,,,,,,,,,,,,,,,,,,,,,,19919.0,20114.0,19819
,,,,,,,,,,,,,,,,,,,,,,,,,19920.0,20115.0,19820
,,,,,,,,,,,,,,,,,,,,,,,,,19921.0,20116.0,19821
,,,,,,,,,,,,,,,,,,,,,,,,,19922.0,20186.0,19822
,,,,,,,,,,,,,,,,,,,,,,,,,19923.0,20187.0,19823
,,,,,,,,,,,,,,,,,,,,,,,,,19924.0,20188.0,19824
,,,,,,,,,,,,,,,,,,,,,,,,,19925.0,20189.0,19825
,,,,,,,,,,,,,,,,,,,,,,,,,19926.0,20190.0,19826
,,,,,,,,,,,,,,,,,,,,,,,,,19927.0,20191.0,19827
,,,,,,,,,,,,,,,,,,,,,,,,,19928.0,20192.0,19828
,,,,,,,,,,,,,,,,,,,,,,,,,19929.0,20193.0,19829
,,,,,,,,,,,,,,,,,,,,,,,,,19930.0,20194.0,19830
,,,,,,,,,,,,,,,,,,,,,,,,,19931.0,20195.0,19831
,,,,,,,,,,,,,,,,,,,,,,,,,19932.0,20196.0,19832
,,,,,,,,,,,,,,,,,,,,,,,,,19933.0,20197.0,19833
,,,,,,,,,,,,,,,,,,,,,,,,,19934.0,20198.0,19834
,,,,,,,,,,,,,,,,,,,,,,,,,19935.0,20199.0,19835
,,,,,,,,,,,,,,,,,,,,,,,,,19936.0,20200.0,19877
,,,,,,,,,,,,,,,,,,,,,,,,,19937.0,20201.0,19878
,,,,,,,,,,,,,,,,,,,,,,,,,19938.0,20202.0,19879
,,,,,,,,,,,,,,,,,,,,,,,,,20172.0,20203.0,19880
,,,,,,,,,,,,,,,,,,,,,,,,,20173.0,20204.0,19881
,,,,,,,,,,,,,,,,,,,,,,,,,20174.0,20205.0,19882
,,,,,,,,,,,,,,,,,,,,,,,,,20175.0,20206.0,19883
,,,,,,,,,,,,,,,,,,,,,,,,,20176.0,20207.0,19884
,,,,,,,,,,,,,,,,,,,,,,,,,20177.0,20208.0,19885
,,,,,,,,,,,,,,,,,,,,,,,,,20178.0,20209.0,19886
,,,,,,,,,,,,,,,,,,,,,,,,,20179.0,20210.0,19887
,,,,,,,,,,,,,,,,,,,,,,,,,20180.0,20211.0,19888
,,,,,,,,,,,,,,,,,,,,,,,,,20181.0,20212.0,19889
,,,,,,,,,,,,,,,,,,,,,,,,,20182.0,20213.0,19890
,,,,,,,,,,,,,,,,,,,,,,,,,20183.0,20214.0,19891
,,,,,,,,,,,,,,,,,,,,,,,,,20184.0,20215.0,19892
,,,,,,,,,,,,,,,,,,,,,,,,,20185.0,20377.0,19893
,,,,,,,,,,,,,,,,,,,,,,,,,20186.0,20378.0,19894
,,,,,,,,,,,,,,,,,,,,,,,,,20187.0,20379.0,19895
,,,,,,,,,,,,,,,,,,,,,,,,,20188.0,20380.0,19896
,,,,,,,,,,,,,,,,,,,,,,,,,20189.0,20381.0,19897
,,,,,,,,,,,,,,,,,,,,,,,,,20190.0,20382.0,19898
,,,,,,,,,,,,,,,,,,,,,,,,,20191.0,20383.0,19899
,,,,,,,,,,,,,,,,,,,,,,,,,20192.0,20384.0,19900
,,,,,,,,,,,,,,,,,,,,,,,,,20193.0,20385.0,20090
,,,,,,,,,,,,,,,,,,,,,,,,,20194.0,20386.0,20091
,,,,,,,,,,,,,,,,,,,,,,,,,20195.0,20387.0,20092
,,,,,,,,,,,,,,,,,,,,,,,,,20196.0,20388.0,20093
,,,,,,,,,,,,,,,,,,,,,,,,,20197.0,20389.0,20094
,,,,,,,,,,,,,,,,,,,,,,,,,20198.0,20390.0,20095
,,,,,,,,,,,,,,,,,,,,,,,,,20199.0,20391.0,20096
,,,,,,,,,,,,,,,,,,,,,,,,,20231.0,20392.0,20097
,,,,,,,,,,,,,,,,,,,,,,,,,20232.0,20393.0,20098
,,,,,,,,,,,,,,,,,,,,,,,,,20233.0,20394.0,20099
,,,,,,,,,,,,,,,,,,,,,,,,,20234.0,20395.0,20100
,,,,,,,,,,,,,,,,,,,,,,,,,20235.0,20396.0,20101
,,,,,,,,,,,,,,,,,,,,,,,,,20236.0,20397.0,20102
,,,,,,,,,,,,,,,,,,,,,,,,,20237.0,20398.0,20103
,,,,,,,,,,,,,,,,,,,,,,,,,20238.0,20399.0,20104
,,,,,,,,,,,,,,,,,,,,,,,,,20239.0,20400.0,20105
,,,,,,,,,,,,,,,,,,,,,,,,,20240.0,20401.0,20106
,,,,,,,,,,,,,,,,,,,,,,,,,20241.0,20402.0,20107
,,,,,,,,,,,,,,,,,,,,,,,,,20242.0,20403.0,20108
,,,,,,,,,,,,,,,,,,,,,,,,,20243.0,20404.0,20109
,,,,,,,,,,,,,,,,,,,,,,,,,20244.0,20472.0,20110
,,,,,,,,,,,,,,,,,,,,,,,,,20245.0,20473.0,20111
,,,,,,,,,,,,,,,,,,,,,,,,,20246.0,20474.0,20112
,,,,,,,,,,,,,,,,,,,,,,,,,20247.0,20475.0,20113
,,,,,,,,,,,,,,,,,,,,,,,,,20248.0,20476.0,20114
,,,,,,,,,,,,,,,,,,,,,,,,,20249.0,20477.0,20115
,,,,,,,,,,,,,,,,,,,,,,,,,20250.0,20478.0,20116
,,,,,,,,,,,,,,,,,,,,,,,,,20251.0,20479.0,20186
,,,,,,,,,,,,,,,,,,,,,,,,,20252.0,20480.0,20187
,,,,,,,,,,,,,,,,,,,,,,,,,20253.0,20481.0,20188
,,,,,,,,,,,,,,,,,,,,,,,,,20254.0,20482.0,20189
,,,,,,,,,,,,,,,,,,,,,,,,,20472.0,20483.0,20190
,,,,,,,,,,,,,,,,,,,,,,,,,20473.0,20484.0,20191
,,,,,,,,,,,,,,,,,,,,,,,,,20474.0,20485.0,20192
,,,,,,,,,,,,,,,,,,,,,,,,,20475.0,20486.0,20193
,,,,,,,,,,,,,,,,,,,,,,,,,20476.0,20487.0,20194
,,,,,,,,,,,,,,,,,,,,,,,,,20477.0,20488.0,20195
,,,,,,,,,,,,,,,,,,,,,,,,,20478.0,20489.0,20196
,,,,,,,,,,,,,,,,,,,,,,,,,20479.0,20490.0,20197
,,,,,,,,,,,,,,,,,,,,,,,,,20480.0,20491.0,20198
,,,,,,,,,,,,,,,,,,,,,,,,,20481.0,20492.0,20199
,,,,,,,,,,,,,,,,,,,,,,,,,20482.0,20493.0,20200
,,,,,,,,,,,,,,,,,,,,,,,,,20483.0,20494.0,20201
,,,,,,,,,,,,,,,,,,,,,,,,,20484.0,20495.0,20202
,,,,,,,,,,,,,,,,,,,,,,,,,20485.0,20496.0,20203
,,,,,,,,,,,,,,,,,,,,,,,,,20486.0,20677.0,20204
,,,,,,,,,,,,,,,,,,,,,,,,,20487.0,20678.0,20205
,,,,,,,,,,,,,,,,,,,,,,,,,20488.0,20679.0,20206
,,,,,,,,,,,,,,,,,,,,,,,,,20489.0,20680.0,20207
,,,,,,,,,,,,,,,,,,,,,,,,,20490.0,20681.0,20208
,,,,,,,,,,,,,,,,,,,,,,,,,20491.0,20682.0,20209
,,,,,,,,,,,,,,,,,,,,,,,,,20492.0,20683.0,20210
,,,,,,,,,,,,,,,,,,,,,,,,,20493.0,20684.0,20211
,,,,,,,,,,,,,,,,,,,,,,,,,20494.0,20685.0,20212
,,,,,,,,,,,,,,,,,,,,,,,,,20495.0,20686.0,20213
,,,,,,,,,,,,,,,,,,,,,,,,,20542.0,20687.0,20214
,,,,,,,,,,,,,,,,,,,,,,,,,20543.0,20688.0,20215
,,,,,,,,,,,,,,,,,,,,,,,,,20544.0,20689.0,20377
,,,,,,,,,,,,,,,,,,,,,,,,,20545.0,20690.0,20378
,,,,,,,,,,,,,,,,,,,,,,,,,20546.0,20691.0,20379
,,,,,,,,,,,,,,,,,,,,,,,,,20547.0,20692.0,20380
,,,,,,,,,,,,,,,,,,,,,,,,,20548.0,20693.0,20381
,,,,,,,,,,,,,,,,,,,,,,,,,20549.0,20694.0,20382
,,,,,,,,,,,,,,,,,,,,,,,,,20550.0,20695.0,20383
,,,,,,,,,,,,,,,,,,,,,,,,,20551.0,20696.0,20384
,,,,,,,,,,,,,,,,,,,,,,,,,20552.0,20697.0,20385
,,,,,,,,,,,,,,,,,,,,,,,,,20553.0,20698.0,20386
,,,,,,,,,,,,,,,,,,,,,,,,,20554.0,20766.0,20387
,,,,,,,,,,,,,,,,,,,,,,,,,20555.0,20767.0,20388
,,,,,,,,,,,,,,,,,,,,,,,,,20556.0,20768.0,20389
,,,,,,,,,,,,,,,,,,,,,,,,,20557.0,20769.0,20390
,,,,,,,,,,,,,,,,,,,,,,,,,20558.0,20770.0,20391
,,,,,,,,,,,,,,,,,,,,,,,,,20559.0,20771.0,20392
,,,,,,,,,,,,,,,,,,,,,,,,,20560.0,20772.0,20393
,,,,,,,,,,,,,,,,,,,,,,,,,20561.0,20773.0,20394
,,,,,,,,,,,,,,,,,,,,,,,,,20562.0,20774.0,20395
,,,,,,,,,,,,,,,,,,,,,,,,,20563.0,20775.0,20396
,,,,,,,,,,,,,,,,,,,,,,,,,20564.0,20776.0,20397
,,,,,,,,,,,,,,,,,,,,,,,,,20565.0,20777.0,20398
,,,,,,,,,,,,,,,,,,,,,,,,,20566.0,20778.0,20399
,,,,,,,,,,,,,,,,,,,,,,,,,20567.0,20779.0,20400
,,,,,,,,,,,,,,,,,,,,,,,,,20568.0,20780.0,20401
,,,,,,,,,,,,,,,,,,,,,,,,,20569.0,20781.0,20402
,,,,,,,,,,,,,,,,,,,,,,,,,20570.0,20782.0,20403
,,,,,,,,,,,,,,,,,,,,,,,,,20571.0,20783.0,20404
,,,,,,,,,,,,,,,,,,,,,,,,,20786.0,20784.0,20472
,,,,,,,,,,,,,,,,,,,,,,,,,20787.0,20785.0,20473
,,,,,,,,,,,,,,,,,,,,,,,,,20788.0,20786.0,20474
,,,,,,,,,,,,,,,,,,,,,,,,,20789.0,20787.0,20475
,,,,,,,,,,,,,,,,,,,,,,,,,20790.0,20788.0,20476
,,,,,,,,,,,,,,,,,,,,,,,,,20791.0,20789.0,20477
,,,,,,,,,,,,,,,,,,,,,,,,,20792.0,20790.0,20478
,,,,,,,,,,,,,,,,,,,,,,,,,20793.0,20791.0,20479
,,,,,,,,,,,,,,,,,,,,,,,,,20794.0,20988.0,20480
,,,,,,,,,,,,,,,,,,,,,,,,,20795.0,20989.0,20481
,,,,,,,,,,,,,,,,,,,,,,,,,20796.0,20990.0,20482
,,,,,,,,,,,,,,,,,,,,,,,,,20797.0,20991.0,20483
,,,,,,,,,,,,,,,,,,,,,,,,,20798.0,20992.0,20484
,,,,,,,,,,,,,,,,,,,,,,,,,20799.0,20993.0,20485
,,,,,,,,,,,,,,,,,,,,,,,,,20800.0,20994.0,20486
,,,,,,,,,,,,,,,,,,,,,,,,,20801.0,20995.0,20487
,,,,,,,,,,,,,,,,,,,,,,,,,20802.0,20996.0,20488
,,,,,,,,,,,,,,,,,,,,,,,,,20803.0,20997.0,20489
,,,,,,,,,,,,,,,,,,,,,,,,,20804.0,20998.0,20490
,,,,,,,,,,,,,,,,,,,,,,,,,20805.0,20999.0,20491
,,,,,,,,,,,,,,,,,,,,,,,,,20806.0,21000.0,20492
,,,,,,,,,,,,,,,,,,,,,,,,,20807.0,21001.0,20493
,,,,,,,,,,,,,,,,,,,,,,,,,20808.0,21002.0,20494
,,,,,,,,,,,,,,,,,,,,,,,,,20809.0,21003.0,20495
,,,,,,,,,,,,,,,,,,,,,,,,,20810.0,21004.0,20496
,,,,,,,,,,,,,,,,,,,,,,,,,20811.0,21005.0,20677
,,,,,,,,,,,,,,,,,,,,,,,,,20812.0,21006.0,20678
,,,,,,,,,,,,,,,,,,,,,,,,,20867.0,21007.0,20679
,,,,,,,,,,,,,,,,,,,,,,,,,20868.0,21008.0,20680
,,,,,,,,,,,,,,,,,,,,,,,,,20869.0,21009.0,20681
,,,,,,,,,,,,,,,,,,,,,,,,,20870.0,21010.0,20682
,,,,,,,,,,,,,,,,,,,,,,,,,20871.0,21011.0,20683
,,,,,,,,,,,,,,,,,,,,,,,,,20872.0,21012.0,20684
,,,,,,,,,,,,,,,,,,,,,,,,,20873.0,21050.0,20685
,,,,,,,,,,,,,,,,,,,,,,,,,20874.0,21051.0,20686
,,,,,,,,,,,,,,,,,,,,,,,,,20875.0,21052.0,20687
,,,,,,,,,,,,,,,,,,,,,,,,,20876.0,21053.0,20688
,,,,,,,,,,,,,,,,,,,,,,,,,20877.0,21054.0,20689
,,,,,,,,,,,,,,,,,,,,,,,,,20878.0,21055.0,20690
,,,,,,,,,,,,,,,,,,,,,,,,,20879.0,21056.0,20691
,,,,,,,,,,,,,,,,,,,,,,,,,20880.0,21057.0,20692
,,,,,,,,,,,,,,,,,,,,,,,,,20881.0,21058.0,20693
,,,,,,,,,,,,,,,,,,,,,,,,,20882.0,21059.0,20694
,,,,,,,,,,,,,,,,,,,,,,,,,20883.0,21060.0,20695
,,,,,,,,,,,,,,,,,,,,,,,,,20884.0,21061.0,20696
,,,,,,,,,,,,,,,,,,,,,,,,,20885.0,21062.0,20697
,,,,,,,,,,,,,,,,,,,,,,,,,20886.0,21063.0,20698
,,,,,,,,,,,,,,,,,,,,,,,,,20887.0,21064.0,20766
,,,,,,,,,,,,,,,,,,,,,,,,,20888.0,21065.0,20767
,,,,,,,,,,,,,,,,,,,,,,,,,20889.0,21066.0,20768
,,,,,,,,,,,,,,,,,,,,,,,,,21075.0,21067.0,20769
,,,,,,,,,,,,,,,,,,,,,,,,,21076.0,21068.0,20770
,,,,,,,,,,,,,,,,,,,,,,,,,21077.0,21069.0,20771
,,,,,,,,,,,,,,,,,,,,,,,,,21078.0,21070.0,20772
,,,,,,,,,,,,,,,,,,,,,,,,,21079.0,21071.0,20773
,,,,,,,,,,,,,,,,,,,,,,,,,21080.0,21072.0,20774
,,,,,,,,,,,,,,,,,,,,,,,,,21081.0,21073.0,20775
,,,,,,,,,,,,,,,,,,,,,,,,,21082.0,21074.0,20776
,,,,,,,,,,,,,,,,,,,,,,,,,21083.0,21075.0,20777
,,,,,,,,,,,,,,,,,,,,,,,,,21084.0,21076.0,20778
,,,,,,,,,,,,,,,,,,,,,,,,,21085.0,21077.0,20779
,,,,,,,,,,,,,,,,,,,,,,,,,21086.0,21078.0,20780
,,,,,,,,,,,,,,,,,,,,,,,,,21087.0,21079.0,20781
,,,,,,,,,,,,,,,,,,,,,,,,,21088.0,21294.0,20782
,,,,,,,,,,,,,,,,,,,,,,,,,21089.0,21295.0,20783
,,,,,,,,,,,,,,,,,,,,,,,,,21090.0,21296.0,20784
,,,,,,,,,,,,,,,,,,,,,,,,,21091.0,21297.0,20785
,,,,,,,,,,,,,,,,,,,,,,,,,21092.0,21298.0,20786
,,,,,,,,,,,,,,,,,,,,,,,,,21093.0,21299.0,20787
,,,,,,,,,,,,,,,,,,,,,,,,,21094.0,21300.0,20788
,,,,,,,,,,,,,,,,,,,,,,,,,21095.0,21301.0,20789
,,,,,,,,,,,,,,,,,,,,,,,,,21096.0,21302.0,20790
,,,,,,,,,,,,,,,,,,,,,,,,,21097.0,21303.0,20791
,,,,,,,,,,,,,,,,,,,,,,,,,21098.0,21304.0,20988
,,,,,,,,,,,,,,,,,,,,,,,,,21099.0,21305.0,20989
,,,,,,,,,,,,,,,,,,,,,,,,,21100.0,21306.0,20990
,,,,,,,,,,,,,,,,,,,,,,,,,21101.0,21307.0,20991
,,,,,,,,,,,,,,,,,,,,,,,,,21102.0,21308.0,20992
,,,,,,,,,,,,,,,,,,,,,,,,,21103.0,21309.0,20993
,,,,,,,,,,,,,,,,,,,,,,,,,21146.0,21310.0,20994
,,,,,,,,,,,,,,,,,,,,,,,,,21147.0,21311.0,20995
,,,,,,,,,,,,,,,,,,,,,,,,,21148.0,21312.0,20996
,,,,,,,,,,,,,,,,,,,,,,,,,21149.0,21313.0,20997
,,,,,,,,,,,,,,,,,,,,,,,,,21150.0,21314.0,20998
,,,,,,,,,,,,,,,,,,,,,,,,,21151.0,21315.0,20999
,,,,,,,,,,,,,,,,,,,,,,,,,21152.0,21358.0,21000
,,,,,,,,,,,,,,,,,,,,,,,,,21153.0,21359.0,21001
,,,,,,,,,,,,,,,,,,,,,,,,,21154.0,21360.0,21002
,,,,,,,,,,,,,,,,,,,,,,,,,21155.0,21361.0,21003
,,,,,,,,,,,,,,,,,,,,,,,,,21156.0,21362.0,21004
,,,,,,,,,,,,,,,,,,,,,,,,,21157.0,21363.0,21005
,,,,,,,,,,,,,,,,,,,,,,,,,21158.0,21364.0,21006
,,,,,,,,,,,,,,,,,,,,,,,,,21159.0,21365.0,21007
,,,,,,,,,,,,,,,,,,,,,,,,,21160.0,21366.0,21008
,,,,,,,,,,,,,,,,,,,,,,,,,21161.0,21367.0,21009
,,,,,,,,,,,,,,,,,,,,,,,,,21162.0,21368.0,21010
,,,,,,,,,,,,,,,,,,,,,,,,,21163.0,21369.0,21011
,,,,,,,,,,,,,,,,,,,,,,,,,21164.0,21370.0,21012
,,,,,,,,,,,,,,,,,,,,,,,,,21165.0,21371.0,21050
,,,,,,,,,,,,,,,,,,,,,,,,,21166.0,21372.0,21051
,,,,,,,,,,,,,,,,,,,,,,,,,21167.0,21373.0,21052
,,,,,,,,,,,,,,,,,,,,,,,,,21168.0,21374.0,21053
,,,,,,,,,,,,,,,,,,,,,,,,,21357.0,21375.0,21054
,,,,,,,,,,,,,,,,,,,,,,,,,21358.0,21376.0,21055
,,,,,,,,,,,,,,,,,,,,,,,,,21359.0,21377.0,21056
,,,,,,,,,,,,,,,,,,,,,,,,,21360.0,21378.0,21057
,,,,,,,,,,,,,,,,,,,,,,,,,21361.0,21379.0,21058
,,,,,,,,,,,,,,,,,,,,,,,,,21362.0,21380.0,21059
,,,,,,,,,,,,,,,,,,,,,,,,,21363.0,21381.0,21060
,,,,,,,,,,,,,,,,,,,,,,,,,21364.0,21382.0,21061
,,,,,,,,,,,,,,,,,,,,,,,,,21365.0,21383.0,21062
,,,,,,,,,,,,,,,,,,,,,,,,,21366.0,21384.0,21063
,,,,,,,,,,,,,,,,,,,,,,,,,21367.0,21385.0,21064
,,,,,,,,,,,,,,,,,,,,,,,,,21368.0,21386.0,21065
,,,,,,,,,,,,,,,,,,,,,,,,,21369.0,21532.0,21066
,,,,,,,,,,,,,,,,,,,,,,,,,21370.0,21533.0,21067
,,,,,,,,,,,,,,,,,,,,,,,,,21371.0,21534.0,21068
,,,,,,,,,,,,,,,,,,,,,,,,,21372.0,21535.0,21069
,,,,,,,,,,,,,,,,,,,,,,,,,21373.0,21536.0,21070
,,,,,,,,,,,,,,,,,,,,,,,,,21374.0,21537.0,21071
,,,,,,,,,,,,,,,,,,,,,,,,,21375.0,21538.0,21072
,,,,,,,,,,,,,,,,,,,,,,,,,21376.0,21539.0,21073
,,,,,,,,,,,,,,,,,,,,,,,,,21377.0,21540.0,21074
,,,,,,,,,,,,,,,,,,,,,,,,,21378.0,21541.0,21075
,,,,,,,,,,,,,,,,,,,,,,,,,21379.0,21542.0,21076
,,,,,,,,,,,,,,,,,,,,,,,,,21380.0,21543.0,21077
,,,,,,,,,,,,,,,,,,,,,,,,,21381.0,21544.0,21078
,,,,,,,,,,,,,,,,,,,,,,,,,21382.0,21545.0,21079
,,,,,,,,,,,,,,,,,,,,,,,,,21383.0,21546.0,21294
,,,,,,,,,,,,,,,,,,,,,,,,,21384.0,21547.0,21295
,,,,,,,,,,,,,,,,,,,,,,,,,21385.0,21548.0,21296
,,,,,,,,,,,,,,,,,,,,,,,,,21427.0,21549.0,21297
,,,,,,,,,,,,,,,,,,,,,,,,,21428.0,21550.0,21298
,,,,,,,,,,,,,,,,,,,,,,,,,21429.0,21551.0,21299
,,,,,,,,,,,,,,,,,,,,,,,,,21430.0,21552.0,21300
,,,,,,,,,,,,,,,,,,,,,,,,,21431.0,21553.0,21301
,,,,,,,,,,,,,,,,,,,,,,,,,21432.0,21554.0,21302
,,,,,,,,,,,,,,,,,,,,,,,,,21433.0,21555.0,21303
,,,,,,,,,,,,,,,,,,,,,,,,,21434.0,21556.0,21304
,,,,,,,,,,,,,,,,,,,,,,,,,21435.0,21557.0,21305
,,,,,,,,,,,,,,,,,,,,,,,,,21436.0,21558.0,21306
,,,,,,,,,,,,,,,,,,,,,,,,,21437.0,21559.0,21307
,,,,,,,,,,,,,,,,,,,,,,,,,21438.0,21560.0,21308
,,,,,,,,,,,,,,,,,,,,,,,,,21439.0,21675.0,21309
,,,,,,,,,,,,,,,,,,,,,,,,,21440.0,21676.0,21310
,,,,,,,,,,,,,,,,,,,,,,,,,21441.0,21677.0,21311
,,,,,,,,,,,,,,,,,,,,,,,,,21442.0,21678.0,21312
,,,,,,,,,,,,,,,,,,,,,,,,,21443.0,21679.0,21313
,,,,,,,,,,,,,,,,,,,,,,,,,21444.0,21680.0,21314
,,,,,,,,,,,,,,,,,,,,,,,,,21445.0,21681.0,21315
,,,,,,,,,,,,,,,,,,,,,,,,,21446.0,21682.0,21358
,,,,,,,,,,,,,,,,,,,,,,,,,21447.0,21683.0,21359
,,,,,,,,,,,,,,,,,,,,,,,,,21448.0,21684.0,21360
,,,,,,,,,,,,,,,,,,,,,,,,,21449.0,21685.0,21361
,,,,,,,,,,,,,,,,,,,,,,,,,21450.0,21686.0,21362
,,,,,,,,,,,,,,,,,,,,,,,,,21451.0,21687.0,21363
,,,,,,,,,,,,,,,,,,,,,,,,,21452.0,21688.0,21364
,,,,,,,,,,,,,,,,,,,,,,,,,21453.0,21689.0,21365
,,,,,,,,,,,,,,,,,,,,,,,,,21454.0,21690.0,21366
,,,,,,,,,,,,,,,,,,,,,,,,,21658.0,21691.0,21367
,,,,,,,,,,,,,,,,,,,,,,,,,21659.0,21692.0,21368
,,,,,,,,,,,,,,,,,,,,,,,,,21660.0,21693.0,21369
,,,,,,,,,,,,,,,,,,,,,,,,,21661.0,21694.0,21370
,,,,,,,,,,,,,,,,,,,,,,,,,21662.0,21695.0,21371
,,,,,,,,,,,,,,,,,,,,,,,,,21663.0,21696.0,21372
,,,,,,,,,,,,,,,,,,,,,,,,,21664.0,21697.0,21373
,,,,,,,,,,,,,,,,,,,,,,,,,21665.0,21698.0,21374
,,,,,,,,,,,,,,,,,,,,,,,,,21666.0,21699.0,21375
,,,,,,,,,,,,,,,,,,,,,,,,,21667.0,21865.0,21376
,,,,,,,,,,,,,,,,,,,,,,,,,21668.0,21866.0,21377
,,,,,,,,,,,,,,,,,,,,,,,,,21669.0,21867.0,21378
,,,,,,,,,,,,,,,,,,,,,,,,,21670.0,21868.0,21379
,,,,,,,,,,,,,,,,,,,,,,,,,21671.0,21869.0,21380
,,,,,,,,,,,,,,,,,,,,,,,,,21672.0,21870.0,21381
,,,,,,,,,,,,,,,,,,,,,,,,,21673.0,21871.0,21382
,,,,,,,,,,,,,,,,,,,,,,,,,21674.0,21872.0,21383
,,,,,,,,,,,,,,,,,,,,,,,,,21675.0,21873.0,21384
,,,,,,,,,,,,,,,,,,,,,,,,,21676.0,21874.0,21385
,,,,,,,,,,,,,,,,,,,,,,,,,21677.0,21875.0,21386
,,,,,,,,,,,,,,,,,,,,,,,,,21678.0,21876.0,21532
,,,,,,,,,,,,,,,,,,,,,,,,,21679.0,21877.0,21533
,,,,,,,,,,,,,,,,,,,,,,,,,21680.0,21878.0,21534
,,,,,,,,,,,,,,,,,,,,,,,,,21681.0,21879.0,21535
,,,,,,,,,,,,,,,,,,,,,,,,,21716.0,21880.0,21536
,,,,,,,,,,,,,,,,,,,,,,,,,21717.0,21881.0,21537
,,,,,,,,,,,,,,,,,,,,,,,,,21718.0,21882.0,21538
,,,,,,,,,,,,,,,,,,,,,,,,,21719.0,21883.0,21539
,,,,,,,,,,,,,,,,,,,,,,,,,21720.0,21884.0,21540
,,,,,,,,,,,,,,,,,,,,,,,,,21721.0,21885.0,21541
,,,,,,,,,,,,,,,,,,,,,,,,,21722.0,21886.0,21542
,,,,,,,,,,,,,,,,,,,,,,,,,21723.0,21887.0,21543
,,,,,,,,,,,,,,,,,,,,,,,,,21724.0,21888.0,21544
,,,,,,,,,,,,,,,,,,,,,,,,,21725.0,21904.0,21545
,,,,,,,,,,,,,,,,,,,,,,,,,21726.0,21905.0,21546
,,,,,,,,,,,,,,,,,,,,,,,,,21727.0,21906.0,21547
,,,,,,,,,,,,,,,,,,,,,,,,,21728.0,21907.0,21548
,,,,,,,,,,,,,,,,,,,,,,,,,21729.0,21908.0,21549
,,,,,,,,,,,,,,,,,,,,,,,,,21730.0,21909.0,21550
,,,,,,,,,,,,,,,,,,,,,,,,,21731.0,21910.0,21551
,,,,,,,,,,,,,,,,,,,,,,,,,21732.0,21911.0,21552
,,,,,,,,,,,,,,,,,,,,,,,,,21733.0,21912.0,21553
,,,,,,,,,,,,,,,,,,,,,,,,,21734.0,21913.0,21554
,,,,,,,,,,,,,,,,,,,,,,,,,21735.0,21914.0,21555
,,,,,,,,,,,,,,,,,,,,,,,,,21736.0,21915.0,21556
,,,,,,,,,,,,,,,,,,,,,,,,,21737.0,21916.0,21557
,,,,,,,,,,,,,,,,,,,,,,,,,21738.0,21917.0,21558
,,,,,,,,,,,,,,,,,,,,,,,,,21739.0,21918.0,21559
,,,,,,,,,,,,,,,,,,,,,,,,,21740.0,21919.0,21560
,,,,,,,,,,,,,,,,,,,,,,,,,21741.0,21920.0,21675
,,,,,,,,,,,,,,,,,,,,,,,,,21742.0,21921.0,21676
,,,,,,,,,,,,,,,,,,,,,,,,,21961.0,21922.0,21677
,,,,,,,,,,,,,,,,,,,,,,,,,21962.0,21923.0,21678
,,,,,,,,,,,,,,,,,,,,,,,,,21963.0,21924.0,21679
,,,,,,,,,,,,,,,,,,,,,,,,,21964.0,21925.0,21680
,,,,,,,,,,,,,,,,,,,,,,,,,21965.0,21926.0,21681
,,,,,,,,,,,,,,,,,,,,,,,,,21966.0,21927.0,21682
,,,,,,,,,,,,,,,,,,,,,,,,,21967.0,21928.0,21683
,,,,,,,,,,,,,,,,,,,,,,,,,21968.0,21929.0,21684
,,,,,,,,,,,,,,,,,,,,,,,,,21969.0,21930.0,21685
,,,,,,,,,,,,,,,,,,,,,,,,,21970.0,21931.0,21686
,,,,,,,,,,,,,,,,,,,,,,,,,21971.0,21932.0,21687
,,,,,,,,,,,,,,,,,,,,,,,,,21972.0,22091.0,21688
,,,,,,,,,,,,,,,,,,,,,,,,,21973.0,22092.0,21689
,,,,,,,,,,,,,,,,,,,,,,,,,21974.0,22093.0,21690
,,,,,,,,,,,,,,,,,,,,,,,,,21975.0,22094.0,21691
,,,,,,,,,,,,,,,,,,,,,,,,,21976.0,22095.0,21692
,,,,,,,,,,,,,,,,,,,,,,,,,21977.0,22096.0,21693
,,,,,,,,,,,,,,,,,,,,,,,,,21978.0,22097.0,21694
,,,,,,,,,,,,,,,,,,,,,,,,,21979.0,22098.0,21695
,,,,,,,,,,,,,,,,,,,,,,,,,21980.0,22099.0,21696
,,,,,,,,,,,,,,,,,,,,,,,,,21981.0,22100.0,21697
,,,,,,,,,,,,,,,,,,,,,,,,,21982.0,22101.0,21698
,,,,,,,,,,,,,,,,,,,,,,,,,21983.0,22102.0,21699
,,,,,,,,,,,,,,,,,,,,,,,,,21984.0,22103.0,21865
,,,,,,,,,,,,,,,,,,,,,,,,,21985.0,22104.0,21866
,,,,,,,,,,,,,,,,,,,,,,,,,21986.0,22105.0,21867
,,,,,,,,,,,,,,,,,,,,,,,,,21987.0,22106.0,21868
,,,,,,,,,,,,,,,,,,,,,,,,,21988.0,22107.0,21869
,,,,,,,,,,,,,,,,,,,,,,,,,21989.0,22108.0,21870
,,,,,,,,,,,,,,,,,,,,,,,,,22013.0,22109.0,21871
,,,,,,,,,,,,,,,,,,,,,,,,,22014.0,22110.0,21872
,,,,,,,,,,,,,,,,,,,,,,,,,22015.0,22111.0,21873
,,,,,,,,,,,,,,,,,,,,,,,,,22016.0,22112.0,21874
,,,,,,,,,,,,,,,,,,,,,,,,,22017.0,22247.0,21875
,,,,,,,,,,,,,,,,,,,,,,,,,22018.0,22248.0,21876
,,,,,,,,,,,,,,,,,,,,,,,,,22019.0,22249.0,21877
,,,,,,,,,,,,,,,,,,,,,,,,,22020.0,22250.0,21878
,,,,,,,,,,,,,,,,,,,,,,,,,22021.0,22251.0,21879
,,,,,,,,,,,,,,,,,,,,,,,,,22022.0,22252.0,21880
,,,,,,,,,,,,,,,,,,,,,,,,,22023.0,22253.0,21881
,,,,,,,,,,,,,,,,,,,,,,,,,22024.0,22254.0,21882
,,,,,,,,,,,,,,,,,,,,,,,,,22025.0,22255.0,21883
,,,,,,,,,,,,,,,,,,,,,,,,,22026.0,22256.0,21884
,,,,,,,,,,,,,,,,,,,,,,,,,22027.0,22257.0,21885
,,,,,,,,,,,,,,,,,,,,,,,,,22028.0,22258.0,21886
,,,,,,,,,,,,,,,,,,,,,,,,,22029.0,22259.0,21887
,,,,,,,,,,,,,,,,,,,,,,,,,22030.0,22260.0,21888
,,,,,,,,,,,,,,,,,,,,,,,,,22031.0,22261.0,21904
,,,,,,,,,,,,,,,,,,,,,,,,,22032.0,22262.0,21905
,,,,,,,,,,,,,,,,,,,,,,,,,22033.0,22263.0,21906
,,,,,,,,,,,,,,,,,,,,,,,,,22034.0,22264.0,21907
,,,,,,,,,,,,,,,,,,,,,,,,,22035.0,22265.0,21908
,,,,,,,,,,,,,,,,,,,,,,,,,22036.0,22266.0,21909
,,,,,,,,,,,,,,,,,,,,,,,,,22037.0,22267.0,21910
,,,,,,,,,,,,,,,,,,,,,,,,,22262.0,22268.0,21911
,,,,,,,,,,,,,,,,,,,,,,,,,22263.0,22269.0,21912
,,,,,,,,,,,,,,,,,,,,,,,,,22264.0,22270.0,21913
,,,,,,,,,,,,,,,,,,,,,,,,,22265.0,22271.0,21914
,,,,,,,,,,,,,,,,,,,,,,,,,22266.0,22272.0,21915
,,,,,,,,,,,,,,,,,,,,,,,,,22267.0,22273.0,21916
,,,,,,,,,,,,,,,,,,,,,,,,,22268.0,22402.0,21917
,,,,,,,,,,,,,,,,,,,,,,,,,22269.0,22403.0,21918
,,,,,,,,,,,,,,,,,,,,,,,,,22270.0,22404.0,21919
,,,,,,,,,,,,,,,,,,,,,,,,,22271.0,22405.0,21920
,,,,,,,,,,,,,,,,,,,,,,,,,22272.0,22406.0,21921
,,,,,,,,,,,,,,,,,,,,,,,,,22273.0,22407.0,21922
,,,,,,,,,,,,,,,,,,,,,,,,,22274.0,22408.0,21923
,,,,,,,,,,,,,,,,,,,,,,,,,22275.0,22409.0,21924
,,,,,,,,,,,,,,,,,,,,,,,,,22276.0,22410.0,21925
,,,,,,,,,,,,,,,,,,,,,,,,,22277.0,22411.0,21926
,,,,,,,,,,,,,,,,,,,,,,,,,22278.0,22412.0,21927
,,,,,,,,,,,,,,,,,,,,,,,,,22279.0,22413.0,21928
,,,,,,,,,,,,,,,,,,,,,,,,,22280.0,22414.0,21929
,,,,,,,,,,,,,,,,,,,,,,,,,22281.0,22415.0,21930
,,,,,,,,,,,,,,,,,,,,,,,,,22282.0,22416.0,21931
,,,,,,,,,,,,,,,,,,,,,,,,,22283.0,22417.0,21932
,,,,,,,,,,,,,,,,,,,,,,,,,22284.0,22418.0,22091
,,,,,,,,,,,,,,,,,,,,,,,,,22285.0,22419.0,22092
,,,,,,,,,,,,,,,,,,,,,,,,,22286.0,22420.0,22093
,,,,,,,,,,,,,,,,,,,,,,,,,22287.0,22421.0,22094
,,,,,,,,,,,,,,,,,,,,,,,,,22288.0,22422.0,22095
,,,,,,,,,,,,,,,,,,,,,,,,,22289.0,22423.0,22096
,,,,,,,,,,,,,,,,,,,,,,,,,22324.0,22424.0,22097
,,,,,,,,,,,,,,,,,,,,,,,,,22325.0,22425.0,22098
,,,,,,,,,,,,,,,,,,,,,,,,,22326.0,22426.0,22099
,,,,,,,,,,,,,,,,,,,,,,,,,22327.0,22427.0,22100
,,,,,,,,,,,,,,,,,,,,,,,,,22328.0,22474.0,22101
,,,,,,,,,,,,,,,,,,,,,,,,,22329.0,22475.0,22102
,,,,,,,,,,,,,,,,,,,,,,,,,22330.0,22476.0,22103
,,,,,,,,,,,,,,,,,,,,,,,,,22331.0,22477.0,22104
,,,,,,,,,,,,,,,,,,,,,,,,,22332.0,22478.0,22105
,,,,,,,,,,,,,,,,,,,,,,,,,22333.0,22479.0,22106
,,,,,,,,,,,,,,,,,,,,,,,,,22334.0,22480.0,22107
,,,,,,,,,,,,,,,,,,,,,,,,,22335.0,22481.0,22108
,,,,,,,,,,,,,,,,,,,,,,,,,22336.0,22482.0,22109
,,,,,,,,,,,,,,,,,,,,,,,,,22337.0,22483.0,22110
,,,,,,,,,,,,,,,,,,,,,,,,,22338.0,22484.0,22111
,,,,,,,,,,,,,,,,,,,,,,,,,22339.0,22485.0,22112
,,,,,,,,,,,,,,,,,,,,,,,,,22340.0,22486.0,22247
,,,,,,,,,,,,,,,,,,,,,,,,,22341.0,22487.0,22248
,,,,,,,,,,,,,,,,,,,,,,,,,22342.0,22488.0,22249
,,,,,,,,,,,,,,,,,,,,,,,,,22343.0,22489.0,22250
,,,,,,,,,,,,,,,,,,,,,,,,,22344.0,22490.0,22251
,,,,,,,,,,,,,,,,,,,,,,,,,22345.0,22491.0,22252
,,,,,,,,,,,,,,,,,,,,,,,,,22516.0,22492.0,22253
,,,,,,,,,,,,,,,,,,,,,,,,,22517.0,22493.0,22254
,,,,,,,,,,,,,,,,,,,,,,,,,22518.0,22494.0,22255
,,,,,,,,,,,,,,,,,,,,,,,,,22519.0,22495.0,22256
,,,,,,,,,,,,,,,,,,,,,,,,,22520.0,22496.0,22257
,,,,,,,,,,,,,,,,,,,,,,,,,22521.0,22497.0,22258
,,,,,,,,,,,,,,,,,,,,,,,,,22522.0,22498.0,22259
,,,,,,,,,,,,,,,,,,,,,,,,,22523.0,22499.0,22260
,,,,,,,,,,,,,,,,,,,,,,,,,22524.0,22500.0,22261
,,,,,,,,,,,,,,,,,,,,,,,,,22525.0,22501.0,22262
,,,,,,,,,,,,,,,,,,,,,,,,,22526.0,22502.0,22263
,,,,,,,,,,,,,,,,,,,,,,,,,22527.0,22648.0,22264
,,,,,,,,,,,,,,,,,,,,,,,,,22528.0,22649.0,22265
,,,,,,,,,,,,,,,,,,,,,,,,,22529.0,22650.0,22266
,,,,,,,,,,,,,,,,,,,,,,,,,22530.0,22651.0,22267
,,,,,,,,,,,,,,,,,,,,,,,,,22531.0,22652.0,22268
,,,,,,,,,,,,,,,,,,,,,,,,,22532.0,22653.0,22269
,,,,,,,,,,,,,,,,,,,,,,,,,22533.0,22654.0,22270
,,,,,,,,,,,,,,,,,,,,,,,,,22534.0,22655.0,22271
,,,,,,,,,,,,,,,,,,,,,,,,,22535.0,22656.0,22272
,,,,,,,,,,,,,,,,,,,,,,,,,22536.0,22657.0,22273
,,,,,,,,,,,,,,,,,,,,,,,,,22537.0,22658.0,22402
,,,,,,,,,,,,,,,,,,,,,,,,,22538.0,22659.0,22403
,,,,,,,,,,,,,,,,,,,,,,,,,22539.0,22660.0,22404
,,,,,,,,,,,,,,,,,,,,,,,,,22540.0,22661.0,22405
,,,,,,,,,,,,,,,,,,,,,,,,,22541.0,22662.0,22406
,,,,,,,,,,,,,,,,,,,,,,,,,22626.0,22663.0,22407
,,,,,,,,,,,,,,,,,,,,,,,,,22627.0,22664.0,22408
,,,,,,,,,,,,,,,,,,,,,,,,,22628.0,22665.0,22409
,,,,,,,,,,,,,,,,,,,,,,,,,22629.0,22666.0,22410
,,,,,,,,,,,,,,,,,,,,,,,,,22630.0,22667.0,22411
,,,,,,,,,,,,,,,,,,,,,,,,,22631.0,22668.0,22412
,,,,,,,,,,,,,,,,,,,,,,,,,22632.0,22669.0,22413
,,,,,,,,,,,,,,,,,,,,,,,,,22633.0,22670.0,22414
,,,,,,,,,,,,,,,,,,,,,,,,,22634.0,22671.0,22415
,,,,,,,,,,,,,,,,,,,,,,,,,22635.0,22672.0,22416
,,,,,,,,,,,,,,,,,,,,,,,,,22636.0,22673.0,22417
,,,,,,,,,,,,,,,,,,,,,,,,,22637.0,22674.0,22418
,,,,,,,,,,,,,,,,,,,,,,,,,22638.0,22675.0,22419
,,,,,,,,,,,,,,,,,,,,,,,,,22639.0,22676.0,22420
,,,,,,,,,,,,,,,,,,,,,,,,,22640.0,22785.0,22421
,,,,,,,,,,,,,,,,,,,,,,,,,22641.0,22786.0,22422
,,,,,,,,,,,,,,,,,,,,,,,,,22642.0,22787.0,22423
,,,,,,,,,,,,,,,,,,,,,,,,,22643.0,22788.0,22424
,,,,,,,,,,,,,,,,,,,,,,,,,22644.0,22789.0,22425
,,,,,,,,,,,,,,,,,,,,,,,,,22645.0,22790.0,22426
,,,,,,,,,,,,,,,,,,,,,,,,,22646.0,22791.0,22427
,,,,,,,,,,,,,,,,,,,,,,,,,22647.0,22792.0,22474
,,,,,,,,,,,,,,,,,,,,,,,,,22648.0,22793.0,22475
,,,,,,,,,,,,,,,,,,,,,,,,,22649.0,22794.0,22476
,,,,,,,,,,,,,,,,,,,,,,,,,22797.0,22795.0,22477
,,,,,,,,,,,,,,,,,,,,,,,,,22798.0,22796.0,22478
,,,,,,,,,,,,,,,,,,,,,,,,,22799.0,22797.0,22479
,,,,,,,,,,,,,,,,,,,,,,,,,22800.0,22798.0,22480
,,,,,,,,,,,,,,,,,,,,,,,,,22801.0,22799.0,22481
,,,,,,,,,,,,,,,,,,,,,,,,,22802.0,22800.0,22482
,,,,,,,,,,,,,,,,,,,,,,,,,22803.0,22801.0,22483
,,,,,,,,,,,,,,,,,,,,,,,,,22804.0,22802.0,22484
,,,,,,,,,,,,,,,,,,,,,,,,,22805.0,22803.0,22485
,,,,,,,,,,,,,,,,,,,,,,,,,22806.0,22804.0,22486
,,,,,,,,,,,,,,,,,,,,,,,,,22807.0,22944.0,22487
,,,,,,,,,,,,,,,,,,,,,,,,,22808.0,22945.0,22488
,,,,,,,,,,,,,,,,,,,,,,,,,22809.0,22946.0,22489
,,,,,,,,,,,,,,,,,,,,,,,,,22810.0,22947.0,22490
,,,,,,,,,,,,,,,,,,,,,,,,,22811.0,22948.0,22491
,,,,,,,,,,,,,,,,,,,,,,,,,22812.0,22949.0,22492
,,,,,,,,,,,,,,,,,,,,,,,,,22813.0,22950.0,22493
,,,,,,,,,,,,,,,,,,,,,,,,,22814.0,22951.0,22494
,,,,,,,,,,,,,,,,,,,,,,,,,22815.0,22952.0,22495
,,,,,,,,,,,,,,,,,,,,,,,,,22816.0,22953.0,22496
,,,,,,,,,,,,,,,,,,,,,,,,,22817.0,22954.0,22497
,,,,,,,,,,,,,,,,,,,,,,,,,22818.0,22955.0,22498
,,,,,,,,,,,,,,,,,,,,,,,,,22819.0,22956.0,22499
,,,,,,,,,,,,,,,,,,,,,,,,,22820.0,22957.0,22500
,,,,,,,,,,,,,,,,,,,,,,,,,22877.0,22958.0,22501
,,,,,,,,,,,,,,,,,,,,,,,,,22878.0,22959.0,22502
,,,,,,,,,,,,,,,,,,,,,,,,,22879.0,22960.0,22648
,,,,,,,,,,,,,,,,,,,,,,,,,22880.0,22961.0,22649
,,,,,,,,,,,,,,,,,,,,,,,,,22881.0,22962.0,22650
,,,,,,,,,,,,,,,,,,,,,,,,,22882.0,22963.0,22651
,,,,,,,,,,,,,,,,,,,,,,,,,22883.0,22964.0,22652
,,,,,,,,,,,,,,,,,,,,,,,,,22884.0,22965.0,22653
,,,,,,,,,,,,,,,,,,,,,,,,,22885.0,22966.0,22654
,,,,,,,,,,,,,,,,,,,,,,,,,22886.0,22967.0,22655
,,,,,,,,,,,,,,,,,,,,,,,,,22887.0,22968.0,22656
,,,,,,,,,,,,,,,,,,,,,,,,,22888.0,22969.0,22657
,,,,,,,,,,,,,,,,,,,,,,,,,22889.0,22970.0,22658
,,,,,,,,,,,,,,,,,,,,,,,,,22890.0,22971.0,22659
,,,,,,,,,,,,,,,,,,,,,,,,,22891.0,22972.0,22660
,,,,,,,,,,,,,,,,,,,,,,,,,22892.0,22973.0,22661
,,,,,,,,,,,,,,,,,,,,,,,,,22893.0,23028.0,22662
,,,,,,,,,,,,,,,,,,,,,,,,,22894.0,23029.0,22663
,,,,,,,,,,,,,,,,,,,,,,,,,22895.0,23030.0,22664
,,,,,,,,,,,,,,,,,,,,,,,,,22896.0,23031.0,22665
,,,,,,,,,,,,,,,,,,,,,,,,,22897.0,23032.0,22666
,,,,,,,,,,,,,,,,,,,,,,,,,22898.0,23033.0,22667
,,,,,,,,,,,,,,,,,,,,,,,,,22899.0,23034.0,22668
,,,,,,,,,,,,,,,,,,,,,,,,,22900.0,23035.0,22669
,,,,,,,,,,,,,,,,,,,,,,,,,22901.0,23036.0,22670
,,,,,,,,,,,,,,,,,,,,,,,,,22902.0,23037.0,22671
,,,,,,,,,,,,,,,,,,,,,,,,,23122.0,23038.0,22672
,,,,,,,,,,,,,,,,,,,,,,,,,23123.0,23039.0,22673
,,,,,,,,,,,,,,,,,,,,,,,,,23124.0,23040.0,22674
,,,,,,,,,,,,,,,,,,,,,,,,,23125.0,23041.0,22675
,,,,,,,,,,,,,,,,,,,,,,,,,23126.0,23042.0,22676
,,,,,,,,,,,,,,,,,,,,,,,,,23127.0,23043.0,22742
,,,,,,,,,,,,,,,,,,,,,,,,,23128.0,23044.0,22743
,,,,,,,,,,,,,,,,,,,,,,,,,23129.0,23045.0,22744
,,,,,,,,,,,,,,,,,,,,,,,,,23130.0,23046.0,22745
,,,,,,,,,,,,,,,,,,,,,,,,,23131.0,23047.0,22746
,,,,,,,,,,,,,,,,,,,,,,,,,23132.0,23048.0,22747
,,,,,,,,,,,,,,,,,,,,,,,,,23133.0,23049.0,22748
,,,,,,,,,,,,,,,,,,,,,,,,,23134.0,23050.0,22749
,,,,,,,,,,,,,,,,,,,,,,,,,23135.0,23051.0,22750
,,,,,,,,,,,,,,,,,,,,,,,,,23136.0,23052.0,22751
,,,,,,,,,,,,,,,,,,,,,,,,,23137.0,23053.0,22752
,,,,,,,,,,,,,,,,,,,,,,,,,23138.0,23054.0,22753
,,,,,,,,,,,,,,,,,,,,,,,,,23139.0,23055.0,22754
,,,,,,,,,,,,,,,,,,,,,,,,,23140.0,23056.0,22755
,,,,,,,,,,,,,,,,,,,,,,,,,23141.0,23219.0,22756
,,,,,,,,,,,,,,,,,,,,,,,,,23142.0,23220.0,22757
,,,,,,,,,,,,,,,,,,,,,,,,,23143.0,23221.0,22758
,,,,,,,,,,,,,,,,,,,,,,,,,23189.0,23222.0,22759
,,,,,,,,,,,,,,,,,,,,,,,,,23190.0,23223.0,22760
,,,,,,,,,,,,,,,,,,,,,,,,,23191.0,23224.0,22761
,,,,,,,,,,,,,,,,,,,,,,,,,23192.0,23225.0,22762
,,,,,,,,,,,,,,,,,,,,,,,,,23193.0,23226.0,22763
,,,,,,,,,,,,,,,,,,,,,,,,,23194.0,23227.0,22764
,,,,,,,,,,,,,,,,,,,,,,,,,23195.0,23228.0,22765
,,,,,,,,,,,,,,,,,,,,,,,,,23196.0,23229.0,22766
,,,,,,,,,,,,,,,,,,,,,,,,,23197.0,23230.0,22767
,,,,,,,,,,,,,,,,,,,,,,,,,23198.0,23231.0,22768
,,,,,,,,,,,,,,,,,,,,,,,,,23199.0,23232.0,22769
,,,,,,,,,,,,,,,,,,,,,,,,,23200.0,23233.0,22770
,,,,,,,,,,,,,,,,,,,,,,,,,23201.0,23234.0,22771
,,,,,,,,,,,,,,,,,,,,,,,,,23202.0,23235.0,22772
,,,,,,,,,,,,,,,,,,,,,,,,,23203.0,23236.0,22773
,,,,,,,,,,,,,,,,,,,,,,,,,23204.0,23237.0,22785
,,,,,,,,,,,,,,,,,,,,,,,,,23205.0,23238.0,22786
,,,,,,,,,,,,,,,,,,,,,,,,,23206.0,23239.0,22787
,,,,,,,,,,,,,,,,,,,,,,,,,23207.0,23240.0,22788
,,,,,,,,,,,,,,,,,,,,,,,,,23208.0,23241.0,22789
,,,,,,,,,,,,,,,,,,,,,,,,,23209.0,23242.0,22790
,,,,,,,,,,,,,,,,,,,,,,,,,23210.0,23243.0,22791
,,,,,,,,,,,,,,,,,,,,,,,,,23211.0,23244.0,22792
,,,,,,,,,,,,,,,,,,,,,,,,,23212.0,23245.0,22793
,,,,,,,,,,,,,,,,,,,,,,,,,23213.0,23327.0,22794
,,,,,,,,,,,,,,,,,,,,,,,,,23443.0,23328.0,22795
,,,,,,,,,,,,,,,,,,,,,,,,,23444.0,23329.0,22796
,,,,,,,,,,,,,,,,,,,,,,,,,23445.0,23330.0,22797
,,,,,,,,,,,,,,,,,,,,,,,,,23446.0,23331.0,22798
,,,,,,,,,,,,,,,,,,,,,,,,,23447.0,23332.0,22799
,,,,,,,,,,,,,,,,,,,,,,,,,23448.0,23333.0,22800
,,,,,,,,,,,,,,,,,,,,,,,,,23449.0,23334.0,22801
,,,,,,,,,,,,,,,,,,,,,,,,,23450.0,23335.0,22802
,,,,,,,,,,,,,,,,,,,,,,,,,23451.0,23336.0,22803
,,,,,,,,,,,,,,,,,,,,,,,,,23452.0,23337.0,22804
,,,,,,,,,,,,,,,,,,,,,,,,,23453.0,23338.0,22944
,,,,,,,,,,,,,,,,,,,,,,,,,23454.0,23339.0,22945
,,,,,,,,,,,,,,,,,,,,,,,,,23455.0,23340.0,22946
,,,,,,,,,,,,,,,,,,,,,,,,,23456.0,23341.0,22947
,,,,,,,,,,,,,,,,,,,,,,,,,23457.0,23342.0,22948
,,,,,,,,,,,,,,,,,,,,,,,,,23458.0,23343.0,22949
,,,,,,,,,,,,,,,,,,,,,,,,,23459.0,23344.0,22950
,,,,,,,,,,,,,,,,,,,,,,,,,23460.0,23345.0,22951
,,,,,,,,,,,,,,,,,,,,,,,,,23461.0,23346.0,22952
,,,,,,,,,,,,,,,,,,,,,,,,,23462.0,23347.0,22953
,,,,,,,,,,,,,,,,,,,,,,,,,23463.0,23348.0,22954
,,,,,,,,,,,,,,,,,,,,,,,,,23464.0,23349.0,22955
,,,,,,,,,,,,,,,,,,,,,,,,,23465.0,23350.0,22956
,,,,,,,,,,,,,,,,,,,,,,,,,23500.0,23553.0,22957
,,,,,,,,,,,,,,,,,,,,,,,,,23501.0,23554.0,22958
,,,,,,,,,,,,,,,,,,,,,,,,,23502.0,23555.0,22959
,,,,,,,,,,,,,,,,,,,,,,,,,23503.0,23556.0,22960
,,,,,,,,,,,,,,,,,,,,,,,,,23504.0,23557.0,22961
,,,,,,,,,,,,,,,,,,,,,,,,,23505.0,23558.0,22962
,,,,,,,,,,,,,,,,,,,,,,,,,23506.0,23559.0,22963
,,,,,,,,,,,,,,,,,,,,,,,,,23507.0,23560.0,22964
,,,,,,,,,,,,,,,,,,,,,,,,,23508.0,23561.0,22965
,,,,,,,,,,,,,,,,,,,,,,,,,23509.0,23562.0,22966
,,,,,,,,,,,,,,,,,,,,,,,,,23510.0,23563.0,22967
,,,,,,,,,,,,,,,,,,,,,,,,,23511.0,23564.0,22968
,,,,,,,,,,,,,,,,,,,,,,,,,23512.0,23565.0,22969
,,,,,,,,,,,,,,,,,,,,,,,,,23513.0,23566.0,22970
,,,,,,,,,,,,,,,,,,,,,,,,,23514.0,23567.0,22971
,,,,,,,,,,,,,,,,,,,,,,,,,23515.0,23568.0,22972
,,,,,,,,,,,,,,,,,,,,,,,,,23516.0,23569.0,22973
,,,,,,,,,,,,,,,,,,,,,,,,,23517.0,23570.0,23028
,,,,,,,,,,,,,,,,,,,,,,,,,23518.0,23571.0,23029
,,,,,,,,,,,,,,,,,,,,,,,,,23519.0,23572.0,23030
,,,,,,,,,,,,,,,,,,,,,,,,,23520.0,23573.0,23031
,,,,,,,,,,,,,,,,,,,,,,,,,23521.0,23574.0,23032
,,,,,,,,,,,,,,,,,,,,,,,,,23789.0,23611.0,23033
,,,,,,,,,,,,,,,,,,,,,,,,,23790.0,23612.0,23034
,,,,,,,,,,,,,,,,,,,,,,,,,23791.0,23613.0,23035
,,,,,,,,,,,,,,,,,,,,,,,,,23792.0,23614.0,23036
,,,,,,,,,,,,,,,,,,,,,,,,,23793.0,23615.0,23037
,,,,,,,,,,,,,,,,,,,,,,,,,23794.0,23616.0,23038
,,,,,,,,,,,,,,,,,,,,,,,,,23795.0,23617.0,23039
,,,,,,,,,,,,,,,,,,,,,,,,,23796.0,23618.0,23040
,,,,,,,,,,,,,,,,,,,,,,,,,23797.0,23619.0,23041
,,,,,,,,,,,,,,,,,,,,,,,,,23798.0,23620.0,23042
,,,,,,,,,,,,,,,,,,,,,,,,,23799.0,23621.0,23043
,,,,,,,,,,,,,,,,,,,,,,,,,23800.0,23622.0,23044
,,,,,,,,,,,,,,,,,,,,,,,,,23801.0,23623.0,23045
,,,,,,,,,,,,,,,,,,,,,,,,,23802.0,23624.0,23046
,,,,,,,,,,,,,,,,,,,,,,,,,23803.0,23625.0,23047
,,,,,,,,,,,,,,,,,,,,,,,,,23804.0,23626.0,23048
,,,,,,,,,,,,,,,,,,,,,,,,,23805.0,23627.0,23049
,,,,,,,,,,,,,,,,,,,,,,,,,23806.0,23628.0,23050
,,,,,,,,,,,,,,,,,,,,,,,,,23807.0,23629.0,23051
,,,,,,,,,,,,,,,,,,,,,,,,,23808.0,23630.0,23052
,,,,,,,,,,,,,,,,,,,,,,,,,23809.0,23631.0,23053
,,,,,,,,,,,,,,,,,,,,,,,,,23810.0,23632.0,23054
,,,,,,,,,,,,,,,,,,,,,,,,,23811.0,23633.0,23055
,,,,,,,,,,,,,,,,,,,,,,,,,23822.0,23634.0,23056
,,,,,,,,,,,,,,,,,,,,,,,,,23823.0,23853.0,23120
,,,,,,,,,,,,,,,,,,,,,,,,,23824.0,23854.0,23121
,,,,,,,,,,,,,,,,,,,,,,,,,23825.0,23855.0,23122
,,,,,,,,,,,,,,,,,,,,,,,,,23826.0,23856.0,23123
,,,,,,,,,,,,,,,,,,,,,,,,,23827.0,23857.0,23124
,,,,,,,,,,,,,,,,,,,,,,,,,23828.0,23858.0,23125
,,,,,,,,,,,,,,,,,,,,,,,,,23829.0,23859.0,23126
,,,,,,,,,,,,,,,,,,,,,,,,,23830.0,23860.0,23127
,,,,,,,,,,,,,,,,,,,,,,,,,23831.0,23861.0,23128
,,,,,,,,,,,,,,,,,,,,,,,,,23832.0,23862.0,23129
,,,,,,,,,,,,,,,,,,,,,,,,,23833.0,23863.0,23130
,,,,,,,,,,,,,,,,,,,,,,,,,23834.0,23864.0,23131
,,,,,,,,,,,,,,,,,,,,,,,,,23835.0,23865.0,23132
,,,,,,,,,,,,,,,,,,,,,,,,,23836.0,23866.0,23133
,,,,,,,,,,,,,,,,,,,,,,,,,23837.0,23867.0,23134
,,,,,,,,,,,,,,,,,,,,,,,,,23838.0,23868.0,23135
,,,,,,,,,,,,,,,,,,,,,,,,,23839.0,23869.0,23136
,,,,,,,,,,,,,,,,,,,,,,,,,23840.0,23870.0,23137
,,,,,,,,,,,,,,,,,,,,,,,,,23841.0,23871.0,23138
,,,,,,,,,,,,,,,,,,,,,,,,,23842.0,23872.0,23139
,,,,,,,,,,,,,,,,,,,,,,,,,23843.0,23873.0,23140
,,,,,,,,,,,,,,,,,,,,,,,,,23844.0,23874.0,23219
,,,,,,,,,,,,,,,,,,,,,,,,,23845.0,23875.0,23220
,,,,,,,,,,,,,,,,,,,,,,,,,23846.0,23927.0,23221
,,,,,,,,,,,,,,,,,,,,,,,,,24078.0,23928.0,23222
,,,,,,,,,,,,,,,,,,,,,,,,,24079.0,23929.0,23223
,,,,,,,,,,,,,,,,,,,,,,,,,24080.0,23930.0,23224
,,,,,,,,,,,,,,,,,,,,,,,,,24081.0,23931.0,23225
,,,,,,,,,,,,,,,,,,,,,,,,,24082.0,23932.0,23226
,,,,,,,,,,,,,,,,,,,,,,,,,24083.0,23933.0,23227
,,,,,,,,,,,,,,,,,,,,,,,,,24084.0,23934.0,23228
,,,,,,,,,,,,,,,,,,,,,,,,,24085.0,23935.0,23229
,,,,,,,,,,,,,,,,,,,,,,,,,24086.0,23936.0,23230
,,,,,,,,,,,,,,,,,,,,,,,,,24087.0,23937.0,23231
,,,,,,,,,,,,,,,,,,,,,,,,,24088.0,23938.0,23232
,,,,,,,,,,,,,,,,,,,,,,,,,24089.0,23939.0,23233
,,,,,,,,,,,,,,,,,,,,,,,,,24090.0,23940.0,23234
,,,,,,,,,,,,,,,,,,,,,,,,,24091.0,23941.0,23235
,,,,,,,,,,,,,,,,,,,,,,,,,24092.0,23942.0,23236
,,,,,,,,,,,,,,,,,,,,,,,,,24093.0,23943.0,23237
,,,,,,,,,,,,,,,,,,,,,,,,,24094.0,23944.0,23238
,,,,,,,,,,,,,,,,,,,,,,,,,24095.0,23945.0,23239
,,,,,,,,,,,,,,,,,,,,,,,,,24096.0,23946.0,23240
,,,,,,,,,,,,,,,,,,,,,,,,,24097.0,23947.0,23241
,,,,,,,,,,,,,,,,,,,,,,,,,24098.0,23948.0,23242
,,,,,,,,,,,,,,,,,,,,,,,,,24099.0,23949.0,23243
,,,,,,,,,,,,,,,,,,,,,,,,,24145.0,23950.0,23244
,,,,,,,,,,,,,,,,,,,,,,,,,24146.0,23951.0,23245
,,,,,,,,,,,,,,,,,,,,,,,,,24147.0,23952.0,23327
,,,,,,,,,,,,,,,,,,,,,,,,,24148.0,23953.0,23328
,,,,,,,,,,,,,,,,,,,,,,,,,24149.0,23954.0,23329
,,,,,,,,,,,,,,,,,,,,,,,,,24150.0,24171.0,23330
,,,,,,,,,,,,,,,,,,,,,,,,,24151.0,24172.0,23331
,,,,,,,,,,,,,,,,,,,,,,,,,24152.0,24173.0,23332
,,,,,,,,,,,,,,,,,,,,,,,,,24153.0,24174.0,23333
,,,,,,,,,,,,,,,,,,,,,,,,,24154.0,24175.0,23334
,,,,,,,,,,,,,,,,,,,,,,,,,24155.0,24176.0,23335
,,,,,,,,,,,,,,,,,,,,,,,,,24156.0,24177.0,23336
,,,,,,,,,,,,,,,,,,,,,,,,,24157.0,24178.0,23337
,,,,,,,,,,,,,,,,,,,,,,,,,24158.0,24179.0,23338
,,,,,,,,,,,,,,,,,,,,,,,,,24159.0,24180.0,23339
,,,,,,,,,,,,,,,,,,,,,,,,,24160.0,24181.0,23340
,,,,,,,,,,,,,,,,,,,,,,,,,24161.0,24182.0,23341
,,,,,,,,,,,,,,,,,,,,,,,,,24162.0,24183.0,23342
,,,,,,,,,,,,,,,,,,,,,,,,,24163.0,24184.0,23343
,,,,,,,,,,,,,,,,,,,,,,,,,24164.0,24185.0,23344
,,,,,,,,,,,,,,,,,,,,,,,,,24165.0,24186.0,23345
,,,,,,,,,,,,,,,,,,,,,,,,,24166.0,24187.0,23346
,,,,,,,,,,,,,,,,,,,,,,,,,24167.0,24188.0,23347
,,,,,,,,,,,,,,,,,,,,,,,,,24168.0,24189.0,23348
,,,,,,,,,,,,,,,,,,,,,,,,,24391.0,24190.0,23349
,,,,,,,,,,,,,,,,,,,,,,,,,24392.0,24191.0,23350
,,,,,,,,,,,,,,,,,,,,,,,,,24393.0,24192.0,23553
,,,,,,,,,,,,,,,,,,,,,,,,,24394.0,24193.0,23554
,,,,,,,,,,,,,,,,,,,,,,,,,24395.0,24233.0,23555
,,,,,,,,,,,,,,,,,,,,,,,,,24396.0,24234.0,23556
,,,,,,,,,,,,,,,,,,,,,,,,,24397.0,24235.0,23557
,,,,,,,,,,,,,,,,,,,,,,,,,24398.0,24236.0,23558
,,,,,,,,,,,,,,,,,,,,,,,,,24399.0,24237.0,23559
,,,,,,,,,,,,,,,,,,,,,,,,,24400.0,24238.0,23560
,,,,,,,,,,,,,,,,,,,,,,,,,24401.0,24239.0,23561
,,,,,,,,,,,,,,,,,,,,,,,,,24402.0,24240.0,23562
,,,,,,,,,,,,,,,,,,,,,,,,,24403.0,24241.0,23563
,,,,,,,,,,,,,,,,,,,,,,,,,24404.0,24242.0,23564
,,,,,,,,,,,,,,,,,,,,,,,,,24405.0,24243.0,23565
,,,,,,,,,,,,,,,,,,,,,,,,,24406.0,24244.0,23566
,,,,,,,,,,,,,,,,,,,,,,,,,24407.0,24245.0,23567
,,,,,,,,,,,,,,,,,,,,,,,,,24408.0,24246.0,23568
,,,,,,,,,,,,,,,,,,,,,,,,,24409.0,24247.0,23569
,,,,,,,,,,,,,,,,,,,,,,,,,24410.0,24248.0,23570
,,,,,,,,,,,,,,,,,,,,,,,,,24411.0,24249.0,23571
,,,,,,,,,,,,,,,,,,,,,,,,,24412.0,24250.0,23572
,,,,,,,,,,,,,,,,,,,,,,,,,24413.0,24251.0,23573
,,,,,,,,,,,,,,,,,,,,,,,,,24414.0,24252.0,23574
,,,,,,,,,,,,,,,,,,,,,,,,,24415.0,24253.0,23611
,,,,,,,,,,,,,,,,,,,,,,,,,24443.0,24254.0,23612
,,,,,,,,,,,,,,,,,,,,,,,,,24444.0,24255.0,23613
,,,,,,,,,,,,,,,,,,,,,,,,,24445.0,24256.0,23614
,,,,,,,,,,,,,,,,,,,,,,,,,24446.0,24257.0,23615
,,,,,,,,,,,,,,,,,,,,,,,,,24447.0,24426.0,23616
,,,,,,,,,,,,,,,,,,,,,,,,,24448.0,24427.0,23617
,,,,,,,,,,,,,,,,,,,,,,,,,24449.0,24428.0,23618
,,,,,,,,,,,,,,,,,,,,,,,,,24450.0,24429.0,23619
,,,,,,,,,,,,,,,,,,,,,,,,,24451.0,24430.0,23620
,,,,,,,,,,,,,,,,,,,,,,,,,24452.0,24431.0,23621
,,,,,,,,,,,,,,,,,,,,,,,,,24453.0,24432.0,23622
,,,,,,,,,,,,,,,,,,,,,,,,,24454.0,24433.0,23623
,,,,,,,,,,,,,,,,,,,,,,,,,24455.0,24434.0,23624
,,,,,,,,,,,,,,,,,,,,,,,,,24456.0,24435.0,23625
,,,,,,,,,,,,,,,,,,,,,,,,,24457.0,24436.0,23626
,,,,,,,,,,,,,,,,,,,,,,,,,24458.0,24437.0,23627
,,,,,,,,,,,,,,,,,,,,,,,,,24459.0,24438.0,23628
,,,,,,,,,,,,,,,,,,,,,,,,,24460.0,24439.0,23629
,,,,,,,,,,,,,,,,,,,,,,,,,24461.0,24440.0,23630
,,,,,,,,,,,,,,,,,,,,,,,,,24462.0,24441.0,23631
,,,,,,,,,,,,,,,,,,,,,,,,,24463.0,24442.0,23632
,,,,,,,,,,,,,,,,,,,,,,,,,24464.0,24443.0,23633
,,,,,,,,,,,,,,,,,,,,,,,,,24465.0,24444.0,23634
,,,,,,,,,,,,,,,,,,,,,,,,,24466.0,24445.0,23853
,,,,,,,,,,,,,,,,,,,,,,,,,24696.0,24446.0,23854
,,,,,,,,,,,,,,,,,,,,,,,,,24697.0,24447.0,23855
,,,,,,,,,,,,,,,,,,,,,,,,,24698.0,24545.0,23856
,,,,,,,,,,,,,,,,,,,,,,,,,24699.0,24546.0,23857
,,,,,,,,,,,,,,,,,,,,,,,,,24700.0,24547.0,23858
,,,,,,,,,,,,,,,,,,,,,,,,,24701.0,24548.0,23859
,,,,,,,,,,,,,,,,,,,,,,,,,24702.0,24549.0,23860
,,,,,,,,,,,,,,,,,,,,,,,,,24703.0,24550.0,23861
,,,,,,,,,,,,,,,,,,,,,,,,,24704.0,24551.0,23862
,,,,,,,,,,,,,,,,,,,,,,,,,24705.0,24552.0,23863
,,,,,,,,,,,,,,,,,,,,,,,,,24706.0,24553.0,23864
,,,,,,,,,,,,,,,,,,,,,,,,,24707.0,24554.0,23865
,,,,,,,,,,,,,,,,,,,,,,,,,24708.0,24555.0,23866
,,,,,,,,,,,,,,,,,,,,,,,,,24709.0,24556.0,23867
,,,,,,,,,,,,,,,,,,,,,,,,,24710.0,24557.0,23868
,,,,,,,,,,,,,,,,,,,,,,,,,24711.0,24558.0,23869
,,,,,,,,,,,,,,,,,,,,,,,,,24712.0,24559.0,23870
,,,,,,,,,,,,,,,,,,,,,,,,,24713.0,24560.0,23871
,,,,,,,,,,,,,,,,,,,,,,,,,24714.0,24561.0,23872
,,,,,,,,,,,,,,,,,,,,,,,,,24715.0,24562.0,23873
,,,,,,,,,,,,,,,,,,,,,,,,,24716.0,24563.0,23874
,,,,,,,,,,,,,,,,,,,,,,,,,24717.0,24564.0,23875
,,,,,,,,,,,,,,,,,,,,,,,,,24718.0,24565.0,23914
,,,,,,,,,,,,,,,,,,,,,,,,,24719.0,24566.0,23915
,,,,,,,,,,,,,,,,,,,,,,,,,24720.0,24750.0,23916
,,,,,,,,,,,,,,,,,,,,,,,,,24765.0,24751.0,23917
,,,,,,,,,,,,,,,,,,,,,,,,,24766.0,24752.0,23918
,,,,,,,,,,,,,,,,,,,,,,,,,24767.0,24753.0,23919
,,,,,,,,,,,,,,,,,,,,,,,,,24768.0,24754.0,23920
,,,,,,,,,,,,,,,,,,,,,,,,,24769.0,24755.0,23921
,,,,,,,,,,,,,,,,,,,,,,,,,24770.0,24756.0,23922
,,,,,,,,,,,,,,,,,,,,,,,,,24771.0,24757.0,23923
,,,,,,,,,,,,,,,,,,,,,,,,,24772.0,24758.0,23924
,,,,,,,,,,,,,,,,,,,,,,,,,24773.0,24759.0,23925
,,,,,,,,,,,,,,,,,,,,,,,,,24774.0,24760.0,23926
,,,,,,,,,,,,,,,,,,,,,,,,,24775.0,24761.0,23927
,,,,,,,,,,,,,,,,,,,,,,,,,24776.0,24762.0,23928
,,,,,,,,,,,,,,,,,,,,,,,,,24777.0,24763.0,23929
,,,,,,,,,,,,,,,,,,,,,,,,,24778.0,24764.0,23930
,,,,,,,,,,,,,,,,,,,,,,,,,24779.0,24765.0,23931
,,,,,,,,,,,,,,,,,,,,,,,,,24780.0,24766.0,23932
,,,,,,,,,,,,,,,,,,,,,,,,,24781.0,24767.0,23933
,,,,,,,,,,,,,,,,,,,,,,,,,24782.0,24768.0,23934
,,,,,,,,,,,,,,,,,,,,,,,,,24783.0,24769.0,23935
,,,,,,,,,,,,,,,,,,,,,,,,,24784.0,24770.0,23936
,,,,,,,,,,,,,,,,,,,,,,,,,24785.0,24771.0,23937
,,,,,,,,,,,,,,,,,,,,,,,,,24786.0,24814.0,23938
,,,,,,,,,,,,,,,,,,,,,,,,,24787.0,24815.0,23939
,,,,,,,,,,,,,,,,,,,,,,,,,24788.0,24816.0,23940
,,,,,,,,,,,,,,,,,,,,,,,,,24978.0,24817.0,23941
,,,,,,,,,,,,,,,,,,,,,,,,,24979.0,24818.0,23942
,,,,,,,,,,,,,,,,,,,,,,,,,24980.0,24819.0,23943
,,,,,,,,,,,,,,,,,,,,,,,,,24981.0,24820.0,23944
,,,,,,,,,,,,,,,,,,,,,,,,,24982.0,24821.0,23945
,,,,,,,,,,,,,,,,,,,,,,,,,24983.0,24822.0,23946
,,,,,,,,,,,,,,,,,,,,,,,,,24984.0,24823.0,23947
,,,,,,,,,,,,,,,,,,,,,,,,,24985.0,24824.0,23948
,,,,,,,,,,,,,,,,,,,,,,,,,24986.0,24825.0,23949
,,,,,,,,,,,,,,,,,,,,,,,,,24987.0,24826.0,23950
,,,,,,,,,,,,,,,,,,,,,,,,,24988.0,24827.0,23951
,,,,,,,,,,,,,,,,,,,,,,,,,24989.0,24828.0,23952
,,,,,,,,,,,,,,,,,,,,,,,,,24990.0,24829.0,23953
,,,,,,,,,,,,,,,,,,,,,,,,,24991.0,24830.0,23954
,,,,,,,,,,,,,,,,,,,,,,,,,24992.0,24831.0,24171
,,,,,,,,,,,,,,,,,,,,,,,,,24993.0,24832.0,24172
,,,,,,,,,,,,,,,,,,,,,,,,,24994.0,24833.0,24173
,,,,,,,,,,,,,,,,,,,,,,,,,24995.0,24834.0,24174
,,,,,,,,,,,,,,,,,,,,,,,,,24996.0,24835.0,24175
,,,,,,,,,,,,,,,,,,,,,,,,,24997.0,25051.0,24176
,,,,,,,,,,,,,,,,,,,,,,,,,24998.0,25052.0,24177
,,,,,,,,,,,,,,,,,,,,,,,,,24999.0,25053.0,24178
,,,,,,,,,,,,,,,,,,,,,,,,,25000.0,25054.0,24179
,,,,,,,,,,,,,,,,,,,,,,,,,25001.0,25055.0,24180
,,,,,,,,,,,,,,,,,,,,,,,,,25002.0,25056.0,24181
,,,,,,,,,,,,,,,,,,,,,,,,,25052.0,25057.0,24182
,,,,,,,,,,,,,,,,,,,,,,,,,25053.0,25058.0,24183
,,,,,,,,,,,,,,,,,,,,,,,,,25054.0,25059.0,24184
,,,,,,,,,,,,,,,,,,,,,,,,,25055.0,25060.0,24185
,,,,,,,,,,,,,,,,,,,,,,,,,25056.0,25061.0,24186
,,,,,,,,,,,,,,,,,,,,,,,,,25057.0,25062.0,24187
,,,,,,,,,,,,,,,,,,,,,,,,,25058.0,25063.0,24188
,,,,,,,,,,,,,,,,,,,,,,,,,25059.0,25064.0,24189
,,,,,,,,,,,,,,,,,,,,,,,,,25060.0,25065.0,24190
,,,,,,,,,,,,,,,,,,,,,,,,,25061.0,25066.0,24191
,,,,,,,,,,,,,,,,,,,,,,,,,25062.0,25067.0,24192
,,,,,,,,,,,,,,,,,,,,,,,,,25063.0,25068.0,24193
,,,,,,,,,,,,,,,,,,,,,,,,,25064.0,25069.0,24233
,,,,,,,,,,,,,,,,,,,,,,,,,25065.0,25070.0,24234
,,,,,,,,,,,,,,,,,,,,,,,,,25066.0,25071.0,24235
,,,,,,,,,,,,,,,,,,,,,,,,,25067.0,25072.0,24236
,,,,,,,,,,,,,,,,,,,,,,,,,25068.0,25073.0,24237
,,,,,,,,,,,,,,,,,,,,,,,,,25069.0,25074.0,24238
,,,,,,,,,,,,,,,,,,,,,,,,,25070.0,25075.0,24239
,,,,,,,,,,,,,,,,,,,,,,,,,25071.0,25122.0,24240
,,,,,,,,,,,,,,,,,,,,,,,,,25072.0,25123.0,24241
,,,,,,,,,,,,,,,,,,,,,,,,,25073.0,25124.0,24242
,,,,,,,,,,,,,,,,,,,,,,,,,25074.0,25125.0,24243
,,,,,,,,,,,,,,,,,,,,,,,,,25075.0,25126.0,24244
,,,,,,,,,,,,,,,,,,,,,,,,,25279.0,25127.0,24245
,,,,,,,,,,,,,,,,,,,,,,,,,25280.0,25128.0,24246
,,,,,,,,,,,,,,,,,,,,,,,,,25281.0,25129.0,24247
,,,,,,,,,,,,,,,,,,,,,,,,,25282.0,25130.0,24248
,,,,,,,,,,,,,,,,,,,,,,,,,25283.0,25131.0,24249
,,,,,,,,,,,,,,,,,,,,,,,,,25284.0,25132.0,24250
,,,,,,,,,,,,,,,,,,,,,,,,,25285.0,25133.0,24251
,,,,,,,,,,,,,,,,,,,,,,,,,25286.0,25134.0,24252
,,,,,,,,,,,,,,,,,,,,,,,,,25287.0,25135.0,24253
,,,,,,,,,,,,,,,,,,,,,,,,,25288.0,25136.0,24254
,,,,,,,,,,,,,,,,,,,,,,,,,25289.0,25137.0,24255
,,,,,,,,,,,,,,,,,,,,,,,,,25290.0,25138.0,24256
,,,,,,,,,,,,,,,,,,,,,,,,,25291.0,25139.0,24257
,,,,,,,,,,,,,,,,,,,,,,,,,25292.0,25140.0,24426
,,,,,,,,,,,,,,,,,,,,,,,,,25293.0,25141.0,24427
,,,,,,,,,,,,,,,,,,,,,,,,,25294.0,25142.0,24428
,,,,,,,,,,,,,,,,,,,,,,,,,25295.0,25143.0,24429
,,,,,,,,,,,,,,,,,,,,,,,,,25296.0,25144.0,24430
,,,,,,,,,,,,,,,,,,,,,,,,,25297.0,25145.0,24431
,,,,,,,,,,,,,,,,,,,,,,,,,25298.0,25146.0,24432
,,,,,,,,,,,,,,,,,,,,,,,,,25299.0,25147.0,24433
,,,,,,,,,,,,,,,,,,,,,,,,,25300.0,25148.0,24434
,,,,,,,,,,,,,,,,,,,,,,,,,25347.0,25149.0,24435
,,,,,,,,,,,,,,,,,,,,,,,,,25348.0,25331.0,24436
,,,,,,,,,,,,,,,,,,,,,,,,,25349.0,25332.0,24437
,,,,,,,,,,,,,,,,,,,,,,,,,25350.0,25333.0,24438
,,,,,,,,,,,,,,,,,,,,,,,,,25351.0,25334.0,24439
,,,,,,,,,,,,,,,,,,,,,,,,,25352.0,25335.0,24440
,,,,,,,,,,,,,,,,,,,,,,,,,25353.0,25336.0,24441
,,,,,,,,,,,,,,,,,,,,,,,,,25354.0,25337.0,24442
,,,,,,,,,,,,,,,,,,,,,,,,,25355.0,25338.0,24443
,,,,,,,,,,,,,,,,,,,,,,,,,25356.0,25339.0,24444
,,,,,,,,,,,,,,,,,,,,,,,,,25357.0,25340.0,24445
,,,,,,,,,,,,,,,,,,,,,,,,,25358.0,25341.0,24446
,,,,,,,,,,,,,,,,,,,,,,,,,25359.0,25342.0,24447
,,,,,,,,,,,,,,,,,,,,,,,,,25360.0,25343.0,24545
,,,,,,,,,,,,,,,,,,,,,,,,,25361.0,25344.0,24546
,,,,,,,,,,,,,,,,,,,,,,,,,25362.0,25345.0,24547
,,,,,,,,,,,,,,,,,,,,,,,,,25363.0,25346.0,24548
,,,,,,,,,,,,,,,,,,,,,,,,,25364.0,25347.0,24549
,,,,,,,,,,,,,,,,,,,,,,,,,25365.0,25348.0,24550
,,,,,,,,,,,,,,,,,,,,,,,,,25366.0,25349.0,24551
,,,,,,,,,,,,,,,,,,,,,,,,,25367.0,25350.0,24552
,,,,,,,,,,,,,,,,,,,,,,,,,25368.0,25351.0,24553
,,,,,,,,,,,,,,,,,,,,,,,,,25601.0,25352.0,24554
,,,,,,,,,,,,,,,,,,,,,,,,,25602.0,25438.0,24555
,,,,,,,,,,,,,,,,,,,,,,,,,25603.0,25439.0,24556
,,,,,,,,,,,,,,,,,,,,,,,,,25604.0,25440.0,24557
,,,,,,,,,,,,,,,,,,,,,,,,,25605.0,25441.0,24558
,,,,,,,,,,,,,,,,,,,,,,,,,25606.0,25442.0,24559
,,,,,,,,,,,,,,,,,,,,,,,,,25607.0,25443.0,24560
,,,,,,,,,,,,,,,,,,,,,,,,,25608.0,25444.0,24561
,,,,,,,,,,,,,,,,,,,,,,,,,25609.0,25445.0,24562
,,,,,,,,,,,,,,,,,,,,,,,,,25610.0,25446.0,24563
,,,,,,,,,,,,,,,,,,,,,,,,,25611.0,25447.0,24564
,,,,,,,,,,,,,,,,,,,,,,,,,25612.0,25448.0,24565
,,,,,,,,,,,,,,,,,,,,,,,,,25613.0,25449.0,24566
,,,,,,,,,,,,,,,,,,,,,,,,,25614.0,25450.0,24750
,,,,,,,,,,,,,,,,,,,,,,,,,25615.0,25451.0,24751
,,,,,,,,,,,,,,,,,,,,,,,,,25616.0,25452.0,24752
,,,,,,,,,,,,,,,,,,,,,,,,,25617.0,25453.0,24753
,,,,,,,,,,,,,,,,,,,,,,,,,25618.0,25454.0,24754
,,,,,,,,,,,,,,,,,,,,,,,,,25619.0,25455.0,24755
,,,,,,,,,,,,,,,,,,,,,,,,,25620.0,25456.0,24756
,,,,,,,,,,,,,,,,,,,,,,,,,25621.0,25457.0,24757
,,,,,,,,,,,,,,,,,,,,,,,,,25622.0,25458.0,24758
,,,,,,,,,,,,,,,,,,,,,,,,,25646.0,25459.0,24759
,,,,,,,,,,,,,,,,,,,,,,,,,25647.0,25460.0,24760
,,,,,,,,,,,,,,,,,,,,,,,,,25648.0,25645.0,24761
,,,,,,,,,,,,,,,,,,,,,,,,,25649.0,25646.0,24762
,,,,,,,,,,,,,,,,,,,,,,,,,25650.0,25647.0,24763
,,,,,,,,,,,,,,,,,,,,,,,,,25651.0,25648.0,24764
,,,,,,,,,,,,,,,,,,,,,,,,,25652.0,25649.0,24765
,,,,,,,,,,,,,,,,,,,,,,,,,25653.0,25650.0,24766
,,,,,,,,,,,,,,,,,,,,,,,,,25654.0,25651.0,24767
,,,,,,,,,,,,,,,,,,,,,,,,,25655.0,25652.0,24768
,,,,,,,,,,,,,,,,,,,,,,,,,25656.0,25653.0,24769
,,,,,,,,,,,,,,,,,,,,,,,,,25657.0,25654.0,24770
,,,,,,,,,,,,,,,,,,,,,,,,,25658.0,25655.0,24771
,,,,,,,,,,,,,,,,,,,,,,,,,25659.0,25656.0,24814
,,,,,,,,,,,,,,,,,,,,,,,,,25660.0,25657.0,24815
,,,,,,,,,,,,,,,,,,,,,,,,,25661.0,25658.0,24816
,,,,,,,,,,,,,,,,,,,,,,,,,25662.0,25659.0,24817
,,,,,,,,,,,,,,,,,,,,,,,,,25663.0,25660.0,24818
,,,,,,,,,,,,,,,,,,,,,,,,,25664.0,25661.0,24819
,,,,,,,,,,,,,,,,,,,,,,,,,25665.0,25662.0,24820
,,,,,,,,,,,,,,,,,,,,,,,,,25666.0,25663.0,24821
,,,,,,,,,,,,,,,,,,,,,,,,,25667.0,25664.0,24822
,,,,,,,,,,,,,,,,,,,,,,,,,25668.0,25665.0,24823
,,,,,,,,,,,,,,,,,,,,,,,,,25669.0,25666.0,24824
,,,,,,,,,,,,,,,,,,,,,,,,,25670.0,25667.0,24825
,,,,,,,,,,,,,,,,,,,,,,,,,25671.0,25668.0,24826
,,,,,,,,,,,,,,,,,,,,,,,,,25672.0,25669.0,24827
,,,,,,,,,,,,,,,,,,,,,,,,,25902.0,25670.0,24828
,,,,,,,,,,,,,,,,,,,,,,,,,25903.0,25671.0,24829
,,,,,,,,,,,,,,,,,,,,,,,,,25904.0,25711.0,24830
,,,,,,,,,,,,,,,,,,,,,,,,,25905.0,25712.0,24831
,,,,,,,,,,,,,,,,,,,,,,,,,25906.0,25713.0,24832
,,,,,,,,,,,,,,,,,,,,,,,,,25907.0,25714.0,24833
,,,,,,,,,,,,,,,,,,,,,,,,,25908.0,25715.0,24834
,,,,,,,,,,,,,,,,,,,,,,,,,25909.0,25716.0,24835
,,,,,,,,,,,,,,,,,,,,,,,,,25910.0,25717.0,25051
,,,,,,,,,,,,,,,,,,,,,,,,,25911.0,25718.0,25052
,,,,,,,,,,,,,,,,,,,,,,,,,25912.0,25719.0,25053
,,,,,,,,,,,,,,,,,,,,,,,,,25913.0,25720.0,25054
,,,,,,,,,,,,,,,,,,,,,,,,,25914.0,25721.0,25055
,,,,,,,,,,,,,,,,,,,,,,,,,25915.0,25722.0,25056
,,,,,,,,,,,,,,,,,,,,,,,,,25916.0,25723.0,25057
,,,,,,,,,,,,,,,,,,,,,,,,,25917.0,25724.0,25058
,,,,,,,,,,,,,,,,,,,,,,,,,25918.0,25725.0,25059
,,,,,,,,,,,,,,,,,,,,,,,,,25919.0,25726.0,25060
,,,,,,,,,,,,,,,,,,,,,,,,,25920.0,25727.0,25061
,,,,,,,,,,,,,,,,,,,,,,,,,25921.0,25728.0,25062
,,,,,,,,,,,,,,,,,,,,,,,,,25922.0,25729.0,25063
,,,,,,,,,,,,,,,,,,,,,,,,,25923.0,25730.0,25064
,,,,,,,,,,,,,,,,,,,,,,,,,25969.0,25731.0,25065
,,,,,,,,,,,,,,,,,,,,,,,,,25970.0,25732.0,25066
,,,,,,,,,,,,,,,,,,,,,,,,,25971.0,25733.0,25067
,,,,,,,,,,,,,,,,,,,,,,,,,25972.0,25734.0,25068
,,,,,,,,,,,,,,,,,,,,,,,,,25973.0,25735.0,25069
,,,,,,,,,,,,,,,,,,,,,,,,,25974.0,25736.0,25070
,,,,,,,,,,,,,,,,,,,,,,,,,25975.0,25737.0,25071
,,,,,,,,,,,,,,,,,,,,,,,,,25976.0,25738.0,25072
,,,,,,,,,,,,,,,,,,,,,,,,,25977.0,25739.0,25073
,,,,,,,,,,,,,,,,,,,,,,,,,25978.0,25951.0,25074
,,,,,,,,,,,,,,,,,,,,,,,,,25979.0,25952.0,25075
,,,,,,,,,,,,,,,,,,,,,,,,,25980.0,25953.0,25122
,,,,,,,,,,,,,,,,,,,,,,,,,25981.0,25954.0,25123
,,,,,,,,,,,,,,,,,,,,,,,,,25982.0,25955.0,25124
,,,,,,,,,,,,,,,,,,,,,,,,,25983.0,25956.0,25125
,,,,,,,,,,,,,,,,,,,,,,,,,25984.0,25957.0,25126
,,,,,,,,,,,,,,,,,,,,,,,,,25985.0,25958.0,25127
,,,,,,,,,,,,,,,,,,,,,,,,,25986.0,25959.0,25128
,,,,,,,,,,,,,,,,,,,,,,,,,25987.0,25960.0,25129
,,,,,,,,,,,,,,,,,,,,,,,,,25988.0,25961.0,25130
,,,,,,,,,,,,,,,,,,,,,,,,,25989.0,25962.0,25131
,,,,,,,,,,,,,,,,,,,,,,,,,25990.0,25963.0,25132
,,,,,,,,,,,,,,,,,,,,,,,,,25991.0,25964.0,25133
,,,,,,,,,,,,,,,,,,,,,,,,,25992.0,25965.0,25134
,,,,,,,,,,,,,,,,,,,,,,,,,25993.0,25966.0,25135
,,,,,,,,,,,,,,,,,,,,,,,,,26197.0,25967.0,25136
,,,,,,,,,,,,,,,,,,,,,,,,,26198.0,25968.0,25137
,,,,,,,,,,,,,,,,,,,,,,,,,26199.0,25969.0,25138
,,,,,,,,,,,,,,,,,,,,,,,,,26200.0,25970.0,25139
,,,,,,,,,,,,,,,,,,,,,,,,,26201.0,25971.0,25140
,,,,,,,,,,,,,,,,,,,,,,,,,26202.0,25972.0,25141
,,,,,,,,,,,,,,,,,,,,,,,,,26203.0,25973.0,25142
,,,,,,,,,,,,,,,,,,,,,,,,,26204.0,25974.0,25143
,,,,,,,,,,,,,,,,,,,,,,,,,26205.0,25975.0,25144
,,,,,,,,,,,,,,,,,,,,,,,,,26206.0,25976.0,25145
,,,,,,,,,,,,,,,,,,,,,,,,,26207.0,25977.0,25146
,,,,,,,,,,,,,,,,,,,,,,,,,26208.0,25978.0,25147
,,,,,,,,,,,,,,,,,,,,,,,,,26209.0,26026.0,25148
,,,,,,,,,,,,,,,,,,,,,,,,,26210.0,26027.0,25149
,,,,,,,,,,,,,,,,,,,,,,,,,26211.0,26028.0,25331
,,,,,,,,,,,,,,,,,,,,,,,,,26212.0,26029.0,25332
,,,,,,,,,,,,,,,,,,,,,,,,,26213.0,26030.0,25333
,,,,,,,,,,,,,,,,,,,,,,,,,26214.0,26031.0,25334
,,,,,,,,,,,,,,,,,,,,,,,,,26215.0,26032.0,25335
,,,,,,,,,,,,,,,,,,,,,,,,,26216.0,26033.0,25336
,,,,,,,,,,,,,,,,,,,,,,,,,26217.0,26034.0,25337
,,,,,,,,,,,,,,,,,,,,,,,,,26218.0,26035.0,25338
,,,,,,,,,,,,,,,,,,,,,,,,,26290.0,26036.0,25339
,,,,,,,,,,,,,,,,,,,,,,,,,26291.0,26037.0,25340
,,,,,,,,,,,,,,,,,,,,,,,,,26292.0,26038.0,25341
,,,,,,,,,,,,,,,,,,,,,,,,,26293.0,26039.0,25342
,,,,,,,,,,,,,,,,,,,,,,,,,26294.0,26040.0,25343
,,,,,,,,,,,,,,,,,,,,,,,,,26295.0,26041.0,25344
,,,,,,,,,,,,,,,,,,,,,,,,,26296.0,26042.0,25345
,,,,,,,,,,,,,,,,,,,,,,,,,26297.0,26043.0,25346
,,,,,,,,,,,,,,,,,,,,,,,,,26298.0,26044.0,25347
,,,,,,,,,,,,,,,,,,,,,,,,,26299.0,26045.0,25348
,,,,,,,,,,,,,,,,,,,,,,,,,26300.0,26046.0,25349
,,,,,,,,,,,,,,,,,,,,,,,,,26301.0,26047.0,25350
,,,,,,,,,,,,,,,,,,,,,,,,,26302.0,26048.0,25351
,,,,,,,,,,,,,,,,,,,,,,,,,26303.0,26049.0,25352
,,,,,,,,,,,,,,,,,,,,,,,,,26304.0,26255.0,25438
,,,,,,,,,,,,,,,,,,,,,,,,,26305.0,26256.0,25439
,,,,,,,,,,,,,,,,,,,,,,,,,26306.0,26257.0,25440
,,,,,,,,,,,,,,,,,,,,,,,,,26307.0,26258.0,25441
,,,,,,,,,,,,,,,,,,,,,,,,,26308.0,26259.0,25442
,,,,,,,,,,,,,,,,,,,,,,,,,26309.0,26260.0,25443
,,,,,,,,,,,,,,,,,,,,,,,,,26310.0,26261.0,25444
,,,,,,,,,,,,,,,,,,,,,,,,,26311.0,26262.0,25445
,,,,,,,,,,,,,,,,,,,,,,,,,26312.0,26263.0,25446
,,,,,,,,,,,,,,,,,,,,,,,,,26313.0,26264.0,25447
,,,,,,,,,,,,,,,,,,,,,,,,,26314.0,26265.0,25448
,,,,,,,,,,,,,,,,,,,,,,,,,26520.0,26266.0,25449
,,,,,,,,,,,,,,,,,,,,,,,,,26521.0,26267.0,25450
,,,,,,,,,,,,,,,,,,,,,,,,,26522.0,26268.0,25451
,,,,,,,,,,,,,,,,,,,,,,,,,26523.0,26269.0,25452
,,,,,,,,,,,,,,,,,,,,,,,,,26524.0,26270.0,25453
,,,,,,,,,,,,,,,,,,,,,,,,,26525.0,26271.0,25454
,,,,,,,,,,,,,,,,,,,,,,,,,26526.0,26272.0,25455
,,,,,,,,,,,,,,,,,,,,,,,,,26527.0,26273.0,25456
,,,,,,,,,,,,,,,,,,,,,,,,,26528.0,26274.0,25457
,,,,,,,,,,,,,,,,,,,,,,,,,26529.0,26275.0,25458
,,,,,,,,,,,,,,,,,,,,,,,,,26530.0,26276.0,25459
,,,,,,,,,,,,,,,,,,,,,,,,,26531.0,26338.0,25460
,,,,,,,,,,,,,,,,,,,,,,,,,26532.0,26339.0,25645
,,,,,,,,,,,,,,,,,,,,,,,,,26533.0,26340.0,25646
,,,,,,,,,,,,,,,,,,,,,,,,,26534.0,26341.0,25647
,,,,,,,,,,,,,,,,,,,,,,,,,26535.0,26342.0,25648
,,,,,,,,,,,,,,,,,,,,,,,,,26536.0,26343.0,25649
,,,,,,,,,,,,,,,,,,,,,,,,,26537.0,26344.0,25650
,,,,,,,,,,,,,,,,,,,,,,,,,26538.0,26345.0,25651
,,,,,,,,,,,,,,,,,,,,,,,,,26539.0,26346.0,25652
,,,,,,,,,,,,,,,,,,,,,,,,,26540.0,26347.0,25653
,,,,,,,,,,,,,,,,,,,,,,,,,26541.0,26348.0,25654
,,,,,,,,,,,,,,,,,,,,,,,,,26566.0,26349.0,25655
,,,,,,,,,,,,,,,,,,,,,,,,,26567.0,26350.0,25656
,,,,,,,,,,,,,,,,,,,,,,,,,26568.0,26351.0,25657
,,,,,,,,,,,,,,,,,,,,,,,,,26569.0,26352.0,25658
,,,,,,,,,,,,,,,,,,,,,,,,,26570.0,26353.0,25659
,,,,,,,,,,,,,,,,,,,,,,,,,26571.0,26354.0,25660
,,,,,,,,,,,,,,,,,,,,,,,,,26572.0,26355.0,25661
,,,,,,,,,,,,,,,,,,,,,,,,,26573.0,26356.0,25662
,,,,,,,,,,,,,,,,,,,,,,,,,26574.0,26357.0,25663
,,,,,,,,,,,,,,,,,,,,,,,,,26575.0,26358.0,25664
,,,,,,,,,,,,,,,,,,,,,,,,,26576.0,26359.0,25665
,,,,,,,,,,,,,,,,,,,,,,,,,26577.0,26564.0,25666
,,,,,,,,,,,,,,,,,,,,,,,,,26578.0,26565.0,25667
,,,,,,,,,,,,,,,,,,,,,,,,,26579.0,26566.0,25668
,,,,,,,,,,,,,,,,,,,,,,,,,26580.0,26567.0,25669
,,,,,,,,,,,,,,,,,,,,,,,,,26581.0,26568.0,25670
,,,,,,,,,,,,,,,,,,,,,,,,,26582.0,26569.0,25671
,,,,,,,,,,,,,,,,,,,,,,,,,26583.0,26570.0,25711
,,,,,,,,,,,,,,,,,,,,,,,,,26584.0,26571.0,25712
,,,,,,,,,,,,,,,,,,,,,,,,,26585.0,26572.0,25713
,,,,,,,,,,,,,,,,,,,,,,,,,26586.0,26573.0,25714
,,,,,,,,,,,,,,,,,,,,,,,,,26587.0,26574.0,25715
,,,,,,,,,,,,,,,,,,,,,,,,,26588.0,26575.0,25716
,,,,,,,,,,,,,,,,,,,,,,,,,26589.0,26576.0,25717
,,,,,,,,,,,,,,,,,,,,,,,,,26835.0,26577.0,25718
,,,,,,,,,,,,,,,,,,,,,,,,,26836.0,26578.0,25719
,,,,,,,,,,,,,,,,,,,,,,,,,26837.0,26579.0,25720
,,,,,,,,,,,,,,,,,,,,,,,,,26838.0,26580.0,25721
,,,,,,,,,,,,,,,,,,,,,,,,,26839.0,26581.0,25722
,,,,,,,,,,,,,,,,,,,,,,,,,26840.0,26582.0,25723
,,,,,,,,,,,,,,,,,,,,,,,,,26841.0,26583.0,25724
,,,,,,,,,,,,,,,,,,,,,,,,,26842.0,26584.0,25725
,,,,,,,,,,,,,,,,,,,,,,,,,26843.0,26585.0,25726
,,,,,,,,,,,,,,,,,,,,,,,,,26844.0,26586.0,25727
,,,,,,,,,,,,,,,,,,,,,,,,,26845.0,26635.0,25728
,,,,,,,,,,,,,,,,,,,,,,,,,26846.0,26636.0,25729
,,,,,,,,,,,,,,,,,,,,,,,,,26847.0,26637.0,25730
,,,,,,,,,,,,,,,,,,,,,,,,,26848.0,26638.0,25731
,,,,,,,,,,,,,,,,,,,,,,,,,26849.0,26639.0,25732
,,,,,,,,,,,,,,,,,,,,,,,,,26850.0,26640.0,25733
,,,,,,,,,,,,,,,,,,,,,,,,,26851.0,26641.0,25734
,,,,,,,,,,,,,,,,,,,,,,,,,26852.0,26642.0,25735
,,,,,,,,,,,,,,,,,,,,,,,,,26853.0,26643.0,25736
,,,,,,,,,,,,,,,,,,,,,,,,,26854.0,26644.0,25737
,,,,,,,,,,,,,,,,,,,,,,,,,26855.0,26645.0,25738
,,,,,,,,,,,,,,,,,,,,,,,,,26856.0,26646.0,25739
,,,,,,,,,,,,,,,,,,,,,,,,,26857.0,26647.0,25951
,,,,,,,,,,,,,,,,,,,,,,,,,26858.0,26648.0,25952
,,,,,,,,,,,,,,,,,,,,,,,,,26859.0,26649.0,25953
,,,,,,,,,,,,,,,,,,,,,,,,,26890.0,26650.0,25954
,,,,,,,,,,,,,,,,,,,,,,,,,26891.0,26651.0,25955
,,,,,,,,,,,,,,,,,,,,,,,,,26892.0,26652.0,25956
,,,,,,,,,,,,,,,,,,,,,,,,,26893.0,26653.0,25957
,,,,,,,,,,,,,,,,,,,,,,,,,26894.0,26654.0,25958
,,,,,,,,,,,,,,,,,,,,,,,,,26895.0,26655.0,25959
,,,,,,,,,,,,,,,,,,,,,,,,,26896.0,26656.0,25960
,,,,,,,,,,,,,,,,,,,,,,,,,26897.0,26657.0,25961
,,,,,,,,,,,,,,,,,,,,,,,,,26898.0,26658.0,25962
,,,,,,,,,,,,,,,,,,,,,,,,,26899.0,26659.0,25963
,,,,,,,,,,,,,,,,,,,,,,,,,26900.0,26660.0,25964
,,,,,,,,,,,,,,,,,,,,,,,,,26901.0,26873.0,25965
,,,,,,,,,,,,,,,,,,,,,,,,,26902.0,26874.0,25966
,,,,,,,,,,,,,,,,,,,,,,,,,26903.0,26875.0,25967
,,,,,,,,,,,,,,,,,,,,,,,,,26904.0,26876.0,25968
,,,,,,,,,,,,,,,,,,,,,,,,,26905.0,26877.0,25969
,,,,,,,,,,,,,,,,,,,,,,,,,26906.0,26878.0,25970
,,,,,,,,,,,,,,,,,,,,,,,,,26907.0,26879.0,25971
,,,,,,,,,,,,,,,,,,,,,,,,,26908.0,26880.0,25972
,,,,,,,,,,,,,,,,,,,,,,,,,26909.0,26881.0,25973
,,,,,,,,,,,,,,,,,,,,,,,,,26910.0,26882.0,25974
,,,,,,,,,,,,,,,,,,,,,,,,,26911.0,26883.0,25975
,,,,,,,,,,,,,,,,,,,,,,,,,26912.0,26884.0,25976
,,,,,,,,,,,,,,,,,,,,,,,,,27141.0,26885.0,25977
,,,,,,,,,,,,,,,,,,,,,,,,,27142.0,26886.0,25978
,,,,,,,,,,,,,,,,,,,,,,,,,27143.0,26887.0,26026
,,,,,,,,,,,,,,,,,,,,,,,,,27144.0,26888.0,26027
,,,,,,,,,,,,,,,,,,,,,,,,,27145.0,26889.0,26028
,,,,,,,,,,,,,,,,,,,,,,,,,27146.0,26890.0,26029
,,,,,,,,,,,,,,,,,,,,,,,,,27147.0,26891.0,26030
,,,,,,,,,,,,,,,,,,,,,,,,,27148.0,26892.0,26031
,,,,,,,,,,,,,,,,,,,,,,,,,27149.0,26893.0,26032
,,,,,,,,,,,,,,,,,,,,,,,,,27150.0,26894.0,26033
,,,,,,,,,,,,,,,,,,,,,,,,,27151.0,26956.0,26034
,,,,,,,,,,,,,,,,,,,,,,,,,27152.0,26957.0,26035
,,,,,,,,,,,,,,,,,,,,,,,,,27153.0,26958.0,26036
,,,,,,,,,,,,,,,,,,,,,,,,,27154.0,26959.0,26037
,,,,,,,,,,,,,,,,,,,,,,,,,27155.0,26960.0,26038
,,,,,,,,,,,,,,,,,,,,,,,,,27156.0,26961.0,26039
,,,,,,,,,,,,,,,,,,,,,,,,,27157.0,26962.0,26040
,,,,,,,,,,,,,,,,,,,,,,,,,27158.0,26963.0,26041
,,,,,,,,,,,,,,,,,,,,,,,,,27159.0,26964.0,26042
,,,,,,,,,,,,,,,,,,,,,,,,,27160.0,26965.0,26043
,,,,,,,,,,,,,,,,,,,,,,,,,27161.0,26966.0,26044
,,,,,,,,,,,,,,,,,,,,,,,,,27162.0,26967.0,26045
,,,,,,,,,,,,,,,,,,,,,,,,,27163.0,26968.0,26046
,,,,,,,,,,,,,,,,,,,,,,,,,27190.0,26969.0,26047
,,,,,,,,,,,,,,,,,,,,,,,,,27191.0,26970.0,26048
,,,,,,,,,,,,,,,,,,,,,,,,,27192.0,26971.0,26049
,,,,,,,,,,,,,,,,,,,,,,,,,27193.0,26972.0,26242
,,,,,,,,,,,,,,,,,,,,,,,,,27194.0,26973.0,26243
,,,,,,,,,,,,,,,,,,,,,,,,,27195.0,26974.0,26244
,,,,,,,,,,,,,,,,,,,,,,,,,27196.0,26975.0,26245
,,,,,,,,,,,,,,,,,,,,,,,,,27197.0,26976.0,26246
,,,,,,,,,,,,,,,,,,,,,,,,,27198.0,26977.0,26247
,,,,,,,,,,,,,,,,,,,,,,,,,27199.0,26978.0,26248
,,,,,,,,,,,,,,,,,,,,,,,,,27200.0,27152.0,26249
,,,,,,,,,,,,,,,,,,,,,,,,,27201.0,27153.0,26250
,,,,,,,,,,,,,,,,,,,,,,,,,27202.0,27154.0,26251
,,,,,,,,,,,,,,,,,,,,,,,,,27203.0,27155.0,26252
,,,,,,,,,,,,,,,,,,,,,,,,,27204.0,27156.0,26253
,,,,,,,,,,,,,,,,,,,,,,,,,27205.0,27157.0,26254
,,,,,,,,,,,,,,,,,,,,,,,,,27206.0,27158.0,26255
,,,,,,,,,,,,,,,,,,,,,,,,,27207.0,27159.0,26256
,,,,,,,,,,,,,,,,,,,,,,,,,27208.0,27160.0,26257
,,,,,,,,,,,,,,,,,,,,,,,,,27209.0,27161.0,26258
,,,,,,,,,,,,,,,,,,,,,,,,,27210.0,27162.0,26259
,,,,,,,,,,,,,,,,,,,,,,,,,27211.0,27163.0,26260
,,,,,,,,,,,,,,,,,,,,,,,,,27212.0,27164.0,26261
,,,,,,,,,,,,,,,,,,,,,,,,,27213.0,27165.0,26262
,,,,,,,,,,,,,,,,,,,,,,,,,27214.0,27166.0,26263
,,,,,,,,,,,,,,,,,,,,,,,,,27215.0,27167.0,26264
,,,,,,,,,,,,,,,,,,,,,,,,,27216.0,27168.0,26265
,,,,,,,,,,,,,,,,,,,,,,,,,27217.0,27169.0,26266
,,,,,,,,,,,,,,,,,,,,,,,,,27218.0,27170.0,26267
,,,,,,,,,,,,,,,,,,,,,,,,,27219.0,27171.0,26268
,,,,,,,,,,,,,,,,,,,,,,,,,27220.0,27172.0,26269
,,,,,,,,,,,,,,,,,,,,,,,,,27221.0,27173.0,26270
,,,,,,,,,,,,,,,,,,,,,,,,,27222.0,27174.0,26271
,,,,,,,,,,,,,,,,,,,,,,,,,27223.0,27175.0,26272
,,,,,,,,,,,,,,,,,,,,,,,,,27224.0,27176.0,26273
,,,,,,,,,,,,,,,,,,,,,,,,,27225.0,27256.0,26274
,,,,,,,,,,,,,,,,,,,,,,,,,27226.0,27257.0,26275
,,,,,,,,,,,,,,,,,,,,,,,,,27446.0,27258.0,26276
,,,,,,,,,,,,,,,,,,,,,,,,,27447.0,27259.0,26338
,,,,,,,,,,,,,,,,,,,,,,,,,27448.0,27260.0,26339
,,,,,,,,,,,,,,,,,,,,,,,,,27449.0,27261.0,26340
,,,,,,,,,,,,,,,,,,,,,,,,,27450.0,27262.0,26341
,,,,,,,,,,,,,,,,,,,,,,,,,27451.0,27263.0,26342
,,,,,,,,,,,,,,,,,,,,,,,,,27452.0,27264.0,26343
,,,,,,,,,,,,,,,,,,,,,,,,,27453.0,27265.0,26344
,,,,,,,,,,,,,,,,,,,,,,,,,27454.0,27266.0,26345
,,,,,,,,,,,,,,,,,,,,,,,,,27455.0,27267.0,26346
,,,,,,,,,,,,,,,,,,,,,,,,,27456.0,27268.0,26347
,,,,,,,,,,,,,,,,,,,,,,,,,27457.0,27269.0,26348
,,,,,,,,,,,,,,,,,,,,,,,,,27458.0,27270.0,26349
,,,,,,,,,,,,,,,,,,,,,,,,,27459.0,27271.0,26350
,,,,,,,,,,,,,,,,,,,,,,,,,27460.0,27272.0,26351
,,,,,,,,,,,,,,,,,,,,,,,,,27461.0,27273.0,26352
,,,,,,,,,,,,,,,,,,,,,,,,,27462.0,27274.0,26353
,,,,,,,,,,,,,,,,,,,,,,,,,27463.0,27275.0,26354
,,,,,,,,,,,,,,,,,,,,,,,,,27464.0,27276.0,26355
,,,,,,,,,,,,,,,,,,,,,,,,,27465.0,27277.0,26356
,,,,,,,,,,,,,,,,,,,,,,,,,27466.0,27278.0,26357
,,,,,,,,,,,,,,,,,,,,,,,,,27467.0,27279.0,26358
,,,,,,,,,,,,,,,,,,,,,,,,,27468.0,27280.0,26359
,,,,,,,,,,,,,,,,,,,,,,,,,27469.0,27281.0,26564
,,,,,,,,,,,,,,,,,,,,,,,,,27470.0,27282.0,26565
,,,,,,,,,,,,,,,,,,,,,,,,,27511.0,27447.0,26566
,,,,,,,,,,,,,,,,,,,,,,,,,27512.0,27448.0,26567
,,,,,,,,,,,,,,,,,,,,,,,,,27513.0,27449.0,26568
,,,,,,,,,,,,,,,,,,,,,,,,,27514.0,27450.0,26569
,,,,,,,,,,,,,,,,,,,,,,,,,27515.0,27451.0,26570
,,,,,,,,,,,,,,,,,,,,,,,,,27516.0,27452.0,26571
,,,,,,,,,,,,,,,,,,,,,,,,,27517.0,27453.0,26572
,,,,,,,,,,,,,,,,,,,,,,,,,27518.0,27454.0,26573
,,,,,,,,,,,,,,,,,,,,,,,,,27519.0,27455.0,26574
,,,,,,,,,,,,,,,,,,,,,,,,,27520.0,27456.0,26575
,,,,,,,,,,,,,,,,,,,,,,,,,27521.0,27457.0,26576
,,,,,,,,,,,,,,,,,,,,,,,,,27522.0,27458.0,26577
,,,,,,,,,,,,,,,,,,,,,,,,,27523.0,27459.0,26578
,,,,,,,,,,,,,,,,,,,,,,,,,27524.0,27460.0,26579
,,,,,,,,,,,,,,,,,,,,,,,,,27525.0,27461.0,26580
,,,,,,,,,,,,,,,,,,,,,,,,,27526.0,27462.0,26581
,,,,,,,,,,,,,,,,,,,,,,,,,27527.0,27463.0,26582
,,,,,,,,,,,,,,,,,,,,,,,,,27528.0,27464.0,26583
,,,,,,,,,,,,,,,,,,,,,,,,,27529.0,27465.0,26584
,,,,,,,,,,,,,,,,,,,,,,,,,27530.0,27466.0,26585
,,,,,,,,,,,,,,,,,,,,,,,,,27531.0,27467.0,26586
,,,,,,,,,,,,,,,,,,,,,,,,,27532.0,27468.0,26592
,,,,,,,,,,,,,,,,,,,,,,,,,27784.0,27469.0,26593
,,,,,,,,,,,,,,,,,,,,,,,,,27785.0,27470.0,26594
,,,,,,,,,,,,,,,,,,,,,,,,,27786.0,27471.0,26595
,,,,,,,,,,,,,,,,,,,,,,,,,27787.0,27472.0,26596
,,,,,,,,,,,,,,,,,,,,,,,,,27788.0,27534.0,26597
,,,,,,,,,,,,,,,,,,,,,,,,,27789.0,27535.0,26598
,,,,,,,,,,,,,,,,,,,,,,,,,27790.0,27536.0,26599
,,,,,,,,,,,,,,,,,,,,,,,,,27791.0,27537.0,26600
,,,,,,,,,,,,,,,,,,,,,,,,,27792.0,27538.0,26601
,,,,,,,,,,,,,,,,,,,,,,,,,27793.0,27539.0,26602
,,,,,,,,,,,,,,,,,,,,,,,,,27794.0,27540.0,26603
,,,,,,,,,,,,,,,,,,,,,,,,,27795.0,27541.0,26604
,,,,,,,,,,,,,,,,,,,,,,,,,27796.0,27542.0,26605
,,,,,,,,,,,,,,,,,,,,,,,,,27797.0,27543.0,26606
,,,,,,,,,,,,,,,,,,,,,,,,,27798.0,27544.0,26607
,,,,,,,,,,,,,,,,,,,,,,,,,27799.0,27545.0,26608
,,,,,,,,,,,,,,,,,,,,,,,,,27800.0,27546.0,26609
,,,,,,,,,,,,,,,,,,,,,,,,,27801.0,27547.0,26610
,,,,,,,,,,,,,,,,,,,,,,,,,27802.0,27548.0,26611
,,,,,,,,,,,,,,,,,,,,,,,,,27803.0,27549.0,26612
,,,,,,,,,,,,,,,,,,,,,,,,,27804.0,27550.0,26613
,,,,,,,,,,,,,,,,,,,,,,,,,27805.0,27551.0,26614
,,,,,,,,,,,,,,,,,,,,,,,,,27806.0,27552.0,26615
,,,,,,,,,,,,,,,,,,,,,,,,,27807.0,27553.0,26616
,,,,,,,,,,,,,,,,,,,,,,,,,27825.0,27554.0,26617
,,,,,,,,,,,,,,,,,,,,,,,,,27826.0,27555.0,26618
,,,,,,,,,,,,,,,,,,,,,,,,,27827.0,27556.0,26619
,,,,,,,,,,,,,,,,,,,,,,,,,27828.0,27557.0,26620
,,,,,,,,,,,,,,,,,,,,,,,,,27829.0,27558.0,26635
,,,,,,,,,,,,,,,,,,,,,,,,,27830.0,27559.0,26636
,,,,,,,,,,,,,,,,,,,,,,,,,27831.0,27700.0,26637
,,,,,,,,,,,,,,,,,,,,,,,,,27832.0,27701.0,26638
,,,,,,,,,,,,,,,,,,,,,,,,,27833.0,27702.0,26639
,,,,,,,,,,,,,,,,,,,,,,,,,27834.0,27703.0,26640
,,,,,,,,,,,,,,,,,,,,,,,,,27835.0,27704.0,26641
,,,,,,,,,,,,,,,,,,,,,,,,,27836.0,27705.0,26642
,,,,,,,,,,,,,,,,,,,,,,,,,27837.0,27706.0,26643
,,,,,,,,,,,,,,,,,,,,,,,,,27838.0,27707.0,26644
,,,,,,,,,,,,,,,,,,,,,,,,,27839.0,27708.0,26645
,,,,,,,,,,,,,,,,,,,,,,,,,27840.0,27709.0,26646
,,,,,,,,,,,,,,,,,,,,,,,,,27841.0,27710.0,26647
,,,,,,,,,,,,,,,,,,,,,,,,,27842.0,27711.0,26648
,,,,,,,,,,,,,,,,,,,,,,,,,27843.0,27712.0,26649
,,,,,,,,,,,,,,,,,,,,,,,,,27844.0,27713.0,26650
,,,,,,,,,,,,,,,,,,,,,,,,,27845.0,27714.0,26651
,,,,,,,,,,,,,,,,,,,,,,,,,27846.0,27715.0,26652
,,,,,,,,,,,,,,,,,,,,,,,,,27847.0,27716.0,26653
,,,,,,,,,,,,,,,,,,,,,,,,,27848.0,27717.0,26654
,,,,,,,,,,,,,,,,,,,,,,,,,27849.0,27718.0,26655
,,,,,,,,,,,,,,,,,,,,,,,,,27850.0,27719.0,26656
,,,,,,,,,,,,,,,,,,,,,,,,,27851.0,27720.0,26657
,,,,,,,,,,,,,,,,,,,,,,,,,27852.0,27721.0,26658
,,,,,,,,,,,,,,,,,,,,,,,,,27853.0,27722.0,26659
,,,,,,,,,,,,,,,,,,,,,,,,,28081.0,27723.0,26660
,,,,,,,,,,,,,,,,,,,,,,,,,28082.0,27724.0,26873
,,,,,,,,,,,,,,,,,,,,,,,,,28083.0,27725.0,26874
,,,,,,,,,,,,,,,,,,,,,,,,,28084.0,27826.0,26875
,,,,,,,,,,,,,,,,,,,,,,,,,28085.0,27827.0,26876
,,,,,,,,,,,,,,,,,,,,,,,,,28086.0,27828.0,26877
,,,,,,,,,,,,,,,,,,,,,,,,,28087.0,27829.0,26878
,,,,,,,,,,,,,,,,,,,,,,,,,28088.0,27830.0,26879
,,,,,,,,,,,,,,,,,,,,,,,,,28089.0,27831.0,26880
,,,,,,,,,,,,,,,,,,,,,,,,,28090.0,27832.0,26881
,,,,,,,,,,,,,,,,,,,,,,,,,28091.0,27833.0,26882
,,,,,,,,,,,,,,,,,,,,,,,,,28092.0,27834.0,26883
,,,,,,,,,,,,,,,,,,,,,,,,,28093.0,27835.0,26884
,,,,,,,,,,,,,,,,,,,,,,,,,28094.0,27836.0,26885
,,,,,,,,,,,,,,,,,,,,,,,,,28095.0,27837.0,26886
,,,,,,,,,,,,,,,,,,,,,,,,,28096.0,27838.0,26887
,,,,,,,,,,,,,,,,,,,,,,,,,28097.0,27839.0,26888
,,,,,,,,,,,,,,,,,,,,,,,,,28098.0,27840.0,26889
,,,,,,,,,,,,,,,,,,,,,,,,,28099.0,27841.0,26890
,,,,,,,,,,,,,,,,,,,,,,,,,28100.0,27842.0,26891
,,,,,,,,,,,,,,,,,,,,,,,,,28101.0,27843.0,26892
,,,,,,,,,,,,,,,,,,,,,,,,,28102.0,27844.0,26893
,,,,,,,,,,,,,,,,,,,,,,,,,28103.0,27845.0,26894
,,,,,,,,,,,,,,,,,,,,,,,,,28145.0,27846.0,26956
,,,,,,,,,,,,,,,,,,,,,,,,,28146.0,27847.0,26957
,,,,,,,,,,,,,,,,,,,,,,,,,28147.0,27848.0,26958
,,,,,,,,,,,,,,,,,,,,,,,,,28148.0,27849.0,26959
,,,,,,,,,,,,,,,,,,,,,,,,,28149.0,27850.0,26960
,,,,,,,,,,,,,,,,,,,,,,,,,28150.0,27851.0,26961
,,,,,,,,,,,,,,,,,,,,,,,,,28151.0,27852.0,26962
,,,,,,,,,,,,,,,,,,,,,,,,,28152.0,27853.0,26963
,,,,,,,,,,,,,,,,,,,,,,,,,28153.0,27854.0,26964
,,,,,,,,,,,,,,,,,,,,,,,,,28154.0,27996.0,26965
,,,,,,,,,,,,,,,,,,,,,,,,,28155.0,27997.0,26966
,,,,,,,,,,,,,,,,,,,,,,,,,28156.0,27998.0,26967
,,,,,,,,,,,,,,,,,,,,,,,,,28157.0,27999.0,26968
,,,,,,,,,,,,,,,,,,,,,,,,,28158.0,28000.0,26969
,,,,,,,,,,,,,,,,,,,,,,,,,28159.0,28001.0,26970
,,,,,,,,,,,,,,,,,,,,,,,,,28160.0,28002.0,26971
,,,,,,,,,,,,,,,,,,,,,,,,,28161.0,28003.0,26972
,,,,,,,,,,,,,,,,,,,,,,,,,28162.0,28004.0,26973
,,,,,,,,,,,,,,,,,,,,,,,,,28163.0,28005.0,26974
,,,,,,,,,,,,,,,,,,,,,,,,,28164.0,28006.0,26975
,,,,,,,,,,,,,,,,,,,,,,,,,28165.0,28007.0,26976
,,,,,,,,,,,,,,,,,,,,,,,,,28166.0,28008.0,26977
,,,,,,,,,,,,,,,,,,,,,,,,,28167.0,28009.0,26978
,,,,,,,,,,,,,,,,,,,,,,,,,28168.0,28010.0,26979
,,,,,,,,,,,,,,,,,,,,,,,,,28169.0,28011.0,26980
,,,,,,,,,,,,,,,,,,,,,,,,,28170.0,28012.0,26981
,,,,,,,,,,,,,,,,,,,,,,,,,28171.0,28013.0,26982
,,,,,,,,,,,,,,,,,,,,,,,,,28394.0,28014.0,26983
,,,,,,,,,,,,,,,,,,,,,,,,,28395.0,28015.0,26984
,,,,,,,,,,,,,,,,,,,,,,,,,28396.0,28016.0,26985
,,,,,,,,,,,,,,,,,,,,,,,,,28397.0,28017.0,26986
,,,,,,,,,,,,,,,,,,,,,,,,,28398.0,28018.0,26987
,,,,,,,,,,,,,,,,,,,,,,,,,28399.0,28019.0,26988
,,,,,,,,,,,,,,,,,,,,,,,,,28400.0,28020.0,26989
,,,,,,,,,,,,,,,,,,,,,,,,,28401.0,28082.0,26990
,,,,,,,,,,,,,,,,,,,,,,,,,28402.0,28083.0,27152
,,,,,,,,,,,,,,,,,,,,,,,,,28403.0,28084.0,27153
,,,,,,,,,,,,,,,,,,,,,,,,,28404.0,28085.0,27154
,,,,,,,,,,,,,,,,,,,,,,,,,28405.0,28086.0,27155
,,,,,,,,,,,,,,,,,,,,,,,,,28406.0,28087.0,27156
,,,,,,,,,,,,,,,,,,,,,,,,,28407.0,28088.0,27157
,,,,,,,,,,,,,,,,,,,,,,,,,28408.0,28089.0,27158
,,,,,,,,,,,,,,,,,,,,,,,,,28409.0,28090.0,27159
,,,,,,,,,,,,,,,,,,,,,,,,,28410.0,28091.0,27160
,,,,,,,,,,,,,,,,,,,,,,,,,28411.0,28092.0,27161
,,,,,,,,,,,,,,,,,,,,,,,,,28412.0,28093.0,27162
,,,,,,,,,,,,,,,,,,,,,,,,,28413.0,28094.0,27163
,,,,,,,,,,,,,,,,,,,,,,,,,28414.0,28095.0,27164
,,,,,,,,,,,,,,,,,,,,,,,,,28415.0,28096.0,27165
,,,,,,,,,,,,,,,,,,,,,,,,,28442.0,28097.0,27166
,,,,,,,,,,,,,,,,,,,,,,,,,28443.0,28098.0,27167
,,,,,,,,,,,,,,,,,,,,,,,,,28444.0,28099.0,27168
,,,,,,,,,,,,,,,,,,,,,,,,,28445.0,28100.0,27169
,,,,,,,,,,,,,,,,,,,,,,,,,28446.0,28101.0,27170
,,,,,,,,,,,,,,,,,,,,,,,,,28447.0,28102.0,27171
,,,,,,,,,,,,,,,,,,,,,,,,,28448.0,28103.0,27172
,,,,,,,,,,,,,,,,,,,,,,,,,28449.0,28190.0,27173
,,,,,,,,,,,,,,,,,,,,,,,,,28450.0,28191.0,27174
,,,,,,,,,,,,,,,,,,,,,,,,,28451.0,28192.0,27175
,,,,,,,,,,,,,,,,,,,,,,,,,28452.0,28193.0,27176
,,,,,,,,,,,,,,,,,,,,,,,,,28453.0,28194.0,27218
,,,,,,,,,,,,,,,,,,,,,,,,,28454.0,28195.0,27219
,,,,,,,,,,,,,,,,,,,,,,,,,28455.0,28196.0,27220
,,,,,,,,,,,,,,,,,,,,,,,,,28456.0,28197.0,27221
,,,,,,,,,,,,,,,,,,,,,,,,,28457.0,28198.0,27222
,,,,,,,,,,,,,,,,,,,,,,,,,28458.0,28199.0,27223
,,,,,,,,,,,,,,,,,,,,,,,,,28459.0,28200.0,27224
,,,,,,,,,,,,,,,,,,,,,,,,,28460.0,28201.0,27225
,,,,,,,,,,,,,,,,,,,,,,,,,28461.0,28202.0,27226
,,,,,,,,,,,,,,,,,,,,,,,,,28462.0,28203.0,27227
,,,,,,,,,,,,,,,,,,,,,,,,,28463.0,28204.0,27228
,,,,,,,,,,,,,,,,,,,,,,,,,28677.0,28205.0,27229
,,,,,,,,,,,,,,,,,,,,,,,,,28678.0,28206.0,27230
,,,,,,,,,,,,,,,,,,,,,,,,,28679.0,28207.0,27231
,,,,,,,,,,,,,,,,,,,,,,,,,28680.0,28208.0,27232
,,,,,,,,,,,,,,,,,,,,,,,,,28681.0,28209.0,27233
,,,,,,,,,,,,,,,,,,,,,,,,,28682.0,28210.0,27234
,,,,,,,,,,,,,,,,,,,,,,,,,28683.0,28211.0,27235
,,,,,,,,,,,,,,,,,,,,,,,,,28684.0,28212.0,27236
,,,,,,,,,,,,,,,,,,,,,,,,,28685.0,28213.0,27237
,,,,,,,,,,,,,,,,,,,,,,,,,28686.0,28394.0,27238
,,,,,,,,,,,,,,,,,,,,,,,,,28687.0,28395.0,27239
,,,,,,,,,,,,,,,,,,,,,,,,,28688.0,28396.0,27240
,,,,,,,,,,,,,,,,,,,,,,,,,28689.0,28397.0,27241
,,,,,,,,,,,,,,,,,,,,,,,,,28690.0,28398.0,27242
,,,,,,,,,,,,,,,,,,,,,,,,,28691.0,28399.0,27243
,,,,,,,,,,,,,,,,,,,,,,,,,28692.0,28400.0,27244
,,,,,,,,,,,,,,,,,,,,,,,,,28693.0,28401.0,27245
,,,,,,,,,,,,,,,,,,,,,,,,,28694.0,28402.0,27246
,,,,,,,,,,,,,,,,,,,,,,,,,28695.0,28403.0,27247
,,,,,,,,,,,,,,,,,,,,,,,,,28696.0,28404.0,27248
,,,,,,,,,,,,,,,,,,,,,,,,,28697.0,28405.0,27249
,,,,,,,,,,,,,,,,,,,,,,,,,28698.0,28406.0,27250
,,,,,,,,,,,,,,,,,,,,,,,,,28756.0,28407.0,27256
,,,,,,,,,,,,,,,,,,,,,,,,,28757.0,28408.0,27257
,,,,,,,,,,,,,,,,,,,,,,,,,28758.0,28409.0,27258
,,,,,,,,,,,,,,,,,,,,,,,,,28759.0,28410.0,27259
,,,,,,,,,,,,,,,,,,,,,,,,,28760.0,28411.0,27260
,,,,,,,,,,,,,,,,,,,,,,,,,28761.0,28412.0,27261
,,,,,,,,,,,,,,,,,,,,,,,,,28762.0,28413.0,27262
,,,,,,,,,,,,,,,,,,,,,,,,,28763.0,28414.0,27263
,,,,,,,,,,,,,,,,,,,,,,,,,28764.0,28415.0,27264
,,,,,,,,,,,,,,,,,,,,,,,,,28765.0,28512.0,27265
,,,,,,,,,,,,,,,,,,,,,,,,,28766.0,28513.0,27266
,,,,,,,,,,,,,,,,,,,,,,,,,28767.0,28514.0,27267
,,,,,,,,,,,,,,,,,,,,,,,,,28768.0,28515.0,27268
,,,,,,,,,,,,,,,,,,,,,,,,,28769.0,28516.0,27269
,,,,,,,,,,,,,,,,,,,,,,,,,28770.0,28517.0,27270
,,,,,,,,,,,,,,,,,,,,,,,,,28771.0,28518.0,27271
,,,,,,,,,,,,,,,,,,,,,,,,,28772.0,28519.0,27272
,,,,,,,,,,,,,,,,,,,,,,,,,28773.0,28520.0,27273
,,,,,,,,,,,,,,,,,,,,,,,,,28774.0,28521.0,27274
,,,,,,,,,,,,,,,,,,,,,,,,,28775.0,28522.0,27275
,,,,,,,,,,,,,,,,,,,,,,,,,28776.0,28523.0,27276
,,,,,,,,,,,,,,,,,,,,,,,,,28777.0,28524.0,27277
,,,,,,,,,,,,,,,,,,,,,,,,,28778.0,28525.0,27278
,,,,,,,,,,,,,,,,,,,,,,,,,28985.0,28526.0,27279
,,,,,,,,,,,,,,,,,,,,,,,,,28986.0,28527.0,27280
,,,,,,,,,,,,,,,,,,,,,,,,,28987.0,28528.0,27281
,,,,,,,,,,,,,,,,,,,,,,,,,28988.0,28529.0,27282
,,,,,,,,,,,,,,,,,,,,,,,,,28989.0,28530.0,27447
,,,,,,,,,,,,,,,,,,,,,,,,,28990.0,28531.0,27448
,,,,,,,,,,,,,,,,,,,,,,,,,28991.0,28532.0,27449
,,,,,,,,,,,,,,,,,,,,,,,,,28992.0,28533.0,27450
,,,,,,,,,,,,,,,,,,,,,,,,,28993.0,28534.0,27451
,,,,,,,,,,,,,,,,,,,,,,,,,28994.0,28535.0,27452
,,,,,,,,,,,,,,,,,,,,,,,,,28995.0,28572.0,27453
,,,,,,,,,,,,,,,,,,,,,,,,,28996.0,28573.0,27454
,,,,,,,,,,,,,,,,,,,,,,,,,28997.0,28574.0,27455
,,,,,,,,,,,,,,,,,,,,,,,,,28998.0,28575.0,27456
,,,,,,,,,,,,,,,,,,,,,,,,,28999.0,28576.0,27457
,,,,,,,,,,,,,,,,,,,,,,,,,29000.0,28577.0,27458
,,,,,,,,,,,,,,,,,,,,,,,,,29001.0,28578.0,27459
,,,,,,,,,,,,,,,,,,,,,,,,,29002.0,28579.0,27460
,,,,,,,,,,,,,,,,,,,,,,,,,29003.0,28580.0,27461
,,,,,,,,,,,,,,,,,,,,,,,,,29004.0,28581.0,27462
,,,,,,,,,,,,,,,,,,,,,,,,,29005.0,28582.0,27463
,,,,,,,,,,,,,,,,,,,,,,,,,29006.0,28583.0,27464
,,,,,,,,,,,,,,,,,,,,,,,,,29041.0,28584.0,27465
,,,,,,,,,,,,,,,,,,,,,,,,,29042.0,28585.0,27466
,,,,,,,,,,,,,,,,,,,,,,,,,29043.0,28586.0,27467
,,,,,,,,,,,,,,,,,,,,,,,,,29044.0,28587.0,27468
,,,,,,,,,,,,,,,,,,,,,,,,,29045.0,28588.0,27469
,,,,,,,,,,,,,,,,,,,,,,,,,29046.0,28589.0,27470
,,,,,,,,,,,,,,,,,,,,,,,,,29047.0,28590.0,27471
,,,,,,,,,,,,,,,,,,,,,,,,,29048.0,28591.0,27472
,,,,,,,,,,,,,,,,,,,,,,,,,29049.0,28592.0,27534
,,,,,,,,,,,,,,,,,,,,,,,,,29050.0,28593.0,27535
,,,,,,,,,,,,,,,,,,,,,,,,,29051.0,28594.0,27536
,,,,,,,,,,,,,,,,,,,,,,,,,29052.0,28595.0,27537
,,,,,,,,,,,,,,,,,,,,,,,,,29053.0,28596.0,27538
,,,,,,,,,,,,,,,,,,,,,,,,,29054.0,28597.0,27539
,,,,,,,,,,,,,,,,,,,,,,,,,29055.0,28827.0,27540
,,,,,,,,,,,,,,,,,,,,,,,,,29056.0,28828.0,27541
,,,,,,,,,,,,,,,,,,,,,,,,,29057.0,28829.0,27542
,,,,,,,,,,,,,,,,,,,,,,,,,29058.0,28830.0,27543
,,,,,,,,,,,,,,,,,,,,,,,,,29059.0,28831.0,27544
,,,,,,,,,,,,,,,,,,,,,,,,,29060.0,28832.0,27545
,,,,,,,,,,,,,,,,,,,,,,,,,29061.0,28833.0,27546
,,,,,,,,,,,,,,,,,,,,,,,,,29062.0,28834.0,27547
,,,,,,,,,,,,,,,,,,,,,,,,,29288.0,28835.0,27548
,,,,,,,,,,,,,,,,,,,,,,,,,29289.0,28836.0,27549
,,,,,,,,,,,,,,,,,,,,,,,,,29290.0,28837.0,27550
,,,,,,,,,,,,,,,,,,,,,,,,,29291.0,28838.0,27551
,,,,,,,,,,,,,,,,,,,,,,,,,29292.0,28839.0,27552
,,,,,,,,,,,,,,,,,,,,,,,,,29293.0,28840.0,27553
,,,,,,,,,,,,,,,,,,,,,,,,,29294.0,28841.0,27554
,,,,,,,,,,,,,,,,,,,,,,,,,29295.0,28842.0,27555
,,,,,,,,,,,,,,,,,,,,,,,,,29296.0,28843.0,27556
,,,,,,,,,,,,,,,,,,,,,,,,,29297.0,28844.0,27557
,,,,,,,,,,,,,,,,,,,,,,,,,29298.0,28845.0,27558
,,,,,,,,,,,,,,,,,,,,,,,,,29299.0,28846.0,27559
,,,,,,,,,,,,,,,,,,,,,,,,,29300.0,28847.0,27700
,,,,,,,,,,,,,,,,,,,,,,,,,29301.0,28848.0,27701
,,,,,,,,,,,,,,,,,,,,,,,,,29302.0,28893.0,27702
,,,,,,,,,,,,,,,,,,,,,,,,,29303.0,28894.0,27703
,,,,,,,,,,,,,,,,,,,,,,,,,29304.0,28895.0,27704
,,,,,,,,,,,,,,,,,,,,,,,,,29305.0,28896.0,27705
,,,,,,,,,,,,,,,,,,,,,,,,,29306.0,28897.0,27706
,,,,,,,,,,,,,,,,,,,,,,,,,29307.0,28898.0,27707
,,,,,,,,,,,,,,,,,,,,,,,,,29308.0,28899.0,27708
,,,,,,,,,,,,,,,,,,,,,,,,,29309.0,28900.0,27709
,,,,,,,,,,,,,,,,,,,,,,,,,29310.0,28901.0,27710
,,,,,,,,,,,,,,,,,,,,,,,,,29311.0,28902.0,27711
,,,,,,,,,,,,,,,,,,,,,,,,,29312.0,28903.0,27712
,,,,,,,,,,,,,,,,,,,,,,,,,29313.0,28904.0,27713
,,,,,,,,,,,,,,,,,,,,,,,,,29314.0,28905.0,27714
,,,,,,,,,,,,,,,,,,,,,,,,,29315.0,28906.0,27715
,,,,,,,,,,,,,,,,,,,,,,,,,29356.0,28907.0,27716
,,,,,,,,,,,,,,,,,,,,,,,,,29357.0,28908.0,27717
,,,,,,,,,,,,,,,,,,,,,,,,,29358.0,28909.0,27718
,,,,,,,,,,,,,,,,,,,,,,,,,29359.0,28910.0,27719
,,,,,,,,,,,,,,,,,,,,,,,,,29360.0,28911.0,27720
,,,,,,,,,,,,,,,,,,,,,,,,,29361.0,28912.0,27721
,,,,,,,,,,,,,,,,,,,,,,,,,29362.0,28913.0,27722
,,,,,,,,,,,,,,,,,,,,,,,,,29363.0,29136.0,27723
,,,,,,,,,,,,,,,,,,,,,,,,,29364.0,29137.0,27724
,,,,,,,,,,,,,,,,,,,,,,,,,29365.0,29138.0,27725
,,,,,,,,,,,,,,,,,,,,,,,,,29366.0,29139.0,27826
,,,,,,,,,,,,,,,,,,,,,,,,,29367.0,29140.0,27827
,,,,,,,,,,,,,,,,,,,,,,,,,29368.0,29141.0,27828
,,,,,,,,,,,,,,,,,,,,,,,,,29369.0,29142.0,27829
,,,,,,,,,,,,,,,,,,,,,,,,,29370.0,29143.0,27830
,,,,,,,,,,,,,,,,,,,,,,,,,29371.0,29144.0,27831
,,,,,,,,,,,,,,,,,,,,,,,,,29372.0,29145.0,27832
,,,,,,,,,,,,,,,,,,,,,,,,,29373.0,29146.0,27833
,,,,,,,,,,,,,,,,,,,,,,,,,29374.0,29147.0,27834
,,,,,,,,,,,,,,,,,,,,,,,,,29375.0,29148.0,27835
,,,,,,,,,,,,,,,,,,,,,,,,,29376.0,29149.0,27836
,,,,,,,,,,,,,,,,,,,,,,,,,29377.0,29150.0,27837
,,,,,,,,,,,,,,,,,,,,,,,,,29486.0,29151.0,27838
,,,,,,,,,,,,,,,,,,,,,,,,,29487.0,29152.0,27839
,,,,,,,,,,,,,,,,,,,,,,,,,29488.0,29153.0,27840
,,,,,,,,,,,,,,,,,,,,,,,,,29489.0,29154.0,27841
,,,,,,,,,,,,,,,,,,,,,,,,,29490.0,29155.0,27842
,,,,,,,,,,,,,,,,,,,,,,,,,29491.0,29156.0,27843
,,,,,,,,,,,,,,,,,,,,,,,,,29492.0,29157.0,27844
,,,,,,,,,,,,,,,,,,,,,,,,,29493.0,29158.0,27845
,,,,,,,,,,,,,,,,,,,,,,,,,29494.0,29159.0,27846
,,,,,,,,,,,,,,,,,,,,,,,,,29495.0,29160.0,27847
,,,,,,,,,,,,,,,,,,,,,,,,,29496.0,29206.0,27848
,,,,,,,,,,,,,,,,,,,,,,,,,29497.0,29207.0,27849
,,,,,,,,,,,,,,,,,,,,,,,,,29498.0,29208.0,27850
,,,,,,,,,,,,,,,,,,,,,,,,,29499.0,29209.0,27851
,,,,,,,,,,,,,,,,,,,,,,,,,29500.0,29210.0,27852
,,,,,,,,,,,,,,,,,,,,,,,,,29501.0,29211.0,27853
,,,,,,,,,,,,,,,,,,,,,,,,,29502.0,29212.0,27854
,,,,,,,,,,,,,,,,,,,,,,,,,29503.0,29213.0,27996
,,,,,,,,,,,,,,,,,,,,,,,,,29504.0,29214.0,27997
,,,,,,,,,,,,,,,,,,,,,,,,,29505.0,29215.0,27998
,,,,,,,,,,,,,,,,,,,,,,,,,29506.0,29216.0,27999
,,,,,,,,,,,,,,,,,,,,,,,,,29507.0,29217.0,28000
,,,,,,,,,,,,,,,,,,,,,,,,,29508.0,29218.0,28001
,,,,,,,,,,,,,,,,,,,,,,,,,29509.0,29219.0,28002
,,,,,,,,,,,,,,,,,,,,,,,,,29665.0,29220.0,28003
,,,,,,,,,,,,,,,,,,,,,,,,,29666.0,29221.0,28004
,,,,,,,,,,,,,,,,,,,,,,,,,29667.0,29222.0,28005
,,,,,,,,,,,,,,,,,,,,,,,,,29668.0,29223.0,28006
,,,,,,,,,,,,,,,,,,,,,,,,,29669.0,29224.0,28007
,,,,,,,,,,,,,,,,,,,,,,,,,29670.0,29225.0,28008
,,,,,,,,,,,,,,,,,,,,,,,,,29671.0,29226.0,28009
,,,,,,,,,,,,,,,,,,,,,,,,,29672.0,29452.0,28010
,,,,,,,,,,,,,,,,,,,,,,,,,29673.0,29453.0,28011
,,,,,,,,,,,,,,,,,,,,,,,,,29674.0,29454.0,28012
,,,,,,,,,,,,,,,,,,,,,,,,,29675.0,29455.0,28013
,,,,,,,,,,,,,,,,,,,,,,,,,29676.0,29456.0,28014
,,,,,,,,,,,,,,,,,,,,,,,,,29677.0,29457.0,28015
,,,,,,,,,,,,,,,,,,,,,,,,,29678.0,29458.0,28016
,,,,,,,,,,,,,,,,,,,,,,,,,29679.0,29459.0,28017
,,,,,,,,,,,,,,,,,,,,,,,,,29680.0,29460.0,28018
,,,,,,,,,,,,,,,,,,,,,,,,,29681.0,29461.0,28019
,,,,,,,,,,,,,,,,,,,,,,,,,29682.0,29462.0,28020
,,,,,,,,,,,,,,,,,,,,,,,,,29683.0,29463.0,28082
,,,,,,,,,,,,,,,,,,,,,,,,,29684.0,29464.0,28083
,,,,,,,,,,,,,,,,,,,,,,,,,29685.0,29465.0,28084
,,,,,,,,,,,,,,,,,,,,,,,,,29686.0,29466.0,28085
,,,,,,,,,,,,,,,,,,,,,,,,,29687.0,29467.0,28086
,,,,,,,,,,,,,,,,,,,,,,,,,29688.0,29468.0,28087
,,,,,,,,,,,,,,,,,,,,,,,,,29689.0,29469.0,28088
,,,,,,,,,,,,,,,,,,,,,,,,,29690.0,29470.0,28089
,,,,,,,,,,,,,,,,,,,,,,,,,29691.0,29471.0,28090
,,,,,,,,,,,,,,,,,,,,,,,,,29692.0,29472.0,28091
,,,,,,,,,,,,,,,,,,,,,,,,,29836.0,29473.0,28092
,,,,,,,,,,,,,,,,,,,,,,,,,29837.0,29474.0,28093
,,,,,,,,,,,,,,,,,,,,,,,,,29838.0,29512.0,28094
,,,,,,,,,,,,,,,,,,,,,,,,,29839.0,29513.0,28095
,,,,,,,,,,,,,,,,,,,,,,,,,29840.0,29514.0,28096
,,,,,,,,,,,,,,,,,,,,,,,,,29841.0,29515.0,28097
,,,,,,,,,,,,,,,,,,,,,,,,,29842.0,29516.0,28098
,,,,,,,,,,,,,,,,,,,,,,,,,29843.0,29517.0,28099
,,,,,,,,,,,,,,,,,,,,,,,,,29844.0,29518.0,28100
,,,,,,,,,,,,,,,,,,,,,,,,,29845.0,29519.0,28101
,,,,,,,,,,,,,,,,,,,,,,,,,29846.0,29520.0,28102
,,,,,,,,,,,,,,,,,,,,,,,,,29847.0,29521.0,28103
,,,,,,,,,,,,,,,,,,,,,,,,,29848.0,29522.0,28190
,,,,,,,,,,,,,,,,,,,,,,,,,29849.0,29523.0,28191
,,,,,,,,,,,,,,,,,,,,,,,,,29850.0,29524.0,28192
,,,,,,,,,,,,,,,,,,,,,,,,,29851.0,29525.0,28193
,,,,,,,,,,,,,,,,,,,,,,,,,29852.0,29526.0,28194
,,,,,,,,,,,,,,,,,,,,,,,,,29853.0,29527.0,28195
,,,,,,,,,,,,,,,,,,,,,,,,,29854.0,29528.0,28196
,,,,,,,,,,,,,,,,,,,,,,,,,29855.0,29529.0,28197
,,,,,,,,,,,,,,,,,,,,,,,,,29856.0,29530.0,28198
,,,,,,,,,,,,,,,,,,,,,,,,,29857.0,29531.0,28199
,,,,,,,,,,,,,,,,,,,,,,,,,29858.0,29532.0,28200
,,,,,,,,,,,,,,,,,,,,,,,,,29859.0,29533.0,28201
,,,,,,,,,,,,,,,,,,,,,,,,,29860.0,29827.0,28202
,,,,,,,,,,,,,,,,,,,,,,,,,29861.0,29828.0,28203
,,,,,,,,,,,,,,,,,,,,,,,,,29862.0,29829.0,28204
,,,,,,,,,,,,,,,,,,,,,,,,,29863.0,29830.0,28205
,,,,,,,,,,,,,,,,,,,,,,,,,29864.0,29831.0,28206
,,,,,,,,,,,,,,,,,,,,,,,,,29865.0,29832.0,28207
,,,,,,,,,,,,,,,,,,,,,,,,,,29833.0,28208
,,,,,,,,,,,,,,,,,,,,,,,,,,29834.0,28209
,,,,,,,,,,,,,,,,,,,,,,,,,,29835.0,28210
,,,,,,,,,,,,,,,,,,,,,,,,,,29836.0,28211
,,,,,,,,,,,,,,,,,,,,,,,,,,29837.0,28212
,,,,,,,,,,,,,,,,,,,,,,,,,,29838.0,28213
,,,,,,,,,,,,,,,,,,,,,,,,,,29839.0,28394
,,,,,,,,,,,,,,,,,,,,,,,,,,29840.0,28395
,,,,,,,,,,,,,,,,,,,,,,,,,,29841.0,28396
,,,,,,,,,,,,,,,,,,,,,,,,,,29842.0,28397
,,,,,,,,,,,,,,,,,,,,,,,,,,29843.0,28398
,,,,,,,,,,,,,,,,,,,,,,,,,,29844.0,28399
,,,,,,,,,,,,,,,,,,,,,,,,,,29845.0,28400
,,,,,,,,,,,,,,,,,,,,,,,,,,29846.0,28401
,,,,,,,,,,,,,,,,,,,,,,,,,,29847.0,28402
,,,,,,,,,,,,,,,,,,,,,,,,,,29848.0,28403
,,,,,,,,,,,,,,,,,,,,,,,,,,29849.0,28404
,,,,,,,,,,,,,,,,,,,,,,,,,,29850.0,28405
,,,,,,,,,,,,,,,,,,,,,,,,,,29851.0,28406
,,,,,,,,,,,,,,,,,,,,,,,,,,29852.0,28407
,,,,,,,,,,,,,,,,,,,,,,,,,,29853.0,28408
,,,,,,,,,,,,,,,,,,,,,,,,,,,28409
,,,,,,,,,,,,,,,,,,,,,,,,,,,28410
,,,,,,,,,,,,,,,,,,,,,,,,,,,28411
,,,,,,,,,,,,,,,,,,,,,,,,,,,28412
,,,,,,,,,,,,,,,,,,,,,,,,,,,28413
,,,,,,,,,,,,,,,,,,,,,,,,,,,28414
,,,,,,,,,,,,,,,,,,,,,,,,,,,28415
,,,,,,,,,,,,,,,,,,,,,,,,,,,28512
,,,,,,,,,,,,,,,,,,,,,,,,,,,28513
,,,,,,,,,,,,,,,,,,,,,,,,,,,28514
,,,,,,,,,,,,,,,,,,,,,,,,,,,28515
,,,,,,,,,,,,,,,,,,,,,,,,,,,28516
,,,,,,,,,,,,,,,,,,,,,,,,,,,28517
,,,,,,,,,,,,,,,,,,,,,,,,,,,28518
,,,,,,,,,,,,,,,,,,,,,,,,,,,28519
,,,,,,,,,,,,,,,,,,,,,,,,,,,28520
,,,,,,,,,,,,,,,,,,,,,,,,,,,28521
,,,,,,,,,,,,,,,,,,,,,,,,,,,28522
,,,,,,,,,,,,,,,,,,,,,,,,,,,28523
,,,,,,,,,,,,,,,,,,,,,,,,,,,28524
,,,,,,,,,,,,,,,,,,,,,,,,,,,28525
,,,,,,,,,,,,,,,,,,,,,,,,,,,28526
,,,,,,,,,,,,,,,,,,,,,,,,,,,28527
,,,,,,,,,,,,,,,,,,,,,,,,,,,28528
,,,,,,,,,,,,,,,,,,,,,,,,,,,28529
,,,,,,,,,,,,,,,,,,,,,,,,,,,28530
,,,,,,,,,,,,,,,,,,,,,,,,,,,28531
,,,,,,,,,,,,,,,,,,,,,,,,,,,28532
,,,,,,,,,,,,,,,,,,,,,,,,,,,28533
,,,,,,,,,,,,,,,,,,,,,,,,,,,28534
,,,,,,,,,,,,,,,,,,,,,,,,,,,28535
,,,,,,,,,,,,,,,,,,,,,,,,,,,28572
,,,,,,,,,,,,,,,,,,,,,,,,,,,28573
,,,,,,,,,,,,,,,,,,,,,,,,,,,28574
,,,,,,,,,,,,,,,,,,,,,,,,,,,28575
,,,,,,,,,,,,,,,,,,,,,,,,,,,28576
,,,,,,,,,,,,,,,,,,,,,,,,,,,28577
,,,,,,,,,,,,,,,,,,,,,,,,,,,28578
,,,,,,,,,,,,,,,,,,,,,,,,,,,28579
,,,,,,,,,,,,,,,,,,,,,,,,,,,28580
,,,,,,,,,,,,,,,,,,,,,,,,,,,28581
,,,,,,,,,,,,,,,,,,,,,,,,,,,28582
,,,,,,,,,,,,,,,,,,,,,,,,,,,28583
,,,,,,,,,,,,,,,,,,,,,,,,,,,28584
,,,,,,,,,,,,,,,,,,,,,,,,,,,28585
,,,,,,,,,,,,,,,,,,,,,,,,,,,28586
,,,,,,,,,,,,,,,,,,,,,,,,,,,28587
,,,,,,,,,,,,,,,,,,,,,,,,,,,28588
,,,,,,,,,,,,,,,,,,,,,,,,,,,28589
,,,,,,,,,,,,,,,,,,,,,,,,,,,28590
,,,,,,,,,,,,,,,,,,,,,,,,,,,28591
,,,,,,,,,,,,,,,,,,,,,,,,,,,28592
,,,,,,,,,,,,,,,,,,,,,,,,,,,28593
,,,,,,,,,,,,,,,,,,,,,,,,,,,28594
,,,,,,,,,,,,,,,,,,,,,,,,,,,28595
,,,,,,,,,,,,,,,,,,,,,,,,,,,28596
,,,,,,,,,,,,,,,,,,,,,,,,,,,28597
,,,,,,,,,,,,,,,,,,,,,,,,,,,28827
,,,,,,,,,,,,,,,,,,,,,,,,,,,28828
,,,,,,,,,,,,,,,,,,,,,,,,,,,28829
,,,,,,,,,,,,,,,,,,,,,,,,,,,28830
,,,,,,,,,,,,,,,,,,,,,,,,,,,28831
,,,,,,,,,,,,,,,,,,,,,,,,,,,28832
,,,,,,,,,,,,,,,,,,,,,,,,,,,28833
,,,,,,,,,,,,,,,,,,,,,,,,,,,28834
,,,,,,,,,,,,,,,,,,,,,,,,,,,28835
,,,,,,,,,,,,,,,,,,,,,,,,,,,28836
,,,,,,,,,,,,,,,,,,,,,,,,,,,28837
,,,,,,,,,,,,,,,,,,,,,,,,,,,28838
,,,,,,,,,,,,,,,,,,,,,,,,,,,28839
,,,,,,,,,,,,,,,,,,,,,,,,,,,28840
,,,,,,,,,,,,,,,,,,,,,,,,,,,28841
,,,,,,,,,,,,,,,,,,,,,,,,,,,28842
,,,,,,,,,,,,,,,,,,,,,,,,,,,28843
,,,,,,,,,,,,,,,,,,,,,,,,,,,28844
,,,,,,,,,,,,,,,,,,,,,,,,,,,28845
,,,,,,,,,,,,,,,,,,,,,,,,,,,28846
,,,,,,,,,,,,,,,,,,,,,,,,,,,28847
,,,,,,,,,,,,,,,,,,,,,,,,,,,28848
,,,,,,,,,,,,,,,,,,,,,,,,,,,28893
,,,,,,,,,,,,,,,,,,,,,,,,,,,28894
,,,,,,,,,,,,,,,,,,,,,,,,,,,28895
,,,,,,,,,,,,,,,,,,,,,,,,,,,28896
,,,,,,,,,,,,,,,,,,,,,,,,,,,28897
,,,,,,,,,,,,,,,,,,,,,,,,,,,28898
,,,,,,,,,,,,,,,,,,,,,,,,,,,28899
,,,,,,,,,,,,,,,,,,,,,,,,,,,28900
,,,,,,,,,,,,,,,,,,,,,,,,,,,28901
,,,,,,,,,,,,,,,,,,,,,,,,,,,28902
,,,,,,,,,,,,,,,,,,,,,,,,,,,28903
,,,,,,,,,,,,,,,,,,,,,,,,,,,28904
,,,,,,,,,,,,,,,,,,,,,,,,,,,28905
,,,,,,,,,,,,,,,,,,,,,,,,,,,28906
,,,,,,,,,,,,,,,,,,,,,,,,,,,28907
,,,,,,,,,,,,,,,,,,,,,,,,,,,28908
,,,,,,,,,,,,,,,,,,,,,,,,,,,28909
,,,,,,,,,,,,,,,,,,,,,,,,,,,28910
,,,,,,,,,,,,,,,,,,,,,,,,,,,28911
,,,,,,,,,,,,,,,,,,,,,,,,,,,28912
,,,,,,,,,,,,,,,,,,,,,,,,,,,28913
,,,,,,,,,,,,,,,,,,,,,,,,,,,29136
,,,,,,,,,,,,,,,,,,,,,,,,,,,29137
,,,,,,,,,,,,,,,,,,,,,,,,,,,29138
,,,,,,,,,,,,,,,,,,,,,,,,,,,29139
,,,,,,,,,,,,,,,,,,,,,,,,,,,29140
,,,,,,,,,,,,,,,,,,,,,,,,,,,29141
,,,,,,,,,,,,,,,,,,,,,,,,,,,29142
,,,,,,,,,,,,,,,,,,,,,,,,,,,29143
,,,,,,,,,,,,,,,,,,,,,,,,,,,29144
,,,,,,,,,,,,,,,,,,,,,,,,,,,29145
,,,,,,,,,,,,,,,,,,,,,,,,,,,29146
,,,,,,,,,,,,,,,,,,,,,,,,,,,29147
,,,,,,,,,,,,,,,,,,,,,,,,,,,29148
,,,,,,,,,,,,,,,,,,,,,,,,,,,29149
,,,,,,,,,,,,,,,,,,,,,,,,,,,29150
,,,,,,,,,,,,,,,,,,,,,,,,,,,29151
,,,,,,,,,,,,,,,,,,,,,,,,,,,29152
,,,,,,,,,,,,,,,,,,,,,,,,,,,29153
,,,,,,,,,,,,,,,,,,,,,,,,,,,29154
,,,,,,,,,,,,,,,,,,,,,,,,,,,29155
,,,,,,,,,,,,,,,,,,,,,,,,,,,29156
,,,,,,,,,,,,,,,,,,,,,,,,,,,29157
,,,,,,,,,,,,,,,,,,,,,,,,,,,29158
,,,,,,,,,,,,,,,,,,,,,,,,,,,29159
,,,,,,,,,,,,,,,,,,,,,,,,,,,29160
,,,,,,,,,,,,,,,,,,,,,,,,,,,29206
,,,,,,,,,,,,,,,,,,,,,,,,,,,29207
,,,,,,,,,,,,,,,,,,,,,,,,,,,29208
,,,,,,,,,,,,,,,,,,,,,,,,,,,29209
,,,,,,,,,,,,,,,,,,,,,,,,,,,29210
,,,,,,,,,,,,,,,,,,,,,,,,,,,29211
,,,,,,,,,,,,,,,,,,,,,,,,,,,29212
,,,,,,,,,,,,,,,,,,,,,,,,,,,29213
,,,,,,,,,,,,,,,,,,,,,,,,,,,29214
,,,,,,,,,,,,,,,,,,,,,,,,,,,29215
,,,,,,,,,,,,,,,,,,,,,,,,,,,29216
,,,,,,,,,,,,,,,,,,,,,,,,,,,29217
,,,,,,,,,,,,,,,,,,,,,,,,,,,29218
,,,,,,,,,,,,,,,,,,,,,,,,,,,29219
,,,,,,,,,,,,,,,,,,,,,,,,,,,29220
,,,,,,,,,,,,,,,,,,,,,,,,,,,29221
,,,,,,,,,,,,,,,,,,,,,,,,,,,29222
,,,,,,,,,,,,,,,,,,,,,,,,,,,29223
,,,,,,,,,,,,,,,,,,,,,,,,,,,29224
,,,,,,,,,,,,,,,,,,,,,,,,,,,29225
,,,,,,,,,,,,,,,,,,,,,,,,,,,29226
,,,,,,,,,,,,,,,,,,,,,,,,,,,29452
,,,,,,,,,,,,,,,,,,,,,,,,,,,29453
,,,,,,,,,,,,,,,,,,,,,,,,,,,29454
,,,,,,,,,,,,,,,,,,,,,,,,,,,29455
,,,,,,,,,,,,,,,,,,,,,,,,,,,29456
,,,,,,,,,,,,,,,,,,,,,,,,,,,29457
,,,,,,,,,,,,,,,,,,,,,,,,,,,29458
,,,,,,,,,,,,,,,,,,,,,,,,,,,29459
,,,,,,,,,,,,,,,,,,,,,,,,,,,29460
,,,,,,,,,,,,,,,,,,,,,,,,,,,29461
,,,,,,,,,,,,,,,,,,,,,,,,,,,29462
,,,,,,,,,,,,,,,,,,,,,,,,,,,29463
,,,,,,,,,,,,,,,,,,,,,,,,,,,29464
,,,,,,,,,,,,,,,,,,,,,,,,,,,29465
,,,,,,,,,,,,,,,,,,,,,,,,,,,29466
,,,,,,,,,,,,,,,,,,,,,,,,,,,29467
,,,,,,,,,,,,,,,,,,,,,,,,,,,29468
,,,,,,,,,,,,,,,,,,,,,,,,,,,29469
,,,,,,,,,,,,,,,,,,,,,,,,,,,29470
,,,,,,,,,,,,,,,,,,,,,,,,,,,29471
,,,,,,,,,,,,,,,,,,,,,,,,,,,29472
,,,,,,,,,,,,,,,,,,,,,,,,,,,29473
,,,,,,,,,,,,,,,,,,,,,,,,,,,29474
,,,,,,,,,,,,,,,,,,,,,,,,,,,29512
,,,,,,,,,,,,,,,,,,,,,,,,,,,29513
,,,,,,,,,,,,,,,,,,,,,,,,,,,29514
,,,,,,,,,,,,,,,,,,,,,,,,,,,29515
,,,,,,,,,,,,,,,,,,,,,,,,,,,29516
,,,,,,,,,,,,,,,,,,,,,,,,,,,29517
,,,,,,,,,,,,,,,,,,,,,,,,,,,29518
,,,,,,,,,,,,,,,,,,,,,,,,,,,29519
,,,,,,,,,,,,,,,,,,,,,,,,,,,29520
,,,,,,,,,,,,,,,,,,,,,,,,,,,29521
,,,,,,,,,,,,,,,,,,,,,,,,,,,29522
,,,,,,,,,,,,,,,,,,,,,,,,,,,29523
,,,,,,,,,,,,,,,,,,,,,,,,,,,29524
,,,,,,,,,,,,,,,,,,,,,,,,,,,29525
,,,,,,,,,,,,,,,,,,,,,,,,,,,29526
,,,,,,,,,,,,,,,,,,,,,,,,,,,29527
,,,,,,,,,,,,,,,,,,,,,,,,,,,29528
,,,,,,,,,,,,,,,,,,,,,,,,,,,29529
,,,,,,,,,,,,,,,,,,,,,,,,,,,29530
,,,,,,,,,,,,,,,,,,,,,,,,,,,29531
,,,,,,,,,,,,,,,,,,,,,,,,,,,29532
,,,,,,,,,,,,,,,,,,,,,,,,,,,29533
,,,,,,,,,,,,,,,,,,,,,,,,,,,29827
,,,,,,,,,,,,,,,,,,,,,,,,,,,29828
,,,,,,,,,,,,,,,,,,,,,,,,,,,29829
,,,,,,,,,,,,,,,,,,,,,,,,,,,29830
,,,,,,,,,,,,,,,,,,,,,,,,,,,29831
,,,,,,,,,,,,,,,,,,,,,,,,,,,29832
,,,,,,,,,,,,,,,,,,,,,,,,,,,29833
,,,,,,,,,,,,,,,,,,,,,,,,,,,29834
,,,,,,,,,,,,,,,,,,,,,,,,,,,29835
,,,,,,,,,,,,,,,,,,,,,,,,,,,29836
,,,,,,,,,,,,,,,,,,,,,,,,,,,29837
,,,,,,,,,,,,,,,,,,,,,,,,,,,29838
,,,,,,,,,,,,,,,,,,,,,,,,,,,29839
,,,,,,,,,,,,,,,,,,,,,,,,,,,29840
,,,,,,,,,,,,,,,,,,,,,,,,,,,29841
,,,,,,,,,,,,,,,,,,,,,,,,,,,29842
,,,,,,,,,,,,,,,,,,,,,,,,,,,29843
,,,,,,,,,,,,,,,,,,,,,,,,,,,29844
,,,,,,,,,,,,,,,,,,,,,,,,,,,29845
,,,,,,,,,,,,,,,,,,,,,,,,,,,29846
,,,,,,,,,,,,,,,,,,,,,,,,,,,29847
,,,,,,,,,,,,,,,,,,,,,,,,,,,29848
,,,,,,,,,,,,,,,,,,,,,,,,,,,29849
,,,,,,,,,,,,,,,,,,,,,,,,,,,29850
,,,,,,,,,,,,,,,,,,,,,,,,,,,29851
,,,,,,,,,,,,,,,,,,,,,,,,,,,29852
,,,,,,,,,,,,,,,,,,,,,,,,,,,29853
