centre_protocol,position,a_major_fw,b_major_rv,c_minor_fw,d_minor_rv,sample_count,total_reads,p_combined,low_sample_flag,low_reads_flag,zero_cell_flag,low_expected_flag,pseudo_count_flag,underpowered_flag,q_value
PHEC_ARTIC_Unknown,1766,1161,1237,11,12,1,2421,1.0,True,False,False,False,False,True,1.0
PHEC_ARTIC_Unknown,3037,190833,251260,54,234,98,442381,2.062809105487246e-18,False,False,False,False,False,False,7.360971439580805e-17
PHEC_ARTIC_Unknown,4181,516756,90923,1193,558,81,609430,2.6823580041064243e-70,False,False,False,False,False,False,3.762700814036184e-68
PHEC_ARTIC_Unknown,4878,7366,5581,0,0,1,12947,1.0,True,False,True,True,False,True,1.0
PHEC_ARTIC_Unknown,5248,4070,65918,15,1214,14,71217,4.527602638841885e-16,False,False,False,False,False,False,1.39532481324309e-14
PHEC_ARTIC_Unknown,5260,6170,83969,39,1933,32,92111,7.078974431220743e-23,False,False,False,False,False,False,3.3100308030121817e-21
PHEC_ARTIC_Unknown,6402,67379,290210,161,936,93,358686,0.0003178357275728938,False,False,False,False,False,False,0.002555248497562316
PHEC_ARTIC_Unknown,7124,244909,27559,427,55,85,272950,0.3264377428900982,False,False,False,False,False,False,0.5563254034674988
PHEC_ARTIC_Unknown,7851,90132,162186,194,489,76,253001,6.162021114969503e-05,False,False,False,False,False,False,0.0005775829929883856
PHEC_ARTIC_Unknown,8344,14769,565,110,5,1,15449,0.6176657945974234,True,False,False,True,False,True,0.8292334416391438
PHEC_ARTIC_Unknown,8832,1117,2750,5,19,1,3891,0.5002870427193424,True,False,False,False,False,True,0.7281458639650393
PHEC_ARTIC_Unknown,8986,835600,51519,1544,188,93,888851,7.654980575365812e-16,False,False,False,False,False,False,2.306700813376898e-14
PHEC_ARTIC_Unknown,9053,219033,225884,769,427,93,446113,1.529698758404885e-25,False,False,False,False,False,False,7.497366926736233e-24
PHEC_ARTIC_Unknown,9969,2923,2142,43,54,1,5162,0.009395595604526814,True,False,False,False,False,True,0.03814499293334838
PHEC_ARTIC_Unknown,10029,84553,319309,207,608,94,404677,0.002197740457889655,False,False,False,False,False,False,0.012197009799038358
PHEC_ARTIC_Unknown,10277,2344,3568,35,79,1,6026,0.053529395378972264,True,False,False,False,False,True,0.14955487869862824
PHEC_ARTIC_Unknown,11083,311462,15556,5240,177,20,332435,8.11162229075817e-08,False,False,False,False,False,False,1.1497588668572904e-06
PHEC_ARTIC_Unknown,11201,290594,459502,801,1136,94,752033,0.01952199240007528,False,False,False,False,False,False,0.06875797842727814
PHEC_ARTIC_Unknown,11332,296462,1230245,80,209,94,1526996,0.0007709591388038535,False,False,False,False,False,False,0.005260566030351092
PHEC_ARTIC_Unknown,14408,529050,278484,172,120,98,807826,0.019222499540190535,False,False,False,False,False,False,0.06793842582927463
PHEC_ARTIC_Unknown,14571,9423,8684,583,1565,2,20255,4.33779601309326e-109,True,False,False,False,False,True,1.2604395843759558e-106
PHEC_ARTIC_Unknown,15451,64502,438774,27,205,96,503508,0.6940299435302717,False,False,False,False,False,False,0.885051351185312
PHEC_ARTIC_Unknown,16466,355378,165489,121,87,97,521075,0.0022299369207298136,False,False,False,False,False,False,0.012258626207471462
PHEC_ARTIC_Unknown,19220,56661,828324,140,1993,84,887118,0.7565192812547641,False,False,False,False,False,False,0.9331474942827108
PHEC_ARTIC_Unknown,21618,34930,98270,12,28,95,133240,0.5910767158781228,False,False,False,False,False,False,0.807150077271636
PHEC_ARTIC_Unknown,21846,12563,14201,48,55,51,26867,1.0,False,False,False,False,False,False,1.0
PHEC_ARTIC_Unknown,21987,12241,8473,3594,3862,59,28170,4.253376096872034e-59,False,False,False,False,False,False,5.407104363148572e-57
PHEC_ARTIC_Unknown,22917,70058,6879,111,33,90,77081,4.1640815489102396e-07,False,False,False,False,False,False,5.627735462115234e-06
PHEC_ARTIC_Unknown,22995,28906,27907,15,5,90,56833,0.04198380026542921,False,False,False,False,False,False,0.12558095549982795
PHEC_ARTIC_Unknown,23403,258039,780338,77,140,98,1038594,0.0005107871884380206,False,False,False,False,False,False,0.0038126280414052614
PHEC_ARTIC_Unknown,23604,378613,143484,258,105,97,522460,0.5564724147044795,False,False,False,False,False,False,0.7776467822115501
PHEC_ARTIC_Unknown,25469,342110,387453,57,74,97,729694,0.48389374012828457,False,False,False,False,False,False,0.7142524437016914
PHEC_ARTIC_Unknown,26060,14469,1481,300,45,2,16295,0.024377083615902316,True,False,False,False,False,True,0.08202313990859439
PHEC_ARTIC_Unknown,26767,108309,291065,19,110,97,399503,0.001021652155305529,False,False,False,False,False,False,0.006628518289924867
PHEC_ARTIC_Unknown,27638,12630,9719,6,5,66,22360,1.0,False,False,False,True,False,True,1.0
PHEC_ARTIC_Unknown,27752,6219,30978,2,10,74,37209,1.0,False,False,False,True,False,True,1.0
PHEC_ARTIC_Unknown,27874,401030,18404,1201,28,92,420663,0.00011533241398820911,False,False,False,False,False,False,0.0010311478244044718
PHEC_ARTIC_Unknown,28461,263289,20931,475,273,68,284968,1.5887035813916836e-113,False,False,False,False,False,False,4.9714201300779766e-111
PHEC_ARTIC_Unknown,28881,53127,71638,15,47,98,124827,0.003014724737071028,False,False,False,False,False,False,0.015563325165488504
PHEC_ARTIC_Unknown,28916,33398,70538,151,754,94,104841,9.791983263386003e-26,False,False,False,False,False,False,4.857779014079788e-24
PHEC_ARTIC_Unknown,29402,212653,23630,151,5,96,236439,0.002893217533719877,False,False,False,False,False,False,0.014993132391302495
PHEC_ARTIC_Unknown,29473,1723,1130,25,7,1,2885,0.04537244740297841,True,False,False,False,False,True,0.1327878532628174
PHEC_ARTIC_Unknown,407,25802,851,905,22,1,27580,0.181117070644151,True,False,False,False,False,True,0.3702433383821137
PHEC_ARTIC_Unknown,611,1802,15497,36,218,1,17553,0.06221389287569906,True,False,False,False,False,True,0.1690622018826612
PHEC_ARTIC_Unknown,728,35859,1873,1579,33,3,39344,3.4900050143759864e-09,True,False,False,False,False,True,5.891012613477806e-08
PHEC_ARTIC_Unknown,794,17862,3290,188,46,1,21386,0.08571698694540653,True,False,False,False,False,True,0.21631309112525668
PHEC_ARTIC_Unknown,863,6185,8453,86,81,1,14805,0.018015558162312602,True,False,False,False,False,True,0.06474142279530712
PHEC_ARTIC_Unknown,896,3308,22165,74,290,1,25837,0.00011259784884137054,True,False,False,False,False,True,0.001013380639572335
PHEC_ARTIC_Unknown,906,25682,135440,343,2032,9,163497,0.04796105036094679,True,False,False,False,False,True,0.1379812962293717
PHEC_ARTIC_Unknown,936,1684,34034,28,510,1,36256,0.6077180347196269,True,False,False,False,False,True,0.82105511964113
PHEC_ARTIC_Unknown,942,4085,51514,95,923,3,56617,0.021302471190570986,True,False,False,False,False,True,0.07331510389445244
PHEC_ARTIC_Unknown,1534,769,6574,16,126,1,7485,0.7814841639099595,True,False,False,False,False,True,0.9462194592198778
PHEC_ARTIC_Unknown,1730,106711,49237,1857,395,21,158200,7.294452616748996e-51,False,False,False,False,False,False,7.237520303642662e-49
PHEC_ARTIC_Unknown,1768,1064,922,25,29,1,2040,0.3336833588337935,True,False,False,False,False,True,0.5651223579250092
PHEC_ARTIC_Unknown,1782,1009,1532,23,32,1,2596,0.7814627930843734,True,False,False,False,False,True,0.9462194592198778
PHEC_ARTIC_Unknown,1804,713,2965,19,45,1,3742,0.05452209373327825,True,False,False,False,False,True,0.15160347047640188
PHEC_ARTIC_Unknown,1843,765,9469,12,133,2,10379,0.6355164763967411,True,False,False,False,False,True,0.8372024047868987
PHEC_ARTIC_Unknown,1867,184,4431,9,106,1,4730,0.05192746826370478,True,False,False,True,False,True,0.14628874023320707
PHEC_ARTIC_Unknown,1871,702,6162,4,324,2,7192,1.2570639518854185e-10,True,False,False,False,False,True,2.506733409936217e-09
PHEC_ARTIC_Unknown,2108,132,354,1,9,1,496,0.3016532439352709,True,True,False,True,False,True,0.5261315588627113
PHEC_ARTIC_Unknown,2237,3981,259,404,11,1,4655,0.0027482568757868824,True,False,False,False,False,True,0.014425688994452951
PHEC_ARTIC_Unknown,2336,13704,4283,1150,116,7,19253,3.2391667261754926e-39,True,False,False,False,False,True,2.5719550684348793e-37
PHEC_ARTIC_Unknown,2384,4325,3402,84,39,2,7850,0.005988622150061634,True,False,False,False,False,True,0.026480124898316006
PHEC_ARTIC_Unknown,2403,2008,1681,110,129,1,3928,0.013114647597686699,True,False,False,False,False,True,0.05056908666103269
PHEC_ARTIC_Unknown,2468,851,3274,25,102,1,4252,0.9112927694398811,True,False,False,False,False,True,1.0
PHEC_ARTIC_Unknown,2839,27066,3359,366,7,15,30798,2.6982482179939466e-11,False,False,False,False,False,False,5.807658069206018e-10
PHEC_ARTIC_Unknown,3057,1462,9545,43,332,1,11382,0.3519426352142774,True,False,False,False,False,True,0.5825699735702794
PHEC_ARTIC_Unknown,3058,1476,9562,26,333,1,11397,0.0004504312988237478,True,False,False,False,False,True,0.0034249617263831886
PHEC_ARTIC_Unknown,3079,1017,10750,25,274,1,12066,1.0,True,False,False,False,False,True,1.0
PHEC_ARTIC_Unknown,3110,467,11582,7,289,1,12345,0.21984735555830076,True,False,False,False,False,True,0.42526820846940916
PHEC_ARTIC_Unknown,3150,293,9267,5,251,1,9816,0.4563372834817965,True,False,False,False,False,True,0.6875481737792399
PHEC_ARTIC_Unknown,3225,20161,417,404,12,1,20994,0.21737719586877577,True,False,False,False,False,True,0.4220956719781288
PHEC_ARTIC_Unknown,3329,6602,4659,155,76,1,11492,0.010173664729803335,True,False,False,False,False,True,0.04089571948699601
PHEC_ARTIC_Unknown,3471,644,20761,2,352,1,21759,0.0037468612565027754,True,False,False,False,False,True,0.01859811037100169
PHEC_ARTIC_Unknown,3585,2564,238,72,4,1,2878,0.4048447647055,True,False,False,False,False,True,0.6348914814271296
PHEC_ARTIC_Unknown,3624,1318,448,21,6,1,1793,0.8261835504278002,True,False,False,False,False,True,0.9784322221660237
PHEC_ARTIC_Unknown,3628,927,603,17,12,1,1559,0.8495012990386458,True,False,False,False,False,True,0.9949379988112863
PHEC_ARTIC_Unknown,3714,999,5301,29,162,3,6491,0.9198128594804409,True,False,False,False,False,True,1.0
PHEC_ARTIC_Unknown,3871,718,43,43,0,1,804,0.16080987038367067,True,True,True,True,False,True,0.3417195657314781
PHEC_ARTIC_Unknown,3955,441,99,20,2,1,562,0.3972933935517885,True,True,False,True,False,True,0.627402765903989
PHEC_ARTIC_Unknown,4196,4131,1605,233,62,1,6031,0.009118283391091522,True,False,False,False,False,True,0.037317079310825264
PHEC_ARTIC_Unknown,4263,10144,45649,257,623,6,56673,3.2646515146987715e-15,True,False,False,False,False,True,9.222640529024029e-14
PHEC_ARTIC_Unknown,4288,4384,24688,21,47,3,29140,0.0009620689946655809,True,False,False,False,False,True,0.006292116833279072
PHEC_ARTIC_Unknown,4476,13522,11561,672,216,4,25971,1.3821386475323756e-39,True,False,False,False,False,True,1.1245080036323407e-37
PHEC_ARTIC_Unknown,4586,914,8185,11,222,2,9332,0.005219796851705266,True,False,False,False,False,True,0.023939271243220994
PHEC_ARTIC_Unknown,4592,1398,16923,6,148,3,18475,0.09162016037738585,True,False,False,False,False,True,0.22615947355291605
PHEC_ARTIC_Unknown,4613,1521,20730,28,639,2,22918,0.005999185873670782,True,False,False,False,False,True,0.026498032718884627
PHEC_ARTIC_Unknown,4720,40057,954,968,16,2,41995,0.1627211042250697,True,False,False,False,False,True,0.3445858677707358
PHEC_ARTIC_Unknown,4721,20292,367,274,1,1,20934,0.0990969482164143,True,False,False,True,False,True,0.23938621457504353
PHEC_ARTIC_Unknown,4722,20403,365,192,6,1,20966,0.16881236830445628,True,False,False,True,False,True,0.35253014079185224
PHEC_ARTIC_Unknown,4735,11444,582,65,1,1,12092,0.377843840966347,True,False,False,True,False,True,0.607297015034018
PHEC_ARTIC_Unknown,4806,2851,4891,139,115,1,7996,1.5263699999249625e-08,True,False,False,False,False,True,2.369951587669751e-07
PHEC_ARTIC_Unknown,4866,6671,13195,159,191,2,20216,6.037104539307307e-06,True,False,False,False,False,True,6.957207157479355e-05
PHEC_ARTIC_Unknown,4928,1277,16859,0,3,1,18139,1.0,True,False,True,True,False,True,1.0
PHEC_ARTIC_Unknown,5077,1441,535,44,4,1,2024,0.0025106642071461753,True,False,False,False,False,True,0.013512368314213494
PHEC_ARTIC_Unknown,5461,17694,8467,437,209,3,26807,1.0,True,False,False,False,False,True,1.0
PHEC_ARTIC_Unknown,5770,13303,14421,186,502,2,28412,1.3858153571436987e-28,True,False,False,False,False,True,7.618239017379144e-27
PHEC_ARTIC_Unknown,5782,4948,7979,161,274,1,13362,0.6161571640443678,True,False,False,False,False,True,0.8277168764973428
PHEC_ARTIC_Unknown,5973,4912,212,124,9,1,5257,0.12765640959837993,True,False,False,False,False,True,0.2889851275716247
PHEC_ARTIC_Unknown,6011,2980,455,79,19,1,3533,0.09614843987299222,True,False,False,False,False,True,0.23463218560487845
PHEC_ARTIC_Unknown,6116,1111,4222,34,104,2,5471,0.28903911424721324,True,False,False,False,False,True,0.5118899071648513
PHEC_ARTIC_Unknown,6152,399,5132,8,186,1,5725,0.11659849614927142,True,False,False,False,False,True,0.26965473697284603
PHEC_ARTIC_Unknown,6269,7100,582,56,8,1,7746,0.15014620087405828,True,False,False,True,False,True,0.3258083029674001
PHEC_ARTIC_Unknown,6303,5357,982,154,29,1,6522,0.9174129631945765,True,False,False,False,False,True,1.0
PHEC_ARTIC_Unknown,6400,653,4632,20,78,1,5383,0.029102977821705407,True,False,False,False,False,True,0.09411967545430922
PHEC_ARTIC_Unknown,6623,22829,6578,371,117,1,29895,0.41147615108555324,True,False,False,False,False,True,0.6410896141769554
PHEC_ARTIC_Unknown,6696,128844,312093,2588,8000,27,451525,1.6399830347000828e-27,False,False,False,False,False,False,8.664222058649269e-26
PHEC_ARTIC_Unknown,6742,5925,33155,90,661,1,39831,0.01551388605636477,True,False,False,False,False,True,0.05768783224615346
PHEC_ARTIC_Unknown,7009,99,2233,3,63,1,2398,0.7580823945817821,True,False,False,True,False,True,0.9339428168257691
PHEC_ARTIC_Unknown,7211,409,508,16,13,1,946,0.34329918839981255,True,True,False,False,False,True,0.575162637761898
PHEC_ARTIC_Unknown,7223,342,663,10,13,1,1028,0.3768933350701775,True,False,False,False,False,True,0.6063452484538486
PHEC_ARTIC_Unknown,7226,347,672,5,22,1,1046,0.10184360873265635,True,False,False,False,False,True,0.24498508840432703
PHEC_ARTIC_Unknown,7315,89,2536,5,83,1,2713,0.22994928953758012,True,False,False,True,False,True,0.4387587757217992
PHEC_ARTIC_Unknown,7320,164,2486,3,78,1,2731,0.48232687848020883,True,False,False,True,False,True,0.7127154891600035
PHEC_ARTIC_Unknown,7798,15356,6363,383,100,2,22202,2.515779147358199e-05,True,False,False,False,False,True,0.00026174397880954355
PHEC_ARTIC_Unknown,7899,1152,9631,35,149,1,10967,0.0007480926560874659,True,False,False,False,False,True,0.005131940851540997
PHEC_ARTIC_Unknown,8073,4206,1189,157,26,1,5578,0.010602927531331552,True,False,False,False,False,True,0.04237004832756066
PHEC_ARTIC_Unknown,8084,38460,22932,508,218,7,62118,4.162019774103991e-05,True,False,False,False,False,True,0.0004031213438346437
PHEC_ARTIC_Unknown,8255,262,14329,3,247,1,14841,0.6333271256598838,True,False,False,True,False,True,0.8361926656272021
PHEC_ARTIC_Unknown,8346,14504,502,427,7,1,15440,0.05415919582945919,True,False,False,False,False,True,0.15069740672656634
PHEC_ARTIC_Unknown,8633,241,9746,0,123,1,10110,0.12410033156252206,True,False,True,True,False,True,0.2829821461862891
PHEC_ARTIC_Unknown,8669,489,6,17,1,1,513,0.2223883742883986,True,True,False,True,False,True,0.4289596522547205
PHEC_ARTIC_Unknown,8747,2583,820,42,6,2,3451,0.06217050666101832,True,False,False,False,False,True,0.1690572333536247
PHEC_ARTIC_Unknown,9148,2177,13152,22,76,1,15427,0.028338263573593786,True,False,False,False,False,True,0.09237183991777205
PHEC_ARTIC_Unknown,9275,2315,60,95,1,1,2471,0.7307362324790723,True,False,False,True,False,True,0.9096786000675743
PHEC_ARTIC_Unknown,9290,10362,656,258,8,3,11284,0.04652093986900277,True,False,False,False,False,True,0.13497354992886437
PHEC_ARTIC_Unknown,9322,1886,152,61,4,1,2103,1.0,True,False,False,True,False,True,1.0
PHEC_ARTIC_Unknown,9351,1451,265,96,11,1,1823,0.1656234032062146,True,False,False,False,False,True,0.3472969094035469
PHEC_ARTIC_Unknown,9391,948,525,29,19,1,1521,0.6465172270544813,True,False,False,False,False,True,0.845851598962051
PHEC_ARTIC_Unknown,9447,425,1440,12,49,1,1926,0.6434071943376583,True,False,False,False,False,True,0.8443162795372883
PHEC_ARTIC_Unknown,9474,201,2428,7,64,1,2700,0.4945720983306681,True,False,False,False,False,True,0.7226721609228297
PHEC_ARTIC_Unknown,9502,138681,241614,1110,3104,28,384509,5.015963735721296e-44,False,False,False,False,False,False,4.341476697215794e-42
PHEC_ARTIC_Unknown,9762,102,3760,5,78,1,3945,0.07333323766407604,True,False,False,True,False,True,0.19002476955781414
PHEC_ARTIC_Unknown,9912,22916,4785,397,61,2,28159,0.024659192408468304,True,False,False,False,False,True,0.08276699234129462
PHEC_ARTIC_Unknown,10035,824,6085,14,223,1,7146,0.0028363486515384593,True,False,False,False,False,True,0.014773708469216967
PHEC_ARTIC_Unknown,10320,2831,13820,51,413,1,17115,0.00041384514611605234,True,False,False,False,False,True,0.0031884887393941307
PHEC_ARTIC_Unknown,10332,2465,14668,3,4,1,17140,0.06650842264469262,True,False,False,True,False,True,0.177181573882521
PHEC_ARTIC_Unknown,10619,33178,125196,422,2582,26,161378,6.149686819269369e-22,False,False,False,False,False,False,2.6613751043391267e-20
PHEC_ARTIC_Unknown,10901,664,1371,31,42,1,2108,0.09867260564026635,True,False,False,False,False,True,0.2386445658410247
PHEC_ARTIC_Unknown,11152,30581,8611,782,270,4,40244,0.005274839915047642,True,False,False,False,False,True,0.02402575189440144
PHEC_ARTIC_Unknown,11687,7721,2096,253,97,1,10167,0.005431759045712429,True,False,False,False,False,True,0.024578860731877823
PHEC_ARTIC_Unknown,11956,18785,791,353,25,1,19954,0.017583581193290017,True,False,False,False,False,True,0.06352576225071385
PHEC_ARTIC_Unknown,11977,15934,1865,1076,100,1,18975,0.03344157735427003,True,False,False,False,False,True,0.10464641282859269
PHEC_ARTIC_Unknown,12032,7185,4994,220,118,1,12517,0.024854572904787684,True,False,False,False,False,True,0.08314835738213511
PHEC_ARTIC_Unknown,12213,4067,12961,87,49,1,17164,6.855084387624475e-23,True,False,False,False,False,True,3.242614335913531e-21
PHEC_ARTIC_Unknown,12287,3332,3327,73,31,2,6763,4.2570362083162546e-05,True,False,False,False,False,True,0.0004103702202708655
PHEC_ARTIC_Unknown,12329,677,1772,13,35,1,2497,1.0,True,False,False,False,False,True,1.0
PHEC_ARTIC_Unknown,12378,351,3748,9,41,1,4149,0.03632374650793552,True,False,False,True,False,True,0.11228343525401344
PHEC_ARTIC_Unknown,12410,209,6536,8,186,1,6939,0.3987109936952141,True,False,False,False,False,True,0.6290780820306099
PHEC_ARTIC_Unknown,12832,3901,700,97,20,1,4718,0.6018996315110874,True,False,False,False,False,True,0.8148178705447932
PHEC_ARTIC_Unknown,12934,1490,4025,36,117,1,5668,0.3570641478684372,True,False,False,False,False,True,0.5874105665719114
PHEC_ARTIC_Unknown,12989,654,4441,18,99,1,5212,0.40272492784572955,True,False,False,False,False,True,0.6327007630952716
PHEC_ARTIC_Unknown,13051,71924,7129,198,223,2,79474,1.1002774529298483e-115,True,False,False,False,False,True,3.729940565432186e-113
PHEC_ARTIC_Unknown,13164,25053,7764,902,394,1,34113,5.842229603082667e-08,True,False,False,False,False,True,8.518347679333438e-07
PHEC_ARTIC_Unknown,13201,21874,11290,703,325,2,34192,0.10855027654319921,True,False,False,False,False,True,0.2562870139162707
PHEC_ARTIC_Unknown,13385,199,15,11,0,1,225,1.0,True,True,True,True,False,True,1.0
PHEC_ARTIC_Unknown,13995,30945,1158,614,18,1,32735,0.38651283939601944,True,False,False,False,False,True,0.6166016590835321
PHEC_ARTIC_Unknown,14001,31461,1337,1010,50,1,33858,0.30536750792573897,True,False,False,False,False,True,0.5315511434496817
PHEC_ARTIC_Unknown,14051,14056,2492,307,46,1,16901,0.32751695924568525,True,False,False,False,False,True,0.557464012640773
PHEC_ARTIC_Unknown,14197,2535,32771,62,684,2,36052,0.2516123866675457,True,False,False,False,False,True,0.46440979535552446
PHEC_ARTIC_Unknown,14391,10323,6375,223,284,1,17205,1.3496614947087986e-15,True,False,False,False,False,True,3.978567362663328e-14
PHEC_ARTIC_Unknown,14428,7656,10637,257,254,1,18804,0.0001589790998577279,True,False,False,False,False,True,0.0013760148472792277
PHEC_ARTIC_Unknown,14764,12353,26000,185,346,2,38884,0.20688215544186295,True,False,False,False,False,True,0.4061759692748545
PHEC_ARTIC_Unknown,14874,1572,31689,8,320,2,33589,0.048958389619762614,True,False,False,False,False,True,0.14035428398392832
PHEC_ARTIC_Unknown,14995,2688,636,137,14,1,3475,0.0018118571756135663,True,False,False,False,False,True,0.010352015435949422
PHEC_ARTIC_Unknown,15087,806,3762,20,66,1,4654,0.19833193936701954,True,False,False,False,False,True,0.39453023439855034
PHEC_ARTIC_Unknown,15154,298,4412,7,227,1,4944,0.03615793075595161,True,False,False,False,False,True,0.11185586487848757
PHEC_ARTIC_Unknown,15321,2289,448,69,10,1,2816,0.44172436570210727,True,False,False,False,False,True,0.6725055088608429
PHEC_ARTIC_Unknown,15372,4350,6165,52,75,2,10642,1.0,True,False,False,False,False,True,1.0
PHEC_ARTIC_Unknown,15434,364,2637,12,52,1,3065,0.12137076880091113,True,False,False,False,False,True,0.2780929115551929
PHEC_ARTIC_Unknown,15508,24547,3323,52,87,1,28009,8.641595234849727e-45,True,False,False,False,False,True,7.64217595986276e-43
PHEC_ARTIC_Unknown,15559,251732,20308,3834,253,11,276127,0.0017867592744529948,False,False,False,False,False,False,0.010289588748479649
PHEC_ARTIC_Unknown,15619,58641,17566,1064,451,3,77722,2.7152903417219277e-09,True,False,False,False,False,True,4.700340897925448e-08
PHEC_ARTIC_Unknown,15943,6072,502,155,8,1,6737,0.23050534230322411,True,False,False,False,False,True,0.4394075597420411
PHEC_ARTIC_Unknown,16014,1558,1655,22,14,1,3249,0.1790584727480431,True,False,False,False,False,True,0.36714207013056416
PHEC_ARTIC_Unknown,16045,1033,3053,17,103,1,4206,0.005123410327979578,True,False,False,False,False,True,0.023650052022673028
PHEC_ARTIC_Unknown,16080,618,5150,6,134,1,5908,0.011548278794571824,True,False,False,False,False,True,0.04547763614358003
PHEC_ARTIC_Unknown,16108,420,7664,3,187,1,8274,0.01889340878727799,True,False,False,False,False,True,0.06717858313040684
PHEC_ARTIC_Unknown,16300,1263,1170,43,49,1,2525,0.34065262972688565,True,False,False,False,False,True,0.571689314244625
PHEC_ARTIC_Unknown,16618,9336,10914,413,249,3,20912,1.4757827319017329e-16,True,False,False,False,False,True,4.8027873227009996e-15
PHEC_ARTIC_Unknown,16678,3973,19431,28,131,2,23563,0.8320885841063399,True,False,False,False,False,True,0.9819948825484742
PHEC_ARTIC_Unknown,16740,1038,11947,20,264,1,13269,0.6574955283781583,True,False,False,False,False,True,0.8534434618514193
PHEC_ARTIC_Unknown,16837,50414,1922,880,16,7,53232,0.0015497255967303761,True,False,False,False,False,True,0.009174706723764468
PHEC_ARTIC_Unknown,16838,14226,250,210,7,1,14693,0.10824533271082362,True,False,False,True,False,True,0.25598849978485605
PHEC_ARTIC_Unknown,17019,1638,5790,58,104,1,7590,8.037142972387043e-05,True,False,False,False,False,True,0.0007380383208052029
PHEC_ARTIC_Unknown,17331,12075,50281,710,2981,7,66047,0.8638360823417703,True,False,False,False,False,True,1.0
PHEC_ARTIC_Unknown,17510,23019,2439,509,48,2,26015,0.5117335101239362,True,False,False,False,False,True,0.7376796311779491
PHEC_ARTIC_Unknown,17534,13843,2893,412,74,1,17222,0.24741211835998317,True,False,False,False,False,True,0.45999657106417347
PHEC_ARTIC_Unknown,17535,13632,2882,499,79,1,17092,0.018710421262395704,True,False,False,False,False,True,0.06664973178233426
PHEC_ARTIC_Unknown,17660,1028,25105,36,804,1,26973,0.5886469363918243,True,False,False,False,False,True,0.804912852854434
PHEC_ARTIC_Unknown,17662,954,25569,50,957,1,27530,0.03163728134636064,True,False,False,False,False,True,0.10039037481824888
PHEC_ARTIC_Unknown,17919,315,1228,9,39,1,1591,1.0,True,False,False,False,False,True,1.0
PHEC_ARTIC_Unknown,18104,16391,2249,457,121,2,19218,3.511995564761075e-09,True,False,False,False,False,True,5.9036355196066333e-08
PHEC_ARTIC_Unknown,18787,10858,13060,202,280,1,24400,0.1391564749744959,True,False,False,False,False,True,0.30829291387399377
PHEC_ARTIC_Unknown,19097,11797,14024,209,363,1,26393,1.4227940618654497e-05,True,False,False,False,False,True,0.00015643043901807162
PHEC_ARTIC_Unknown,19177,2322,29811,54,808,1,32995,0.3162730885083763,True,False,False,False,False,True,0.5456314351365882
PHEC_ARTIC_Unknown,19637,9116,259,167,3,1,9545,0.6332639266399878,True,False,False,True,False,True,0.8361926656272021
PHEC_ARTIC_Unknown,19780,1562,2486,42,62,1,4152,0.7598004270595116,True,False,False,False,False,True,0.9341832475430218
PHEC_ARTIC_Unknown,19826,779,5877,21,93,1,6770,0.038781429952710327,True,False,False,False,False,True,0.11817442475477574
PHEC_ARTIC_Unknown,19963,3112,288,87,3,1,3490,0.08350772849582835,True,False,False,False,False,True,0.2121857835859024
PHEC_ARTIC_Unknown,20006,1239,1488,31,22,2,2780,0.06985861635506822,True,False,False,False,False,True,0.18322685450188106
PHEC_ARTIC_Unknown,20097,416,2099,14,85,1,2614,0.5832216479852641,True,False,False,False,False,True,0.7999142494956353
PHEC_ARTIC_Unknown,20274,1022,72,39,1,1,1134,0.5099833206468314,True,False,False,True,False,True,0.7364615365251367
PHEC_ARTIC_Unknown,20393,331,616,5,14,1,966,0.6273094820518568,True,True,False,False,False,True,0.8332041627220144
PHEC_ARTIC_Unknown,20635,34123,6500,1145,197,2,41965,0.19794086825187537,True,False,False,False,False,True,0.3941377640962453
PHEC_ARTIC_Unknown,20680,11098,7509,306,147,1,19060,0.0006728641755007819,True,False,False,False,False,True,0.0047907691281006345
PHEC_ARTIC_Unknown,20693,7367,9490,25,59,1,16941,0.0109002934148797,True,False,False,False,False,True,0.043430356132938906
PHEC_ARTIC_Unknown,20956,8388,13459,171,292,1,22310,0.5306103699562101,True,False,False,False,False,True,0.7544645176448315
PHEC_ARTIC_Unknown,21010,2439,32392,34,175,1,35040,4.591345268193573e-06,True,False,False,False,False,True,5.398148136130479e-05
PHEC_ARTIC_Unknown,21058,1970,26496,32,573,1,29071,0.12323959722140516,True,False,False,False,False,True,0.2812161215882952
PHEC_ARTIC_Unknown,21101,1117,35386,18,558,1,37079,0.9026952711897278,True,False,False,False,False,True,1.0
PHEC_ARTIC_Unknown,21111,1105,35054,7,684,2,36850,0.0006725890311858963,True,False,False,False,False,True,0.0047907691281006345
PHEC_ARTIC_Unknown,21190,876,85,19,2,1,982,0.7085855335286562,True,True,False,True,False,True,0.8948052339595055
PHEC_ARTIC_Unknown,21600,591,1201,85,17,1,1894,3.1142339158778076e-24,True,False,False,False,False,True,1.5081789964036811e-22
PHEC_ARTIC_Unknown,21668,420,3983,6,140,2,4549,0.0287549023171625,True,False,False,False,False,True,0.09335758827048722
PHEC_ARTIC_Unknown,22343,504,19,14,0,1,537,1.0,True,True,True,True,False,True,1.0
PHEC_ARTIC_Unknown,22409,257,75,8,2,1,342,1.0,True,True,False,True,False,True,1.0
PHEC_ARTIC_Unknown,22589,26282,1597,433,15,2,28327,0.030208623419223445,True,False,False,False,False,True,0.09661059753883723
PHEC_ARTIC_Unknown,22651,8667,2630,98,48,1,11443,0.010153956054390303,True,False,False,False,False,True,0.040856867684727745
PHEC_ARTIC_Unknown,22652,9539,2657,105,48,1,12349,0.005790265547955783,True,False,False,False,False,True,0.025766352743243164
PHEC_ARTIC_Unknown,22689,14182,8888,401,269,3,23740,0.3980922005048765,True,False,False,False,False,True,0.6284202839168946
PHEC_ARTIC_Unknown,22802,12280,69885,156,1009,5,83330,0.14722078611247658,True,False,False,False,False,True,0.32164025666248913
PHEC_ARTIC_Unknown,22809,2534,26442,31,357,2,29364,0.6516168393842102,True,False,False,False,False,True,0.8498764821517453
PHEC_ARTIC_Unknown,23061,119,898,2,50,1,1069,0.11194944446905114,True,False,False,False,False,True,0.2621457955467066
PHEC_ARTIC_Unknown,23244,28172,2627,337,15,2,31151,0.002716743448694695,True,False,False,False,False,True,0.014297169921461862
PHEC_ARTIC_Unknown,23245,38010,2781,545,30,2,41366,0.1551182619433054,True,False,False,False,False,True,0.33369703309643917
PHEC_ARTIC_Unknown,23252,20539,1708,334,30,1,22611,0.6910078022622349,True,False,False,False,False,True,0.8820269029189745
PHEC_ARTIC_Unknown,23317,10601,7103,332,117,1,18153,8.153456600594811e-10,True,False,False,False,False,True,1.5145324863570635e-08
PHEC_ARTIC_Unknown,23349,29449,33527,373,245,3,63594,1.8034611845691907e-11,True,False,False,False,False,True,3.9443441391545524e-10
PHEC_ARTIC_Unknown,23543,15821,1008,864,26,2,17719,4.918428776866239e-05,True,False,False,False,False,True,0.0004696753113683535
PHEC_ARTIC_Unknown,23958,978,810,31,10,2,1829,0.010188400623649577,True,False,False,False,False,True,0.040914524913135714
PHEC_ARTIC_Unknown,24017,346,1785,0,33,2,2164,0.006397922966414067,True,False,True,False,False,True,0.027836096927671042
PHEC_ARTIC_Unknown,24276,3246,3828,83,78,1,7235,0.17389532235430682,True,False,False,False,False,True,0.35945435535432935
PHEC_ARTIC_Unknown,24348,1164,5734,40,99,1,7037,0.0005614664258764838,True,False,False,False,False,True,0.004145272995400247
PHEC_ARTIC_Unknown,24358,9385,29851,141,573,8,39950,0.008920881206506338,True,False,False,False,False,True,0.03665671186673514
PHEC_ARTIC_Unknown,24399,270,12854,5,233,1,13362,0.8188105861642209,True,False,False,True,False,True,0.9731000480619487
PHEC_ARTIC_Unknown,24462,2987,46,95,0,2,3128,0.40186337278978623,True,False,True,True,False,True,0.631921221688771
PHEC_ARTIC_Unknown,24542,1115,203,29,3,1,1350,0.4604041089477047,True,False,False,True,False,True,0.6925783268693744
PHEC_ARTIC_Unknown,24776,86608,1377,1830,17,2,89832,0.02232174998869374,True,False,False,False,False,True,0.07611473508298922
PHEC_ARTIC_Unknown,24903,5923,22297,131,349,1,28700,0.0010535242909710616,True,False,False,False,False,True,0.006770516296477533
PHEC_ARTIC_Unknown,24912,8816,37838,173,1039,2,47866,2.955261435432764e-05,True,False,False,False,False,True,0.0003028212473385512
PHEC_ARTIC_Unknown,25096,12326,1595,32,7,2,13960,0.2052731822260489,True,False,False,True,False,True,0.40438319869034717
PHEC_ARTIC_Unknown,25348,22292,369,943,14,1,23618,0.7942259284994635,True,False,False,False,False,True,0.9566773204055461
PHEC_ARTIC_Unknown,25362,25381,541,875,14,1,26811,0.33814419938258355,True,False,False,False,False,True,0.5689004277241773
PHEC_ARTIC_Unknown,25378,37521,5475,848,85,2,43929,0.0007017604416680069,True,False,False,False,False,True,0.004905088447947513
PHEC_ARTIC_Unknown,25556,1811,22083,48,723,1,24665,0.18730618570194277,True,False,False,False,False,True,0.37852039912344915
PHEC_ARTIC_Unknown,25777,6081,2928,31,26,2,9066,0.0460924362514075,True,False,False,False,False,True,0.13460447284330632
PHEC_ARTIC_Unknown,25854,87,1376,0,22,1,1485,0.6352987246410078,True,False,True,True,False,True,0.8371866575444185
PHEC_ARTIC_Unknown,26144,462,1104,14,15,1,1595,0.03889484199781732,True,False,False,False,False,True,0.1183427204540919
PHEC_ARTIC_Unknown,26230,1077,5201,4,68,1,6350,0.00664781478895661,True,False,False,False,False,True,0.028800117743850363
PHEC_ARTIC_Unknown,26279,2620,3375,50,138,1,6183,2.0752405468653356e-06,True,False,False,False,False,True,2.573804434343959e-05
PHEC_ARTIC_Unknown,26378,727,289,14,6,1,1036,0.8081143134229403,True,False,False,False,False,True,0.9643323634510181
PHEC_ARTIC_Unknown,26520,571,3174,2,31,1,3778,0.21864349224860025,True,False,False,False,False,True,0.4239967699012497
PHEC_ARTIC_Unknown,26589,30806,830,216,4,2,31856,0.6687432906886974,True,False,False,False,False,True,0.8617192608557558
PHEC_ARTIC_Unknown,26593,24427,600,717,6,1,25750,0.0037900518954895887,True,False,False,False,False,True,0.01868700455057354
PHEC_ARTIC_Unknown,26596,133212,6467,3526,82,10,143287,2.7198779162840524e-13,False,False,False,False,False,False,6.705735371783954e-12
PHEC_ARTIC_Unknown,26597,25523,760,352,10,1,26645,1.0,True,False,False,False,False,True,1.0
PHEC_ARTIC_Unknown,26620,19344,929,318,9,1,20600,0.13946757268788124,True,False,False,False,False,True,0.30868013367481
PHEC_ARTIC_Unknown,26654,106286,15002,1549,107,11,122944,4.277936910587904e-15,False,False,False,False,False,False,1.2001825760187306e-13
PHEC_ARTIC_Unknown,26699,5906,2878,70,47,1,8901,0.09279817914832411,True,False,False,False,False,True,0.22851270749115163
PHEC_ARTIC_Unknown,26949,2680,191,37,1,1,2909,0.512788144126627,True,False,False,True,False,True,0.7378925257541983
PHEC_ARTIC_Unknown,27175,97852,36264,831,490,9,135437,2.1929596595822864e-15,True,False,False,False,False,True,6.326921911475702e-14
PHEC_ARTIC_Unknown,27201,35566,1501,636,15,1,37718,0.02047206744981895,True,False,False,False,False,True,0.07117980374860126
PHEC_ARTIC_Unknown,27219,87486,3217,835,22,5,91560,0.13647064077094423,True,False,False,False,False,True,0.30403207374381225
PHEC_ARTIC_Unknown,27277,19923,2695,189,28,1,22835,0.673250081111674,True,False,False,False,False,True,0.8664287662012937
PHEC_ARTIC_Unknown,27352,8450,9075,173,307,3,18005,1.1706528487056544e-07,True,False,False,False,False,True,1.630895817991302e-06
PHEC_ARTIC_Unknown,27442,723,40619,5,391,1,41738,0.6965804575570194,True,False,False,False,False,True,0.886636201921763
PHEC_ARTIC_Unknown,27462,802,39907,6,335,1,41050,1.0,True,False,False,False,False,True,1.0
PHEC_ARTIC_Unknown,27463,1814,55291,13,756,3,57874,0.01644062979220559,True,False,False,False,False,True,0.060470598548546424
PHEC_ARTIC_Unknown,27856,23946,212,192,1,1,24351,1.0,True,False,False,True,False,True,1.0
PHEC_ARTIC_Unknown,27870,23718,319,358,0,1,24395,0.016529048490229903,True,False,True,True,False,True,0.06074089363889363
PHEC_ARTIC_Unknown,27938,5282,5773,52,57,2,11164,1.0,True,False,False,False,False,True,1.0
PHEC_ARTIC_Unknown,27962,4018,6222,38,31,1,10309,0.009070071622807978,True,False,False,False,False,True,0.03715715142153359
PHEC_ARTIC_Unknown,28022,3743,9353,87,264,1,13447,0.1339373621264019,True,False,False,False,False,True,0.3005140185021222
PHEC_ARTIC_Unknown,28027,6103,13535,40,93,2,19771,0.8512418093739111,True,False,False,False,False,True,0.995930883098381
PHEC_ARTIC_Unknown,28077,2313,27016,22,274,3,29625,0.9134911030980906,True,False,False,False,False,True,1.0
PHEC_ARTIC_Unknown,28195,23282,2322,150,11,1,25765,0.40744880560036456,True,False,False,False,False,True,0.637557596705376
PHEC_ARTIC_Unknown,28198,19720,2706,209,31,1,22666,0.6900303070763545,True,False,False,False,False,True,0.8816090732370007
PHEC_ARTIC_Unknown,28541,11133,6064,187,78,4,17462,0.05171794351007027,True,False,False,False,False,True,0.14579944157932492
PHEC_ARTIC_Unknown,28593,2540,9618,53,69,1,12280,3.3567370071361696e-08,True,False,False,False,False,True,4.983651877748152e-07
PHEC_ARTIC_Unknown,28628,3220,16702,48,136,2,20106,0.0005935841284515215,True,False,False,False,False,True,0.004358664683286624
PHEC_ARTIC_Unknown,28634,2053,15528,27,229,1,17837,0.6249407370181372,True,False,False,False,False,True,0.8331071941985851
PHEC_ARTIC_Unknown,28793,3808,689,111,14,2,4622,0.2548952416322754,True,False,False,False,False,True,0.4685557356349283
PHEC_ARTIC_Unknown,29123,7499,686,136,11,1,8332,0.8801027055438345,True,False,False,False,False,True,1.0
PHEC_ARTIC_Unknown,29124,7328,689,69,8,1,8094,0.5391170606691669,True,False,False,False,False,True,0.7620320371098578
PHEC_ARTIC_Unknown,29162,3105,1374,34,16,2,4529,0.8776800435270814,True,False,False,False,False,True,1.0
PHEC_ARTIC_Unknown,29180,1822,1649,12,25,1,3508,0.01951155628789551,True,False,False,False,False,True,0.06875797842727814
PHEC_ARTIC_Unknown,29189,1673,2014,13,28,1,3728,0.08465160401695199,True,False,False,False,False,True,0.214556215041097
PHEC_ARTIC_Unknown,29195,1612,2102,17,10,1,3741,0.0506893097718383,True,False,False,False,False,True,0.1439972850222334
PHEC_ARTIC_Unknown,29229,947,4676,7,32,1,5662,0.8301983993833097,True,False,False,False,False,True,0.9811874168190889
PHEC_ARTIC_Unknown,29281,856,9636,4,164,3,10660,0.003776031922319699,True,False,False,False,False,True,0.01866451744835545
PHEC_ARTIC_Unknown,29299,522,10261,3,81,1,10867,0.7991402711372587,True,False,False,True,False,True,0.9603721532805373
PHEC_ARTIC_Unknown,29392,10535,152,388,4,1,11079,0.6636305984175701,True,False,False,False,False,True,0.8580366463101243
PHEC_ARTIC_Unknown,29563,21007,6282,114,16,1,27419,0.003203375114663373,True,False,False,False,False,True,0.016329987426629826
PHEC_ARTIC_Unknown,2980,2958,1421,4,2,1,4385,1.0,True,False,False,True,False,True,1.0
PHEC_ARTIC_Unknown,3146,107,4366,4,348,1,4825,0.19173457221799453,True,False,False,False,False,True,0.38460366853195355
PHEC_ARTIC_Unknown,3453,323,10560,21,802,1,11706,0.5919475652976462,True,False,False,False,False,True,0.8080680186680621
PHEC_ARTIC_Unknown,4080,843,542,10,29,1,1424,1.6611473041425672e-05,True,False,False,False,False,True,0.0001802012595533857
PHEC_ARTIC_Unknown,5175,74,192,13,25,1,304,0.44459993488795013,True,True,False,False,False,True,0.6756191763631606
PHEC_ARTIC_Unknown,5682,4388,787,436,57,1,5668,0.028899527129434006,True,False,False,False,False,True,0.09367591742034863
PHEC_ARTIC_Unknown,5736,2356,1656,164,151,1,4327,0.024044919582264224,True,False,False,False,False,True,0.08108503526001856
PHEC_ARTIC_Unknown,6912,278,200,29,28,1,535,0.3225135077028035,True,True,False,False,False,True,0.5522099525874835
PHEC_ARTIC_Unknown,7781,5564,985,324,41,1,6914,0.048920272394024515,True,False,False,False,False,True,0.14034391262263168
PHEC_ARTIC_Unknown,7951,211,12374,15,1204,1,13804,0.286897495015633,True,False,False,False,False,True,0.5092055016246052
PHEC_ARTIC_Unknown,8161,578,1269,98,214,1,2159,1.0,True,False,False,False,False,True,1.0
PHEC_ARTIC_Unknown,9143,3481,15788,177,909,2,20355,0.14379428497642827,True,False,False,False,False,True,0.31644999437481675
PHEC_ARTIC_Unknown,9475,13,213,2,36,1,264,1.0,True,True,False,True,False,True,1.0
PHEC_ARTIC_Unknown,10922,190,516,17,47,1,770,1.0,True,True,False,False,False,True,1.0
PHEC_ARTIC_Unknown,11991,12134,1747,524,83,1,14488,0.4174596041273567,True,False,False,False,False,True,0.6480540543125174
PHEC_ARTIC_Unknown,12076,10305,27531,332,1289,3,39457,8.824858126051856e-10,True,False,False,False,False,True,1.6317964934899522e-08
PHEC_ARTIC_Unknown,12208,866,11519,29,600,1,13014,0.019046661621281834,True,False,False,False,False,True,0.06737549519597782
PHEC_ARTIC_Unknown,12320,77,211,25,55,1,368,0.4803499734275831,True,True,False,False,False,True,0.710827097818628
PHEC_ARTIC_Unknown,13288,4531,39957,248,2709,2,47445,0.001430591941869107,True,False,False,False,False,True,0.008634492610569032
PHEC_ARTIC_Unknown,14432,15624,19057,247,227,2,35155,0.0024918935142416395,True,False,False,False,False,True,0.013462181694468778
PHEC_ARTIC_Unknown,14670,10891,2020,128,50,2,13089,2.786623208975238e-05,True,False,False,False,False,True,0.00028698691681294347
PHEC_ARTIC_Unknown,15286,7956,1034,159,12,2,9161,0.06873065828453656,True,False,False,False,False,True,0.18111395670984376
PHEC_ARTIC_Unknown,15685,29504,24134,1056,949,2,55643,0.03966957464777382,True,False,False,False,False,True,0.1203399177234481
PHEC_ARTIC_Unknown,15970,1893,402,40,1,1,2336,0.006062463867749599,True,False,False,False,False,True,0.026719504890580035
PHEC_ARTIC_Unknown,16009,6644,6568,138,63,2,13413,2.3246812056600856e-07,True,False,False,False,False,True,3.184108802904117e-06
PHEC_ARTIC_Unknown,16369,163,845,24,61,1,1093,0.0067893768086371015,True,False,False,False,False,True,0.029349695362312175
PHEC_ARTIC_Unknown,17575,10397,12137,818,868,3,24220,0.060980959762703915,True,False,False,False,False,True,0.16626712085434284
PHEC_ARTIC_Unknown,17938,32,344,10,54,1,440,0.10294150233132482,True,True,False,False,False,True,0.24684900280543493
PHEC_ARTIC_Unknown,18561,1351,11650,285,3042,1,16328,0.0016875347042882465,True,False,False,False,False,True,0.00984919824540113
PHEC_ARTIC_Unknown,19104,3815,5772,88,163,1,9838,0.13330450325733106,True,False,False,False,False,True,0.29960371229327226
PHEC_ARTIC_Unknown,20306,422,65,67,12,1,566,0.7230809992644176,True,True,False,False,False,True,0.9073082988919342
PHEC_ARTIC_Unknown,21108,2306,57866,29,940,3,61141,0.20421610532337559,True,False,False,False,False,True,0.4030815703326016
PHEC_ARTIC_Unknown,21639,5,74,1,0,1,80,0.075,True,True,True,True,False,True,0.1934686112872543
PHEC_ARTIC_Unknown,22746,2266,3996,136,226,2,6624,0.6129555000721827,True,False,False,False,False,True,0.8253899285976959
PHEC_ARTIC_Unknown,23908,501,19,2,0,1,522,1.0,True,True,True,True,False,True,1.0
PHEC_ARTIC_Unknown,24198,4333,528,333,59,1,5253,0.015341461739737041,True,False,False,False,False,True,0.05725602418096356
PHEC_ARTIC_Unknown,25560,935,13182,108,1164,1,15389,0.014283937949095344,True,False,False,False,False,True,0.05410340742729968
PHEC_ARTIC_Unknown,26622,16357,1826,420,30,3,18633,0.016615313289341443,True,False,False,False,False,True,0.06092877978655774
PHEC_ARTIC_Unknown,26739,1273,2934,85,207,1,4499,0.7417391366513069,True,False,False,False,False,True,0.9190968041113361
PHEC_ARTIC_Unknown,26750,1087,2557,172,538,1,4354,0.0024286318720222527,True,False,False,False,False,True,0.013172899273848699
PHEC_ARTIC_Unknown,27493,365,8359,15,684,2,9423,0.006682035619806312,True,False,False,False,False,True,0.02891757542699157
PHEC_ARTIC_Unknown,29315,1016,2794,11,22,2,3843,0.42916071322763766,True,False,False,False,False,True,0.6583053474396795
PHEC_ARTIC_Unknown,29589,2402,448,56,7,1,2913,0.38310855509704567,True,False,False,False,False,True,0.6126122649900871
PHEC_ARTIC_Unknown,706,41209,34774,336,79,1,76398,6.199888764916395e-30,True,False,False,False,False,True,3.5029371521777633e-28
PHEC_ARTIC_Unknown,1619,51108,10550,375,45,4,62078,0.0003274447400666502,True,False,False,False,False,True,0.0026221362255730964
PHEC_ARTIC_Unknown,1723,22709,5713,354,53,3,28829,0.0002796968548599369,True,False,False,False,False,True,0.0022847526216269545
PHEC_ARTIC_Unknown,1922,53414,73596,734,650,10,128394,3.4032477212564044e-16,False,False,False,False,False,False,1.0825671125956406e-14
PHEC_ARTIC_Unknown,2113,11042,40842,53,256,4,52193,0.08116763644486547,True,False,False,False,False,True,0.2067099029990622
PHEC_ARTIC_Unknown,2737,11424,23772,41,82,1,35319,0.8472559207408614,True,False,False,False,False,True,0.9940561480907506
PHEC_ARTIC_Unknown,3243,36962,1443,1200,29,1,39634,0.00899168970317326,True,False,False,False,False,True,0.036873179145674215
PHEC_ARTIC_Unknown,3259,83429,7038,1050,31,7,91548,1.8402107573073e-11,True,False,False,False,False,True,4.003196449586148e-10
PHEC_ARTIC_Unknown,3939,28955,4645,132,11,2,33743,0.037706418148335155,True,False,False,False,False,True,0.11559134063860393
PHEC_ARTIC_Unknown,6058,7634,5597,27,29,1,13287,0.17529725846148664,True,False,False,False,False,True,0.3616172654266367
PHEC_ARTIC_Unknown,6622,14591,4002,52,7,1,18652,0.08020756852749936,True,False,False,False,False,True,0.2048238473131622
PHEC_ARTIC_Unknown,6808,26847,40443,85,331,2,67706,4.075441716501155e-17,True,False,False,False,False,True,1.3815747418938916e-15
PHEC_ARTIC_Unknown,9827,34043,31187,128,41,2,65399,5.345728137773248e-10,True,False,False,False,False,True,1.0114614913703057e-08
PHEC_ARTIC_Unknown,2189,1072,7424,0,71,2,8567,0.00017524750680856062,True,False,True,False,False,True,0.0014977034825571947
PHEC_ARTIC_Unknown,4415,20981,14347,217,118,4,35663,0.05024888651508959,True,False,False,False,False,True,0.1429457834569122
PHEC_ARTIC_Unknown,4499,12534,6644,45,56,2,19279,2.2015011286098868e-05,True,False,False,False,False,True,0.0002332215258121099
PHEC_ARTIC_Unknown,4772,15139,7027,91,14,2,22271,2.0144114564228515e-05,True,False,False,False,False,True,0.00021621703970258998
PHEC_ARTIC_Unknown,5337,21606,939,121,6,1,22672,0.6559761592327465,True,False,False,False,False,True,0.8522871337460278
PHEC_ARTIC_Unknown,6701,7086,26173,25,54,1,33338,0.037780082287327765,True,False,False,False,False,True,0.11572995086208536
PHEC_ARTIC_Unknown,6747,10006,26500,624,567,1,37697,3.546232597633811e-71,True,False,False,False,False,True,5.152169359705122e-69
PHEC_ARTIC_Unknown,6781,16146,22744,94,241,2,39225,4.572952963914716e-07,True,False,False,False,False,True,6.139528929770649e-06
PHEC_ARTIC_Unknown,6840,3894,19227,21,224,1,23366,0.00027960484932175423,True,False,False,False,False,True,0.0022847526216269545
PHEC_ARTIC_Unknown,10228,10948,5195,140,94,1,16377,0.011127813230706104,True,False,False,False,False,True,0.0441208033357821
PHEC_ARTIC_Unknown,10500,11114,3097,87,15,1,14313,0.09160252063074553,True,False,False,False,False,True,0.22615947355291605
PHEC_ARTIC_Unknown,11654,76779,29885,676,252,5,107592,0.5819330569009853,True,False,False,False,False,True,0.7989550035346636
PHEC_ARTIC_Unknown,11812,26178,133404,273,1992,15,161847,9.808451867690128e-09,False,False,False,False,False,False,1.5405707412263877e-07
PHEC_ARTIC_Unknown,12459,48136,9863,386,119,5,58504,0.00017446499309516853,True,False,False,False,False,True,0.0014966649923519768
PHEC_ARTIC_Unknown,13766,11136,6688,367,126,1,18317,2.876180738719605e-08,True,False,False,False,False,True,4.334064217343202e-07
PHEC_ARTIC_Unknown,13887,1780,23073,9,338,2,25200,0.00031248595896415563,True,False,False,False,False,True,0.002522208097353542
PHEC_ARTIC_Unknown,13948,25524,53505,286,383,3,79698,1.8835501460833675e-08,True,False,False,False,False,True,2.9023795432830073e-07
PHEC_ARTIC_Unknown,14008,19504,1405,280,7,1,21196,0.001802759883923405,True,False,False,False,False,True,0.010343620885473076
PHEC_ARTIC_Unknown,14625,83493,2971,642,26,4,87132,0.5212584680417378,True,False,False,False,False,True,0.7463342169520584
PHEC_ARTIC_Unknown,15268,23048,2878,317,16,3,26259,9.303976210916685e-05,True,False,False,False,False,True,0.0008486227629150016
PHEC_ARTIC_Unknown,15708,11297,23524,1275,1819,2,37915,1.5750629124660208e-22,True,False,False,False,False,True,7.199276323496375e-21
PHEC_ARTIC_Unknown,15965,112720,25521,2364,456,15,141061,0.0016815456781700691,False,False,False,False,False,False,0.009828344567235404
PHEC_ARTIC_Unknown,17394,4170,82412,18,476,2,87076,0.24690273664030551,True,False,False,False,False,True,0.4596169207999784
PHEC_ARTIC_Unknown,18688,41085,2612,313,16,3,44026,0.48251918143639827,True,False,False,False,False,True,0.7127407516642222
PHEC_ARTIC_Unknown,18922,14912,17498,78,16,1,32504,2.7436810477552106e-13,True,False,False,False,False,True,6.723671386908553e-12
PHEC_ARTIC_Unknown,19582,6989,105,240,5,4,7339,0.4185117046354575,True,False,False,True,False,True,0.6487601775548769
PHEC_ARTIC_Unknown,19983,19729,11835,170,191,8,31925,3.8774550772650054e-09,True,False,False,False,False,True,6.438158062985324e-08
PHEC_ARTIC_Unknown,20831,31849,32562,51,130,2,64592,9.291043446697978e-09,True,False,False,False,False,True,1.4649598736886577e-07
PHEC_ARTIC_Unknown,21066,2054,11918,13,104,1,14089,0.35709595160578583,True,False,False,False,False,True,0.5874105665719114
PHEC_ARTIC_Unknown,21123,1443,13165,16,61,1,14685,0.0035854915281267113,True,False,False,False,False,True,0.01789666200787664
PHEC_ARTIC_Unknown,21253,1394,553,15,9,1,1971,0.3633300593583985,True,False,False,False,False,True,0.5943010379855107
PHEC_ARTIC_Unknown,23206,10368,420,51,2,1,10841,1.0,True,False,False,True,False,True,1.0
PHEC_ARTIC_Unknown,23335,39361,35755,335,214,4,75665,5.388346364619731e-05,True,False,False,False,False,True,0.000509762628169141
PHEC_ARTIC_Unknown,24037,2409,9193,52,230,8,11884,0.3724043741244063,True,False,False,False,False,True,0.6033217817355973
PHEC_ARTIC_Unknown,24223,43950,15644,377,162,7,60133,0.04921151040986609,True,False,False,False,False,True,0.14078229560290806
PHEC_ARTIC_Unknown,25824,1384,8782,5,50,1,10221,0.43055566459665684,True,False,False,False,False,True,0.6601961717222767
PHEC_ARTIC_Unknown,25916,2301,6412,2,45,2,8760,0.00016555907315203417,True,False,False,False,False,True,0.0014299242241666136
PHEC_ARTIC_Unknown,29187,67118,76715,985,2427,34,147245,7.397162971285602e-98,False,False,False,False,False,False,1.671758831510546e-95
PHEC_ARTIC_Unknown,29188,67051,77388,993,2451,33,147883,1.1148176487592225e-96,False,False,False,False,False,False,2.386883260606588e-94
PHEC_ARTIC_Unknown,29284,1226,12892,2,83,3,14203,0.0323795913328002,True,False,False,False,False,True,0.10218788017209561
PHEC_ARTIC_Unknown,4421,2084,1519,9,30,1,3642,2.2969017844879017e-05,True,False,False,False,False,True,0.00024144176897407713
PHEC_ARTIC_Unknown,18368,20948,5640,294,31,3,26913,3.268333738839517e-08,True,False,False,False,False,True,4.888081488823219e-07
PHEC_ARTIC_Unknown,20951,14310,12003,253,264,4,26830,0.014216398972162033,True,False,False,False,False,True,0.0540488888025749
PHEC_ARTIC_Unknown,23609,1631,598,589,189,1,3007,0.16985100466946668,True,False,False,False,False,True,0.35379103276773705
PHEC_ARTIC_Unknown,24123,84776,42545,1561,1027,23,129909,4.365047580755076e-11,False,False,False,False,False,False,9.153099772428685e-10
PHEC_ARTIC_Unknown,24620,487,957,0,0,1,1444,1.0,True,False,True,True,False,True,1.0
PHEC_ARTIC_Unknown,26096,2935,874,1,2,1,3812,0.13407889468568138,True,False,False,True,False,True,0.3005140185021222
PHEC_ARTIC_Unknown,28109,3479,2332,33,8,1,5852,0.006365608997836189,True,False,False,False,False,True,0.027725157819269396
PHEC_ARTIC_Unknown,29039,123514,35428,2418,483,30,161843,8.986860716386969e-14,False,False,False,False,False,False,2.2992798361171186e-12
PHEC_ARTIC_Unknown,330,535,497,89,5,6,1126,1.4772277143245603e-18,True,False,False,False,False,True,5.36550209095742e-17
PHEC_ARTIC_Unknown,2047,15,5,0,0,1,20,1.0,True,True,True,True,False,True,1.0
PHEC_ARTIC_Unknown,3455,221,7729,6,301,1,8257,0.47825153065046055,True,False,False,False,False,True,0.7092698602574092
PHEC_ARTIC_Unknown,8517,87,514,0,0,1,601,1.0,True,True,True,True,False,True,1.0
PHEC_ARTIC_Unknown,9153,1114,10589,413,4092,1,16208,0.5091410694599898,True,False,False,False,False,True,0.736029094016787
PHEC_ARTIC_Unknown,9163,1408,15250,8,127,1,16793,0.3518550540114739,True,False,False,False,False,True,0.5825699735702794
PHEC_ARTIC_Unknown,11617,36123,509,7278,119,1,44029,0.14681150682307592,True,False,False,False,False,True,0.32150596953660926
PHEC_ARTIC_Unknown,12019,938,474,0,1,1,1413,0.3361641896673744,True,False,True,True,False,True,0.5665549527345487
PHEC_ARTIC_Unknown,15955,1834,271,462,75,2,2642,0.5190051235802976,True,False,False,False,False,True,0.7436818748589823
PHEC_ARTIC_Unknown,15976,6647,1484,296,93,2,8520,0.006108538535400472,True,False,False,False,False,True,0.02689343588962026
PHEC_ARTIC_Unknown,18255,7629,31852,264,834,5,40579,0.00014870444764953313,True,False,False,False,False,True,0.0012925848141844033
PHEC_ARTIC_Unknown,18974,35530,3083,374,44,2,39031,0.0691262005470893,True,False,False,False,False,True,0.18189222757151313
PHEC_ARTIC_Unknown,22338,54,5,0,0,1,59,1.0,True,True,True,True,False,True,1.0
PHEC_ARTIC_Unknown,27393,2,9,0,0,1,11,1.0,True,True,True,True,False,True,1.0
PHEC_ARTIC_Unknown,27513,10,9,0,1,1,20,1.0,True,True,True,True,False,True,1.0
PHEC_ARTIC_Unknown,28264,2918,2554,1283,75,1,6830,1.3097379296177016e-210,True,False,False,False,False,True,6.660017372106012e-208
PHEC_ARTIC_Unknown,6425,265,5041,0,0,1,5306,1.0,True,False,True,True,False,True,1.0
PHEC_ARTIC_Unknown,8919,5249,811,74,2,1,6136,0.003162476705472101,True,False,False,False,False,True,0.01618233363252894
PHEC_ARTIC_Unknown,10396,5725,25435,85,221,1,31466,5.847269068783843e-05,True,False,False,False,False,True,0.0005493462025822788
PHEC_ARTIC_Unknown,14178,8802,77650,258,2282,6,88992,1.0,True,False,False,False,False,True,1.0
PHEC_ARTIC_Unknown,17040,42471,187136,89,652,30,230348,2.4676256511297242e-06,False,False,False,False,False,False,3.032719380300821e-05
PHEC_ARTIC_Unknown,18782,30952,29953,383,252,4,61540,1.9367210998222805e-06,True,False,False,False,False,True,2.4241789027929348e-05
PHEC_ARTIC_Unknown,19287,51,1363,0,50,1,1464,0.41585317269474076,True,False,True,True,False,True,0.6461767404592076
PHEC_ARTIC_Unknown,21995,142,46,0,0,3,188,1.0,True,True,True,True,False,True,1.0
PHEC_ARTIC_Unknown,22227,173,1095,0,2,7,1270,1.0,True,False,True,True,False,True,1.0
PHEC_ARTIC_Unknown,25357,47638,1085,692,4,2,49419,0.0010246368837741298,True,False,False,False,False,True,0.006637297521008217
PHEC_ARTIC_Unknown,25761,199,208,21,45,1,473,0.011283061944262589,True,True,False,False,False,True,0.04464931516465001
PHEC_ARTIC_Unknown,403,34807,1571,343,8,2,36729,0.0631039026963829,True,False,False,False,False,True,0.17056922004577119
PHEC_ARTIC_Unknown,449,9031,2856,46,22,1,11955,0.11765742737492693,True,False,False,False,False,True,0.2715284444197376
PHEC_ARTIC_Unknown,489,3335,2216,2677,2034,1,10262,0.0009061981216884176,True,False,False,False,False,True,0.0059844382451761085
PHEC_ARTIC_Unknown,635,13638,55363,700,3003,6,72704,0.2034518676950579,True,False,False,False,False,True,0.4021585023243419
PHEC_ARTIC_Unknown,848,3093,2717,31,21,1,5862,0.4035170989903807,True,False,False,False,False,True,0.6332864568300557
PHEC_ARTIC_Unknown,1013,5421,1583,60,4,1,7068,0.0007790531846849118,True,False,False,False,False,True,0.005290798589813391
PHEC_ARTIC_Unknown,1087,6882,5662,112,93,2,12749,0.9437566349438735,True,False,False,False,False,True,1.0
PHEC_ARTIC_Unknown,1154,5424,6815,32,77,2,12348,0.0018201671440072986,True,False,False,False,False,True,0.010370364064176038
PHEC_ARTIC_Unknown,1247,655,6392,6,120,2,7173,0.08705318794282342,True,False,False,False,False,True,0.21873524925966994
PHEC_ARTIC_Unknown,1306,995,2472,0,26,1,3493,0.00025300300211127493,True,False,True,False,False,True,0.002100441250180952
PHEC_ARTIC_Unknown,1332,1365,111,15,0,1,1491,0.6202406823687352,True,False,True,True,False,True,0.8299125027652267
PHEC_ARTIC_Unknown,1513,562,1756,6,12,1,2336,0.40754334665810715,True,False,False,True,False,True,0.637557596705376
PHEC_ARTIC_Unknown,1545,324,2096,7,31,1,2458,0.3401681573219718,True,False,False,False,False,True,0.5715491757148095
PHEC_ARTIC_Unknown,1795,3484,7070,28,64,2,10646,0.6568529772365921,True,False,False,False,False,True,0.8528815548670465
PHEC_ARTIC_Unknown,2320,1938,254,46,4,1,2242,0.6518226706768548,True,False,False,False,False,True,0.8498764821517453
PHEC_ARTIC_Unknown,2352,1793,721,51,9,1,2574,0.019900255049085526,True,False,False,False,False,True,0.06966801853672971
PHEC_ARTIC_Unknown,2532,133,2470,0,23,1,2626,0.6273551477149881,True,False,True,True,False,True,0.8332041627220144
PHEC_ARTIC_Unknown,2539,3584,7055,32,50,3,10721,0.3481223153913102,True,False,False,False,False,True,0.5794441812650778
PHEC_ARTIC_Unknown,2859,6953,302,102,6,2,7363,0.4612196800942229,True,False,False,True,False,True,0.6933635102081666
PHEC_ARTIC_Unknown,3219,6214,239,49,2,1,6504,0.7137877108421278,True,False,False,True,False,True,0.8998104765124809
PHEC_ARTIC_Unknown,3234,19825,1391,822,54,2,22092,0.7271515792442971,True,False,False,False,False,True,0.9090512060128458
PHEC_ARTIC_Unknown,3327,5374,4165,56,62,2,9657,0.0615454674744862,True,False,False,False,False,True,0.16769387922720017
PHEC_ARTIC_Unknown,3349,3068,2373,20,13,1,5474,0.725820632980002,True,False,False,False,False,True,0.9084455739620722
PHEC_ARTIC_Unknown,3546,1912,92,22,0,1,2026,0.6214724958702302,True,False,True,True,False,True,0.8302627629556967
PHEC_ARTIC_Unknown,3747,57,1471,0,24,1,1552,1.0,True,False,True,True,False,True,1.0
PHEC_ARTIC_Unknown,4122,7405,865,73,0,1,8343,0.0006808396492955372,True,False,True,False,False,True,0.004832798356786842
PHEC_ARTIC_Unknown,4205,2851,2370,47,15,1,5283,0.0007552425317891405,True,False,False,False,False,True,0.005172267035889265
PHEC_ARTIC_Unknown,4218,2091,3646,27,25,1,5789,0.029025425383850945,True,False,False,False,False,True,0.09400910068591213
PHEC_ARTIC_Unknown,4331,10026,13654,283,393,3,24356,0.8129079578895791,True,False,False,False,False,True,0.9680648632010562
PHEC_ARTIC_Unknown,4963,549,5519,4,57,2,6129,0.654843436863138,True,False,False,False,False,True,0.8516314262018048
PHEC_ARTIC_Unknown,5410,4001,1350,25,14,1,5390,0.13921683450996228,True,False,False,False,False,True,0.30829291387399377
PHEC_ARTIC_Unknown,5701,4276,2730,23,16,1,7045,0.8695206330368541,True,False,False,False,False,True,1.0
PHEC_ARTIC_Unknown,5829,4929,21215,43,180,5,26367,0.8635446060747951,True,False,False,False,False,True,1.0
PHEC_ARTIC_Unknown,6291,3286,474,57,2,1,3819,0.02813820504636179,True,False,False,False,False,True,0.0918669487388441
PHEC_ARTIC_Unknown,6473,66,3258,0,16,1,3340,1.0,True,False,True,True,False,True,1.0
PHEC_ARTIC_Unknown,6686,2491,5744,1230,1985,1,11450,3.4557145051142843e-16,True,False,False,False,False,True,1.089755550915109e-14
PHEC_ARTIC_Unknown,6865,397,382,8,2,1,789,0.10839108614497155,True,True,False,True,False,True,0.2560597784191314
PHEC_ARTIC_Unknown,7569,429,1913,3,29,1,2374,0.2509502493566757,True,False,False,False,False,True,0.46402982471952575
PHEC_ARTIC_Unknown,7591,248,2428,0,24,1,2700,0.1606478907785232,True,False,True,True,False,True,0.3416182016137127
PHEC_ARTIC_Unknown,7674,9921,1744,127,20,3,11812,0.7274528068685715,True,False,False,False,False,True,0.9091483927315972
PHEC_ARTIC_Unknown,7700,33166,2724,196,15,3,36101,0.8964930931082409,True,False,False,False,False,True,1.0
PHEC_ARTIC_Unknown,7749,5983,1220,62,12,2,7277,1.0,True,False,False,False,False,True,1.0
PHEC_ARTIC_Unknown,7772,5527,1395,46,22,2,6990,0.02158698507066671,True,False,False,False,False,True,0.07393263065221481
PHEC_ARTIC_Unknown,7790,4072,1628,39,5,1,5744,0.010958785741615289,True,False,False,False,False,True,0.04357804535375463
PHEC_ARTIC_Unknown,7911,3076,14614,18,95,2,17803,0.8032367350644765,True,False,False,False,False,True,0.9614990254950658
PHEC_ARTIC_Unknown,8067,2775,665,27,8,1,3475,0.6661434757513334,True,False,False,False,False,True,0.8593267151666515
PHEC_ARTIC_Unknown,8604,121,3802,1,78,1,4002,0.5186502951683576,True,False,False,True,False,True,0.7436818748589823
PHEC_ARTIC_Unknown,8782,222,157,7,2,1,388,0.3188251843520062,True,True,False,True,False,True,0.5484062790460724
PHEC_ARTIC_Unknown,9152,1645,8198,30,195,2,10068,0.20463821252049186,True,False,False,False,False,True,0.40358381559463224
PHEC_ARTIC_Unknown,9851,3172,250,46,1,1,3469,0.2553241354049978,True,False,False,True,False,True,0.46875181320214643
PHEC_ARTIC_Unknown,10300,3120,6282,126,146,1,9674,1.136133104290516e-05,True,False,False,False,False,True,0.000127322023918838
PHEC_ARTIC_Unknown,10594,15003,29080,126,455,6,44664,1.2219046785853028e-10,True,False,False,False,False,True,2.4607466497450555e-09
PHEC_ARTIC_Unknown,10625,739,4278,9,61,1,5087,0.8646532878599216,True,False,False,False,False,True,1.0
PHEC_ARTIC_Unknown,11171,8518,2781,94,35,1,11428,0.5374342608911238,True,False,False,False,False,True,0.7599174742110155
PHEC_ARTIC_Unknown,11250,4325,7980,62,87,1,12454,0.10189645269914487,True,False,False,False,False,True,0.24498508840432703
PHEC_ARTIC_Unknown,11450,1260,469,8,6,1,1743,0.22638145428052409,True,False,False,True,False,True,0.4339866899213817
PHEC_ARTIC_Unknown,11740,3635,2198,19,9,1,5861,0.6964865778336333,True,False,False,False,False,True,0.886636201921763
PHEC_ARTIC_Unknown,11741,3611,2195,14,14,1,5834,0.24047965713471908,True,False,False,False,False,True,0.4529033542703876
PHEC_ARTIC_Unknown,11827,2711,32136,26,312,4,35185,1.0,True,False,False,False,False,True,1.0
PHEC_ARTIC_Unknown,11834,695,6901,2,83,1,7681,0.02234797156598213,True,False,False,False,False,True,0.0761403252348537
PHEC_ARTIC_Unknown,11836,545,6764,2,81,1,7392,0.09009838480027675,True,False,False,False,False,True,0.22348794473629624
PHEC_ARTIC_Unknown,11971,32111,5182,525,90,3,37908,0.5969399940277696,True,False,False,False,False,True,0.8109246891149497
PHEC_ARTIC_Unknown,12079,2314,5988,26,47,1,8375,0.15002744808526725,True,False,False,False,False,True,0.3258083029674001
PHEC_ARTIC_Unknown,12315,662,932,9,4,1,1607,0.05116954273261132,True,False,False,False,False,True,0.14465441267287202
PHEC_ARTIC_Unknown,12534,8151,976,101,9,1,9237,0.5326204075086514,True,False,False,False,False,True,0.7558488350588316
PHEC_ARTIC_Unknown,12558,21343,5814,116,35,2,27308,0.6188016589070187,True,False,False,False,False,True,0.8296918748957653
PHEC_ARTIC_Unknown,12602,11055,8074,177,55,2,19361,5.862340996900903e-09,True,False,False,False,False,True,9.4634933235686e-08
PHEC_ARTIC_Unknown,12685,3588,16746,38,198,2,20570,0.6061554309439126,True,False,False,False,False,True,0.8195723671608027
PHEC_ARTIC_Unknown,13061,33425,6176,474,51,2,40126,0.00012464624119141985,True,False,False,False,False,True,0.001102306324275426
PHEC_ARTIC_Unknown,13172,82536,34117,1774,683,4,119110,0.12195564734846537,True,False,False,False,False,True,0.2787166142772793
PHEC_ARTIC_Unknown,13225,205471,152864,2967,3152,10,364454,2.8406338328925043e-43,False,False,False,False,False,False,2.4074371733763973e-41
PHEC_ARTIC_Unknown,13350,855,58042,9,568,2,59474,0.7270321422872996,True,False,False,False,False,True,0.9090512060128458
PHEC_ARTIC_Unknown,13696,3890,127,44,1,1,4062,1.0,True,False,False,True,False,True,1.0
PHEC_ARTIC_Unknown,13712,4322,523,65,4,1,4914,0.2387516640463012,True,False,False,False,False,True,0.4508457491309711
PHEC_ARTIC_Unknown,13930,861,4319,5,32,1,5217,0.8243326540536369,True,False,False,False,False,True,0.9773013878107963
PHEC_ARTIC_Unknown,14030,46502,10280,115,14,4,56911,0.02967135653475584,True,False,False,False,False,True,0.09541745326749941
PHEC_ARTIC_Unknown,14041,6961,1862,31,10,1,8864,0.5685374400979653,True,False,False,False,False,True,0.7878300068592183
PHEC_ARTIC_Unknown,14062,16784,5385,227,62,2,22458,0.2999933604554861,True,False,False,False,False,True,0.5242152020330402
PHEC_ARTIC_Unknown,14092,4736,3953,72,41,1,8802,0.056929663463100855,True,False,False,False,False,True,0.1570100820121317
PHEC_ARTIC_Unknown,14174,1474,10397,16,90,1,11977,0.37666037610231956,True,False,False,False,False,True,0.6063452484538486
PHEC_ARTIC_Unknown,14486,914,10342,11,55,1,11322,0.020706311688687414,True,False,False,False,False,True,0.07168789442517481
PHEC_ARTIC_Unknown,14653,19384,6689,304,102,3,26479,0.863600639984977,True,False,False,False,False,True,1.0
PHEC_ARTIC_Unknown,14668,7143,1620,44,8,1,8815,0.7199717860423058,True,False,False,False,False,True,0.9050819609456427
PHEC_ARTIC_Unknown,14789,1057,7562,14,53,1,8686,0.03958590431323847,True,False,False,False,False,True,0.12017571548227916
PHEC_ARTIC_Unknown,14852,366,8936,0,70,1,9372,0.11593025695490049,True,False,True,True,False,True,0.26875904886262214
PHEC_ARTIC_Unknown,15112,484,1760,7,11,1,2262,0.08633732803553382,True,False,False,True,False,True,0.21760858144272094
PHEC_ARTIC_Unknown,15118,454,1848,2,15,1,2319,0.5507461975947593,True,False,False,True,False,True,0.7709688684843362
PHEC_ARTIC_Unknown,15166,162,2061,2,14,1,2239,0.32961351037514147,True,False,False,True,False,True,0.5593941427643202
PHEC_ARTIC_Unknown,15349,1886,1359,27,10,1,3282,0.0922927406307057,True,False,False,False,False,True,0.22754355690043077
PHEC_ARTIC_Unknown,15380,2381,4593,44,33,3,7051,5.073351040905006e-05,True,False,False,False,False,True,0.00048195275924767147
PHEC_ARTIC_Unknown,16111,1340,13893,212,3683,3,19128,1.0495070134354822e-12,True,False,False,False,False,True,2.5114085474444362e-11
PHEC_ARTIC_Unknown,16577,8886,2087,77,12,2,11062,0.22160866737166088,True,False,False,False,False,True,0.42806460535038765
PHEC_ARTIC_Unknown,16621,1902,2626,10,21,1,4559,0.3614452790227072,True,False,False,False,False,True,0.5924091035714637
PHEC_ARTIC_Unknown,16741,649,3485,8,20,1,4162,0.07008403500637475,True,False,False,True,False,True,0.18347875123337795
PHEC_ARTIC_Unknown,16912,1633,1300,31,6,1,2970,0.000632333801309608,True,False,False,False,False,True,0.0046016706685643735
PHEC_ARTIC_Unknown,17369,1744,23998,8,104,1,25854,0.8496594414627356,True,False,False,False,False,True,0.9949379988112863
PHEC_ARTIC_Unknown,17543,76859,39640,852,724,8,118075,3.0729631840073624e-22,True,False,False,False,False,True,1.3587841557110816e-20
PHEC_ARTIC_Unknown,17549,36168,23639,417,374,3,60598,1.1022642844502147e-05,True,False,False,False,False,True,0.0001238677101973335
PHEC_ARTIC_Unknown,17550,49105,32233,446,512,5,82296,1.1954487309624091e-17,True,False,False,False,False,True,4.121258845385661e-16
PHEC_ARTIC_Unknown,17556,41091,28708,598,549,4,70946,5.5740727262434365e-06,True,False,False,False,False,True,6.478665100102372e-05
PHEC_ARTIC_Unknown,18034,6714,702,81,2,1,7499,0.022138682263258158,True,False,False,False,False,True,0.07561726233999512
PHEC_ARTIC_Unknown,18113,9299,2437,75,26,1,11837,0.21914129904850854,True,False,False,False,False,True,0.42410409349635236
PHEC_ARTIC_Unknown,18320,15920,6134,204,61,1,22319,0.08478296162770813,True,False,False,False,False,True,0.21462170995738436
PHEC_ARTIC_Unknown,18541,6874,17320,57,264,2,24515,1.5056900220999136e-05,True,False,False,False,False,True,0.0001646544895135067
PHEC_ARTIC_Unknown,18808,5577,9305,35,101,1,15018,0.0043364179125864755,True,False,False,False,False,True,0.020608116902338533
PHEC_ARTIC_Unknown,19037,13337,9268,284,73,2,22962,3.4063075322576696e-16,True,False,False,False,False,True,1.0825671125956406e-14
PHEC_ARTIC_Unknown,19729,2607,571,0,0,1,3178,1.0,True,False,True,True,False,True,1.0
PHEC_ARTIC_Unknown,19836,587,3659,3,36,1,4285,0.35365616343157813,True,False,False,False,False,True,0.584351451194013
PHEC_ARTIC_Unknown,20051,385,946,2,14,1,1347,0.17593469059913505,True,False,False,True,False,True,0.3627408210473653
PHEC_ARTIC_Unknown,20497,4262,299,63,0,1,4624,0.03323169292419655,True,False,True,True,False,True,0.1042372471697962
PHEC_ARTIC_Unknown,20622,8084,966,69,7,1,9126,0.8519484576821708,True,False,False,False,False,True,0.996184629448425
PHEC_ARTIC_Unknown,21059,910,9375,0,59,1,10344,0.00894585989816022,True,False,True,False,False,True,0.036722258391236905
PHEC_ARTIC_Unknown,22766,2159,3526,19,13,1,5717,0.01680597836266173,True,False,False,False,False,True,0.06142562441986336
PHEC_ARTIC_Unknown,22773,4715,10488,46,76,2,15325,0.11645487592771832,True,False,False,False,False,True,0.26947578798291133
PHEC_ARTIC_Unknown,22843,154,6443,0,30,1,6627,1.0,True,False,True,True,False,True,1.0
PHEC_ARTIC_Unknown,23145,2939,134,32,0,1,3105,0.3997084693432922,True,False,True,True,False,True,0.6295060214047667
PHEC_ARTIC_Unknown,23338,14172,14275,109,104,2,28660,0.7310716105373996,True,False,False,False,False,True,0.9096786000675743
PHEC_ARTIC_Unknown,23400,2789,7967,37,110,1,10903,0.924527772384841,True,False,False,False,False,True,1.0
PHEC_ARTIC_Unknown,23763,396,13564,0,276,2,14236,0.0006544325721947897,True,False,True,False,False,True,0.004703589582488348
PHEC_ARTIC_Unknown,24314,2023,2593,20,24,1,4660,0.8791886687245886,True,False,False,False,False,True,1.0
PHEC_ARTIC_Unknown,24815,16376,6827,287,105,2,23595,0.26397869752605063,True,False,False,False,False,True,0.47791069939295683
PHEC_ARTIC_Unknown,24954,4692,41107,157,703,2,46659,2.3894369843162164e-12,True,False,False,False,False,True,5.6512963094176566e-11
PHEC_ARTIC_Unknown,25284,128,2563,0,50,1,2741,0.17073476981828173,True,False,True,True,False,True,0.35526805300295144
PHEC_ARTIC_Unknown,25630,5647,27990,78,1157,4,34872,2.9749734640391714e-27,True,False,False,False,False,True,1.5515630835527372e-25
PHEC_ARTIC_Unknown,26201,64,497,1,29,1,591,0.23524096887330556,True,True,False,True,False,True,0.44592742841407595
PHEC_ARTIC_Unknown,26561,2648,217,33,1,1,2899,0.5120755254587399,True,False,False,True,False,True,0.7378077805346085
PHEC_ARTIC_Unknown,26629,3990,420,33,2,1,4445,0.7690900188285591,True,False,False,True,False,True,0.9401016215728902
PHEC_ARTIC_Unknown,27395,1904,7325,21,81,2,9331,1.0,True,False,False,False,False,True,1.0
PHEC_ARTIC_Unknown,27486,971,32777,5,249,3,34002,0.5679542228101883,True,False,False,False,False,True,0.7874702721171936
PHEC_ARTIC_Unknown,27906,3462,721,63,4,2,4250,0.012975145554768783,True,False,False,False,False,True,0.05012620333979051
PHEC_ARTIC_Unknown,28363,819,10117,0,0,1,10936,1.0,True,False,True,True,False,True,1.0
PHEC_ARTIC_Unknown,28557,2695,2351,53,15,2,5114,4.07211298789941e-05,True,False,False,False,False,True,0.0003972507346468777
PHEC_ARTIC_Unknown,28670,638,3523,1,39,1,4201,0.023774750717239827,True,False,False,False,False,True,0.08039541639046685
PHEC_ARTIC_Unknown,28968,32,306,1,44,1,383,0.15366105601759644,True,True,False,True,False,True,0.3315493435900677
PHEC_ARTIC_Unknown,28974,28,349,0,12,1,389,1.0,True,True,True,True,False,True,1.0
PHEC_ARTIC_Unknown,29298,90,1320,1,15,1,1426,1.0,True,False,False,True,False,True,1.0
PHEC_ARTIC_Unknown,410,39181,2831,427,23,2,42462,0.1853773504663938,True,False,False,False,False,True,0.3757424323354709
PHEC_ARTIC_Unknown,925,4712,34766,31,412,2,39921,0.0008552175227455943,True,False,False,False,False,True,0.005712684536172541
PHEC_ARTIC_Unknown,4095,5647,9127,46,29,2,14849,6.559277748916543e-05,True,False,False,False,False,True,0.0006105982124163043
PHEC_ARTIC_Unknown,5453,23442,10919,407,151,3,34919,0.017096878231808582,True,False,False,False,False,True,0.062209392349729255
PHEC_ARTIC_Unknown,5605,12438,9353,55,25,2,21871,0.04110916468027932,True,False,False,False,False,True,0.12360094746443184
PHEC_ARTIC_Unknown,6312,15771,6127,64,30,1,21992,0.4203535053440547,True,False,False,False,False,True,0.6503549142950197
PHEC_ARTIC_Unknown,6408,3016,13891,1,8,1,16916,1.0,True,False,False,True,False,True,1.0
PHEC_ARTIC_Unknown,8853,3109,5641,58,63,1,8871,0.005511982536467695,True,False,False,False,False,True,0.024858919022561623
PHEC_ARTIC_Unknown,8905,2927,16568,9,87,2,19591,0.1504301192359872,True,False,False,False,False,True,0.3260254262397421
PHEC_ARTIC_Unknown,11095,38633,2307,524,14,2,41478,0.0012377146011840678,True,False,False,False,False,True,0.007653859669511543
PHEC_ARTIC_Unknown,11816,3353,19801,20,137,2,23311,0.6484521096387648,True,False,False,False,False,True,0.8468389027321012
PHEC_ARTIC_Unknown,12038,3887,3963,154,105,1,8109,0.001918776541238383,True,False,False,False,False,True,0.010857575288850868
PHEC_ARTIC_Unknown,13068,452642,96602,3391,1977,20,554612,1.7458259383013603e-242,False,False,False,False,False,False,1.4204039834019868e-239
PHEC_ARTIC_Unknown,13345,4078,11664,7,5,1,15754,0.017451311448866847,True,False,False,True,False,True,0.06321632678004482
PHEC_ARTIC_Unknown,13541,5552,4433,53,68,2,10106,0.00996161727269182,True,False,False,False,False,True,0.040242163917885126
PHEC_ARTIC_Unknown,13812,31829,21024,1011,509,5,54373,6.381111583831379e-07,True,False,False,False,False,True,8.455492483070375e-06
PHEC_ARTIC_Unknown,15796,6354,144989,54,2183,5,153580,9.071433202971377e-06,True,False,False,False,False,True,0.00010279273055623277
PHEC_ARTIC_Unknown,16551,26330,6891,327,63,5,33611,0.027550192834170414,True,False,False,False,False,True,0.09045535468071449
PHEC_ARTIC_Unknown,17523,83271,21137,2889,517,10,107814,6.994046431176277e-14,False,False,False,False,False,False,1.8355987665822644e-12
PHEC_ARTIC_Unknown,23323,5147,4315,26,10,1,9498,0.042798366063765865,True,False,False,False,False,True,0.12713900133951173
PHEC_ARTIC_Unknown,23393,6596,20512,72,403,3,27583,1.3714395825902885e-06,True,False,False,False,False,True,1.7434425693679044e-05
PHEC_ARTIC_Unknown,24079,999,4195,10,24,1,5228,0.13143949458576182,True,False,False,False,False,True,0.29655899277586195
PHEC_ARTIC_Unknown,24858,45928,59222,1257,1079,7,107486,2.8762856047947306e-22,True,False,False,False,False,True,1.2857944879456004e-20
PHEC_ARTIC_Unknown,25003,3010,6758,6,4,1,9778,0.07872552346034109,True,False,False,True,False,True,0.20175353359717765
PHEC_ARTIC_Unknown,25626,9796,15941,38,449,4,26224,3.461965128623203e-52,True,False,False,False,False,True,3.611095934163895e-50
PHEC_ARTIC_Unknown,26865,4806,31054,69,147,3,36076,3.1225205616489114e-12,True,False,False,False,False,True,7.342435632825301e-11
PHEC_ARTIC_Unknown,27481,2928,34021,25,483,4,37457,0.010076407987027917,True,False,False,False,False,True,0.04058497791210848
PHEC_ARTIC_Unknown,28871,686,1120,146,211,2,2163,0.31179200027119314,True,False,False,False,False,True,0.5393329456192306
PHEC_ARTIC_Unknown,29003,1448,2046,7,44,2,3545,3.723852685949565e-05,True,False,False,False,False,True,0.00036857987168960663
PHEC_ARTIC_Unknown,683,21642,36681,1252,4153,4,63728,1.1207939137675031e-98,True,False,False,False,False,True,2.681993906591884e-96
PHEC_ARTIC_Unknown,823,12838,5232,61,28,2,18159,0.6394577726128197,True,False,False,False,False,True,0.8404892468461875
PHEC_ARTIC_Unknown,2969,945,549,9,9,1,1512,0.3253680394916799,True,False,False,False,False,True,0.5549673730197711
PHEC_ARTIC_Unknown,3197,2292,451,42,0,1,2785,0.0010375448503518374,True,False,True,False,False,True,0.0066982353449308914
PHEC_ARTIC_Unknown,3201,2543,145,34,1,1,2723,1.0,True,False,False,True,False,True,1.0
PHEC_ARTIC_Unknown,3250,7057,607,78,4,2,7746,0.4103883742840564,True,False,False,False,False,True,0.6398849776111696
PHEC_ARTIC_Unknown,3272,21382,2763,119,14,2,24278,0.8911465300292799,True,False,False,False,False,True,1.0
PHEC_ARTIC_Unknown,3337,1050,912,17,5,1,1984,0.030726156972265457,True,False,False,False,False,True,0.09811146512023224
PHEC_ARTIC_Unknown,3448,3948,79487,43,730,5,84208,0.26884718079624226,True,False,False,False,False,True,0.48499792970248934
PHEC_ARTIC_Unknown,4105,2324,908,36,4,2,3272,0.011688333683021544,True,False,False,False,False,True,0.0459144616268651
PHEC_ARTIC_Unknown,4303,1736,16677,24,248,2,18685,0.8343044886915547,True,False,False,False,False,True,0.9837032003390944
PHEC_ARTIC_Unknown,4469,827,752,12,2,1,1593,0.014268442870985422,True,False,False,False,False,True,0.05410340742729968
PHEC_ARTIC_Unknown,4682,14639,431,163,0,2,15233,0.01577588470418171,True,False,True,True,False,True,0.05850163990575315
PHEC_ARTIC_Unknown,4694,17911,476,359,4,3,18750,0.09023533555530266,True,False,False,False,False,True,0.22367492374946876
PHEC_ARTIC_Unknown,4698,2660,66,20,1,1,2747,0.4057562690279121,True,False,False,True,False,True,0.6360757234703455
PHEC_ARTIC_Unknown,5608,3310,2503,15,26,1,5854,0.010789296861861048,True,False,False,False,False,True,0.043030254543187006
PHEC_ARTIC_Unknown,5817,3547,12428,16,110,3,16101,0.009390688776914454,True,False,False,False,False,True,0.03814499293334838
PHEC_ARTIC_Unknown,5834,733,6026,6,44,2,6809,0.8180059697236584,True,False,False,False,False,True,0.9727121557544116
PHEC_ARTIC_Unknown,5872,336,9997,6,97,2,10436,0.15371240462410712,True,False,False,True,False,True,0.3315493435900677
PHEC_ARTIC_Unknown,6599,3692,460,61,7,1,4220,1.0,True,False,False,False,False,True,1.0
PHEC_ARTIC_Unknown,6609,17178,4138,165,20,2,21501,0.0026120427969759585,True,False,False,False,False,True,0.013908102222641622
PHEC_ARTIC_Unknown,6762,533,3179,2,38,1,3752,0.11067235136811399,True,False,False,False,False,True,0.2599394488253393
PHEC_ARTIC_Unknown,7420,6381,383,51,6,3,6821,0.1389928037508305,True,False,False,True,False,True,0.30829291387399377
PHEC_ARTIC_Unknown,7735,7589,653,35,5,2,8282,0.24498880377484417,True,False,False,True,False,True,0.45758239382739485
PHEC_ARTIC_Unknown,7943,89,4641,1,27,1,4758,0.4150595504431807,True,False,False,True,False,True,0.6456015746172742
PHEC_ARTIC_Unknown,7955,1015,4031,0,38,1,5084,0.0003287538277603112,True,False,True,False,False,True,0.0026274470949488133
PHEC_ARTIC_Unknown,8056,2235,126,25,1,1,2387,1.0,True,False,False,True,False,True,1.0
PHEC_ARTIC_Unknown,8140,449,953,15,4,1,1421,4.104298354556316e-05,True,False,False,False,False,True,0.0003994326724003611
PHEC_ARTIC_Unknown,8470,1705,3869,30,50,2,5654,0.18146863284134374,True,False,False,False,False,True,0.3705895574290092
PHEC_ARTIC_Unknown,8922,985,328,20,0,1,1333,0.006576129028273292,True,False,True,True,False,True,0.028519928450976277
PHEC_ARTIC_Unknown,9072,1065,870,20,42,1,1997,0.00042287683317756474,True,False,False,False,False,True,0.003245779164842139
PHEC_ARTIC_Unknown,9180,229,3021,1,24,1,3275,1.0,True,False,False,True,False,True,1.0
PHEC_ARTIC_Unknown,9724,1241,7927,4,90,2,9262,0.005646659178381551,True,False,False,False,False,True,0.025302705923880797
PHEC_ARTIC_Unknown,9849,1845,281,19,0,1,2145,0.16046009094927383,True,False,True,True,False,True,0.3413973064757562
PHEC_ARTIC_Unknown,10281,1000,1515,23,21,1,2559,0.11958377157401234,True,False,False,False,False,True,0.27483999026162836
PHEC_ARTIC_Unknown,10470,1902,145,39,7,1,2093,0.045000554685290586,True,False,False,True,False,True,0.13188923376063552
PHEC_ARTIC_Unknown,11067,5709,91,51,1,1,5852,0.5629174143987867,True,False,False,True,False,True,0.7831559650390781
PHEC_ARTIC_Unknown,11130,13195,535,168,14,2,13912,0.018528573349647606,True,False,False,False,False,True,0.0660598040196025
PHEC_ARTIC_Unknown,11273,1141,3703,14,31,1,4889,0.2223285373286033,True,False,False,False,False,True,0.4289596522547205
PHEC_ARTIC_Unknown,11776,729,2144,7,26,1,2906,0.690287284305416,True,False,False,False,False,True,0.8816604937376553
PHEC_ARTIC_Unknown,11867,108,5058,2,54,1,5222,0.3309929777459486,True,False,False,True,False,True,0.5610330972793829
PHEC_ARTIC_Unknown,11960,5198,209,48,2,2,5457,0.7199272904041281,True,False,False,True,False,True,0.9050819609456427
PHEC_ARTIC_Unknown,12089,582,2489,8,33,1,3112,0.8433642227958786,True,False,False,False,False,True,0.9913639721618664
PHEC_ARTIC_Unknown,12167,1186,4356,2,58,1,5602,0.00017252442563381518,True,False,False,False,False,True,0.001483783009467992
PHEC_ARTIC_Unknown,12412,82,2655,1,60,2,2798,1.0,True,False,False,True,False,True,1.0
PHEC_ARTIC_Unknown,12749,2132,16110,6,122,2,18370,0.01189920596931663,True,False,False,False,False,True,0.046633882353738006
PHEC_ARTIC_Unknown,12973,121,821,1,14,1,957,0.7077872365454245,True,True,False,True,False,True,0.8944636465569391
PHEC_ARTIC_Unknown,13088,28489,2086,321,6,2,30902,5.6348747269523126e-05,True,False,False,False,False,True,0.0005306173701213428
PHEC_ARTIC_Unknown,13667,9705,200,277,4,2,10186,0.6647126782503461,True,False,False,False,False,True,0.8581565138439885
PHEC_ARTIC_Unknown,13668,2265,75,37,0,1,2377,0.6294780285620794,True,False,True,True,False,True,0.8348937998033148
PHEC_ARTIC_Unknown,13700,2683,65,32,0,1,2780,1.0,True,False,True,True,False,True,1.0
PHEC_ARTIC_Unknown,13703,2682,73,21,0,1,2776,1.0,True,False,True,True,False,True,1.0
PHEC_ARTIC_Unknown,13753,1515,410,31,3,1,1959,0.08948957915256936,True,False,False,False,False,True,0.22292933741129956
PHEC_ARTIC_Unknown,13754,1548,410,31,3,1,1992,0.09033871674542211,True,False,False,False,False,True,0.22367492374946876
PHEC_ARTIC_Unknown,13976,5523,398,129,1,1,6051,0.002118398985408742,True,False,False,False,False,True,0.011788846884600223
PHEC_ARTIC_Unknown,14250,4980,2759,1,0,1,7740,1.0,True,False,True,True,False,True,1.0
PHEC_ARTIC_Unknown,14302,21920,1512,276,12,3,23720,0.14492838553614024,True,False,False,False,False,True,0.31816981778792147
PHEC_ARTIC_Unknown,14303,19509,1513,506,52,2,21580,0.06811034073682631,True,False,False,False,False,True,0.1801514083988358
PHEC_ARTIC_Unknown,15566,36848,13588,835,362,3,51633,0.012287274099305537,True,False,False,False,False,True,0.04790537406148627
PHEC_ARTIC_Unknown,15656,24995,8152,123,102,2,33372,1.714079189046875e-11,True,False,False,False,False,True,3.7691211573203717e-10
PHEC_ARTIC_Unknown,15727,688,4112,5,35,1,4840,1.0,True,False,False,False,False,True,1.0
PHEC_ARTIC_Unknown,16162,990,1613,2,23,1,2628,0.0013707611168577898,True,False,False,False,False,True,0.008298000332406977
PHEC_ARTIC_Unknown,17131,9665,1565,87,3,1,11320,0.0018146975023283045,True,False,False,False,False,True,0.010353701878641715
PHEC_ARTIC_Unknown,17137,16556,3865,689,142,2,21252,0.18975773878488722,True,False,False,False,False,True,0.38233505764087233
PHEC_ARTIC_Unknown,17999,1786,289,18,0,1,2093,0.15869265268238342,True,False,True,True,False,True,0.33887992981883525
PHEC_ARTIC_Unknown,18021,17038,1724,179,6,2,18947,0.002891005161729635,True,False,False,False,False,True,0.014993132391302495
PHEC_ARTIC_Unknown,18087,2612,247,46,0,1,2905,0.02969702168148538,True,False,True,True,False,True,0.09542455308079188
PHEC_ARTIC_Unknown,18089,2736,262,45,0,1,3043,0.02952236280935492,True,False,True,True,False,True,0.09502166605173903
PHEC_ARTIC_Unknown,18129,2748,974,31,10,1,3763,1.0,True,False,False,False,False,True,1.0
PHEC_ARTIC_Unknown,18206,620,1526,6,16,1,2168,1.0,True,False,False,False,False,True,1.0
PHEC_ARTIC_Unknown,18315,6965,2475,74,18,1,9532,0.1889569632647501,True,False,False,False,False,True,0.3810991207540919
PHEC_ARTIC_Unknown,18677,20196,680,163,5,2,21044,1.0,True,False,False,False,False,True,1.0
PHEC_ARTIC_Unknown,18860,631,6376,7,75,1,7089,1.0,True,False,False,False,False,True,1.0
PHEC_ARTIC_Unknown,18870,593,7002,3,28,1,7626,0.7313907464283739,True,False,False,True,False,True,0.9096786000675743
PHEC_ARTIC_Unknown,19086,5648,7074,63,38,2,12823,0.00038507695612316695,True,False,False,False,False,True,0.0029894905677653495
PHEC_ARTIC_Unknown,19264,19,3426,1,73,1,3519,0.3470294233825861,True,False,False,True,False,True,0.5784697077582411
PHEC_ARTIC_Unknown,19827,209,1463,6,11,1,1689,0.014561999372703418,True,False,False,True,False,True,0.05500298370302461
PHEC_ARTIC_Unknown,19868,1255,8319,11,166,2,9751,0.0046060264029696265,True,False,False,False,False,True,0.021636622872148313
PHEC_ARTIC_Unknown,20299,1186,172,25,0,2,1383,0.06274629443557588,True,False,True,True,False,True,0.16994136202657967
PHEC_ARTIC_Unknown,20640,2566,476,10,6,1,3058,0.029116612752800447,True,False,False,True,False,True,0.09411967545430922
PHEC_ARTIC_Unknown,20974,5835,22830,519,490,2,29674,2.635878206283125e-101,True,False,False,False,False,True,6.701720339474845e-99
PHEC_ARTIC_Unknown,20984,509,4881,8,90,1,5488,0.8609929146065599,True,False,False,False,False,True,1.0
PHEC_ARTIC_Unknown,21614,605,1079,25,37,3,1746,0.5019944485929007,True,False,False,False,False,True,0.7295592188701597
PHEC_ARTIC_Unknown,22551,13753,2026,223,20,4,16022,0.03265548683119797,True,False,False,False,False,True,0.10297869800721965
PHEC_ARTIC_Unknown,23191,11757,272,188,7,2,12224,0.21897470186309076,True,False,False,True,False,True,0.4239967699012497
PHEC_ARTIC_Unknown,23199,4008,112,31,2,1,4153,0.22896785885937024,True,False,False,True,False,True,0.4372963614271916
PHEC_ARTIC_Unknown,23248,13781,1143,1026,108,2,16058,0.028755422345850663,True,False,False,False,False,True,0.09335758827048722
PHEC_ARTIC_Unknown,23435,5241,15022,108,656,2,21027,1.2075570654825678e-14,True,False,False,False,False,True,3.341729348559922e-13
PHEC_ARTIC_Unknown,24213,14831,7192,493,280,6,22796,0.03887308560952446,True,False,False,False,False,True,0.1183427204540919
PHEC_ARTIC_Unknown,24438,449,1488,1,38,1,1976,0.0007733083790929089,True,False,False,False,False,True,0.005260566030351092
PHEC_ARTIC_Unknown,24722,4378,548,95,1,1,5022,0.0003641273509911444,True,False,False,False,False,True,0.0028540849014103576
PHEC_ARTIC_Unknown,24833,2174,624,22,8,1,2828,0.5161094149394323,True,False,False,False,False,True,0.741830075894241
PHEC_ARTIC_Unknown,24904,11668,33069,487,2055,5,47279,1.5401421952287083e-15,True,False,False,False,False,True,4.5074089569715005e-14
PHEC_ARTIC_Unknown,24936,609,4993,7,51,1,5660,0.6748076302144344,True,False,False,False,False,True,0.8673356839533393
PHEC_ARTIC_Unknown,24989,365,6967,2,79,1,7413,0.4391513709596843,True,False,False,True,False,True,0.6695906210884542
PHEC_ARTIC_Unknown,25100,1279,138,18,1,1,1436,1.0,True,False,False,True,False,True,1.0
PHEC_ARTIC_Unknown,25106,31764,5076,1133,141,5,38114,0.005430045642589818,True,False,False,False,False,True,0.024578860731877823
PHEC_ARTIC_Unknown,25572,232,5028,2,49,1,5311,1.0,True,False,False,True,False,True,1.0
PHEC_ARTIC_Unknown,25614,301,5397,0,134,1,5832,0.0012367535455211842,True,False,True,False,False,True,0.007653859669511543
PHEC_ARTIC_Unknown,25644,316,1905,0,23,1,2244,0.06339341397582106,True,False,True,True,False,True,0.17078437619446363
PHEC_ARTIC_Unknown,27194,12755,2886,158,22,2,15821,0.03280620427383895,True,False,False,False,False,True,0.10337384894343675
PHEC_ARTIC_Unknown,27434,168,3913,0,27,1,4108,0.6260278677106439,True,False,True,True,False,True,0.8332041627220144
PHEC_ARTIC_Unknown,28409,645,4674,1,40,1,5360,0.054578903985898916,True,False,False,True,False,True,0.1516488155383191
PHEC_ARTIC_Unknown,28724,255,1644,0,24,1,1923,0.06323940267678922,True,False,True,True,False,True,0.17059541783102028
PHEC_ARTIC_Unknown,369,14392,268,212,1,1,14873,0.19171696854320314,True,False,False,True,False,True,0.38460366853195355
PHEC_ARTIC_Unknown,370,41164,5148,994,101,6,47407,0.05112969210676732,True,False,False,False,False,True,0.14464227224640436
PHEC_ARTIC_Unknown,434,49174,13268,488,128,3,63058,0.8046795400777751,True,False,False,False,False,True,0.9616440567086925
PHEC_ARTIC_Unknown,499,7367,6578,61,43,1,14049,0.27809987433468225,True,False,False,False,False,True,0.49684246323824655
PHEC_ARTIC_Unknown,509,13252,13860,365,228,2,27705,1.1195835117605999e-09,True,False,False,False,False,True,2.0423613120368253e-08
PHEC_ARTIC_Unknown,558,10542,19853,379,474,3,31248,7.88911826917966e-09,True,False,False,False,False,True,1.2536301999618303e-07
PHEC_ARTIC_Unknown,740,12488,958,309,21,2,13776,0.665108133880699,True,False,False,False,False,True,0.8583946347165875
PHEC_ARTIC_Unknown,1005,9702,4838,58,30,1,14628,0.9097454298645999,True,False,False,False,False,True,1.0
PHEC_ARTIC_Unknown,1026,47618,2402,1053,59,4,51132,0.43545467880259603,True,False,False,False,False,True,0.6662014416581273
PHEC_ARTIC_Unknown,1081,14127,4813,117,51,2,19108,0.15436507711089048,True,False,False,False,False,True,0.3326044140291856
PHEC_ARTIC_Unknown,1559,307,3765,2,66,1,4140,0.23852106243944315,True,False,False,False,False,True,0.4508457491309711
PHEC_ARTIC_Unknown,1679,4898,258,57,2,1,5215,0.7688590227293054,True,False,False,True,False,True,0.9401016215728902
PHEC_ARTIC_Unknown,1756,3087,2017,38,42,2,5184,0.021108726302424975,True,False,False,False,False,True,0.072709820997684
PHEC_ARTIC_Unknown,1911,528,5802,4,78,2,6412,0.3175345759688606,True,False,False,False,False,True,0.5468800402376481
PHEC_ARTIC_Unknown,2215,1086,198,42,0,1,1326,0.0015734880854574227,True,False,True,False,False,True,0.00926331335982749
PHEC_ARTIC_Unknown,2373,1918,995,22,13,1,2948,0.721987471369979,True,False,False,False,False,True,0.9062156845211584
PHEC_ARTIC_Unknown,2475,646,2415,6,40,1,3107,0.20611197854439683,True,False,False,False,False,True,0.4052506180370258
PHEC_ARTIC_Unknown,2476,640,2417,5,41,1,3103,0.10168923737755962,True,False,False,False,False,True,0.24477622346267017
PHEC_ARTIC_Unknown,2850,7272,221,44,0,1,7537,0.6404276717348945,True,False,True,True,False,True,0.8412204612907817
PHEC_ARTIC_Unknown,2964,4276,2588,47,12,1,6923,0.006442108402408161,True,False,False,False,False,True,0.027998394210466238
PHEC_ARTIC_Unknown,3179,9476,8091,479,189,2,18235,2.7175570072491716e-20,True,False,False,False,False,True,1.0838256770087873e-18
PHEC_ARTIC_Unknown,3251,20626,3118,389,25,4,24158,4.268238066483935e-06,True,False,False,False,False,True,5.0769568580282596e-05
PHEC_ARTIC_Unknown,3286,16562,7179,153,31,2,23925,4.8074535846929234e-05,True,False,False,False,False,True,0.0004601581454713132
PHEC_ARTIC_Unknown,3418,1834,8786,13,81,1,10714,0.4919969627225729,True,False,False,False,False,True,0.7214742517515933
PHEC_ARTIC_Unknown,3466,387,17507,2,107,1,18003,1.0,True,False,False,True,False,True,1.0
PHEC_ARTIC_Unknown,4582,2381,10028,24,302,3,12735,4.1174672183892215e-09,True,False,False,False,False,True,6.781318479517147e-08
PHEC_ARTIC_Unknown,4767,3014,761,46,7,1,3828,0.29822903311663773,True,False,False,False,False,True,0.5229291839303802
PHEC_ARTIC_Unknown,5375,8705,1023,129,14,1,9871,0.890946198324039,True,False,False,False,False,True,1.0
PHEC_ARTIC_Unknown,5463,15037,7408,213,70,3,22728,0.0033293210101578547,True,False,False,False,False,True,0.016866348529666442
PHEC_ARTIC_Unknown,5481,2827,4008,35,35,1,6905,0.1456726435438717,True,False,False,False,False,True,0.31945892934580594
PHEC_ARTIC_Unknown,5542,370,10425,1,65,1,10861,0.7286450676224812,True,False,False,True,False,True,0.9095207533256378
PHEC_ARTIC_Unknown,5659,8866,755,69,4,1,9694,0.6596335448401629,True,False,False,False,False,True,0.8551272340375342
PHEC_ARTIC_Unknown,5697,4612,1937,64,18,1,6631,0.14454353121371333,True,False,False,False,False,True,0.3178395053931815
PHEC_ARTIC_Unknown,5704,5312,2013,54,8,1,7387,0.009440636372688233,True,False,False,False,False,True,0.0382515027530834
PHEC_ARTIC_Unknown,5816,1579,5651,12,69,1,7311,0.13780106806720094,True,False,False,False,False,True,0.3064924794408821
PHEC_ARTIC_Unknown,5845,3118,18367,52,466,4,22003,0.003511897163857799,True,False,False,False,False,True,0.017615780101816924
PHEC_ARTIC_Unknown,6033,2906,857,22,8,1,3793,0.6617005246384933,True,False,False,False,False,True,0.8569874989587363
PHEC_ARTIC_Unknown,6463,414,8817,8,105,3,9344,0.1717934156686814,True,False,False,False,False,True,0.3563771621316654
PHEC_ARTIC_Unknown,6583,15946,1263,130,13,1,17352,0.41898589434730493,True,False,False,False,False,True,0.6490611645867618
PHEC_ARTIC_Unknown,6678,6980,14062,73,100,1,21215,0.014823189517170487,True,False,False,False,False,True,0.0556793489897041
PHEC_ARTIC_Unknown,6680,5735,13874,105,119,1,19833,3.40505730415916e-08,True,False,False,False,False,True,5.03700840484344e-07
PHEC_ARTIC_Unknown,7504,8805,8203,74,91,3,17173,0.08490454182188732,True,False,False,False,False,True,0.2147958184897
PHEC_ARTIC_Unknown,7553,2972,7255,44,78,3,10349,0.1082033509701841,True,False,False,False,False,True,0.25598849978485605
PHEC_ARTIC_Unknown,7701,17159,647,93,4,1,17903,0.7815381964057988,True,False,False,True,False,True,0.9462194592198778
PHEC_ARTIC_Unknown,7746,12746,1056,104,10,1,13916,0.5960649314850792,True,False,False,False,False,True,0.8109246891149497
PHEC_ARTIC_Unknown,7860,2196,5572,30,143,1,7941,0.0011129409080859389,True,False,False,False,False,True,0.007107446803914599
PHEC_ARTIC_Unknown,8082,3385,1864,24,29,1,5302,0.005647703288811151,True,False,False,False,False,True,0.025302705923880797
PHEC_ARTIC_Unknown,8160,1969,4148,36,109,1,6262,0.07122684122131553,True,False,False,False,False,True,0.185976116873114
PHEC_ARTIC_Unknown,8375,24085,5522,582,167,6,30356,0.013607922394587378,True,False,False,False,False,True,0.05202728223795249
PHEC_ARTIC_Unknown,8390,8022,1488,74,23,1,9607,0.03528436093185645,True,False,False,False,False,True,0.10957006127541376
PHEC_ARTIC_Unknown,8480,3379,10432,54,265,3,14130,0.0014986858521784632,True,False,False,False,False,True,0.008965667715679394
PHEC_ARTIC_Unknown,8525,1047,7354,5,64,1,8470,0.26862867870606366,True,False,False,False,False,True,0.48481875109861006
PHEC_ARTIC_Unknown,8600,1389,15199,27,170,2,16785,0.013336254005518836,True,False,False,False,False,True,0.05127777059966978
PHEC_ARTIC_Unknown,8941,8079,436,59,1,1,8575,0.3716214515783267,True,False,False,True,False,True,0.6024119711738684
PHEC_ARTIC_Unknown,9533,3653,531,39,1,1,4224,0.053729258806526674,True,False,False,False,False,True,0.14970590741434966
PHEC_ARTIC_Unknown,9717,476,2214,5,18,1,2713,0.5849759349046477,True,False,False,True,False,True,0.8017796843639174
PHEC_ARTIC_Unknown,9845,7315,877,73,5,1,8270,0.2704890464734002,True,False,False,False,False,True,0.4868802836521204
PHEC_ARTIC_Unknown,9882,14247,485,346,3,1,15081,0.0055792719659401736,True,False,False,False,False,True,0.025053488335670886
PHEC_ARTIC_Unknown,9992,3172,4438,32,71,1,7713,0.03413052530761952,True,False,False,False,False,True,0.10647467557622409
PHEC_ARTIC_Unknown,10551,4174,1766,40,28,1,6008,0.045575577630624024,True,False,False,False,False,True,0.13319069669639264
PHEC_ARTIC_Unknown,10552,4194,1707,45,28,1,5974,0.09102009140893746,True,False,False,False,False,True,0.2250879828884849
PHEC_ARTIC_Unknown,10692,784,8505,5,113,1,9407,0.12976432193213108,True,False,False,False,False,True,0.2934303844468645
PHEC_ARTIC_Unknown,10699,855,6534,1,81,1,7471,0.0012504242996955058,True,False,False,False,False,True,0.007707160683577754
PHEC_ARTIC_Unknown,11129,20177,763,162,9,1,21111,0.2997677340952724,True,False,False,False,False,True,0.5242152020330402
PHEC_ARTIC_Unknown,11403,5018,283,36,5,1,5342,0.06743778770640739,True,False,False,True,False,True,0.1790710968600948
PHEC_ARTIC_Unknown,11689,7768,2614,110,23,1,10515,0.04341689030696369,True,False,False,False,False,True,0.12835749256448278
PHEC_ARTIC_Unknown,11797,2414,11082,63,245,1,13804,0.2596212046722169,True,False,False,False,False,True,0.47191200205834594
PHEC_ARTIC_Unknown,11998,9829,1712,81,7,1,11629,0.07097263052711111,True,False,False,False,False,True,0.18543138149279897
PHEC_ARTIC_Unknown,12164,9380,26452,180,299,2,36311,6.274744612651753e-08,True,False,False,False,False,True,9.083865154543534e-07
PHEC_ARTIC_Unknown,12185,2523,10927,48,33,1,13531,1.1369727156826383e-15,True,False,False,False,False,True,3.4008860348507157e-14
PHEC_ARTIC_Unknown,13072,42566,2073,218,73,2,44930,3.5954689780067283e-32,True,False,False,False,False,True,2.18303997052707e-30
PHEC_ARTIC_Unknown,13126,23865,5040,193,65,1,29163,0.001708219347149111,True,False,False,False,False,True,0.009955639404301695
PHEC_ARTIC_Unknown,13145,17399,6024,221,50,1,23694,0.006226955541883756,True,False,False,False,False,True,0.02729661114696457
PHEC_ARTIC_Unknown,13303,5125,101963,22,479,2,107589,0.7534413569932409,True,False,False,False,False,True,0.9307620529148205
PHEC_ARTIC_Unknown,13346,2687,43519,49,809,2,47064,1.0,True,False,False,False,False,True,1.0
PHEC_ARTIC_Unknown,13379,646,4665,4,207,4,5522,1.526660451689842e-07,True,False,False,False,False,True,2.1123995637667606e-06
PHEC_ARTIC_Unknown,13396,248,9,7,1,1,265,0.26798572364306167,True,True,False,True,False,True,0.48387302431423657
PHEC_ARTIC_Unknown,13706,6475,346,37,2,1,6860,1.0,True,False,False,True,False,True,1.0
PHEC_ARTIC_Unknown,13718,14127,1436,140,9,2,15712,0.2014950076051422,True,False,False,False,False,True,0.39926044371053016
PHEC_ARTIC_Unknown,14131,3931,12844,32,59,1,16866,0.012540003805585303,True,False,False,False,False,True,0.04872276550250335
PHEC_ARTIC_Unknown,14160,2155,17117,30,130,1,19432,0.005200199248134059,True,False,False,False,False,True,0.023903288747355204
PHEC_ARTIC_Unknown,14407,6996,3904,115,76,1,11091,0.254799824856881,True,False,False,False,False,True,0.4685557356349283
PHEC_ARTIC_Unknown,14601,17434,326,159,2,1,17921,1.0,True,False,False,True,False,True,1.0
PHEC_ARTIC_Unknown,14724,8162,8307,26,24,2,16519,0.7779708745772245,True,False,False,False,False,True,0.9448052377781984
PHEC_ARTIC_Unknown,14948,21473,923,359,18,3,22773,0.5127709042176742,True,False,False,False,False,True,0.7378925257541983
PHEC_ARTIC_Unknown,15526,33239,3009,488,14,2,36750,6.846596775198933e-07,True,False,False,False,False,True,8.955612759327736e-06
PHEC_ARTIC_Unknown,15713,4560,15373,28,94,1,20055,1.0,True,False,False,False,False,True,1.0
PHEC_ARTIC_Unknown,15937,9300,1425,188,36,2,10949,0.23294278357594134,True,False,False,False,False,True,0.44260216888693565
PHEC_ARTIC_Unknown,16508,33016,902,586,16,3,34520,1.0,True,False,False,False,False,True,1.0
PHEC_ARTIC_Unknown,16576,5820,1297,43,5,1,7165,0.1909002542179135,True,False,False,False,False,True,0.38387653690483053
PHEC_ARTIC_Unknown,16597,4623,2004,23,10,1,6660,1.0,True,False,False,False,False,True,1.0
PHEC_ARTIC_Unknown,16642,3872,9681,45,83,2,13681,0.11547871504899677,True,False,False,False,False,True,0.2681320849425336
PHEC_ARTIC_Unknown,16653,1955,7743,14,64,1,9776,0.7765941786767363,True,False,False,False,False,True,0.9436036794674323
PHEC_ARTIC_Unknown,16658,2029,9028,17,70,2,11144,0.7808882679215139,True,False,False,False,False,True,0.9462194592198778
PHEC_ARTIC_Unknown,16720,1115,6896,14,49,1,8074,0.06714374360793596,True,False,False,False,False,True,0.1785233653575709
PHEC_ARTIC_Unknown,16785,1303,9311,1,77,1,10692,0.0007599931165507279,True,False,False,False,False,True,0.005196053778366993
PHEC_ARTIC_Unknown,16865,2801,245,22,6,1,3074,0.022739389360977056,True,False,False,True,False,True,0.07727972925685435
PHEC_ARTIC_Unknown,17010,791,2105,7,76,2,2979,4.156436528567917e-05,True,False,False,False,False,True,0.0004031213438346437
PHEC_ARTIC_Unknown,17046,347,2273,5,52,1,2677,0.4281841198664576,True,False,False,False,False,True,0.6578195853817534
PHEC_ARTIC_Unknown,17277,18863,32450,167,242,2,51722,0.08963956020362415,True,False,False,False,False,True,0.22302980483690707
PHEC_ARTIC_Unknown,17367,2427,56435,16,373,1,59251,1.0,True,False,False,False,False,True,1.0
PHEC_ARTIC_Unknown,17373,1836,56328,11,584,1,58759,0.07525367985058415,True,False,False,False,False,True,0.19399998075549832
PHEC_ARTIC_Unknown,17383,1324,55397,24,634,1,57379,0.036770821676342325,True,False,False,False,False,True,0.11325619249535315
PHEC_ARTIC_Unknown,17389,1185,51599,10,652,1,53446,0.2342162876853819,True,False,False,False,False,True,0.4446065601045887
PHEC_ARTIC_Unknown,17632,2881,20488,116,189,2,23674,1.0894945621792585e-29,True,False,False,False,False,True,6.071320382116745e-28
PHEC_ARTIC_Unknown,17710,734,14094,20,607,1,15455,0.04629328364164785,True,False,False,False,False,True,0.13461120647192526
PHEC_ARTIC_Unknown,17790,591,66,12,0,1,669,0.6195033656460451,True,True,True,True,False,True,0.8299125027652267
PHEC_ARTIC_Unknown,18339,40170,2203,395,8,1,42776,0.002052746820970886,True,False,False,False,False,True,0.01148634672312182
PHEC_ARTIC_Unknown,18363,88523,28218,1904,528,6,119173,0.00471704404191952,True,False,False,False,False,True,0.02208162849542993
PHEC_ARTIC_Unknown,18585,7258,170573,1845,395,12,180071,0.0,False,False,False,False,False,False,0.0
PHEC_ARTIC_Unknown,18842,4995,15143,25,106,1,20269,0.1546074939565507,True,False,False,False,False,True,0.33295038931458354
PHEC_ARTIC_Unknown,19000,33267,3594,334,25,1,37220,0.0881410461546753,True,False,False,False,False,True,0.2205152372430622
PHEC_ARTIC_Unknown,19150,7805,37053,146,409,2,45413,1.9814126717726736e-07,True,False,False,False,False,True,2.723103631341634e-06
PHEC_ARTIC_Unknown,19596,4205,41,32,0,1,4278,1.0,True,False,True,True,False,True,1.0
PHEC_ARTIC_Unknown,19627,9698,284,295,5,3,10282,0.2864412463393597,True,False,False,False,False,True,0.5090613724631259
PHEC_ARTIC_Unknown,19690,4486,483,34,1,1,5004,0.25035365715627167,True,False,False,True,False,True,0.4633478968661115
PHEC_ARTIC_Unknown,19716,4927,862,50,26,1,5865,2.947237262842043e-05,True,False,False,False,False,True,0.00030276164609195535
PHEC_ARTIC_Unknown,19835,3064,12476,30,168,2,15738,0.1255153496287771,True,False,False,False,False,True,0.28493105038496946
PHEC_ARTIC_Unknown,19872,1451,8267,1,69,1,9788,0.0002827504799269824,True,False,False,False,False,True,0.0023004579046859287
PHEC_ARTIC_Unknown,20024,476,777,13,8,1,1274,0.03908872004589263,True,False,False,False,False,True,0.11884373179872289
PHEC_ARTIC_Unknown,20086,354,1193,4,24,1,1575,0.36604227478550283,True,False,False,False,False,True,0.5968117132469035
PHEC_ARTIC_Unknown,20196,234,1189,0,15,1,1438,0.1501697561612279,True,False,True,True,False,True,0.3258083029674001
PHEC_ARTIC_Unknown,20237,1302,303,30,1,2,1636,0.019707842051148422,True,False,False,False,False,True,0.06917903220857174
PHEC_ARTIC_Unknown,20588,17265,972,276,9,1,18522,0.11009908889924826,True,False,False,False,False,True,0.2594919430139872
PHEC_ARTIC_Unknown,20593,18440,1021,120,5,1,19586,0.6875764668847818,True,False,False,False,False,True,0.879578951977136
PHEC_ARTIC_Unknown,20886,38919,1755,395,7,1,41076,0.008717037996303986,True,False,False,False,False,True,0.03607417148419594
PHEC_ARTIC_Unknown,20892,92429,8245,792,53,2,101519,0.04339281417200369,True,False,False,False,False,True,0.12835749256448278
PHEC_ARTIC_Unknown,20936,10469,4407,72,67,1,15015,5.777363019271613e-06,True,False,False,False,False,True,6.676793398408215e-05
PHEC_ARTIC_Unknown,21137,1646,28728,26,1109,4,31509,4.865030123794443e-07,True,False,False,False,False,True,6.5101784682880905e-06
PHEC_ARTIC_Unknown,21528,889,325,16,4,1,1234,0.6163113124165318,True,False,False,False,False,True,0.8277168764973428
PHEC_ARTIC_Unknown,21685,193,2774,2,69,2,3038,0.32252970682100807,True,False,False,True,False,True,0.5522099525874835
PHEC_ARTIC_Unknown,22735,4760,6415,63,88,1,11326,0.868596950242261,True,False,False,False,False,True,1.0
PHEC_ARTIC_Unknown,22871,220,5838,0,69,1,6127,0.18005372844945433,True,False,True,True,False,True,0.3684399232054227
PHEC_ARTIC_Unknown,23059,45,142,0,0,1,187,1.0,True,True,True,True,False,True,1.0
PHEC_ARTIC_Unknown,23287,11016,5118,75,27,1,16236,0.2863703656010247,True,False,False,False,False,True,0.5090613724631259
PHEC_ARTIC_Unknown,23381,4863,14106,31,120,1,19120,0.16105793899772183,True,False,False,False,False,True,0.3417755325209872
PHEC_ARTIC_Unknown,23416,2714,17091,36,388,1,20229,0.0012466910802748574,True,False,False,False,False,True,0.007695810795991078
PHEC_ARTIC_Unknown,23519,11219,583,117,4,1,11923,0.5284744209434216,True,False,False,False,False,True,0.7526452214956932
PHEC_ARTIC_Unknown,23578,11513,1190,258,42,1,13003,0.009325918685172477,True,False,False,False,False,True,0.03801386494116396
PHEC_ARTIC_Unknown,23933,1144,362,16,8,1,1530,0.334897516748791,True,False,False,False,False,True,0.5664711426752939
PHEC_ARTIC_Unknown,24365,664,4149,5,71,1,4889,0.08981848670840663,True,False,False,False,False,True,0.22306569226483403
PHEC_ARTIC_Unknown,24397,217,8373,3,108,1,8701,0.7598850457521777,True,False,False,True,False,True,0.9341832475430218
PHEC_ARTIC_Unknown,24881,19951,35953,180,370,3,56454,0.152535339582271,True,False,False,False,False,True,0.32970975633404803
PHEC_ARTIC_Unknown,24933,17968,87612,611,1752,8,107943,1.3997986580532465e-26,True,False,False,False,False,True,7.117976176200759e-25
PHEC_ARTIC_Unknown,25046,11977,10496,2,0,1,22475,0.5021548212478976,True,False,True,True,False,True,0.7295592188701597
PHEC_ARTIC_Unknown,25517,3863,6611,51,234,1,10759,5.539258112505316e-12,True,False,False,False,False,True,1.2730905085690184e-10
PHEC_ARTIC_Unknown,25599,470,25200,3,308,1,25981,0.3880584850704335,True,False,False,False,False,True,0.618097853275851
PHEC_ARTIC_Unknown,25645,488,7460,0,74,1,8022,0.02299406400629147,True,False,True,True,False,True,0.07808001033188121
PHEC_ARTIC_Unknown,26326,880,200,19,9,1,1108,0.08427937671102384,True,False,False,False,False,True,0.21379323875224177
PHEC_ARTIC_Unknown,26484,121,1451,0,24,1,1596,0.2511607436312811,True,False,True,True,False,True,0.46420804411269945
PHEC_ARTIC_Unknown,26565,5363,654,70,0,1,6087,0.0006410550130747099,True,False,True,False,False,True,0.004633407557197526
PHEC_ARTIC_Unknown,26566,5351,607,79,1,1,6038,0.004084102572236563,True,False,False,False,False,True,0.019715118806282197
PHEC_ARTIC_Unknown,27210,10961,448,78,4,1,11491,0.5655145500054601,True,False,False,True,False,True,0.7854261486590003
PHEC_ARTIC_Unknown,27281,10788,2714,123,15,2,13640,0.005279995622810936,True,False,False,False,False,True,0.02402575189440144
PHEC_ARTIC_Unknown,27847,7448,37,69,0,2,7554,1.0,True,False,True,True,False,True,1.0
PHEC_ARTIC_Unknown,27939,1803,1747,19,8,1,3577,0.05246158602299023,True,False,False,False,False,True,0.14731816065131859
PHEC_ARTIC_Unknown,28054,1106,4741,9,36,1,5892,0.8485752970276006,True,False,False,False,False,True,0.9948192897470886
PHEC_ARTIC_Unknown,28666,670,5276,8,69,1,6023,1.0,True,False,False,False,False,True,1.0
PHEC_ARTIC_Unknown,29077,4739,379,30,3,2,5151,0.7329314243862317,True,False,False,True,False,True,0.9109578473581394
PHEC_ARTIC_Unknown,29160,964,455,17,6,1,1442,0.6556823816725449,True,False,False,False,False,True,0.8521776129852756
PHEC_ARTIC_Unknown,29296,140,2971,1,56,1,3168,0.5170373550957487,True,False,False,True,False,True,0.7419075698516774
PHEC_ARTIC_Unknown,29543,34250,15219,250,102,7,49821,0.48723409924079214,True,False,False,False,False,True,0.7178094461075573
PHEC_ARTIC_Unknown,29614,10367,10483,152,90,2,21092,5.623366580428139e-05,True,False,False,False,False,True,0.0005306173701213428
PHEC_ARTIC_Unknown,347,16457,5456,238,18,2,22169,1.7007020355867497e-13,True,False,False,False,False,True,4.244451460593189e-12
PHEC_ARTIC_Unknown,428,48147,2670,661,18,2,51496,0.0012640882587568753,True,False,False,False,False,True,0.007767841445049802
PHEC_ARTIC_Unknown,1775,4981,4784,75,39,2,9879,0.0017861837791438005,True,False,False,False,False,True,0.010289588748479649
PHEC_ARTIC_Unknown,1851,802,15266,7,80,1,16155,0.20876510346977578,True,False,False,True,False,True,0.40908306402458955
PHEC_ARTIC_Unknown,1899,2997,28067,46,244,3,31354,0.0009138680122585531,True,False,False,False,False,True,0.006015558371954359
PHEC_ARTIC_Unknown,2888,24830,1223,214,11,2,26278,0.8735720717007557,True,False,False,False,False,True,1.0
PHEC_ARTIC_Unknown,3206,23582,415,214,4,2,24215,0.7924862807170352,True,False,False,True,False,True,0.9554932394655895
PHEC_ARTIC_Unknown,3296,23424,7505,181,84,3,31194,0.006205646231215048,True,False,False,False,False,True,0.027261953421795698
PHEC_ARTIC_Unknown,4342,24081,27814,1456,833,2,54184,8.775875633281769e-59,True,False,False,False,False,True,1.0818261235209163e-56
PHEC_ARTIC_Unknown,4399,20247,13766,409,152,3,34574,5.873123609999324e-11,True,False,False,False,False,True,1.212785119059759e-09
PHEC_ARTIC_Unknown,5425,10300,2499,161,22,2,12982,0.010700249535845818,True,False,False,False,False,True,0.04271699225890166
PHEC_ARTIC_Unknown,6513,15550,1192,188,5,1,16935,0.01038746559615226,True,False,False,False,False,True,0.04159075791845216
PHEC_ARTIC_Unknown,6589,22588,4457,163,13,2,27221,0.0006735640992628865,True,False,False,False,False,True,0.0047907691281006345
PHEC_ARTIC_Unknown,7693,39439,2298,570,19,3,42326,0.013460108376519769,True,False,False,False,False,True,0.051656340448757006
PHEC_ARTIC_Unknown,7945,904,36986,28,1366,3,39284,0.4195337213341721,True,False,False,False,False,True,0.6494152124761842
PHEC_ARTIC_Unknown,8102,4983,3790,55,13,1,8841,3.8185675318447614e-05,True,False,False,False,False,True,0.0003761242789235954
PHEC_ARTIC_Unknown,10196,24281,2822,133,7,1,27243,0.036080210446429534,True,False,False,False,False,True,0.11170037754648048
PHEC_ARTIC_Unknown,11087,61477,1353,1122,11,3,63963,0.0035540448788473214,True,False,False,False,False,True,0.017805239614717864
PHEC_ARTIC_Unknown,11267,7992,26904,62,172,1,35130,0.2115039136973631,True,False,False,False,False,True,0.4132554855527728
PHEC_ARTIC_Unknown,11893,17005,18218,431,113,2,35767,5.327075904599603e-49,True,False,False,False,False,True,5.039661576723531e-47
PHEC_ARTIC_Unknown,12059,4207,10285,38,60,1,14590,0.04383439224806735,True,False,False,False,False,True,0.12902916618316787
PHEC_ARTIC_Unknown,12692,3061,33153,30,247,2,36491,0.15857874719079457,True,False,False,False,False,True,0.33887992981883525
PHEC_ARTIC_Unknown,13361,684,41909,4,182,1,42779,0.5481763785576083,True,False,False,True,False,True,0.7704590951274064
PHEC_ARTIC_Unknown,13363,675,41734,2,274,1,42685,0.3359596321736005,True,False,False,True,False,True,0.5665549527345487
PHEC_ARTIC_Unknown,13639,11757,295,197,0,1,12249,0.016110162110291114,True,False,True,True,False,True,0.059470181002417646
PHEC_ARTIC_Unknown,14055,18791,4365,191,21,3,23368,0.0005258747915534745,True,False,False,False,False,True,0.003918056139266547
PHEC_ARTIC_Unknown,14335,22772,4267,156,20,1,27215,0.11931441477193874,True,False,False,False,False,True,0.2743759408096364
PHEC_ARTIC_Unknown,15004,9789,3838,384,86,3,14097,1.3254670030838576e-06,True,False,False,False,False,True,1.6902820591050573e-05
PHEC_ARTIC_Unknown,15652,35883,13123,267,73,2,49346,0.02688411817201375,True,False,False,False,False,True,0.08884207369922985
PHEC_ARTIC_Unknown,16063,3510,12912,16,91,1,16529,0.12321380474355045,True,False,False,False,False,True,0.2812161215882952
PHEC_ARTIC_Unknown,17763,11706,1031,4,1,4,12742,0.344509463033571,True,False,False,True,False,True,0.576260072212404
PHEC_ARTIC_Unknown,18007,24093,2385,438,15,3,26931,3.75874973966763e-06,True,False,False,False,False,True,4.550772006240452e-05
PHEC_ARTIC_Unknown,18215,10448,32142,76,240,4,42906,0.8956337536664998,True,False,False,False,False,True,1.0
PHEC_ARTIC_Unknown,18490,20738,44213,780,2740,2,68471,6.011241774507163e-36,True,False,False,False,False,True,4.0756219231158564e-34
PHEC_ARTIC_Unknown,18508,15805,34961,104,290,3,51160,0.043279559669423366,True,False,False,False,False,True,0.1282310624437103
PHEC_ARTIC_Unknown,18907,6668,55831,51,601,3,63151,0.018009786019301186,True,False,False,False,False,True,0.06474142279530712
PHEC_ARTIC_Unknown,19009,33907,7196,256,24,3,41383,3.441069055476836e-05,True,False,False,False,False,True,0.00034563626957233995
PHEC_ARTIC_Unknown,20506,40750,1757,263,9,2,42779,0.6450111558006186,True,False,False,False,False,True,0.8450580939764627
PHEC_ARTIC_Unknown,20596,27938,1726,265,5,1,29934,0.0024273219638201245,True,False,False,False,False,True,0.013172899273848699
PHEC_ARTIC_Unknown,20725,20056,48365,200,264,3,68885,3.370172269742835e-10,True,False,False,False,False,True,6.497564357020783e-09
PHEC_ARTIC_Unknown,23311,34433,29179,738,285,4,64635,1.1707731613871896e-31,True,False,False,False,False,True,7.003978265475128e-30
PHEC_ARTIC_Unknown,23540,22316,869,152,2,1,23339,0.13319021618435223,True,False,False,False,False,True,0.29951232694192637
PHEC_ARTIC_Unknown,24868,12568,17084,233,86,2,29971,3.9430395717140103e-28,True,False,False,False,False,True,2.1387046636976793e-26
PHEC_ARTIC_Unknown,25445,13646,2959,4,4,1,16613,0.0384978952078012,True,False,False,True,False,True,0.11757465293193338
PHEC_ARTIC_Unknown,27192,29448,3055,141,4,1,32648,0.0037488816382058466,True,False,False,False,False,True,0.01859811037100169
PHEC_ARTIC_Unknown,27396,4191,27069,31,171,2,31462,0.4076419147076409,True,False,False,False,False,True,0.637557596705376
PHEC_ARTIC_Unknown,27489,441,18156,2,171,1,18770,0.4468682285010145,True,False,False,True,False,True,0.6783059528142265
PHEC_ARTIC_Unknown,27754,5,84,0,0,1,89,1.0,True,True,True,True,False,True,1.0
PHEC_ARTIC_Unknown,1909,1361,15484,1,4,1,16850,0.3439234667937565,True,False,False,True,False,True,0.5755539920191194
PHEC_ARTIC_Unknown,4313,5065,30505,16,284,2,35870,1.6113257023681866e-06,True,False,False,False,False,True,2.0293724325801185e-05
PHEC_ARTIC_Unknown,4321,6252,21541,38,200,2,28031,0.015420751149946198,True,False,False,False,False,True,0.05744653450364572
PHEC_ARTIC_Unknown,5674,10576,2122,125,23,1,12846,0.8244078371697956,True,False,False,False,False,True,0.9773013878107963
PHEC_ARTIC_Unknown,7609,626,10673,6,94,1,11399,0.824507955498194,True,False,False,False,False,True,0.9773013878107963
PHEC_ARTIC_Unknown,10433,10246,21360,104,211,1,31921,0.8091459443622759,True,False,False,False,False,True,0.9649972740151681
PHEC_ARTIC_Unknown,11133,35961,2705,717,52,2,39435,0.8863446950586911,True,False,False,False,False,True,1.0
PHEC_ARTIC_Unknown,13978,59292,3102,1936,50,3,64380,8.098204124074206e-08,True,False,False,False,False,True,1.1497588668572904e-06
PHEC_ARTIC_Unknown,16992,10457,10365,23,63,1,20908,1.1637494249006155e-05,True,False,False,False,False,True,0.00012970226467111517
PHEC_ARTIC_Unknown,17304,23046,44092,97,401,2,67636,3.7123032798727787e-13,True,False,False,False,False,True,9.042904037438601e-12
PHEC_ARTIC_Unknown,17943,67,445,1,9,1,522,1.0,True,True,False,True,False,True,1.0
PHEC_ARTIC_Unknown,18359,23752,4780,136,12,1,28680,0.003794362280917833,True,False,False,False,False,True,0.01868700455057354
PHEC_ARTIC_Unknown,20068,1561,3770,5,4,1,5340,0.13444639375595957,True,False,False,True,False,True,0.30067505761365776
PHEC_ARTIC_Unknown,23817,1877,5021,19,25,1,6942,0.025881214029253256,True,False,False,False,False,True,0.0860881756739398
PHEC_ARTIC_Unknown,24368,2075,8530,61,125,2,10791,2.4356919358330704e-05,True,False,False,False,False,True,0.0002540614049992033
PHEC_ARTIC_Unknown,24928,15754,54386,9,13,7,70162,0.06804647662219768,True,False,False,True,False,True,0.18009958809310356
PHEC_ARTIC_Unknown,25217,2450,15478,23,117,2,18068,0.32458136815719835,True,False,False,False,False,True,0.5544745787553924
PHEC_ARTIC_Unknown,27404,9,1,0,1,1,11,0.1818181818181818,True,True,True,True,False,True,0.371117091638918
PHEC_ARTIC_Unknown,29253,3933,17375,5,31,8,21344,0.6666040391788287,True,False,False,False,False,True,0.8595072048746356
PHEC_ARTIC_Unknown,29604,11544,7855,2,5,3,19406,0.12753656783905004,True,False,False,True,False,True,0.2889851275716247
PHEC_ARTIC_Unknown,526,7410,6831,0,3,1,14244,0.11041544628215112,True,False,True,True,False,True,0.25963585865652644
PHEC_ARTIC_Unknown,754,4915,597,45,3,1,5560,0.4798432928282864,True,False,False,False,False,True,0.7103357042305201
PHEC_ARTIC_Unknown,1595,3714,3559,67,17,2,7357,1.1269755763207916e-07,True,False,False,False,False,True,1.5754421458670037e-06
PHEC_ARTIC_Unknown,1936,683,3431,1,24,1,4139,0.10680048922127351,True,False,False,True,False,True,0.25407274277902964
PHEC_ARTIC_Unknown,2407,1895,1990,18,11,1,3914,0.19191534607897254,True,False,False,False,False,True,0.38473314872578634
PHEC_ARTIC_Unknown,3118,488,10580,2,50,1,11120,1.0,True,False,False,True,False,True,1.0
PHEC_ARTIC_Unknown,3717,537,7047,7,68,2,7659,0.49275092394263964,True,False,False,False,False,True,0.7215661478036925
PHEC_ARTIC_Unknown,4708,12731,366,57,1,1,13155,1.0,True,False,False,True,False,True,1.0
PHEC_ARTIC_Unknown,4921,2077,11173,12,75,1,13337,0.7671309363427129,True,False,False,False,False,True,0.9386832491353713
PHEC_ARTIC_Unknown,4965,1352,11122,4,51,1,12529,0.5162539195812675,True,False,False,False,False,True,0.741830075894241
PHEC_ARTIC_Unknown,5437,7619,2502,1,0,1,10122,1.0,True,False,True,True,False,True,1.0
PHEC_ARTIC_Unknown,5585,1815,14961,4,116,1,16896,0.004640512670460055,True,False,False,False,False,True,0.021773478135445792
PHEC_ARTIC_Unknown,6748,8459,41185,33,291,2,49968,0.0006217554985391502,True,False,False,False,False,True,0.0045327981506402566
PHEC_ARTIC_Unknown,9135,3089,9373,8,38,1,12508,0.30531442632439065,True,False,False,False,False,True,0.5315511434496817
PHEC_ARTIC_Unknown,9436,292,611,4,28,1,935,0.019025588762533775,True,True,False,False,False,True,0.06735952574933629
PHEC_ARTIC_Unknown,10323,11471,34288,94,452,5,46305,1.4303280510474314e-05,True,False,False,False,False,True,0.00015683489249759973
PHEC_ARTIC_Unknown,10511,8602,1750,93,10,2,10455,0.062472553675027145,True,False,False,False,False,True,0.1695385912942031
PHEC_ARTIC_Unknown,10533,7783,3825,89,35,2,11732,0.2912139664047701,True,False,False,False,False,True,0.5139515901668568
PHEC_ARTIC_Unknown,10595,1678,3895,11,20,1,5604,0.5567636357003184,True,False,False,False,False,True,0.7777865625099227
PHEC_ARTIC_Unknown,10965,1174,6426,16,69,1,7685,0.36766314580761716,True,False,False,False,False,True,0.5985008712066373
PHEC_ARTIC_Unknown,11118,15943,588,98,4,1,16633,0.7854110298375752,True,False,False,True,False,True,0.9489474827715524
PHEC_ARTIC_Unknown,11150,9922,1344,80,1,1,11347,0.0007877388618216,True,False,False,False,False,True,0.005331982845075323
PHEC_ARTIC_Unknown,11750,2929,3257,35,83,1,6304,0.00012173943969067698,True,False,False,False,False,True,0.0010789456223565881
PHEC_ARTIC_Unknown,13078,59578,2664,685,22,3,62949,0.13441468547345026,True,False,False,False,False,True,0.30067505761365776
PHEC_ARTIC_Unknown,13176,54358,22347,618,549,3,77872,2.7140856811451087e-37,True,False,False,False,False,True,1.903603543258328e-35
PHEC_ARTIC_Unknown,13273,2814,21565,9,72,1,24460,1.0,True,False,False,False,False,True,1.0
PHEC_ARTIC_Unknown,13635,2745,369,32,1,1,3147,0.17016847663505308,True,False,False,True,False,True,0.35427091246233156
PHEC_ARTIC_Unknown,14293,21186,1234,122,5,1,22547,0.5594232120735705,True,False,False,False,False,True,0.7793724537599159
PHEC_ARTIC_Unknown,14509,2663,44223,11,319,3,47216,0.07188375386023338,True,False,False,False,False,True,0.18709092175523312
PHEC_ARTIC_Unknown,14658,25016,3371,215,29,3,28631,1.0,True,False,False,False,False,True,1.0
PHEC_ARTIC_Unknown,15061,7941,13798,162,291,4,22192,0.7674681628869825,True,False,False,False,False,True,0.9386832491353713
PHEC_ARTIC_Unknown,15755,2457,16217,5,61,1,18740,0.2699736898291753,True,False,False,False,False,True,0.4865985689964932
PHEC_ARTIC_Unknown,15777,2026,16863,1,87,1,18977,0.0008508054248893746,True,False,False,False,False,True,0.00570193816878085
PHEC_ARTIC_Unknown,16729,1850,9611,10,71,2,11542,0.4478749155120023,True,False,False,False,False,True,0.6788208481009036
PHEC_ARTIC_Unknown,17678,931,25908,9,145,2,26993,0.11767567539626288,True,False,False,False,False,True,0.2715284444197376
PHEC_ARTIC_Unknown,18078,21889,3698,204,19,3,25810,0.009585104745222546,True,False,False,False,False,True,0.038798215028423205
PHEC_ARTIC_Unknown,18485,4687,9118,19,57,1,13881,0.11413478889712766,True,False,False,False,False,True,0.26564909141202764
PHEC_ARTIC_Unknown,18550,2415,9059,13,58,1,11545,0.6623611565929067,True,False,False,False,False,True,0.8575700779821593
PHEC_ARTIC_Unknown,18749,12030,3652,58,3,1,15743,0.00019550779022847422,True,False,False,False,False,True,0.0016603876631512172
PHEC_ARTIC_Unknown,18951,21206,10648,1,0,1,31855,1.0,True,False,True,True,False,True,1.0
PHEC_ARTIC_Unknown,19578,1979,21,18,0,1,2018,1.0,True,False,True,True,False,True,1.0
PHEC_ARTIC_Unknown,19588,4431,53,44,0,1,4528,1.0,True,False,True,True,False,True,1.0
PHEC_ARTIC_Unknown,19590,4441,54,43,0,1,4538,1.0,True,False,True,True,False,True,1.0
PHEC_ARTIC_Unknown,20568,17668,894,73,2,1,18637,0.5867499050089124,True,False,False,True,False,True,0.8031287394267348
PHEC_ARTIC_Unknown,20577,14634,912,76,5,1,15627,0.8122279676726567,True,False,False,True,False,True,0.967538322838175
PHEC_ARTIC_Unknown,20663,10922,4665,68,16,1,15671,0.031044160871398892,True,False,False,False,False,True,0.09889400659737721
PHEC_ARTIC_Unknown,20726,4063,11410,16,72,1,15561,0.08960485947796945,True,False,False,False,False,True,0.22302980483690707
PHEC_ARTIC_Unknown,20762,2271,19276,9,75,1,21631,0.8598358299688745,True,False,False,False,False,True,1.0
PHEC_ARTIC_Unknown,21676,78,1257,2,19,1,1356,0.3544707276574343,True,False,False,True,False,True,0.5849845517689424
PHEC_ARTIC_Unknown,22314,497,32,0,0,1,529,1.0,True,True,True,True,False,True,1.0
PHEC_ARTIC_Unknown,23148,8072,780,148,3,2,9003,0.0011453753757860623,True,False,False,False,False,True,0.007280292232340159
PHEC_ARTIC_Unknown,23196,21676,753,384,3,2,22816,0.002227958505998387,True,False,False,False,False,True,0.012258626207471462
PHEC_ARTIC_Unknown,23278,16515,4155,286,43,3,20999,0.0010711337048984466,True,False,False,False,False,True,0.006872826358875207
PHEC_ARTIC_Unknown,23768,372,20109,4,162,2,20647,0.5497875444661127,True,False,False,True,False,True,0.7709688684843362
PHEC_ARTIC_Unknown,24820,25738,9255,219,124,3,35336,0.00010117117180302837,True,False,False,False,False,True,0.0009186703725328558
PHEC_ARTIC_Unknown,24863,5210,6433,22,39,1,11704,0.19725257258726886,True,False,False,False,False,True,0.3931021157587444
PHEC_ARTIC_Unknown,24942,9032,42738,81,258,2,52109,0.002546667979361949,True,False,False,False,False,True,0.013631375447426854
PHEC_ARTIC_Unknown,25627,999,7147,0,53,1,8199,0.002221429920123431,True,False,True,False,False,True,0.012244955169460864
PHEC_ARTIC_Unknown,25851,47,869,5,84,1,1005,0.8016087946789512,True,False,False,True,False,True,0.9614990254950658
PHEC_ARTIC_Unknown,26000,2794,167,20,0,1,2981,0.624199941005974,True,False,True,True,False,True,0.8328125155829131
PHEC_ARTIC_Unknown,27509,361,8481,18,758,2,9618,0.012294641666837407,True,False,False,False,False,True,0.04790537406148627
PHEC_ARTIC_Unknown,28086,2591,23921,27,236,2,26775,0.7544136183618915,True,False,False,False,False,True,0.9316802062829916
PHEC_ARTIC_Unknown,28394,193,7780,6,92,1,8071,0.03376008795172667,True,False,False,True,False,True,0.1054808277938741
PHEC_ARTIC_Unknown,28399,173,7699,2,137,1,8011,0.7715904496283917,True,False,False,True,False,True,0.9414606925879716
PHEC_ARTIC_Unknown,29017,10652,2173,3631,1369,2,17825,5.078271103123242e-53,True,False,False,False,False,True,5.43642285460667e-51
PHEC_ARTIC_Unknown,29304,397,5892,1,52,1,6342,0.2581424039146797,True,False,False,True,False,True,0.4702324899069827
PHEC_ARTIC_Unknown,29314,804,13621,2,88,2,14515,0.24340205360756306,True,False,False,True,False,True,0.45587456449151315
PHEC_ARTIC_Unknown,29513,5197,940,0,1,1,6138,0.15330726621049198,True,False,True,True,False,True,0.3312023148934049
PHEC_ARTIC_Unknown,354,32504,1587,223,4,2,34318,0.03769298842835592,True,False,False,False,False,True,0.11559134063860393
PHEC_ARTIC_Unknown,364,15882,248,966,20,1,17116,0.23254723025261176,True,False,False,False,False,True,0.4420570713400115
PHEC_ARTIC_Unknown,383,27486,324,282,1,1,28093,0.3899670805908254,True,False,False,True,False,True,0.6199242219005384
PHEC_ARTIC_Unknown,398,30117,1097,117,9,1,31340,0.045440212344620395,True,False,False,True,False,True,0.13289057068146354
PHEC_ARTIC_Unknown,408,32277,1360,190,12,1,33839,0.20513603909580355,True,False,False,False,False,True,0.40430882124114764
PHEC_ARTIC_Unknown,455,14478,4143,139,36,1,18796,0.6484457404471173,True,False,False,False,False,True,0.8468389027321012
PHEC_ARTIC_Unknown,614,6867,26240,319,344,3,33770,6.987653646328632e-54,True,False,False,False,False,True,7.896048620351355e-52
PHEC_ARTIC_Unknown,779,8934,906,121,5,1,9966,0.041952413930206926,True,False,False,False,False,True,0.12557941123479158
PHEC_ARTIC_Unknown,866,3117,3568,19,59,1,6763,8.130766889287609e-05,True,False,False,False,False,True,0.0007449540474239188
PHEC_ARTIC_Unknown,911,1305,9127,13,49,1,10494,0.05355114832896192,True,False,False,False,False,True,0.14955487869862824
PHEC_ARTIC_Unknown,923,2207,17586,21,124,2,19938,0.23173419468262987,True,False,False,False,False,True,0.4411299503832187
PHEC_ARTIC_Unknown,1090,4647,1745,43,11,1,6446,0.28586207126630236,True,False,False,False,False,True,0.5084770030220018
PHEC_ARTIC_Unknown,1151,3006,5100,19,41,1,8166,0.4232229063225089,True,False,False,False,False,True,0.6524477843534704
PHEC_ARTIC_Unknown,1182,1925,8402,23,134,1,10484,0.21615659394503917,True,False,False,False,False,True,0.42052846684285955
PHEC_ARTIC_Unknown,1210,3614,18252,133,400,3,22399,9.63163554173981e-07,True,False,False,False,False,True,1.239920676702454e-05
PHEC_ARTIC_Unknown,1217,968,8984,8,63,1,10023,0.6856409448237297,True,False,False,False,False,True,0.8776549287422695
PHEC_ARTIC_Unknown,1252,946,8952,3,122,1,10023,0.0031367233333082075,True,False,False,False,False,True,0.016091034703528108
PHEC_ARTIC_Unknown,1349,3217,175,98,3,1,3493,0.48760644580445195,True,False,False,False,False,True,0.7179091645068804
PHEC_ARTIC_Unknown,1471,2239,2608,50,54,2,4951,0.7657482386001309,True,False,False,False,False,True,0.9377576020006311
PHEC_ARTIC_Unknown,1481,1207,1835,11,17,1,3070,1.0,True,False,False,False,False,True,1.0
PHEC_ARTIC_Unknown,1659,8739,159,166,3,1,9067,1.0,True,False,False,True,False,True,1.0
PHEC_ARTIC_Unknown,1708,5395,834,49,4,1,6282,0.30755817324814183,True,False,False,False,False,True,0.5344496577417518
PHEC_ARTIC_Unknown,1721,9349,2933,109,26,2,12417,0.22431544470570786,True,False,False,False,False,True,0.43158854957695764
PHEC_ARTIC_Unknown,1749,2510,1260,15,12,1,3797,0.22625731396398172,True,False,False,False,False,True,0.4339866899213817
PHEC_ARTIC_Unknown,1750,2577,1234,26,37,1,3874,3.1500580320630946e-05,True,False,False,False,False,True,0.0003203609018608167
PHEC_ARTIC_Unknown,1882,462,8108,1,51,1,8622,0.5278976641386953,True,False,False,True,False,True,0.7521848328252934
PHEC_ARTIC_Unknown,1928,461,3744,0,26,1,4231,0.10559642804397767,True,False,True,True,False,True,0.25194502597237606
PHEC_ARTIC_Unknown,2302,5160,298,59,0,1,5517,0.07542884563012894,True,False,True,True,False,True,0.19432840026812193
PHEC_ARTIC_Unknown,2318,4920,333,41,4,1,5298,0.5301412913381606,True,False,False,True,False,True,0.7540611094977753
PHEC_ARTIC_Unknown,2397,2233,1917,18,12,1,4180,0.5830560799074339,True,False,False,False,False,True,0.7999142494956353
PHEC_ARTIC_Unknown,2920,11516,2306,84,18,1,13924,0.7897714191798666,True,False,False,False,False,True,0.9530673785890529
PHEC_ARTIC_Unknown,3106,1311,27811,31,462,2,29615,0.06306495350602524,True,False,False,False,False,True,0.17056922004577119
PHEC_ARTIC_Unknown,3108,714,15665,7,207,1,16593,0.6103018053298426,True,False,False,False,False,True,0.8235390106894366
PHEC_ARTIC_Unknown,3217,10949,250,128,1,1,11328,0.3745913865181158,True,False,False,True,False,True,0.6052562084859234
PHEC_ARTIC_Unknown,3230,11601,406,129,3,1,12139,0.6315559837096268,True,False,False,True,False,True,0.8361926656272021
PHEC_ARTIC_Unknown,3366,3506,4095,17,30,1,7648,0.18849181662797865,True,False,False,False,False,True,0.3803495585528855
PHEC_ARTIC_Unknown,3394,2438,4620,21,52,1,7131,0.3246529431112382,True,False,False,False,False,True,0.5544745787553924
PHEC_ARTIC_Unknown,3426,1175,9492,8,138,1,10813,0.03190548164243048,True,False,False,False,False,True,0.10108372221293396
PHEC_ARTIC_Unknown,3613,3424,797,26,17,1,4264,0.001530133582129603,True,False,False,False,False,True,0.009103023133716009
PHEC_ARTIC_Unknown,3748,182,5741,5,118,1,6046,0.43284535604460217,True,False,False,True,False,True,0.66295742032735
PHEC_ARTIC_Unknown,3750,185,5730,1,88,1,6004,0.5285908057554561,True,False,False,True,False,True,0.7526452214956932
PHEC_ARTIC_Unknown,3808,879,1233,3,17,1,2132,0.020358280367401674,True,False,False,False,False,True,0.07096613927556984
PHEC_ARTIC_Unknown,3851,1276,28,20,0,1,1324,1.0,True,False,True,True,False,True,1.0
PHEC_ARTIC_Unknown,4125,21100,1176,170,2,1,22448,0.009261084698865982,True,False,False,False,False,True,0.03778745491974605
PHEC_ARTIC_Unknown,4245,2432,10397,21,83,1,12933,0.7076775873674492,True,False,False,False,False,True,0.8944636465569391
PHEC_ARTIC_Unknown,4413,4561,2949,35,9,1,7554,0.01233880359608202,True,False,False,False,False,True,0.04798685758017367
PHEC_ARTIC_Unknown,4441,2066,1766,48,15,1,3895,0.00047685053208154583,True,False,False,False,False,True,0.0036056281868173394
PHEC_ARTIC_Unknown,4444,2094,1837,45,26,1,4002,0.09410860968048668,True,False,False,False,False,True,0.23131953122671892
PHEC_ARTIC_Unknown,4814,3048,5787,23,28,1,8886,0.13880688333653912,True,False,False,False,False,True,0.30829291387399377
PHEC_ARTIC_Unknown,4844,3165,6080,18,49,1,9312,0.24475993206302324,True,False,False,False,False,True,0.457364907502241
PHEC_ARTIC_Unknown,4863,3287,6758,39,92,1,10176,0.5125137950901562,True,False,False,False,False,True,0.7378925257541983
PHEC_ARTIC_Unknown,4886,3835,6721,24,102,2,10682,3.410122885360284e-05,True,False,False,False,False,True,0.0003433757400407336
PHEC_ARTIC_Unknown,4944,1193,11674,7,75,1,12949,1.0,True,False,False,False,False,True,1.0
PHEC_ARTIC_Unknown,4972,1686,9791,12,111,1,11600,0.1568233975789357,True,False,False,False,False,True,0.33665307723013743
PHEC_ARTIC_Unknown,5063,1927,814,26,2,1,2769,0.006297016552055743,True,False,False,False,False,True,0.027514783387500283
PHEC_ARTIC_Unknown,5300,12693,1243,99,4,1,14039,0.08076800422373427,True,False,False,False,False,True,0.20599638945589407
PHEC_ARTIC_Unknown,5357,19200,1360,147,9,1,20716,0.8708586241189984,True,False,False,False,False,True,1.0
PHEC_ARTIC_Unknown,5392,11042,2359,97,15,1,13513,0.3174281528893767,True,False,False,False,False,True,0.5468800402376481
PHEC_ARTIC_Unknown,5438,7927,2613,54,16,1,10610,0.7823908013822958,True,False,False,False,False,True,0.9464067142501277
PHEC_ARTIC_Unknown,5497,2805,11895,22,100,2,14822,0.9078064322493347,True,False,False,False,False,True,1.0
PHEC_ARTIC_Unknown,5534,841,20047,6,136,1,21030,0.8294757033803732,True,False,False,False,False,True,0.9809032445788832
PHEC_ARTIC_Unknown,5566,492,24108,3,118,1,24721,0.5236140567010369,True,False,False,True,False,True,0.7484406123189804
PHEC_ARTIC_Unknown,5571,590,23577,3,150,1,24320,1.0,True,False,False,True,False,True,1.0
PHEC_ARTIC_Unknown,5725,1962,1295,18,13,1,3288,0.8545737617972389,True,False,False,False,False,True,0.9981068225642169
PHEC_ARTIC_Unknown,5835,468,2995,4,58,2,3525,0.13068733670208382,True,False,False,False,False,True,0.2951893868429078
PHEC_ARTIC_Unknown,5852,171,3016,3,30,1,3220,0.42119491982768203,True,False,False,True,False,True,0.6509957955391378
PHEC_ARTIC_Unknown,5873,1509,21382,20,231,2,23142,0.3702438542275815,True,False,False,False,False,True,0.6012582830330544
PHEC_ARTIC_Unknown,6081,2135,2482,16,20,1,4653,0.868175786020095,True,False,False,False,False,True,1.0
PHEC_ARTIC_Unknown,6196,2270,11302,2,57,1,13631,0.002648792655876292,True,False,False,False,False,True,0.014020013732530352
PHEC_ARTIC_Unknown,6286,1998,277,32,2,1,2309,0.4230218678992886,True,False,False,True,False,True,0.6524477843534704
PHEC_ARTIC_Unknown,6503,23379,1472,157,1,1,25009,0.0017463122667048304,True,False,False,False,False,True,0.01013409172746826
PHEC_ARTIC_Unknown,6820,2160,21021,2,102,1,23285,0.005770969894366816,True,False,False,False,False,True,0.025741563081451983
PHEC_ARTIC_Unknown,6841,1786,18085,1,117,1,19989,0.00047394044675123307,True,False,False,False,False,True,0.003590297462540067
PHEC_ARTIC_Unknown,6871,1640,297,19,2,1,1958,0.7588915133226077,True,False,False,True,False,True,0.9341832475430218
PHEC_ARTIC_Unknown,7357,2382,853,71,10,1,3316,0.0030893226289191115,True,False,False,False,False,True,0.01588794494872686
PHEC_ARTIC_Unknown,7424,3457,300,37,5,1,3799,0.38212011511647004,True,False,False,True,False,True,0.6119939481471655
PHEC_ARTIC_Unknown,7565,503,3034,6,34,1,3577,0.8209593639120976,True,False,False,False,False,True,0.974732335646115
PHEC_ARTIC_Unknown,7736,20871,1881,335,13,2,23100,0.0010914108188226966,True,False,False,False,False,True,0.006980910709073474
PHEC_ARTIC_Unknown,7786,11343,3192,85,15,1,14635,0.11381373350691108,True,False,False,False,False,True,0.2651742656965145
PHEC_ARTIC_Unknown,7820,4753,6300,48,29,1,11130,0.0007468828235822792,True,False,False,False,False,True,0.005131940851540997
PHEC_ARTIC_Unknown,7901,1711,14838,12,108,1,16669,1.0,True,False,False,False,False,True,1.0
PHEC_ARTIC_Unknown,7914,1425,19180,5,128,1,20738,0.17151698123066794,True,False,False,False,False,True,0.35616696255556773
PHEC_ARTIC_Unknown,7926,1709,30952,53,830,3,33544,0.31964037509826076,True,False,False,False,False,True,0.5495760971681001
PHEC_ARTIC_Unknown,8068,9314,1199,96,12,2,10621,1.0,True,False,False,False,False,True,1.0
PHEC_ARTIC_Unknown,8070,6323,828,118,10,1,7279,0.20989236976566444,True,False,False,False,False,True,0.4105010385609245
PHEC_ARTIC_Unknown,8139,2578,4414,19,62,1,7073,0.014400562570261823,True,False,False,False,False,True,0.054494407940302414
PHEC_ARTIC_Unknown,8200,3392,9813,51,101,2,13357,0.031719736006237086,True,False,False,False,False,True,0.1005735666978741
PHEC_ARTIC_Unknown,8361,17896,1426,216,10,1,19548,0.09543343935113188,True,False,False,False,False,True,0.23372861606285641
PHEC_ARTIC_Unknown,8395,11761,2739,174,37,1,14711,0.658609997931684,True,False,False,False,False,True,0.8543448570108707
PHEC_ARTIC_Unknown,8397,11882,2701,87,28,1,14698,0.11716649835213297,True,False,False,False,False,True,0.2706605992597825
PHEC_ARTIC_Unknown,8414,15740,5854,106,39,2,21739,1.0,True,False,False,False,False,True,1.0
PHEC_ARTIC_Unknown,8428,7370,3741,47,16,1,11174,0.18266846430603664,True,False,False,False,False,True,0.372292240880239
PHEC_ARTIC_Unknown,8482,2651,11361,11,44,1,14067,0.8628484420704037,True,False,False,False,False,True,1.0
PHEC_ARTIC_Unknown,8599,323,17980,2,119,2,18424,1.0,True,False,False,True,False,True,1.0
PHEC_ARTIC_Unknown,8939,16606,3622,305,22,3,20555,8.241682784675695e-09,True,False,False,False,False,True,1.3045589715198726e-07
PHEC_ARTIC_Unknown,9176,1965,20947,42,213,2,23167,4.630724016208967e-05,True,False,False,False,False,True,0.00044533771389924535
PHEC_ARTIC_Unknown,9210,537,18511,7,254,1,19309,1.0,True,False,False,False,False,True,1.0
PHEC_ARTIC_Unknown,9245,5812,24063,101,283,4,30259,0.001166075862710155,True,False,False,False,False,True,0.007354413348069629
PHEC_ARTIC_Unknown,9507,4116,549,60,1,1,4726,0.008004493409018498,True,False,False,False,False,True,0.03360400328987332
PHEC_ARTIC_Unknown,9579,6368,438,27,5,1,6838,0.05280642732437323,True,False,False,True,False,True,0.14814934231417262
PHEC_ARTIC_Unknown,9619,2284,1220,25,10,1,3539,0.48156030113121717,True,False,False,False,False,True,0.7121000745190083
PHEC_ARTIC_Unknown,9708,1206,4301,6,26,1,5539,0.8310569744472908,True,False,False,False,False,True,0.9816317572739777
PHEC_ARTIC_Unknown,9764,272,5784,0,48,1,6104,0.2753999980194977,True,False,True,True,False,True,0.4928848182768662
PHEC_ARTIC_Unknown,9859,10375,316,66,1,1,10758,0.7243849464595924,True,False,False,True,False,True,0.9084455739620722
PHEC_ARTIC_Unknown,9865,11352,320,53,1,1,11726,1.0,True,False,False,True,False,True,1.0
PHEC_ARTIC_Unknown,9884,14326,343,118,3,1,14790,0.7620016689515233,True,False,False,True,False,True,0.9353719943557021
PHEC_ARTIC_Unknown,9965,6385,2675,33,10,1,9103,0.4074387013308344,True,False,False,False,False,True,0.637557596705376
PHEC_ARTIC_Unknown,9979,7019,6696,53,77,3,13845,0.0215909452347176,True,False,False,False,False,True,0.07393263065221481
PHEC_ARTIC_Unknown,10061,678,14491,5,146,1,15320,0.689872227857719,True,False,False,False,False,True,0.8816090732370007
PHEC_ARTIC_Unknown,10066,612,15791,3,115,1,16521,0.8043218249163493,True,False,False,True,False,True,0.9614990254950658
PHEC_ARTIC_Unknown,10232,14704,5762,66,42,1,20574,0.01785008312885844,True,False,False,False,False,True,0.06431721715517814
PHEC_ARTIC_Unknown,10235,14129,5884,91,51,1,20155,0.09627481152011624,True,False,False,False,False,True,0.23465903730607124
PHEC_ARTIC_Unknown,10262,9717,8668,113,34,1,18532,3.185474767604483e-09,True,False,False,False,False,True,5.444752670006318e-08
PHEC_ARTIC_Unknown,10626,47,647,1,21,1,716,1.0,True,True,False,True,False,True,1.0
PHEC_ARTIC_Unknown,10702,3618,1079,27,6,2,4730,0.6781141393227323,True,False,False,False,False,True,0.869989227773604
PHEC_ARTIC_Unknown,10708,3235,584,62,2,1,3883,0.0040855076582339955,True,False,False,False,False,True,0.019715118806282197
PHEC_ARTIC_Unknown,10784,3784,341,43,4,1,4172,0.7937633556263783,True,False,False,True,False,True,0.9564660339715957
PHEC_ARTIC_Unknown,10800,4096,370,57,1,1,4524,0.08693886041634272,True,False,False,True,False,True,0.21858299392687403
PHEC_ARTIC_Unknown,10933,924,3294,10,27,2,4255,0.42915631537209303,True,False,False,False,False,True,0.6583053474396795
PHEC_ARTIC_Unknown,11402,6421,349,34,2,1,6806,0.7089043952532257,True,False,False,True,False,True,0.8948052339595055
PHEC_ARTIC_Unknown,11489,1872,1849,20,12,1,3753,0.21386502244458513,True,False,False,False,False,True,0.4168677102561439
PHEC_ARTIC_Unknown,11696,6595,2480,72,14,1,9161,0.020615153038565807,True,False,False,False,False,True,0.07143308565663178
PHEC_ARTIC_Unknown,11709,5628,2878,77,35,1,8618,0.6158609795697569,True,False,False,False,False,True,0.827658561245382
PHEC_ARTIC_Unknown,11734,5190,3411,90,33,1,8724,0.003837392335151327,True,False,False,False,False,True,0.018830533195893364
PHEC_ARTIC_Unknown,11817,1227,12320,15,122,1,13684,0.4528773742121748,True,False,False,False,False,True,0.6843629859937322
PHEC_ARTIC_Unknown,11983,28041,3719,307,47,2,32114,0.36062371650829583,True,False,False,False,False,True,0.59177784540369
PHEC_ARTIC_Unknown,11992,19798,3062,108,22,1,22990,0.2445881165155368,True,False,False,False,False,True,0.4572538869417297
PHEC_ARTIC_Unknown,12021,11520,5965,71,36,1,17592,1.0,True,False,False,False,False,True,1.0
PHEC_ARTIC_Unknown,12025,17323,10390,829,920,3,29462,2.4929943626651285e-35,True,False,False,False,False,True,1.6097620741780545e-33
PHEC_ARTIC_Unknown,12028,18239,15197,374,141,2,33951,7.286353272799279e-17,True,False,False,False,False,True,2.409828058028249e-15
PHEC_ARTIC_Unknown,12351,235,995,4,13,1,1247,0.5495147260392534,True,False,False,True,False,True,0.7709688684843362
PHEC_ARTIC_Unknown,12483,22717,691,266,3,1,23677,0.09737653826745603,True,False,False,False,False,True,0.23635575691823132
PHEC_ARTIC_Unknown,12507,30922,1051,379,8,1,32360,0.24701136191285483,True,False,False,False,False,True,0.4596169207999784
PHEC_ARTIC_Unknown,12581,12699,5118,71,32,1,17920,0.5865755096897294,True,False,False,False,False,True,0.8031287394267348
PHEC_ARTIC_Unknown,12661,3223,11055,49,147,1,14474,0.43888703861238026,True,False,False,False,False,True,0.6694384975909872
PHEC_ARTIC_Unknown,12831,2849,664,32,8,1,3553,0.8395201641564078,True,False,False,False,False,True,0.9876136575443225
PHEC_ARTIC_Unknown,12931,1084,2734,12,24,1,3854,0.5775482342931997,True,False,False,False,False,True,0.7945438678068097
PHEC_ARTIC_Unknown,12949,850,2673,21,89,1,3633,0.25701067869334504,True,False,False,False,False,True,0.46981735097300925
PHEC_ARTIC_Unknown,13121,35162,6739,330,47,1,42278,0.05708450383072664,True,False,False,False,False,True,0.1572631801745687
PHEC_ARTIC_Unknown,13643,3941,67,97,0,1,4105,0.4088673163011828,True,False,True,True,False,True,0.6387374203967786
PHEC_ARTIC_Unknown,13665,11538,506,90,0,2,12134,0.03387738305415386,True,False,True,True,False,True,0.10576607387896998
PHEC_ARTIC_Unknown,13713,9208,716,113,4,1,10041,0.1462961242947814,True,False,False,False,False,True,0.32065335863748423
PHEC_ARTIC_Unknown,13725,20316,4707,243,52,3,25318,0.6531723193926036,True,False,False,False,False,True,0.8509525426942975
PHEC_ARTIC_Unknown,13728,7660,982,68,10,1,8720,0.7187758809664936,True,False,False,False,False,True,0.9041373790264984
PHEC_ARTIC_Unknown,13751,5466,1637,73,10,1,7186,0.017401571440245643,True,False,False,False,False,True,0.06309232853736121
PHEC_ARTIC_Unknown,13758,5402,1856,34,14,1,7306,0.6184269770862512,True,False,False,False,False,True,0.8294850983128167
PHEC_ARTIC_Unknown,13788,5157,2420,26,24,1,7627,0.02152561433943316,True,False,False,False,False,True,0.07393263065221481
PHEC_ARTIC_Unknown,13823,4048,4833,25,31,1,8937,1.0,True,False,False,False,False,True,1.0
PHEC_ARTIC_Unknown,13849,2236,5438,6,43,1,7723,0.0071206461193059015,True,False,False,False,False,True,0.03045929381002777
PHEC_ARTIC_Unknown,13857,1308,5659,5,71,1,7043,0.0044514577630620404,True,False,False,False,False,True,0.021080943166631408
PHEC_ARTIC_Unknown,14022,21101,1596,194,7,1,22898,0.05074673690190567,True,False,False,False,False,True,0.14405982255195554
PHEC_ARTIC_Unknown,14129,5188,14617,50,109,2,19964,0.1472160724529462,True,False,False,False,False,True,0.32164025666248913
PHEC_ARTIC_Unknown,14157,2047,15968,21,199,1,18235,0.4543784518888008,True,False,False,False,False,True,0.6853583768200376
PHEC_ARTIC_Unknown,14208,1345,19573,4,153,1,21075,0.047892778554568916,True,False,False,False,False,True,0.1379268941976356
PHEC_ARTIC_Unknown,14389,16799,7880,118,36,1,24833,0.02390770192929005,True,False,False,False,False,True,0.08077785004015942
PHEC_ARTIC_Unknown,14414,13332,8297,116,51,1,21796,0.038000575516515436,True,False,False,False,False,True,0.11623033173021412
PHEC_ARTIC_Unknown,14431,10870,16628,54,125,1,27677,0.011194801039473174,True,False,False,False,False,True,0.044343184643210194
PHEC_ARTIC_Unknown,14459,12047,38659,146,395,2,51247,0.08429802235953682,True,False,False,False,False,True,0.21379323875224177
PHEC_ARTIC_Unknown,14494,1618,37574,21,302,1,39515,0.047568127136274785,True,False,False,False,False,True,0.1372391072272098
PHEC_ARTIC_Unknown,14654,14503,1583,129,13,2,16228,0.8878848002852042,True,False,False,False,False,True,1.0
PHEC_ARTIC_Unknown,14713,6346,3952,52,21,1,10371,0.11560388419185016,True,False,False,False,False,True,0.2682695954891309
PHEC_ARTIC_Unknown,14786,1298,11684,15,124,2,13121,0.7755179661974209,True,False,False,False,False,True,0.9431411319853836
PHEC_ARTIC_Unknown,14805,1743,16567,9,166,2,18485,0.05082762089558626,True,False,False,False,False,True,0.14416112847144397
PHEC_ARTIC_Unknown,15020,4536,2143,76,28,1,6783,0.2903632970777834,True,False,False,False,False,True,0.5133826872314083
PHEC_ARTIC_Unknown,15359,3323,3690,40,17,1,7070,0.0007341340801861284,True,False,False,False,False,True,0.005063555969989177
PHEC_ARTIC_Unknown,15397,1432,6777,14,52,1,8275,0.41613224871115617,True,False,False,False,False,True,0.6463634928434454
PHEC_ARTIC_Unknown,15576,86222,8432,525,50,2,95229,0.9414305766074349,True,False,False,False,False,True,1.0
PHEC_ARTIC_Unknown,15649,21432,6861,214,43,1,28550,0.004260584446204859,True,False,False,False,False,True,0.020342790524837284
PHEC_ARTIC_Unknown,15710,8296,22464,148,78,1,30986,3.0277539748270428e-33,True,False,False,False,False,True,1.8949081799379093e-31
PHEC_ARTIC_Unknown,15730,4734,26134,50,187,1,31105,0.018417108172016968,True,False,False,False,False,True,0.06577769626318264
PHEC_ARTIC_Unknown,15769,3082,28432,17,161,1,31692,1.0,True,False,False,False,False,True,1.0
PHEC_ARTIC_Unknown,15824,556,36496,1,228,1,37281,0.2716025194393141,True,False,False,True,False,True,0.4878053196817351
PHEC_ARTIC_Unknown,15826,548,35324,4,277,1,36153,1.0,True,False,False,True,False,True,1.0
PHEC_ARTIC_Unknown,15890,9040,259,161,3,1,9463,0.6318107859465789,True,False,False,True,False,True,0.8361926656272021
PHEC_ARTIC_Unknown,16023,2435,2870,23,15,1,5343,0.07461180070829078,True,False,False,False,False,True,0.19261937149360603
PHEC_ARTIC_Unknown,16027,2282,2957,13,22,1,5274,0.4970098850116419,True,False,False,False,False,True,0.7246724775008456
PHEC_ARTIC_Unknown,16043,1548,4650,9,39,1,6246,0.402827293126799,True,False,False,False,False,True,0.6327007630952716
PHEC_ARTIC_Unknown,16112,448,10864,1,73,1,11386,0.3716583766655327,True,False,False,True,False,True,0.6024119711738684
PHEC_ARTIC_Unknown,16114,436,11081,3,140,1,11660,0.3794691068828505,True,False,False,False,False,True,0.6094276852741555
PHEC_ARTIC_Unknown,16310,885,1427,8,9,1,2329,0.46301795764739345,True,False,False,False,False,True,0.6955528255943857
PHEC_ARTIC_Unknown,16376,386,3071,4,45,1,3506,0.6501559981776608,True,False,False,False,False,True,0.848417496077485
PHEC_ARTIC_Unknown,16549,10781,1347,66,9,1,12203,0.7148510137079069,True,False,False,False,False,True,0.9003139082859956
PHEC_ARTIC_Unknown,16570,10265,2513,77,20,2,12875,0.7979705999915411,True,False,False,False,False,True,0.9602882138432014
PHEC_ARTIC_Unknown,16575,10173,2786,76,44,4,13079,0.00019451174864054625,True,False,False,False,False,True,0.0016553845051668246
PHEC_ARTIC_Unknown,16593,6634,2202,54,16,1,8906,0.7821030231288226,True,False,False,False,False,True,0.946340005380146
PHEC_ARTIC_Unknown,16873,11054,967,56,9,1,12086,0.10420133958597277,True,False,False,False,False,True,0.24876235295524485
PHEC_ARTIC_Unknown,16939,4158,4041,26,36,1,8261,0.20211301495693837,True,False,False,False,False,True,0.40029004130712037
PHEC_ARTIC_Unknown,17145,34390,1892,192,22,1,36496,0.002872714751263464,True,False,False,False,False,True,0.014924908822656157
PHEC_ARTIC_Unknown,17150,36331,2008,198,14,1,38551,0.35267697967756695,True,False,False,False,False,True,0.5832072981009522
PHEC_ARTIC_Unknown,17258,15169,12621,81,67,1,27938,1.0,True,False,False,False,False,True,1.0
PHEC_ARTIC_Unknown,17305,6515,15403,57,202,1,22177,0.006151909223969456,True,False,False,False,False,True,0.027055099160116485
PHEC_ARTIC_Unknown,17306,6524,15300,38,135,1,21997,0.024058416312399807,True,False,False,False,False,True,0.08108503526001856
PHEC_ARTIC_Unknown,17452,49474,4623,583,98,2,54778,6.074460849217567e-07,True,False,False,False,False,True,8.075459717195118e-06
PHEC_ARTIC_Unknown,17498,27223,2521,113,14,1,29871,0.33521445763889024,True,False,False,False,False,True,0.5665549527345487
PHEC_ARTIC_Unknown,17538,17928,5917,109,51,1,24005,0.04340736360323172,True,False,False,False,False,True,0.12835749256448278
PHEC_ARTIC_Unknown,17676,1148,35743,31,640,2,37562,0.03300027982071188,True,False,False,False,False,True,0.10388230205199131
PHEC_ARTIC_Unknown,17887,468,981,5,12,1,1466,1.0,True,False,False,False,False,True,1.0
PHEC_ARTIC_Unknown,18050,20754,1632,172,6,1,22564,0.041759760591991074,True,False,False,False,False,True,0.12537173881049424
PHEC_ARTIC_Unknown,18119,22426,4924,181,30,1,27561,0.17659006726252113,True,False,False,False,False,True,0.3634315649941653
PHEC_ARTIC_Unknown,18133,20544,7530,125,57,1,28256,0.17950781072896438,True,False,False,False,False,True,0.36750768698813646
PHEC_ARTIC_Unknown,18149,14667,10525,119,56,1,25367,0.008848922993126323,True,False,False,False,False,True,0.03643463434821648
PHEC_ARTIC_Unknown,18265,2024,27635,10,180,1,29849,0.47103393448102926,True,False,False,False,False,True,0.7018923243475558
PHEC_ARTIC_Unknown,18423,30304,15795,745,398,3,47242,0.7050646836128336,True,False,False,False,False,True,0.8921316121110441
PHEC_ARTIC_Unknown,18493,5728,13835,112,259,1,19934,0.7297604686646544,True,False,False,False,False,True,0.9096786000675743
PHEC_ARTIC_Unknown,18668,87369,2662,798,18,3,90847,0.2515790691415997,True,False,False,False,False,True,0.46440979535552446
PHEC_ARTIC_Unknown,18770,16774,10362,138,74,1,27348,0.35637850730840726,True,False,False,False,False,True,0.5871801408386393
PHEC_ARTIC_Unknown,18876,4538,51582,0,6,2,56126,1.0,True,False,True,True,False,True,1.0
PHEC_ARTIC_Unknown,18899,1998,47832,17,462,1,50309,0.724936608116934,True,False,False,False,False,True,0.9084455739620722
PHEC_ARTIC_Unknown,19076,8134,10570,105,82,1,18891,0.0006197740942846396,True,False,False,False,False,True,0.0045327981506402566
PHEC_ARTIC_Unknown,19101,10871,14066,509,414,2,25860,5.939900781231695e-12,True,False,False,False,False,True,1.3499171160922088e-10
PHEC_ARTIC_Unknown,19111,7466,10352,151,174,1,18143,0.10033286650143763,True,False,False,False,False,True,0.24194078300405944
PHEC_ARTIC_Unknown,19113,7439,13067,53,194,1,20753,6.752890710010258e-07,True,False,False,False,False,True,8.86153529300701e-06
PHEC_ARTIC_Unknown,19258,128,13715,2,138,1,13983,0.37475707493826765,True,False,False,True,False,True,0.6052562084859234
PHEC_ARTIC_Unknown,19615,8138,108,59,1,1,8306,0.5486183572489347,True,False,False,True,False,True,0.7706420846991251
PHEC_ARTIC_Unknown,19638,8606,257,106,1,1,8970,0.37643122058942713,True,False,False,True,False,True,0.6063452484538486
PHEC_ARTIC_Unknown,19722,14030,3379,149,53,3,17611,0.019770393072718932,True,False,False,False,False,True,0.0692823078472304
PHEC_ARTIC_Unknown,19801,2324,8554,35,102,4,11015,0.24866736437133352,True,False,False,False,False,True,0.4611870729599377
PHEC_ARTIC_Unknown,19842,766,12200,2,226,1,13194,0.00026655245270445653,True,False,False,False,False,True,0.0021994632405714586
PHEC_ARTIC_Unknown,19861,2543,19249,21,192,2,22005,0.4540899643373223,True,False,False,False,False,True,0.6851772904021615
PHEC_ARTIC_Unknown,19986,1636,747,32,7,1,2422,0.08175305791766707,True,False,False,False,False,True,0.20798714171924304
PHEC_ARTIC_Unknown,20032,827,1295,19,11,1,2152,0.00815116077345752,True,False,False,False,False,True,0.03397430535494384
PHEC_ARTIC_Unknown,20105,459,2785,5,49,2,3298,0.42830918769381054,True,False,False,False,False,True,0.6578195853817534
PHEC_ARTIC_Unknown,20161,79,3361,0,30,1,3470,1.0,True,False,True,True,False,True,1.0
PHEC_ARTIC_Unknown,20178,36,3063,1,35,1,3135,0.3493777106287415,True,False,False,True,False,True,0.580346478904745
PHEC_ARTIC_Unknown,20555,17340,665,134,3,1,18142,0.49359705216138533,True,False,False,False,False,True,0.7219557846434355
PHEC_ARTIC_Unknown,20611,41595,5396,628,115,3,47734,0.0011622830071518176,True,False,False,False,False,True,0.007341874647660861
PHEC_ARTIC_Unknown,20678,8562,5258,34,24,1,13878,0.5910253058238644,True,False,False,False,False,True,0.807150077271636
PHEC_ARTIC_Unknown,20712,3752,10790,32,89,1,14663,0.8355642519883335,True,False,False,False,False,True,0.9840982562503013
PHEC_ARTIC_Unknown,20719,3722,10686,20,113,1,14541,0.0037137108620653517,True,False,False,False,False,True,0.018468674556090282
PHEC_ARTIC_Unknown,21002,3204,34158,30,222,2,37614,0.07008996544165913,True,False,False,False,False,True,0.18347875123337795
PHEC_ARTIC_Unknown,21197,1746,236,23,2,1,2007,0.7598217998726707,True,False,False,True,False,True,0.9341832475430218
PHEC_ARTIC_Unknown,21486,1158,111,14,0,1,1283,0.6248180376077213,True,False,True,True,False,True,0.8331071941985851
PHEC_ARTIC_Unknown,21543,615,381,7,5,1,1008,0.7751487304091687,True,False,False,True,False,True,0.9431411319853836
PHEC_ARTIC_Unknown,22384,569,107,11,1,1,688,0.7024325295977965,True,True,False,True,False,True,0.8903312769667868
PHEC_ARTIC_Unknown,22573,13082,1148,173,21,1,14424,0.18302742078294915,True,False,False,False,False,True,0.3726504242968154
PHEC_ARTIC_Unknown,22584,16876,1533,228,1,2,18638,8.803765817601845e-08,True,False,False,False,False,True,1.2435319217362606e-06
PHEC_ARTIC_Unknown,22585,14231,1344,116,2,1,15693,0.004206035217777969,True,False,False,False,False,True,0.0202008869727518
PHEC_ARTIC_Unknown,22624,9494,1833,56,4,1,11387,0.05092646577633094,True,False,False,False,False,True,0.14426801029116593
PHEC_ARTIC_Unknown,22737,4507,6027,66,88,1,10688,1.0,True,False,False,False,False,True,1.0
PHEC_ARTIC_Unknown,22762,3133,6627,24,54,1,9838,0.9031948115923476,True,False,False,False,False,True,1.0
PHEC_ARTIC_Unknown,22855,687,11797,0,63,1,12547,0.049522762069762166,True,False,True,True,False,True,0.14147373321614642
PHEC_ARTIC_Unknown,23084,70,820,3,8,1,901,0.052473946603677636,True,True,False,True,False,True,0.14731816065131859
PHEC_ARTIC_Unknown,23104,68,526,1,10,1,605,1.0,True,True,False,True,False,True,1.0
PHEC_ARTIC_Unknown,23144,5771,516,145,3,1,6435,0.0032430622549073215,True,False,False,False,False,True,0.01647038358672033
PHEC_ARTIC_Unknown,23162,18593,2141,350,19,3,21103,0.0006688093994397427,True,False,False,False,False,True,0.0047907691281006345
PHEC_ARTIC_Unknown,23254,41755,6476,613,81,2,48925,0.1965747982111462,True,False,False,False,False,True,0.3923779583527688
PHEC_ARTIC_Unknown,23277,13788,3086,102,29,1,17005,0.25708294573891805,True,False,False,False,False,True,0.46981735097300925
PHEC_ARTIC_Unknown,23313,7195,5790,39,34,1,13058,0.8135295167000343,True,False,False,False,False,True,0.9684109788508959
PHEC_ARTIC_Unknown,23331,23310,18545,664,319,3,42838,7.662449800799048e-14,True,False,False,False,False,True,1.9981311403622133e-12
PHEC_ARTIC_Unknown,23352,7089,9057,35,68,1,16249,0.046274176878870775,True,False,False,False,False,True,0.13461120647192526
PHEC_ARTIC_Unknown,23525,22791,945,107,7,1,23850,0.22593344343675917,True,False,False,True,False,True,0.4339458205385913
PHEC_ARTIC_Unknown,23537,23619,993,229,7,1,24848,0.5059768793915441,True,False,False,False,False,True,0.7330177868108267
PHEC_ARTIC_Unknown,23557,22909,1641,210,19,2,24779,0.35035815109634605,True,False,False,False,False,True,0.5814240044711537
PHEC_ARTIC_Unknown,23559,21379,1360,280,11,1,23030,0.13342604100240324,True,False,False,False,False,True,0.29971128370942923
PHEC_ARTIC_Unknown,23666,4129,7513,40,65,1,11747,0.6087581502453638,True,False,False,False,False,True,0.8221873025226228
PHEC_ARTIC_Unknown,23710,2470,20502,15,164,1,23151,0.3948158933170326,True,False,False,False,False,True,0.6249459354138867
PHEC_ARTIC_Unknown,23847,2423,44,38,0,1,2505,1.0,True,False,True,True,False,True,1.0
PHEC_ARTIC_Unknown,24026,257,1556,0,26,1,1839,0.040370443283617656,True,False,True,True,False,True,0.12201111684825901
PHEC_ARTIC_Unknown,24027,336,1685,6,23,2,2050,0.6135948087886159,True,False,False,True,False,True,0.825431111822781
PHEC_ARTIC_Unknown,24033,233,1817,5,19,1,2074,0.18469844105455813,True,False,False,True,False,True,0.3749267755538635
PHEC_ARTIC_Unknown,24174,7304,785,51,6,1,8146,0.821116842081673,True,False,False,False,False,True,0.974732335646115
PHEC_ARTIC_Unknown,24220,8443,2426,48,7,1,10924,0.103551317194426,True,False,False,False,False,True,0.24791100001255736
PHEC_ARTIC_Unknown,24234,8298,3175,83,17,1,11573,0.017812641207831856,True,False,False,False,False,True,0.0642392060580319
PHEC_ARTIC_Unknown,24241,7839,3958,84,38,1,11919,0.6303153710668024,True,False,False,False,False,True,0.8354913422938259
PHEC_ARTIC_Unknown,24404,733,12703,2,101,2,13539,0.18317300851539892,True,False,False,False,False,True,0.3727602794600514
PHEC_ARTIC_Unknown,24422,838,10713,4,117,1,11672,0.1102961063156511,True,False,False,False,False,True,0.25963585865652644
PHEC_ARTIC_Unknown,24672,148,1400,2,33,1,1583,0.7674604489360322,True,False,False,True,False,True,0.9386832491353713
PHEC_ARTIC_Unknown,24749,46055,1399,525,3,1,47982,0.00022338229746035127,True,False,False,False,False,True,0.001873647806327235
PHEC_ARTIC_Unknown,24770,54437,1097,527,6,1,56067,0.2069906456027008,True,False,False,False,False,True,0.4061929311682522
PHEC_ARTIC_Unknown,24821,24971,5642,218,36,2,30867,0.08746839613347393,True,False,False,False,False,True,0.21950736302959403
PHEC_ARTIC_Unknown,24892,5550,17677,67,109,1,23403,3.830471668285436e-05,True,False,False,False,False,True,0.0003763854769706558
PHEC_ARTIC_Unknown,24929,4398,26483,18,129,1,31028,0.5550204148991242,True,False,False,False,False,True,0.7761509274010441
PHEC_ARTIC_Unknown,25088,10515,1170,127,13,2,11825,0.8876182784785003,True,False,False,False,False,True,1.0
PHEC_ARTIC_Unknown,25214,1079,7068,4,55,1,8206,0.1766234523091113,True,False,False,False,False,True,0.3634315649941653
PHEC_ARTIC_Unknown,25228,1049,7271,7,37,1,8364,0.49331617110199677,True,False,False,False,False,True,0.7218741669219146
PHEC_ARTIC_Unknown,25270,310,6607,2,61,1,6980,1.0,True,False,False,True,False,True,1.0
PHEC_ARTIC_Unknown,25278,303,6404,5,165,2,6877,0.45037175128781193,True,False,False,False,False,True,0.6818430533080829
PHEC_ARTIC_Unknown,25286,330,5177,1,66,1,5574,0.18598869981712468,True,False,False,True,False,True,0.37641892082391204
PHEC_ARTIC_Unknown,25344,20531,603,212,3,1,21349,0.2967669974540692,True,False,False,False,False,True,0.5210393377829752
PHEC_ARTIC_Unknown,25373,23854,861,188,4,1,24907,0.4246618861021584,True,False,False,False,False,True,0.6543653608574167
PHEC_ARTIC_Unknown,25408,24430,2097,157,7,1,26691,0.10731477006701509,True,False,False,False,False,True,0.2547003994355994
PHEC_ARTIC_Unknown,25641,889,10338,0,96,1,11323,0.0008005190973784171,True,False,True,False,False,True,0.005400516895746933
PHEC_ARTIC_Unknown,25957,1094,332,20,0,1,1446,0.006984518173157839,True,False,True,True,False,True,0.030003188942350677
PHEC_ARTIC_Unknown,25975,1248,173,15,0,1,1436,0.2402208025568117,True,False,True,True,False,True,0.452625393608666
PHEC_ARTIC_Unknown,26006,1959,110,19,0,1,2088,0.6204052169765177,True,False,True,True,False,True,0.8299125027652267
PHEC_ARTIC_Unknown,26011,1955,119,22,1,1,2097,1.0,True,False,False,True,False,True,1.0
PHEC_ARTIC_Unknown,26604,18420,586,166,1,1,19173,0.06742480657253117,True,False,False,False,False,True,0.1790710968600948
PHEC_ARTIC_Unknown,26647,17391,1938,163,5,2,19497,0.0010406304665674345,True,False,False,False,False,True,0.0066982353449308914
PHEC_ARTIC_Unknown,26658,11358,1040,115,13,1,12526,0.4251908104190024,True,False,False,False,False,True,0.6544367070694294
PHEC_ARTIC_Unknown,26854,571,15469,2,184,1,16226,0.07034929301406517,True,False,False,False,False,True,0.18403917940914286
PHEC_ARTIC_Unknown,26863,1503,25875,9,237,3,27624,0.2586818066193092,True,False,False,False,False,True,0.470835610437293
PHEC_ARTIC_Unknown,26869,900,13313,2,161,1,14376,0.003088662851027847,True,False,False,False,False,True,0.01588794494872686
PHEC_ARTIC_Unknown,26876,1352,17437,3,111,2,18903,0.06600257733655948,True,False,False,False,False,True,0.17606458006893375
PHEC_ARTIC_Unknown,27055,794,938,12,23,2,1767,0.22985789328337813,True,False,False,False,False,True,0.4387587757217992
PHEC_ARTIC_Unknown,27114,172,2094,2,19,1,2287,0.6711522756953562,True,False,False,True,False,True,0.8641316538767635
PHEC_ARTIC_Unknown,27182,16765,1847,206,7,1,18825,0.000448477213248027,True,False,False,False,False,True,0.0034164893323838466
PHEC_ARTIC_Unknown,27237,18648,1353,77,6,1,20084,0.8253828048190188,True,False,False,False,False,True,0.9780533789699296
PHEC_ARTIC_Unknown,27257,14492,1160,134,5,1,15791,0.1012349664389391,True,False,False,False,False,True,0.24397147125213522
PHEC_ARTIC_Unknown,27412,2658,25699,18,159,2,28534,0.69755905928946,True,False,False,False,False,True,0.887557457627637
PHEC_ARTIC_Unknown,27922,8030,3042,35,9,1,11116,0.39694010999682083,True,False,False,False,False,True,0.6272121965623357
PHEC_ARTIC_Unknown,27929,5620,3322,44,11,1,8997,0.007650091641836465,True,False,False,False,False,True,0.03231627497299142
PHEC_ARTIC_Unknown,27935,5368,3849,32,20,1,9269,0.6743252318108588,True,False,False,False,False,True,0.8669895837568184
PHEC_ARTIC_Unknown,28005,4767,9459,19,57,1,14302,0.14298756008913277,True,False,False,False,False,True,0.3152701324892098
PHEC_ARTIC_Unknown,28048,4467,16534,42,133,3,21176,0.4036656299312523,True,False,False,False,False,True,0.6332864568300557
PHEC_ARTIC_Unknown,28172,16901,1102,109,6,1,18118,0.8457760501251501,True,False,False,False,False,True,0.9929630510560203
PHEC_ARTIC_Unknown,28357,3745,33564,155,1172,2,38636,0.057098750520609136,True,False,False,False,False,True,0.1572631801745687
PHEC_ARTIC_Unknown,28404,1927,20260,5,166,1,22358,0.003926725518051266,True,False,False,False,False,True,0.0191533805844515
PHEC_ARTIC_Unknown,28603,8662,26786,171,635,5,36254,0.037921831602093406,True,False,False,False,False,True,0.11607675768044844
PHEC_ARTIC_Unknown,28612,2325,11678,14,125,1,14142,0.038615744896598594,True,False,False,False,False,True,0.11775775880012225
PHEC_ARTIC_Unknown,28673,1423,13652,4,70,1,15149,0.3173388540039893,True,False,False,False,False,True,0.5468800402376481
PHEC_ARTIC_Unknown,28701,1695,14714,4,111,1,16524,0.012654620035360047,True,False,False,False,False,True,0.04907435109994726
PHEC_ARTIC_Unknown,28708,1869,13399,5,93,1,15366,0.029128975269659612,True,False,False,False,False,True,0.09411967545430922
PHEC_ARTIC_Unknown,29072,8794,320,74,1,1,9189,0.5232827721482574,True,False,False,True,False,True,0.7482299884355399
PHEC_ARTIC_Unknown,29095,9275,513,165,9,1,9962,1.0,True,False,False,False,False,True,1.0
PHEC_ARTIC_Unknown,29099,8981,630,380,21,1,10012,0.3514834927483066,True,False,False,False,False,True,0.5825699735702794
PHEC_ARTIC_Unknown,1405,2659,898,1,0,2,3558,1.0,True,False,True,True,False,True,1.0
PHEC_ARTIC_Unknown,2485,426,1059,1,1,2,1487,0.49199025018079523,True,False,False,True,False,True,0.7214742517515933
PHEC_ARTIC_Unknown,3047,586,1885,470,1205,2,4146,0.001780911467088794,True,False,False,False,False,True,0.010289588748479649
PHEC_ARTIC_Unknown,3293,1822,602,264,74,1,2762,0.2514838273888519,True,False,False,False,False,True,0.46440979535552446
PHEC_ARTIC_Unknown,4237,2929,9751,19,78,5,12777,0.4690046752171085,True,False,False,False,False,True,0.700221683416727
PHEC_ARTIC_Unknown,5074,137,52,12,2,1,203,0.36184127051645376,True,True,False,True,False,True,0.5928192865327966
PHEC_ARTIC_Unknown,5224,13,185,2,11,1,211,0.2332327433828762,True,True,False,True,False,True,0.44294621852546234
PHEC_ARTIC_Unknown,5233,12,195,0,9,1,216,1.0,True,True,True,True,False,True,1.0
PHEC_ARTIC_Unknown,5655,441,29,93,8,1,571,0.5059322377409589,True,True,False,False,False,True,0.7330177868108267
PHEC_ARTIC_Unknown,5743,1753,1563,65,90,3,3471,0.008384697553862291,True,False,False,False,False,True,0.034840602297356284
PHEC_ARTIC_Unknown,10279,7424,10164,27,74,3,17689,0.0016236148749508154,True,False,False,False,False,True,0.00950340332561139
PHEC_ARTIC_Unknown,11421,280,27,88,15,1,410,0.1311502396031672,True,True,False,False,False,True,0.2960705741984929
PHEC_ARTIC_Unknown,12662,846,2810,8,28,1,3692,1.0,True,False,False,False,False,True,1.0
PHEC_ARTIC_Unknown,13636,2215,24,22,0,1,2261,1.0,True,False,True,True,False,True,1.0
PHEC_ARTIC_Unknown,15794,1233,27531,160,3807,1,32731,0.4759462092986115,True,False,False,False,False,True,0.706623788111953
PHEC_ARTIC_Unknown,20262,423,25,135,16,2,599,0.040899911160670085,True,True,False,False,False,True,0.12324506563081919
PHEC_ARTIC_Unknown,20480,656,251,72,1,4,980,5.893216435619449e-09,True,True,False,False,False,True,9.475732988181786e-08
PHEC_ARTIC_Unknown,24141,6158,259,64,2,1,6483,1.0,True,False,False,True,False,True,1.0
PHEC_ARTIC_Unknown,24383,219,7345,0,75,1,7639,0.27932756261125763,True,False,True,True,False,True,0.4985978607734076
PHEC_ARTIC_Unknown,29520,3592,1736,67,76,3,5471,8.0154038395807e-07,True,False,False,False,False,True,1.0384287522106461e-05
PHEC_ARTIC_Unknown,1636,9192,300,243,2,2,9737,0.03694487257885348,True,False,False,False,False,True,0.11362423267233719
PHEC_ARTIC_Unknown,1736,4891,2375,85,21,4,7372,0.004597178942081346,True,False,False,False,False,True,0.0216200276721236
PHEC_ARTIC_Unknown,1739,3520,1811,35,19,1,5385,0.8854738807007112,True,False,False,False,False,True,1.0
PHEC_ARTIC_Unknown,3315,5065,3177,35,35,1,8312,0.06365572165627505,True,False,False,False,False,True,0.17126420350378763
PHEC_ARTIC_Unknown,3896,1878,322,27,2,1,2229,0.4214772132258533,True,False,False,True,False,True,0.6511846955574521
PHEC_ARTIC_Unknown,3914,2337,425,27,2,1,2791,0.2992932759122744,True,False,False,True,False,True,0.5239457935913134
PHEC_ARTIC_Unknown,5746,12122,11381,33,22,2,23558,0.2263319827141575,True,False,False,False,False,True,0.4339866899213817
PHEC_ARTIC_Unknown,6585,23859,3584,137,20,1,27600,1.0,True,False,False,False,False,True,1.0
PHEC_ARTIC_Unknown,7406,8901,897,114,3,1,9915,0.008860029938312232,True,False,False,False,False,True,0.036443480069822204
PHEC_ARTIC_Unknown,9159,2392,20340,9,150,1,22891,0.05009700840173041,True,False,False,False,False,True,0.14261345708764123
PHEC_ARTIC_Unknown,9190,2406,27298,35,490,2,30229,0.2578440992786305,True,False,False,False,False,True,0.47015230652867274
PHEC_ARTIC_Unknown,9750,686,7238,0,79,1,8003,0.0017251286780848789,True,False,True,False,False,True,0.010025462089213268
PHEC_ARTIC_Unknown,10369,4608,29536,75,196,2,34415,1.0730667973592655e-09,True,False,False,False,False,True,1.966322401647519e-08
PHEC_ARTIC_Unknown,10705,4721,256,51,0,1,5028,0.11199837577683777,True,False,True,True,False,True,0.2621457955467066
PHEC_ARTIC_Unknown,11862,1414,16741,47,435,2,18637,0.121578979996622,True,False,False,False,False,True,0.2781683299360283
PHEC_ARTIC_Unknown,12574,16152,7337,130,37,1,23656,0.011693063482161318,True,False,False,False,False,True,0.0459144616268651
PHEC_ARTIC_Unknown,13629,3459,934,49,4,1,4446,0.010915132460418813,True,False,False,False,False,True,0.043446926466715975
PHEC_ARTIC_Unknown,13771,12619,6058,99,21,1,18797,0.0003759892655586085,True,False,False,False,False,True,0.00292452071184019
PHEC_ARTIC_Unknown,13869,7340,33294,188,1115,3,41937,0.0006412508492384972,True,False,False,False,False,True,0.004633407557197526
PHEC_ARTIC_Unknown,15024,6253,3798,76,72,3,10199,0.008034643897391698,True,False,False,False,False,True,0.0336611033723887
PHEC_ARTIC_Unknown,18079,17526,2401,143,12,1,20082,0.10718240918895355,True,False,False,False,False,True,0.2545347580739422
PHEC_ARTIC_Unknown,18357,9396,1967,89,6,1,11458,0.0025308882132748962,True,False,False,False,False,True,0.013582656004752346
PHEC_ARTIC_Unknown,18401,7367,2635,74,26,1,10102,1.0,True,False,False,False,False,True,1.0
PHEC_ARTIC_Unknown,18928,33148,38855,399,1336,2,73738,5.289251819522499e-86,True,False,False,False,False,True,8.965281834090635e-84
PHEC_ARTIC_Unknown,19124,16116,30959,167,491,3,47733,1.202912354278185e-06,True,False,False,False,False,True,1.5388199550954895e-05
PHEC_ARTIC_Unknown,20530,49458,1417,555,2,3,51432,4.0471635493375695e-05,True,False,False,False,False,True,0.0003957658970842604
PHEC_ARTIC_Unknown,23282,18422,6537,721,383,3,26063,1.215244726483593e-09,True,False,False,False,False,True,2.2069712264889536e-08
PHEC_ARTIC_Unknown,24310,3077,4308,16,42,1,7443,0.03220665433213139,True,False,False,False,False,True,0.10187921448142341
PHEC_ARTIC_Unknown,28730,470,6606,0,60,1,7136,0.032283852334029556,True,False,True,True,False,True,0.10204406472014937
PHEC_ARTIC_Unknown,1225,899,2236,3,35,1,3173,0.003237468104767308,True,False,False,False,False,True,0.01646252531274176
PHEC_ARTIC_Unknown,4815,5054,7509,205,350,3,13118,0.13234762768065195,True,False,False,False,False,True,0.2979469559517942
PHEC_ARTIC_Unknown,12765,3404,5488,18,89,1,8999,2.7457768346866503e-06,True,False,False,False,False,True,3.364403663706414e-05
PHEC_ARTIC_Unknown,17586,2631,4962,277,873,1,8743,4.4704866152553715e-13,True,False,False,False,False,True,1.0824964018368364e-11
PHEC_ARTIC_Unknown,21812,6,9,0,0,1,15,1.0,True,True,True,True,False,True,1.0
PHEC_ARTIC_Unknown,26304,136,203,0,13,1,352,0.0022762784152367786,True,True,True,False,False,True,0.012446102947826903
PHEC_ARTIC_Unknown,26467,905,1935,102,40,6,2982,2.938126754538847e-21,True,False,False,False,False,True,1.2581368039435822e-19
PHEC_ARTIC_Unknown,921,1045,6712,10,69,1,7836,1.0,True,False,False,False,False,True,1.0
PHEC_ARTIC_Unknown,1348,284,26,36,1,1,347,0.3353891042768612,True,True,False,True,False,True,0.5665549527345487
PHEC_ARTIC_Unknown,1514,104,288,48,103,1,543,0.24099934019905658,True,True,False,False,False,True,0.4536720573483397
PHEC_ARTIC_Unknown,1870,126,1271,4,77,1,1478,0.3095038623235934,True,False,False,False,False,True,0.5369133099924853
PHEC_ARTIC_Unknown,4451,307,478,8,10,1,803,0.6348834637832954,True,True,False,False,False,True,0.8371818251768057
PHEC_ARTIC_Unknown,4912,261,1079,17,117,1,1474,0.06323847774442816,True,False,False,False,False,True,0.17059541783102028
PHEC_ARTIC_Unknown,4913,263,1082,17,122,1,1484,0.039776209650136646,True,False,False,False,False,True,0.12057348797075698
PHEC_ARTIC_Unknown,5387,6816,1935,329,67,3,9147,0.015225801410233004,True,False,False,False,False,True,0.05698119607803852
PHEC_ARTIC_Unknown,7665,11529,641,649,20,1,12839,0.006937477006229346,True,False,False,False,False,True,0.029864186731577758
PHEC_ARTIC_Unknown,8061,18655,2753,272,60,3,21740,0.006494354441740744,True,False,False,False,False,True,0.0281953403084326
PHEC_ARTIC_Unknown,8188,1163,2166,15,35,1,3379,0.5507277352953195,True,False,False,False,False,True,0.7709688684843362
PHEC_ARTIC_Unknown,9944,1359,263,211,42,1,1875,0.8550398572143956,True,False,False,False,False,True,0.998364563475362
PHEC_ARTIC_Unknown,11103,7960,734,2464,203,1,11361,0.18421178977390962,True,False,False,False,False,True,0.374125592012114
PHEC_ARTIC_Unknown,12246,68,1355,296,483,1,2202,2.220013008435244e-87,True,False,False,False,False,True,3.9265273557889446e-85
PHEC_ARTIC_Unknown,12789,661,44,0,2,1,707,0.0041471164518313425,True,True,True,True,False,True,0.01996505293023657
PHEC_ARTIC_Unknown,13506,10,14,5,2,1,31,0.21997280929427757,True,True,False,True,False,True,0.42526872415297984
PHEC_ARTIC_Unknown,20735,9914,25283,85,257,1,35539,0.1839970600025329,True,False,False,False,False,True,0.3740629885508765
PHEC_ARTIC_Unknown,23127,78,178,4,9,1,269,1.0,True,True,False,True,False,True,1.0
PHEC_ARTIC_Unknown,25204,244,852,88,304,2,1488,0.9437223912074537,True,False,False,False,False,True,1.0
PHEC_ARTIC_Unknown,25936,3,28,0,12,1,43,0.5478486346325256,True,True,True,True,False,True,0.7704590951274064
PHEC_ARTIC_Unknown,29178,1240,1247,94,129,3,2710,0.030104599635446195,True,False,False,False,False,True,0.0964295364700749
PHEC_ARTIC_Unknown,368,6333,4068,227,56,1,10684,8.097017314225402e-12,True,False,False,False,False,True,1.8098168370477435e-10
PHEC_ARTIC_Unknown,376,25182,7199,330,49,3,32760,6.545134750062822e-06,True,False,False,False,False,True,7.45815354713041e-05
PHEC_ARTIC_Unknown,443,14826,2093,185,28,2,17132,0.7531225795999903,True,False,False,False,False,True,0.9307620529148205
PHEC_ARTIC_Unknown,748,2471,552,61,2,1,3086,0.0006987215386446598,True,False,False,False,False,True,0.004898029154981085
PHEC_ARTIC_Unknown,824,3524,1550,43,12,1,5129,0.18598126188767505,True,False,False,False,False,True,0.37641892082391204
PHEC_ARTIC_Unknown,885,4399,13604,171,397,4,18571,0.002514469718254576,True,False,False,False,False,True,0.013512368314213494
PHEC_ARTIC_Unknown,974,3549,6210,58,24,2,9841,4.213552131959627e-10,True,False,False,False,False,True,8.009686949912038e-09
PHEC_ARTIC_Unknown,996,9976,5308,200,41,2,15525,1.7656640656331903e-09,True,False,False,False,False,True,3.150316411840271e-08
PHEC_ARTIC_Unknown,1021,13681,2431,175,19,2,16306,0.04260686200449193,True,False,False,False,False,True,0.12704417823735004
PHEC_ARTIC_Unknown,1031,19209,1554,348,19,4,21130,0.10761649717226526,True,False,False,False,False,True,0.2552675862954957
PHEC_ARTIC_Unknown,1125,2641,2351,30,25,1,5047,0.892199839117991,True,False,False,False,False,True,1.0
PHEC_ARTIC_Unknown,1406,2228,691,147,25,2,3091,0.005114316693324451,True,False,False,False,False,True,0.023642091259595304
PHEC_ARTIC_Unknown,1676,8044,1118,190,22,2,9374,0.5229401761409458,True,False,False,False,False,True,0.748003036758568
PHEC_ARTIC_Unknown,1685,6158,1232,63,11,1,7464,0.7560975195563369,True,False,False,False,False,True,0.9329101333197386
PHEC_ARTIC_Unknown,1738,3356,1971,81,27,1,5435,0.011404757137280098,True,False,False,False,False,True,0.04504325440238393
PHEC_ARTIC_Unknown,2001,2141,841,49,10,1,3041,0.05767709160215186,True,False,False,False,False,True,0.15864124992397147
PHEC_ARTIC_Unknown,2229,8680,1988,205,23,3,10896,0.0007074503605302415,True,False,False,False,False,True,0.004936377472790776
PHEC_ARTIC_Unknown,2231,2261,905,34,9,1,3209,0.31081517588610896,True,False,False,False,False,True,0.53872864742424
PHEC_ARTIC_Unknown,2293,4406,632,39,0,2,5077,0.01187610344882747,True,False,True,True,False,True,0.04658822452249774
PHEC_ARTIC_Unknown,2864,19952,1779,448,19,3,22198,0.0005790926300380522,True,False,False,False,False,True,0.0042599436148188004
PHEC_ARTIC_Unknown,2867,10820,1282,195,7,1,12304,0.0004277704810294915,True,False,False,False,False,True,0.0032771569055140707
PHEC_ARTIC_Unknown,2972,8236,5557,147,50,3,13990,1.884714732492877e-05,True,False,False,False,False,True,0.0002033692183496293
PHEC_ARTIC_Unknown,3004,6267,4712,113,54,1,11146,0.005795529193723573,True,False,False,False,False,True,0.025766352743243164
PHEC_ARTIC_Unknown,3302,2814,1648,36,5,1,4503,0.0008691413814296146,True,False,False,False,False,True,0.005777233888326261
PHEC_ARTIC_Unknown,3815,3165,633,55,4,1,3857,0.049663463619207524,True,False,False,False,False,True,0.1416766970567575
PHEC_ARTIC_Unknown,3838,3584,360,57,1,1,4002,0.05978679036573044,True,False,False,False,False,True,0.1634493704353437
PHEC_ARTIC_Unknown,3890,2416,573,51,7,1,3047,0.23538805086979103,True,False,False,False,False,True,0.4459984121743409
PHEC_ARTIC_Unknown,3937,3347,905,33,6,1,4291,0.43692833221890914,True,False,False,False,False,True,0.6677026504382128
PHEC_ARTIC_Unknown,3974,2928,1324,52,12,1,4316,0.040014134043166075,True,False,False,False,False,True,0.12120439113000714
PHEC_ARTIC_Unknown,4082,4284,7250,92,33,1,11659,2.459091985245159e-16,True,False,False,False,False,True,7.939354123791513e-15
PHEC_ARTIC_Unknown,4112,7329,6685,95,54,1,14163,0.006322870290445939,True,False,False,False,False,True,0.027598107662590216
PHEC_ARTIC_Unknown,4412,4702,5227,147,164,1,10240,1.0,True,False,False,False,False,True,1.0
PHEC_ARTIC_Unknown,4422,2592,3567,15,68,1,6242,5.092697259314707e-06,True,False,False,False,False,True,5.953187485888572e-05
PHEC_ARTIC_Unknown,4454,5456,9671,147,95,2,15369,1.3729844833592977e-14,True,False,False,False,False,True,3.748524079399747e-13
PHEC_ARTIC_Unknown,4676,11762,1055,84,1,1,12902,0.009431102030130038,True,False,False,False,False,True,0.03825097014812462
PHEC_ARTIC_Unknown,4712,16915,513,129,2,1,17559,0.5964830884227703,True,False,False,True,False,True,0.8109246891149497
PHEC_ARTIC_Unknown,4881,11639,9874,118,78,3,21709,0.09754045167409582,True,False,False,False,False,True,0.2366097539715097
PHEC_ARTIC_Unknown,4925,6396,14981,50,90,2,21517,0.139142901915155,True,False,False,False,False,True,0.30829291387399377
PHEC_ARTIC_Unknown,4985,4267,7000,60,54,1,11381,0.0017889737436990309,True,False,False,False,False,True,0.010289588748479649
PHEC_ARTIC_Unknown,5206,461,6210,3,68,1,6742,0.48469885239528676,True,False,False,True,False,True,0.7146628965364359
PHEC_ARTIC_Unknown,5294,7424,807,137,7,1,8375,0.04632824191581862,True,False,False,False,False,True,0.13461663436682153
PHEC_ARTIC_Unknown,5326,14942,620,133,4,1,15699,0.6636453902537962,True,False,False,False,False,True,0.8580366463101243
PHEC_ARTIC_Unknown,5354,18595,2414,384,32,2,21425,0.015499761321240445,True,False,False,False,False,True,0.05768783224615346
PHEC_ARTIC_Unknown,5447,10095,3956,75,22,1,14148,0.25809674103937064,True,False,False,False,False,True,0.4702324899069827
PHEC_ARTIC_Unknown,5513,3834,22829,58,244,3,26965,0.020949705663179292,True,False,False,False,False,True,0.07239901870553409
PHEC_ARTIC_Unknown,5617,7376,8572,221,65,2,16234,4.1338423570120704e-26,True,False,False,False,False,True,2.076107494854951e-24
PHEC_ARTIC_Unknown,5634,9331,855,105,1,1,10292,0.0020975321354538322,True,False,False,False,False,True,0.011704747225001632
PHEC_ARTIC_Unknown,5657,9320,1056,131,7,1,10514,0.04626754764512803,True,False,False,False,False,True,0.13461120647192526
PHEC_ARTIC_Unknown,5708,7422,5950,105,65,2,13542,0.10362588695462432,True,False,False,False,False,True,0.24791100001255736
PHEC_ARTIC_Unknown,5880,1166,8563,5,76,1,9810,0.12172665450366477,True,False,False,False,False,True,0.2783496517824105
PHEC_ARTIC_Unknown,5918,2873,4783,98,45,1,7799,1.691972465406523e-13,True,False,False,False,False,True,4.244451460593189e-12
PHEC_ARTIC_Unknown,5931,3872,2653,45,42,1,6612,0.1547853014540954,True,False,False,False,False,True,0.3331569345583386
PHEC_ARTIC_Unknown,5950,7100,1231,137,20,2,8488,0.5695673655329623,True,False,False,False,False,True,0.7878300068592183
PHEC_ARTIC_Unknown,6060,2539,2047,47,20,2,4653,0.018095578798011366,True,False,False,False,False,True,0.06494901847576476
PHEC_ARTIC_Unknown,6212,10957,3347,136,24,1,14464,0.01100339410622438,True,False,False,False,False,True,0.04371270236730544
PHEC_ARTIC_Unknown,6236,15177,3260,205,42,1,18684,0.8666111508458918,True,False,False,False,False,True,1.0
PHEC_ARTIC_Unknown,6245,16518,2524,178,21,1,19241,0.2936122453498834,True,False,False,False,False,True,0.5175106646808171
PHEC_ARTIC_Unknown,6254,15859,2373,171,14,2,18417,0.02724011440827836,True,False,False,False,False,True,0.08958187988106416
PHEC_ARTIC_Unknown,6309,10569,5223,128,68,2,15988,0.6470062133108948,True,False,False,False,False,True,0.8460370542425972
PHEC_ARTIC_Unknown,6320,8899,5347,83,25,1,14354,0.00186791728920512,True,False,False,False,False,True,0.01061269208447825
PHEC_ARTIC_Unknown,6323,8846,5677,102,51,2,14676,0.15705884777072238,True,False,False,False,False,True,0.33680305362746366
PHEC_ARTIC_Unknown,6337,6731,6419,60,43,1,13253,0.16632298306993848,True,False,False,False,False,True,0.3482774157905606
PHEC_ARTIC_Unknown,6352,5756,7651,120,53,1,13580,3.787035806678957e-12,True,False,False,False,False,True,8.853828541132183e-11
PHEC_ARTIC_Unknown,6374,2787,8789,230,198,2,12004,8.184585582153119e-38,True,False,False,False,False,True,5.945516812178372e-36
PHEC_ARTIC_Unknown,6446,1114,16849,16,211,3,18190,0.5789008394190828,True,False,False,False,False,True,0.7955975049854151
PHEC_ARTIC_Unknown,6527,11025,2682,129,15,1,13851,0.004168338679237371,True,False,False,False,False,True,0.020043500883141403
PHEC_ARTIC_Unknown,6563,11430,1109,127,6,1,12672,0.08917411459025093,True,False,False,False,False,True,0.2225523301553011
PHEC_ARTIC_Unknown,6576,11911,1261,112,4,1,13288,0.024398384566242576,True,False,False,False,False,True,0.08202696563262381
PHEC_ARTIC_Unknown,6759,2230,9992,15,108,1,12345,0.09902264811182167,True,False,False,False,False,True,0.23934886067670266
PHEC_ARTIC_Unknown,7463,5356,1521,128,19,2,7024,0.006363375939927037,True,False,False,False,False,True,0.027725157819269396
PHEC_ARTIC_Unknown,7577,1173,6376,17,46,1,7612,0.021577315627160205,True,False,False,False,False,True,0.07393263065221481
PHEC_ARTIC_Unknown,7667,4812,1399,58,18,1,6287,0.7832956245446181,True,False,False,False,False,True,0.9469380685430926
PHEC_ARTIC_Unknown,7675,5522,1115,74,9,2,6720,0.18206499810327154,True,False,False,False,False,True,0.3714345096710675
PHEC_ARTIC_Unknown,8075,3177,1824,33,11,1,5045,0.15559744339631365,True,False,False,False,False,True,0.3345509512347801
PHEC_ARTIC_Unknown,8114,2315,3000,25,10,1,5350,0.0010267053677118097,True,False,False,False,False,True,0.00664012310946207
PHEC_ARTIC_Unknown,8222,730,6250,4,49,1,7033,0.6528643755491292,True,False,False,False,False,True,0.8509525426942975
PHEC_ARTIC_Unknown,8303,9070,2829,109,17,1,12025,0.005912641636114779,True,False,False,False,False,True,0.026172607372921566
PHEC_ARTIC_Unknown,8306,9133,2714,121,33,1,12001,0.7720594732874947,True,False,False,False,False,True,0.941750505947085
PHEC_ARTIC_Unknown,8342,14420,1188,139,5,2,15752,0.0787572790934902,True,False,False,False,False,True,0.20175353359717765
PHEC_ARTIC_Unknown,8408,7245,2972,55,20,1,10292,0.7032773074964602,True,False,False,False,False,True,0.8909785384290253
PHEC_ARTIC_Unknown,8432,4007,3988,114,58,2,8167,2.7812004672426834e-05,True,False,False,False,False,True,0.00028698691681294347
PHEC_ARTIC_Unknown,8462,6191,10992,49,90,2,17322,0.9293553040439975,True,False,False,False,False,True,1.0
PHEC_ARTIC_Unknown,8831,1110,1722,21,16,1,2869,0.04078896924506682,True,False,False,False,False,True,0.12302033712718642
PHEC_ARTIC_Unknown,8925,5084,3716,314,15,3,9129,8.154950129490367e-54,True,False,False,False,False,True,8.966037061288329e-52
PHEC_ARTIC_Unknown,9123,7557,13696,594,1320,2,23167,7.028591866591395e-05,True,False,False,False,False,True,0.0006513055059975808
PHEC_ARTIC_Unknown,9267,7973,436,287,11,2,8707,0.2866212929639514,True,False,False,False,False,True,0.5090613724631259
PHEC_ARTIC_Unknown,9270,7850,389,145,3,1,8387,0.16514262821171644,True,False,False,False,False,True,0.34661050130543375
PHEC_ARTIC_Unknown,9314,9009,1007,152,6,2,10174,0.006796315887733055,True,False,False,False,False,True,0.029349695362312175
PHEC_ARTIC_Unknown,9321,8826,973,123,3,2,9925,0.0022152071138983338,True,False,False,False,False,True,0.012231043449516402
PHEC_ARTIC_Unknown,9332,8532,1100,86,11,1,9729,1.0,True,False,False,False,False,True,1.0
PHEC_ARTIC_Unknown,9526,12280,9032,196,41,1,21549,4.28952869550679e-16,True,False,False,False,False,True,1.332046010177223e-14
PHEC_ARTIC_Unknown,9543,16740,6216,135,34,1,23125,0.04527658702079529,True,False,False,False,False,True,0.13260270410410024
PHEC_ARTIC_Unknown,9584,15167,2796,136,23,1,18122,0.8258570012443067,True,False,False,False,False,True,0.9783303089871402
PHEC_ARTIC_Unknown,9646,7554,6481,78,20,1,14133,1.9716127221421837e-07,True,False,False,False,False,True,2.7188205266692893e-06
PHEC_ARTIC_Unknown,9671,6959,7230,65,27,2,14281,3.584101960305789e-05,True,False,False,False,False,True,0.0003582340730841265
PHEC_ARTIC_Unknown,9817,2297,10369,27,64,1,12757,0.008841615607538262,True,False,False,False,False,True,0.03643463434821648
PHEC_ARTIC_Unknown,9945,6065,2221,61,13,1,8360,0.08563406246356559,True,False,False,False,False,True,0.216237967785093
PHEC_ARTIC_Unknown,10105,5414,7096,101,57,1,12668,2.59666355499157e-07,True,False,False,False,False,True,3.5447071616462105e-06
PHEC_ARTIC_Unknown,10233,7335,4417,78,19,1,11849,0.0001941123629341813,True,False,False,False,False,True,0.0016553845051668246
PHEC_ARTIC_Unknown,10308,4683,10695,100,242,2,15720,0.6775251249844232,True,False,False,False,False,True,0.869989227773604
PHEC_ARTIC_Unknown,10424,4421,8304,56,79,1,12860,0.10297472822568032,True,False,False,False,False,True,0.24684900280543493
PHEC_ARTIC_Unknown,10427,11934,19370,195,169,2,31668,3.5711069202257595e-09,True,False,False,False,False,True,5.978297510896457e-08
PHEC_ARTIC_Unknown,10488,6454,1417,81,8,2,7960,0.025583880443977698,True,False,False,False,False,True,0.08530756200500104
PHEC_ARTIC_Unknown,10610,2415,4559,50,37,1,7061,2.0225299472127042e-05,True,False,False,False,False,True,0.00021651715329634952
PHEC_ARTIC_Unknown,10658,1593,5153,28,33,1,6807,0.00019903159384704848,True,False,False,False,False,True,0.0016867927578537358
PHEC_ARTIC_Unknown,10688,6366,5619,84,54,1,12123,0.07196543639282782,True,False,False,False,False,True,0.18718375655116595
PHEC_ARTIC_Unknown,10697,7838,4626,153,149,2,12766,2.309959129971625e-05,True,False,False,False,False,True,0.00024218849847228272
PHEC_ARTIC_Unknown,10772,9807,1955,100,9,1,11871,0.018908426176085503,True,False,False,False,False,True,0.06717858313040684
PHEC_ARTIC_Unknown,10793,13084,2544,176,13,2,15817,0.00020452343895354638,True,False,False,False,False,True,0.001729732535681968
PHEC_ARTIC_Unknown,10870,5631,8581,2,0,2,14214,0.15703639983969792,True,False,True,True,False,True,0.33680305362746366
PHEC_ARTIC_Unknown,11042,6176,7937,171,63,2,14347,3.558148093175336e-19,True,False,False,False,False,True,1.3655232493431385e-17
PHEC_ARTIC_Unknown,11108,37983,3620,580,16,3,42199,4.063645072706746e-09,True,False,False,False,False,True,6.71988136413457e-08
PHEC_ARTIC_Unknown,11123,8729,1253,114,8,1,10104,0.05217294817228832,True,False,False,False,False,True,0.14677700772120947
PHEC_ARTIC_Unknown,11146,6512,1706,130,17,1,8365,0.005237582764908629,True,False,False,False,False,True,0.023980884404061445
PHEC_ARTIC_Unknown,11417,13551,2469,261,24,1,16305,0.0006346584543497516,True,False,False,False,False,True,0.0046021222679051505
PHEC_ARTIC_Unknown,11453,8687,3701,83,27,1,12498,0.25009933183466154,True,False,False,False,False,True,0.46308788434383397
PHEC_ARTIC_Unknown,11502,5391,8218,63,62,1,13734,0.016707993678365778,True,False,False,False,False,True,0.06117742419765255
PHEC_ARTIC_Unknown,11521,3718,9545,39,85,1,13387,0.4218138623447092,True,False,False,False,False,True,0.6513883041713222
PHEC_ARTIC_Unknown,11540,3212,14444,25,151,1,17832,0.2009218082932141,True,False,False,False,False,True,0.39831867258128406
PHEC_ARTIC_Unknown,11596,6546,10561,102,56,1,17265,3.349949371558064e-11,True,False,False,False,False,True,7.060929556216686e-10
PHEC_ARTIC_Unknown,11616,8450,9037,86,89,1,17662,0.8792270150157635,True,False,False,False,False,True,1.0
PHEC_ARTIC_Unknown,11658,7381,7142,80,50,1,14653,0.017087078721496708,True,False,False,False,False,True,0.062209392349729255
PHEC_ARTIC_Unknown,11851,437,5999,6,59,1,6501,0.4513141577246348,True,False,False,True,False,True,0.6830156226279072
PHEC_ARTIC_Unknown,11939,10161,1060,102,6,1,11329,0.24297326601205718,True,False,False,False,False,True,0.45587456449151315
PHEC_ARTIC_Unknown,11954,23028,2086,597,51,3,25762,0.7727823063883508,True,False,False,False,False,True,0.9417850276775946
PHEC_ARTIC_Unknown,12137,4006,7482,73,35,1,11596,7.600790056991908e-12,True,False,False,False,False,True,1.708288063637739e-10
PHEC_ARTIC_Unknown,12211,4646,4737,58,34,1,9475,0.011575455390449579,True,False,False,False,False,True,0.04554057304482484
PHEC_ARTIC_Unknown,12248,2777,1683,38,10,1,4508,0.016161839012211132,True,False,False,False,False,True,0.059606855033250125
PHEC_ARTIC_Unknown,12256,2738,1591,51,16,1,4396,0.029938020855579887,True,False,False,False,False,True,0.0960472151738951
PHEC_ARTIC_Unknown,12274,2698,1823,40,12,1,4573,0.014731018860733726,True,False,False,False,False,True,0.055384274237952676
PHEC_ARTIC_Unknown,12338,2008,3624,25,26,1,5683,0.05598343042694151,True,False,False,False,False,True,0.15492557481414834
PHEC_ARTIC_Unknown,12419,580,5408,11,82,1,6081,0.4788308825477594,True,False,False,False,False,True,0.7096116685625812
PHEC_ARTIC_Unknown,12442,3894,4077,115,28,1,8114,1.5837731190711835e-14,True,False,False,False,False,True,4.29519269892105e-13
PHEC_ARTIC_Unknown,12514,14958,1430,111,5,1,16504,0.09857685961935263,True,False,False,False,False,True,0.2385548274429069
PHEC_ARTIC_Unknown,12582,12232,8113,282,57,2,20684,1.0013169966550674e-19,True,False,False,False,False,True,3.916689944608476e-18
PHEC_ARTIC_Unknown,12600,6884,5106,88,18,1,12096,2.8765912946968157e-08,True,False,False,False,False,True,4.334064217343202e-07
PHEC_ARTIC_Unknown,12758,6107,11541,180,180,1,18008,3.4122279570372226e-09,True,False,False,False,False,True,5.7837263871780925e-08
PHEC_ARTIC_Unknown,12769,7142,9008,66,81,1,16297,0.8679632891812907,True,False,False,False,False,True,1.0
PHEC_ARTIC_Unknown,12824,6726,1998,57,17,1,8798,1.0,True,False,False,False,False,True,1.0
PHEC_ARTIC_Unknown,12859,4439,3490,61,19,1,8009,0.0002457610333534949,True,False,False,False,False,True,0.0020444905596769267
PHEC_ARTIC_Unknown,12861,4499,3469,59,30,1,8057,0.06769308076083579,True,False,False,False,False,True,0.17939768894793484
PHEC_ARTIC_Unknown,13193,26160,10593,363,67,2,37183,2.4385924870633775e-10,True,False,False,False,False,True,4.7693241525835674e-09
PHEC_ARTIC_Unknown,13257,10163,33916,121,332,3,44532,0.07276962937931972,True,False,False,False,False,True,0.1887926354050208
PHEC_ARTIC_Unknown,13313,2370,56741,22,555,2,59688,0.9150328472520062,True,False,False,False,False,True,1.0
PHEC_ARTIC_Unknown,13415,3647,424,47,5,1,4123,1.0,True,False,False,False,False,True,1.0
PHEC_ARTIC_Unknown,13687,20968,744,588,15,2,22315,0.2535198990434408,True,False,False,False,False,True,0.46666015805824307
PHEC_ARTIC_Unknown,13729,13901,2832,142,15,1,16890,0.013280958466882476,True,False,False,False,False,True,0.05111347118569339
PHEC_ARTIC_Unknown,13816,12781,9525,121,64,2,22491,0.030150911694145736,True,False,False,False,False,True,0.09650189517843026
PHEC_ARTIC_Unknown,13998,21172,1148,340,4,2,22664,0.00016687852433759566,True,False,False,False,False,True,0.001438266603824871
PHEC_ARTIC_Unknown,14316,13212,2657,109,9,2,15987,0.006047913502975036,True,False,False,False,False,True,0.026684286475165343
PHEC_ARTIC_Unknown,14500,1070,14870,19,176,1,16135,0.11149204180558583,True,False,False,False,False,True,0.26141188822197303
PHEC_ARTIC_Unknown,14534,567,13196,2,73,1,13838,0.7710197421437166,True,False,False,True,False,True,0.9413290249221605
PHEC_ARTIC_Unknown,14575,4111,5146,59,52,1,9368,0.06836401230907924,True,False,False,False,False,True,0.18058753381385345
PHEC_ARTIC_Unknown,14677,4200,1120,40,10,1,5370,1.0,True,False,False,False,False,True,1.0
PHEC_ARTIC_Unknown,14917,7491,543,193,5,1,8232,0.013564059376087838,True,False,False,False,False,True,0.051908366455244895
PHEC_ARTIC_Unknown,14935,9106,652,81,3,1,9842,0.37558742879888557,True,False,False,False,False,True,0.6058246075947131
PHEC_ARTIC_Unknown,15075,2811,7315,47,50,1,10223,1.8814920195949207e-05,True,False,False,False,False,True,0.0002033692183496293
PHEC_ARTIC_Unknown,15202,4017,5351,101,38,1,9507,2.3272793274053097e-12,True,False,False,False,False,True,5.5364750315115784e-11
PHEC_ARTIC_Unknown,15253,7895,640,80,5,1,8620,0.8345033786554117,True,False,False,False,False,True,0.9837032003390944
PHEC_ARTIC_Unknown,15535,73020,5039,828,29,3,78916,0.000107417144022187,True,False,False,False,False,True,0.000968897875570414
PHEC_ARTIC_Unknown,15638,20248,6667,161,35,2,27111,0.024752344070598155,True,False,False,False,False,True,0.08294278062536514
PHEC_ARTIC_Unknown,15672,32990,18569,637,215,3,52411,2.826939080055531e-11,True,False,False,False,False,True,6.020936218673246e-10
PHEC_ARTIC_Unknown,15913,11493,944,141,8,2,12586,0.4332524412031611,True,False,False,False,False,True,0.6633311745632139
PHEC_ARTIC_Unknown,16204,11800,862,212,11,2,12885,0.3451418699263372,True,False,False,False,False,True,0.5768435196632455
PHEC_ARTIC_Unknown,16246,7017,2033,107,23,1,9180,0.2431555921365131,True,False,False,False,False,True,0.45587456449151315
PHEC_ARTIC_Unknown,16564,6400,4694,112,43,2,11249,0.00021462458791406147,True,False,False,False,False,True,0.0018076455975867538
PHEC_ARTIC_Unknown,16726,1101,2425,25,87,1,3638,0.04831303433392238,True,False,False,False,False,True,0.13879761558643802
PHEC_ARTIC_Unknown,16795,7634,5976,133,25,2,13768,8.58274506056535e-14,True,False,False,False,False,True,2.2238603125082706e-12
PHEC_ARTIC_Unknown,16852,15439,896,280,14,1,16629,0.697834012712162,True,False,False,False,False,True,0.887557457627637
PHEC_ARTIC_Unknown,16855,14586,1116,221,7,1,15930,0.013072540980956511,True,False,False,False,False,True,0.05045455095875814
PHEC_ARTIC_Unknown,16871,14385,2225,131,20,1,16761,1.0,True,False,False,False,False,True,1.0
PHEC_ARTIC_Unknown,16975,7960,8332,89,72,2,16453,0.11314505640205483,True,False,False,False,False,True,0.264210735559208
PHEC_ARTIC_Unknown,17179,23973,11243,1052,365,2,36633,7.168540381508032e-07,True,False,False,False,False,True,9.346673805120088e-06
PHEC_ARTIC_Unknown,17257,8033,7629,202,94,2,15958,6.453364914551189e-09,True,False,False,False,False,True,1.0335546642674897e-07
PHEC_ARTIC_Unknown,17261,8823,9862,120,153,2,18958,0.2994412915011079,True,False,False,False,False,True,0.5239457935913134
PHEC_ARTIC_Unknown,17425,9534,9831,108,78,1,19551,0.018218404770779507,True,False,False,False,False,True,0.06518247195033512
PHEC_ARTIC_Unknown,17427,28803,48670,1726,3930,4,83129,3.5516773714816145e-24,True,False,False,False,False,True,1.699791005551436e-22
PHEC_ARTIC_Unknown,17455,13609,984,123,8,1,14724,1.0,True,False,False,False,False,True,1.0
PHEC_ARTIC_Unknown,17462,14170,1123,164,12,1,15469,1.0,True,False,False,False,False,True,1.0
PHEC_ARTIC_Unknown,17516,10182,2193,103,11,1,12489,0.025445975688693202,True,False,False,False,False,True,0.08498705180755661
PHEC_ARTIC_Unknown,17608,3875,13123,120,476,3,17594,0.1355925153115016,True,False,False,False,False,True,0.3022412889244869
PHEC_ARTIC_Unknown,17686,912,12307,9,169,1,13397,0.45370555796513967,True,False,False,False,False,True,0.6851054973282065
PHEC_ARTIC_Unknown,17964,1966,2556,23,28,2,4573,0.8872931529571543,True,False,False,False,False,True,1.0
PHEC_ARTIC_Unknown,18105,11476,2576,103,11,1,14166,0.014578283473281071,True,False,False,False,False,True,0.055006762823884385
PHEC_ARTIC_Unknown,18106,15942,3975,219,35,2,20171,0.013941051117329083,True,False,False,False,False,True,0.05311365935114136
PHEC_ARTIC_Unknown,18290,5278,10286,189,126,1,15879,1.0767795715122547e-20,True,False,False,False,False,True,4.515813708156548e-19
PHEC_ARTIC_Unknown,18307,6565,7715,117,78,1,14475,0.00011621588659647817,True,False,False,False,False,True,0.0010367680409527921
PHEC_ARTIC_Unknown,18310,18129,13170,479,182,2,31960,1.8224156264823483e-14,True,False,False,False,False,True,4.909660111609399e-13
PHEC_ARTIC_Unknown,18394,19798,5734,293,51,2,25876,0.0005329573828081628,True,False,False,False,False,True,0.003956333272378844
PHEC_ARTIC_Unknown,18415,5034,2461,53,23,1,7571,0.7131640955501748,True,False,False,False,False,True,0.8993030194352484
PHEC_ARTIC_Unknown,18546,2398,5465,20,59,1,7942,0.3896574480969319,True,False,False,False,False,True,0.6197002066457674
PHEC_ARTIC_Unknown,18624,4238,5611,81,28,1,9958,6.618019990768134e-11,True,False,False,False,False,True,1.3528696141932046e-09
PHEC_ARTIC_Unknown,18643,5998,3920,92,19,1,10029,6.419744025973214e-07,True,False,False,False,False,True,8.47906451222696e-06
PHEC_ARTIC_Unknown,18670,25718,1585,475,27,2,27805,0.772446876639789,True,False,False,False,False,True,0.9417850276775946
PHEC_ARTIC_Unknown,18756,6650,3477,108,28,1,10263,0.000695841257971746,True,False,False,False,False,True,0.00489737411319907
PHEC_ARTIC_Unknown,18898,4220,60087,295,4792,3,69394,0.033477705295799465,True,False,False,False,False,True,0.10467894323083184
PHEC_ARTIC_Unknown,18973,10430,957,109,2,1,11498,0.008405190098230252,True,False,False,False,False,True,0.034890115632245575
PHEC_ARTIC_Unknown,19006,5476,1627,60,8,1,7171,0.02881736706061678,True,False,False,False,False,True,0.09348409027319701
PHEC_ARTIC_Unknown,19648,5102,437,55,0,1,5594,0.02032138656187687,True,False,True,True,False,True,0.07095914208902586
PHEC_ARTIC_Unknown,19735,4389,1402,45,12,1,5848,0.6439909637816355,True,False,False,False,False,True,0.8444711023294851
PHEC_ARTIC_Unknown,19738,4428,1417,47,14,1,5906,0.8817293348896661,True,False,False,False,False,True,1.0
PHEC_ARTIC_Unknown,19999,936,966,26,6,1,1934,0.00027292804182146684,True,False,False,False,False,True,0.002247512700667464
PHEC_ARTIC_Unknown,20518,9745,420,128,2,1,10295,0.17938613539147635,True,False,False,False,False,True,0.36750768698813646
PHEC_ARTIC_Unknown,20578,26864,2205,492,13,3,29574,2.2193700709822833e-06,True,False,False,False,False,True,2.744193753421255e-05
PHEC_ARTIC_Unknown,20623,11487,2023,88,6,1,13604,0.018962412196102472,True,False,False,False,False,True,0.06728747914226939
PHEC_ARTIC_Unknown,20632,11762,2369,117,13,1,14261,0.043685823666014166,True,False,False,False,False,True,0.1286849606613654
PHEC_ARTIC_Unknown,20853,11445,6317,187,91,1,18040,0.3439458590458405,True,False,False,False,False,True,0.5755539920191194
PHEC_ARTIC_Unknown,21046,5480,11173,141,288,2,17082,1.0,True,False,False,False,False,True,1.0
PHEC_ARTIC_Unknown,22644,2045,1247,27,8,1,3327,0.07950005591891952,True,False,False,False,False,True,0.20340014306802806
PHEC_ARTIC_Unknown,22706,3089,2389,36,11,1,5525,0.004876262983395171,True,False,False,False,False,True,0.022770536947598802
PHEC_ARTIC_Unknown,22859,2119,11508,33,320,2,13980,0.0009704572922684456,True,False,False,False,False,True,0.0063367901524045535
PHEC_ARTIC_Unknown,22992,1397,1042,56,11,1,2506,7.664260909296575e-06,True,False,False,False,False,True,8.708998150563818e-05
PHEC_ARTIC_Unknown,23294,7771,5419,277,105,2,13572,5.991334404212064e-08,True,False,False,False,False,True,8.704552984405241e-07
PHEC_ARTIC_Unknown,23417,1180,4795,21,62,1,6058,0.21238264087206632,True,False,False,False,False,True,0.414574176136068
PHEC_ARTIC_Unknown,23478,3493,4282,109,23,1,7907,1.2856301413723047e-18,True,False,False,False,False,True,4.7981132248647116e-17
PHEC_ARTIC_Unknown,23547,8283,849,131,10,1,9273,0.46364035804381765,True,False,False,False,False,True,0.6959737920746311
PHEC_ARTIC_Unknown,23675,2816,4182,27,27,1,7052,0.16396934763729287,True,False,False,False,False,True,0.34561000320648055
PHEC_ARTIC_Unknown,23755,562,10990,6,104,1,11662,0.6582734337653583,True,False,False,False,False,True,0.854180647067776
PHEC_ARTIC_Unknown,23841,1504,74,36,2,1,1616,0.698574627379418,True,False,False,True,False,True,0.8878237274910799
PHEC_ARTIC_Unknown,23900,4343,322,94,2,3,4761,0.06436555140692193,True,False,False,False,False,True,0.17248950139878685
PHEC_ARTIC_Unknown,24102,2436,1828,54,10,1,4328,5.130942298195623e-06,True,False,False,False,False,True,5.9807086730830354e-05
PHEC_ARTIC_Unknown,24197,4872,1141,65,6,1,6084,0.021555584688859982,True,False,False,False,False,True,0.07393263065221481
PHEC_ARTIC_Unknown,24497,1406,546,56,6,2,2014,0.0007721643907410767,True,False,False,False,False,True,0.005260566030351092
PHEC_ARTIC_Unknown,24755,13465,1039,186,7,1,14697,0.06512007371022674,True,False,False,False,False,True,0.17416729773386086
PHEC_ARTIC_Unknown,24867,4009,5578,48,40,1,9675,0.017052204394418687,True,False,False,False,False,True,0.0621580353732036
PHEC_ARTIC_Unknown,25019,3828,7524,59,22,1,11433,1.0079665273314576e-12,True,False,False,False,False,True,2.4262768243694495e-11
PHEC_ARTIC_Unknown,25049,5429,3569,66,31,1,9095,0.1436572712961976,True,False,False,False,False,True,0.31640377890250776
PHEC_ARTIC_Unknown,25061,5957,1481,54,4,1,7496,0.01195040878511898,True,False,False,False,False,True,0.04674448359410001
PHEC_ARTIC_Unknown,25273,1150,8219,103,794,3,10266,0.52183194044777,True,False,False,False,False,True,0.7466803847138687
PHEC_ARTIC_Unknown,25302,2565,1049,39,10,1,3663,0.2074408122775119,True,False,False,False,False,True,0.4068800503109539
PHEC_ARTIC_Unknown,25311,3788,799,62,5,1,4654,0.03303371727677318,True,False,False,False,False,True,0.10388230205199131
PHEC_ARTIC_Unknown,25352,39988,2322,1016,44,3,43370,0.06401813555264382,True,False,False,False,False,True,0.17181320791216204
PHEC_ARTIC_Unknown,25354,7211,337,63,2,1,7613,1.0,True,False,False,True,False,True,1.0
PHEC_ARTIC_Unknown,25395,12977,1718,62,12,2,14769,0.20786183696384355,True,False,False,False,False,True,0.40750937482839306
PHEC_ARTIC_Unknown,25660,5733,1698,158,26,2,7615,0.004229518293555744,True,False,False,False,False,True,0.020265819102691124
PHEC_ARTIC_Unknown,25996,7844,761,100,1,1,8706,0.0020458843987867176,True,False,False,False,False,True,0.011463715887416485
PHEC_ARTIC_Unknown,26284,1036,5091,18,35,1,6180,0.0026502926647777383,True,False,False,False,False,True,0.014020013732530352
PHEC_ARTIC_Unknown,26553,3516,531,35,0,1,4082,0.011021543830179323,True,False,True,True,False,True,0.043742088098701934
PHEC_ARTIC_Unknown,26581,13704,879,259,4,2,14846,0.0008334034544590358,True,False,False,False,False,True,0.0056130550542042345
PHEC_ARTIC_Unknown,26849,923,6797,6,68,1,7794,0.3708334728202268,True,False,False,False,False,True,0.6019754858071358
PHEC_ARTIC_Unknown,27030,3493,1569,48,7,1,5117,0.0029220186110394666,True,False,False,False,False,True,0.015123119223547773
PHEC_ARTIC_Unknown,27165,4060,4814,77,26,1,8977,3.350994425790742e-09,True,False,False,False,False,True,5.703700972433782e-08
PHEC_ARTIC_Unknown,27188,8350,3371,154,30,1,11905,0.0001387118456969707,True,False,False,False,False,True,0.0012083078978485583
PHEC_ARTIC_Unknown,27214,10203,834,109,3,1,11149,0.04714345118043396,True,False,False,False,False,True,0.13630388017200096
PHEC_ARTIC_Unknown,27226,10305,1040,152,7,1,11504,0.03645677729922236,True,False,False,False,False,True,0.1126090888786914
PHEC_ARTIC_Unknown,27478,370,7105,3,59,1,7537,1.0,True,False,False,True,False,True,1.0
PHEC_ARTIC_Unknown,27890,4048,402,1,0,1,4451,1.0,True,False,True,True,False,True,1.0
PHEC_ARTIC_Unknown,28797,1144,296,35,2,1,1477,0.021058492689191417,True,False,False,False,False,True,0.07259826123697516
PHEC_ARTIC_Unknown,29041,2756,783,54,30,1,3623,0.0050962094178577475,True,False,False,False,False,True,0.02358518761302084
PHEC_ARTIC_Unknown,29081,4925,499,90,3,1,5517,0.04458400001114686,True,False,False,False,False,True,0.1309514166392386
PHEC_ARTIC_Unknown,29111,4798,794,78,2,1,5672,0.0009480993705558041,True,False,False,False,False,True,0.006210737905669905
PHEC_ARTIC_Unknown,475,15305,7424,797,546,1,24072,2.6917018134240845e-09,True,False,False,False,False,True,4.679420075644947e-08
PHEC_ARTIC_Unknown,1050,6671,1643,194,52,1,8560,0.5707590058969498,True,False,False,False,False,True,0.7889390540226953
PHEC_ARTIC_Unknown,1135,4244,3799,585,292,1,8920,2.294486560985476e-15,True,False,False,False,False,True,6.57321924654149e-14
PHEC_ARTIC_Unknown,1140,13076,15837,199,303,3,29415,0.012834922651519505,True,False,False,False,False,True,0.04963162105169329
PHEC_ARTIC_Unknown,1473,3525,3996,164,197,2,7882,0.6270923972726998,True,False,False,False,False,True,0.8332041627220144
PHEC_ARTIC_Unknown,1633,1171,84,81,2,1,1338,0.16335638632407573,True,False,False,False,False,True,0.34520631728318063
PHEC_ARTIC_Unknown,1695,1376,287,34,0,1,1697,0.003949447809664107,True,False,True,False,False,True,0.019241142143369565
PHEC_ARTIC_Unknown,1841,866,3011,25,149,3,4051,0.01148050723594718,True,False,False,False,False,True,0.04525455759286155
PHEC_ARTIC_Unknown,1930,76,676,1,23,1,776,0.4999300817132387,True,True,False,True,False,True,0.7281458639650393
PHEC_ARTIC_Unknown,4058,48,195,1,11,1,255,0.47146875073884403,True,True,False,True,False,True,0.7022830018328882
PHEC_ARTIC_Unknown,4893,2273,2388,78,253,2,4992,8.647691697031489e-20,True,False,False,False,False,True,3.4154184294683588e-18
PHEC_ARTIC_Unknown,5183,578,2559,14,67,2,3218,0.8851303325334661,True,False,False,False,False,True,1.0
PHEC_ARTIC_Unknown,5325,12458,657,363,24,2,13502,0.28780667500906565,True,False,False,False,False,True,0.5103738247327284
PHEC_ARTIC_Unknown,5469,4497,2013,128,49,1,6687,0.4094330710279984,True,False,False,False,False,True,0.6390924914648974
PHEC_ARTIC_Unknown,5991,1160,266,15,6,1,1447,0.25944437661172853,True,False,False,True,False,True,0.47180139653844955
PHEC_ARTIC_Unknown,6208,811,1022,7,34,1,1874,0.0003732931898778436,True,False,False,False,False,True,0.002909112445254919
PHEC_ARTIC_Unknown,7471,1260,457,100,35,1,1852,0.9195898018437394,True,False,False,False,False,True,1.0
PHEC_ARTIC_Unknown,7707,9164,984,109,4,1,10261,0.023690329706727464,True,False,False,False,False,True,0.08017659005571326
PHEC_ARTIC_Unknown,7791,5041,2432,381,150,1,8004,0.04354048760279133,True,False,False,False,False,True,0.12853606935279763
PHEC_ARTIC_Unknown,8321,10578,1313,178,14,1,12083,0.10379649847547291,True,False,False,False,False,True,0.24808704806006102
PHEC_ARTIC_Unknown,11001,122,1312,3,104,1,1541,0.04099403293593497,True,False,False,False,False,True,0.12343725091294111
PHEC_ARTIC_Unknown,11202,9633,15611,2474,5135,2,32853,2.4163862080278067e-19,True,False,False,False,False,True,9.36177056595916e-18
PHEC_ARTIC_Unknown,12202,649,10614,9,230,1,11502,0.2574884005426872,True,False,False,False,False,True,0.47015230652867274
PHEC_ARTIC_Unknown,13260,13511,45686,560,1595,1,61352,0.0006949608743162725,True,False,False,False,False,True,0.00489737411319907
PHEC_ARTIC_Unknown,14005,5384,520,158,11,1,6073,0.33609790146277774,True,False,False,False,False,True,0.5665549527345487
PHEC_ARTIC_Unknown,14522,1743,31924,62,1142,1,34871,1.0,True,False,False,False,False,True,1.0
PHEC_ARTIC_Unknown,14565,1570,13953,11,241,1,15775,0.001391752953138409,True,False,False,False,False,True,0.008412557226399773
PHEC_ARTIC_Unknown,15933,6400,845,67,11,3,7323,0.47848729678098556,True,False,False,False,False,True,0.7093609049945515
PHEC_ARTIC_Unknown,16323,84,173,6,6,1,269,0.22438785210306425,True,True,False,True,False,True,0.43158854957695764
PHEC_ARTIC_Unknown,16768,844,12991,6,152,2,13993,0.31201629392168106,True,False,False,False,False,True,0.539431484774075
PHEC_ARTIC_Unknown,16853,2087,123,66,9,1,2285,0.037120099556329667,True,False,False,True,False,True,0.1140517862501126
PHEC_ARTIC_Unknown,16913,932,990,19,25,1,1966,0.5431871261642446,True,False,False,False,False,True,0.7658460291388164
PHEC_ARTIC_Unknown,16945,1025,1196,18,11,1,2250,0.09445540301680674,True,False,False,False,False,True,0.2317518573415982
PHEC_ARTIC_Unknown,17048,1392,4593,20,126,3,6131,0.005270148186792004,True,False,False,False,False,True,0.02402575189440144
PHEC_ARTIC_Unknown,17167,65513,12363,921,262,5,79059,2.4303219888049932e-08,True,False,False,False,False,True,3.7028276593478326e-07
PHEC_ARTIC_Unknown,18461,8115,9147,582,724,1,18568,0.08977701345032038,True,False,False,False,False,True,0.22306569226483403
PHEC_ARTIC_Unknown,20095,49,113,5,24,1,191,0.18334654782899673,True,True,False,False,False,True,0.37292687828417936
PHEC_ARTIC_Unknown,21516,111,15,8,1,1,135,1.0,True,True,False,True,False,True,1.0
PHEC_ARTIC_Unknown,23235,15472,1415,465,48,1,17400,0.4193770465901071,True,False,False,False,False,True,0.6494152124761842
PHEC_ARTIC_Unknown,23257,20508,5321,476,75,2,26380,2.9952211707730584e-05,True,False,False,False,False,True,0.0003061447166508744
PHEC_ARTIC_Unknown,23412,3909,14138,159,422,1,18628,0.0015305968100938422,True,False,False,False,False,True,0.009103023133716009
PHEC_ARTIC_Unknown,23555,5748,806,172,46,1,6772,0.00036050268605553433,True,False,False,False,False,True,0.0028311292024592928
PHEC_ARTIC_Unknown,23802,142,2365,2,36,1,2545,1.0,True,False,False,True,False,True,1.0
PHEC_ARTIC_Unknown,23804,155,2187,1,136,1,2479,0.0018104032085177737,True,False,False,False,False,True,0.010352015435949422
PHEC_ARTIC_Unknown,25126,711,1108,26,45,1,1890,0.7114985328535762,True,False,False,False,False,True,0.8974809400459994
PHEC_ARTIC_Unknown,25466,7355,7537,552,639,1,16083,0.04364904769510891,True,False,False,False,False,True,0.1286849606613654
PHEC_ARTIC_Unknown,25521,21113,23745,748,2911,4,48517,3.295810017703695e-229,True,False,False,False,False,True,2.2345591920031054e-226
PHEC_ARTIC_Unknown,25563,2856,15508,344,793,1,19501,3.625534856186172e-33,True,False,False,False,False,True,2.2346478477220224e-31
PHEC_ARTIC_Unknown,26681,14601,6777,314,135,5,21827,0.4734964759953608,True,False,False,False,False,True,0.7040144972036285
PHEC_ARTIC_Unknown,26958,1001,164,31,9,2,1205,0.16405838694350608,True,False,False,False,False,True,0.3456186007696441
PHEC_ARTIC_Unknown,27016,727,316,20,7,2,1070,0.8320490271472094,True,False,False,False,False,True,0.9819948825484742
PHEC_ARTIC_Unknown,27059,98,102,8,8,1,216,1.0,True,True,False,False,False,True,1.0
PHEC_ARTIC_Unknown,27367,2488,1937,60,66,1,4551,0.05647085345979436,True,False,False,False,False,True,0.15585036083747858
PHEC_ARTIC_Unknown,27836,4868,32,228,0,2,5128,0.4005187464356639,True,False,True,True,False,True,0.6305380265093965
PHEC_ARTIC_Unknown,29120,861,165,48,18,1,1092,0.025881474643369803,True,False,False,False,False,True,0.0860881756739398
PHEC_ARTIC_Unknown,29185,383,362,62,55,1,862,0.7661997606741886,True,True,False,False,False,True,0.937977919477159
PHEC_ARTIC_Unknown,29218,1134,3361,25,120,4,4640,0.031544206004006335,True,False,False,False,False,True,0.10025142970648264
PHEC_ARTIC_Unknown,29274,591,2539,47,401,3,3578,6.4672886916289496e-06,True,False,False,False,False,True,7.390148988074878e-05
PHEC_ARTIC_Unknown,29580,1511,550,27,28,1,2116,0.00017475808047374362,True,False,False,False,False,True,0.0014966649923519768
PHEC_ARTIC_Unknown,698,3791,6915,46,43,1,10795,0.0017768116530451302,True,False,False,False,False,True,0.010281749366411934
PHEC_ARTIC_Unknown,12331,7865,12553,129,155,4,20702,0.01960259279982808,True,False,False,False,False,True,0.06898213452396249
PHEC_ARTIC_Unknown,24410,17133,64952,17795,16219,39,116099,0.0,False,False,False,False,False,False,0.0
PHEC_ARTIC_Unknown,28093,2805,13230,11,113,1,16159,0.008812540402310092,True,False,False,False,False,True,0.03636138774680263
PHEC_ARTIC_Unknown,389,36360,706,876,11,1,37953,0.16963983969056362,True,False,False,False,False,True,0.35353220689611314
PHEC_ARTIC_Unknown,578,11721,22615,299,863,1,35498,1.3135306791489017e-09,True,False,False,False,False,True,2.3748634679012142e-08
PHEC_ARTIC_Unknown,815,35830,16348,738,502,3,53418,2.0925176407313886e-11,True,False,False,False,False,True,4.527852001327281e-10
PHEC_ARTIC_Unknown,871,11230,16715,266,704,1,28915,3.5941224637037647e-16,True,False,False,False,False,True,1.124683860180532e-14
PHEC_ARTIC_Unknown,919,4336,30314,296,1221,1,36167,4.804593671677984e-14,True,False,False,False,False,True,1.2834770619141798e-12
PHEC_ARTIC_Unknown,1113,7718,7347,259,313,1,15637,0.005579759201602218,True,False,False,False,False,True,0.025053488335670886
PHEC_ARTIC_Unknown,1354,5923,548,131,2,1,6604,0.001297573347320444,True,False,False,False,False,True,0.007913835647525588
PHEC_ARTIC_Unknown,1355,5851,543,124,4,1,6522,0.023940023057086916,True,False,False,False,False,True,0.0808199284616013
PHEC_ARTIC_Unknown,1451,3819,3384,102,80,1,7385,0.4522600303836114,True,False,False,False,False,True,0.6836840593090046
PHEC_ARTIC_Unknown,1772,3586,3358,249,181,3,7374,0.012816364317777475,True,False,False,False,False,True,0.04960701241172099
PHEC_ARTIC_Unknown,1793,1267,2332,25,92,1,3716,0.0015586509444057298,True,False,False,False,False,True,0.009202600931556617
PHEC_ARTIC_Unknown,1853,294,4170,0,39,1,4503,0.17836209938302544,True,False,True,True,False,True,0.3660832594803973
PHEC_ARTIC_Unknown,2014,235,84,6,3,1,328,0.703878060096439,True,True,False,True,False,True,0.891184546676724
PHEC_ARTIC_Unknown,2246,4913,2842,61,8,3,7824,6.369448114609907e-06,True,False,False,False,False,True,7.298849276122001e-05
PHEC_ARTIC_Unknown,2389,1680,1452,48,49,1,3229,0.46960762232655406,True,False,False,False,False,True,0.7002799881321194
PHEC_ARTIC_Unknown,4145,16358,543,338,7,1,17246,0.2766507450342437,True,False,False,False,False,True,0.4946880135381553
PHEC_ARTIC_Unknown,4550,3678,4776,235,171,1,8860,1.53523783113016e-08,True,False,False,False,False,True,2.3746568429800346e-07
PHEC_ARTIC_Unknown,4590,975,10397,22,231,1,11625,0.9096329508714847,True,False,False,False,False,True,1.0
PHEC_ARTIC_Unknown,4826,3267,6420,52,241,1,9980,2.3164431129174022e-09,True,False,False,False,False,True,4.061763182477583e-08
PHEC_ARTIC_Unknown,4883,2782,4958,71,151,1,7962,0.2559746259351016,True,False,False,False,False,True,0.46904169335915946
PHEC_ARTIC_Unknown,4890,2495,4193,107,448,1,7243,9.246210882990368e-19,True,False,False,False,False,True,3.4827394325930384e-17
PHEC_ARTIC_Unknown,5184,1909,6194,74,347,5,8524,0.0044447778162705134,True,False,False,False,False,True,0.02107384167434551
PHEC_ARTIC_Unknown,5262,35,756,1,52,1,844,0.7209670053844083,True,True,False,True,False,True,0.9054936023166943
PHEC_ARTIC_Unknown,5338,6696,371,178,13,1,7258,0.3246702179437917,True,False,False,False,False,True,0.5544745787553924
PHEC_ARTIC_Unknown,6214,1524,2721,9,46,1,4300,0.0025694959949038657,True,False,False,False,False,True,0.013735492388001215
PHEC_ARTIC_Unknown,6642,17397,10521,962,270,1,29150,3.279286341976785e-31,True,False,False,False,False,True,1.9333531650958784e-29
PHEC_ARTIC_Unknown,6782,3243,15057,42,312,1,18654,0.0037625490707753643,True,False,False,False,False,True,0.018620498321063484
PHEC_ARTIC_Unknown,6880,814,180,21,3,1,1018,0.5998181140116954,True,False,False,True,False,True,0.8130823351548074
PHEC_ARTIC_Unknown,7469,1882,672,37,11,1,2602,0.7406810467131626,True,False,False,False,False,True,0.918345168555058
PHEC_ARTIC_Unknown,7488,1502,1113,18,18,1,2651,0.39902141957254544,True,False,False,False,False,True,0.6290780820306099
PHEC_ARTIC_Unknown,7522,1148,1456,29,39,1,2672,0.9016769134724509,True,False,False,False,False,True,1.0
PHEC_ARTIC_Unknown,8016,32387,1230,439,37,3,34093,2.5707078617565216e-05,True,False,False,False,False,True,0.0002667765199394268
PHEC_ARTIC_Unknown,8251,559,14730,3,333,1,15625,0.004212566658965053,True,False,False,False,False,True,0.020208397604563482
PHEC_ARTIC_Unknown,8358,9831,882,292,25,1,11030,0.9174193250820408,True,False,False,False,False,True,1.0
PHEC_ARTIC_Unknown,8535,2985,16077,49,507,3,19618,3.1637037477493163e-06,True,False,False,False,False,True,3.853277498755754e-05
PHEC_ARTIC_Unknown,8590,839,15265,9,233,2,16346,0.3796720181787874,True,False,False,False,False,True,0.6095129321039097
PHEC_ARTIC_Unknown,9049,9934,7366,661,175,1,18136,5.55711141940363e-38,True,False,False,False,False,True,4.186357269284068e-36
PHEC_ARTIC_Unknown,9303,1085,85,26,3,2,1199,0.4661295279350518,True,False,False,True,False,True,0.6981645506773898
PHEC_ARTIC_Unknown,9666,1201,1092,17,35,2,2345,0.007086177252724804,True,False,False,False,False,True,0.030343756909562633
PHEC_ARTIC_Unknown,9891,21282,4363,1003,43,4,26691,5.3725801088627155e-37,True,False,False,False,False,True,3.704348454720937e-35
PHEC_ARTIC_Unknown,9985,3474,3844,122,147,1,7587,0.5342397011792659,True,False,False,False,False,True,0.7559259493555665
PHEC_ARTIC_Unknown,10181,16095,1566,612,58,1,18331,0.9447427795006271,True,False,False,False,False,True,1.0
PHEC_ARTIC_Unknown,10318,4313,11045,202,332,1,15892,2.009077932191282e-06,True,False,False,False,False,True,2.5070334442190598e-05
PHEC_ARTIC_Unknown,11222,12062,14186,655,382,1,27285,1.3385486945407091e-27,True,False,False,False,False,True,7.164758012357374e-26
PHEC_ARTIC_Unknown,11418,9373,1316,369,88,5,11146,3.651032944342967e-05,True,False,False,False,False,True,0.0003631394136329386
PHEC_ARTIC_Unknown,11514,8038,3372,1,1,4,11412,0.5037910855413033,True,False,False,True,False,True,0.7310680404781176
PHEC_ARTIC_Unknown,11957,22429,1242,671,30,1,24372,0.30042933480084943,True,False,False,False,False,True,0.5245264094291225
PHEC_ARTIC_Unknown,12049,7103,11387,218,542,1,19250,3.726983409508647e-08,True,False,False,False,False,True,5.473418234614143e-07
PHEC_ARTIC_Unknown,12337,988,2131,58,120,1,3297,0.80413572668008,True,False,False,False,False,True,0.9614990254950658
PHEC_ARTIC_Unknown,12363,884,2744,15,50,1,3693,0.8849003218563706,True,False,False,False,False,True,1.0
PHEC_ARTIC_Unknown,12932,2170,4042,31,130,1,6373,2.2810924224083282e-05,True,False,False,False,False,True,0.0002404011392320487
PHEC_ARTIC_Unknown,13310,979,21267,45,1073,1,23364,0.6003925371410153,True,False,False,False,False,True,0.8135898871051467
PHEC_ARTIC_Unknown,13655,6292,129,492,3,1,6916,0.0249843210598917,True,False,False,False,False,True,0.08351373711720578
PHEC_ARTIC_Unknown,14417,19734,13139,627,413,1,33913,0.8723628037514031,True,False,False,False,False,True,1.0
PHEC_ARTIC_Unknown,14694,9605,4099,96,64,1,13864,0.007025083764061512,True,False,False,False,False,True,0.030145612607808257
PHEC_ARTIC_Unknown,14720,7293,7365,185,114,1,14957,3.194614458463937e-05,True,False,False,False,False,True,0.0003235697288766409
PHEC_ARTIC_Unknown,14760,6366,12903,56,202,1,19527,7.841789262147118e-05,True,False,False,False,False,True,0.0007233650503041831
PHEC_ARTIC_Unknown,14799,2589,15906,30,149,1,18674,0.28003980393356875,True,False,False,False,False,True,0.4994309173177368
PHEC_ARTIC_Unknown,14810,2386,16643,10,83,1,19122,0.7531631368266389,True,False,False,False,False,True,0.9307620529148205
PHEC_ARTIC_Unknown,15536,32660,1574,474,10,1,34718,0.005728931410521704,True,False,False,False,False,True,0.02559861733559692
PHEC_ARTIC_Unknown,15563,52222,3935,317,17,1,56491,0.19614567507248315,True,False,False,False,False,True,0.3920985779827329
PHEC_ARTIC_Unknown,15661,31603,15750,1344,601,1,49298,0.03059558914549699,True,False,False,False,False,True,0.09777129351443971
PHEC_ARTIC_Unknown,15682,47199,34714,581,569,2,83063,1.4979016011875086e-06,True,False,False,False,False,True,1.898275300196506e-05
PHEC_ARTIC_Unknown,16308,756,1248,0,0,1,2004,1.0,True,False,True,True,False,True,1.0
PHEC_ARTIC_Unknown,16517,12299,894,725,33,1,13951,0.008461760831775328,True,False,False,False,False,True,0.035089136660205945
PHEC_ARTIC_Unknown,16646,3283,9708,71,264,1,13326,0.09722335087685663,True,False,False,False,False,True,0.2362903176536048
PHEC_ARTIC_Unknown,16731,1649,8193,45,337,1,10224,0.009346639859091857,True,False,False,False,False,True,0.03802213094678568
PHEC_ARTIC_Unknown,17205,37891,9453,908,172,1,48424,0.0009000714294329778,True,False,False,False,False,True,0.005963339698588524
PHEC_ARTIC_Unknown,17900,247,673,8,61,1,989,0.00406766347872183,True,True,False,False,False,True,0.019715118806282197
PHEC_ARTIC_Unknown,18086,33542,8351,11,11,3,41915,0.0015516711469886807,True,False,False,True,False,True,0.009174706723764468
PHEC_ARTIC_Unknown,18136,29102,15790,806,377,2,46075,0.018988698637002276,True,False,False,False,False,True,0.06728747914226939
PHEC_ARTIC_Unknown,18445,31449,22516,491,409,1,54865,0.02672465066851757,True,False,False,False,False,True,0.08838689343051177
PHEC_ARTIC_Unknown,18525,11183,34894,342,804,1,47223,2.1176629382428263e-05,True,False,False,False,False,True,0.00022551447206208946
PHEC_ARTIC_Unknown,18847,10369,28588,215,568,1,39740,0.5957109068244878,True,False,False,False,False,True,0.8109246891149497
PHEC_ARTIC_Unknown,19370,172,209,6,7,1,394,1.0,True,True,False,False,False,True,1.0
PHEC_ARTIC_Unknown,19623,3499,138,102,1,1,3740,0.18415062096057588,True,False,False,True,False,True,0.374125592012114
PHEC_ARTIC_Unknown,19626,3498,141,157,5,1,3801,0.8335776808778853,True,False,False,False,False,True,0.983181793508622
PHEC_ARTIC_Unknown,19645,3631,314,164,8,1,4117,0.1447514897985785,True,False,False,False,False,True,0.3181112524382071
PHEC_ARTIC_Unknown,19677,3487,542,161,17,1,4207,0.14320520886320398,True,False,False,False,False,True,0.31557897597806817
PHEC_ARTIC_Unknown,20016,368,700,14,37,1,1119,0.3651405068972227,True,False,False,False,False,True,0.5960640377439415
PHEC_ARTIC_Unknown,20044,419,866,15,31,1,1331,1.0,True,False,False,False,False,True,1.0
PHEC_ARTIC_Unknown,20060,413,826,13,11,1,1263,0.04735513931896977,True,False,False,False,False,True,0.13676505288542395
PHEC_ARTIC_Unknown,20062,426,811,9,12,1,1258,0.48871604087689846,True,False,False,False,False,True,0.7187812918981045
PHEC_ARTIC_Unknown,20302,431,76,19,3,1,529,1.0,True,True,False,True,False,True,1.0
PHEC_ARTIC_Unknown,20372,286,298,9,12,1,605,0.6600881304983951,True,True,False,False,False,True,0.8554439359246483
PHEC_ARTIC_Unknown,21310,88,244,0,10,1,342,0.0697733986510648,True,True,True,True,False,True,0.18312141013711716
PHEC_ARTIC_Unknown,22649,8128,4493,98,73,1,12792,0.06423608936632963,True,False,False,False,False,True,0.17225603924998611
PHEC_ARTIC_Unknown,22680,17460,9075,180,110,2,26825,0.1914149503416943,True,False,False,False,False,True,0.38453136690864814
PHEC_ARTIC_Unknown,22681,13227,7056,148,104,1,20535,0.033390446184073934,True,False,False,False,False,True,0.10464641282859269
PHEC_ARTIC_Unknown,22763,5216,8800,397,579,1,14992,0.031221473203900618,True,False,False,False,False,True,0.09938102738143013
PHEC_ARTIC_Unknown,22792,6623,26841,3,48,3,33515,0.008121270018462969,True,False,False,False,False,True,0.03388443736934088
PHEC_ARTIC_Unknown,23074,240,379,31,20,1,670,0.002764702501142515,True,True,False,False,False,True,0.014456378242501117
PHEC_ARTIC_Unknown,23134,3548,60,19,28,1,3655,2.2008144981408268e-35,True,False,False,True,False,True,1.4676907177765384e-33
PHEC_ARTIC_Unknown,23223,60401,3699,468,39,2,64607,0.06925014413863152,True,False,False,False,False,True,0.1821005729514887
PHEC_ARTIC_Unknown,23363,20747,29522,546,585,2,51400,2.9166774060631166e-06,True,False,False,False,False,True,3.563076182541969e-05
PHEC_ARTIC_Unknown,23375,12037,21626,525,685,1,34873,7.803405758442374e-08,True,False,False,False,False,True,1.1138334956260904e-06
PHEC_ARTIC_Unknown,23389,10277,24435,158,645,1,35515,3.0285739435665454e-10,True,False,False,False,False,True,5.866780382108908e-09
PHEC_ARTIC_Unknown,23533,10586,712,343,32,1,11673,0.08536133455343309,True,False,False,False,False,True,0.2156831732691713
PHEC_ARTIC_Unknown,23867,1534,44,114,3,1,1695,1.0,True,False,False,True,False,True,1.0
PHEC_ARTIC_Unknown,23996,398,576,3,18,1,995,0.013202963638552244,True,True,False,False,False,True,0.0508614167439683
PHEC_ARTIC_Unknown,24390,457,12028,9,212,1,12706,0.7163041792549836,True,False,False,False,False,True,0.9013069598543995
PHEC_ARTIC_Unknown,24732,31669,759,696,10,1,33134,0.12762175692460664,True,False,False,False,False,True,0.2889851275716247
PHEC_ARTIC_Unknown,24900,9477,25474,223,749,1,35923,0.0037876318614811005,True,False,False,False,False,True,0.01868700455057354
PHEC_ARTIC_Unknown,26010,1178,121,25,1,1,1325,0.5042716129748274,True,False,False,True,False,True,0.7310680404781176
PHEC_ARTIC_Unknown,26256,681,1090,14,5,1,1790,0.00319462590807247,True,False,False,False,False,True,0.016305819565920712
PHEC_ARTIC_Unknown,26356,570,248,17,5,1,840,0.637961221535976,True,True,False,False,False,True,0.8392770416085388
PHEC_ARTIC_Unknown,26428,244,546,17,18,1,825,0.039397437963915205,True,True,False,False,False,True,0.11969288845198435
PHEC_ARTIC_Unknown,26577,12521,1673,192,18,2,14404,0.16125029323889628,True,False,False,False,False,True,0.3419832841287893
PHEC_ARTIC_Unknown,26646,7531,1276,146,29,1,8982,0.44774666147419273,True,False,False,False,False,True,0.6788208481009036
PHEC_ARTIC_Unknown,26721,3340,4548,52,78,1,8018,0.6547147916239988,True,False,False,False,False,True,0.8516314262018048
PHEC_ARTIC_Unknown,26909,4185,178,63,5,2,4431,0.203701454682469,True,False,False,True,False,True,0.4024562980321923
PHEC_ARTIC_Unknown,27143,43,1097,0,26,1,1166,0.620819770716319,True,False,True,True,False,True,0.8299125027652267
PHEC_ARTIC_Unknown,27232,9687,1028,335,44,1,11094,0.1851477104363139,True,False,False,False,False,True,0.375464050874838
PHEC_ARTIC_Unknown,27427,1169,11177,29,284,1,12659,1.0,True,False,False,False,False,True,1.0
PHEC_ARTIC_Unknown,27505,125,5271,6,306,1,5708,0.845409256932356,True,False,False,False,False,True,0.9928189541572818
PHEC_ARTIC_Unknown,27834,6697,69,116,0,1,6882,0.6323775117625093,True,False,True,True,False,True,0.8361926656272021
PHEC_ARTIC_Unknown,27987,3801,5166,195,198,1,9360,0.004881000053664247,True,False,False,False,False,True,0.022770536947598802
PHEC_ARTIC_Unknown,28479,12576,736,373,16,1,13701,0.25891196963190966,True,False,False,False,False,True,0.47104378017111287
PHEC_ARTIC_Unknown,28480,12526,740,375,16,1,13657,0.2602547836845658,True,False,False,False,False,True,0.4726412767985775
PHEC_ARTIC_Unknown,28613,1801,8090,199,347,1,10437,1.890309526573731e-22,True,False,False,False,False,True,8.544199060113264e-21
PHEC_ARTIC_Unknown,28627,1815,7786,44,243,1,9888,0.1448235102053981,True,False,False,False,False,True,0.3181112524382071
PHEC_ARTIC_Unknown,28944,144,711,12,25,1,892,0.02430798487277308,True,True,False,False,False,True,0.08185834640930538
PHEC_ARTIC_Unknown,29234,350,1405,18,63,1,1836,0.5733624729953863,True,False,False,False,False,True,0.7914620088718125
PHEC_ARTIC_Unknown,29453,2856,1012,99,38,1,4005,0.6928003105783067,True,False,False,False,False,True,0.8837603209258551
PHEC_ARTIC_Unknown,1693,2253,1092,45,8,1,3398,0.0070668553419947905,True,False,False,False,False,True,0.030292905723113602
PHEC_ARTIC_Unknown,2658,5404,2328,41,31,3,7804,0.020229917572056895,True,False,False,False,False,True,0.07070043357656998
PHEC_ARTIC_Unknown,28376,476,4130,0,4,1,4610,1.0,True,False,True,True,False,True,1.0
PHEC_ARTIC_Unknown,28416,2272,3289,0,0,1,5561,1.0,True,False,True,True,False,True,1.0
PHEC_ARTIC_Unknown,1218,2688,7398,4,32,3,10122,0.036702308192085066,True,False,False,False,False,True,0.11319559493965281
PHEC_ARTIC_Unknown,1499,3304,3875,6,8,2,7193,1.0,True,False,False,False,False,True,1.0
PHEC_ARTIC_Unknown,1884,1538,4645,1139,1200,2,8522,2.1938547112315358e-95,True,False,False,False,False,True,4.249809983471375e-93
PHEC_ARTIC_Unknown,10189,6485,2506,0,0,2,8991,1.0,True,False,True,True,False,True,1.0
PHEC_ARTIC_Unknown,20014,1275,2513,0,0,2,3788,1.0,True,False,True,True,False,True,1.0
PHEC_ARTIC_Unknown,21638,1086,2561,0,3,2,3650,0.5593475901685048,True,False,True,True,False,True,0.7793724537599159
PHEC_ARTIC_Unknown,22984,820,355,0,0,2,1175,1.0,True,False,True,True,False,True,1.0
PHEC_ARTIC_Unknown,25902,481,2502,3,20,1,3006,1.0,True,False,False,True,False,True,1.0
PHEC_ARTIC_Unknown,28704,922,1768,11,24,1,2725,0.8581805951367942,True,False,False,False,False,True,1.0
PHEC_ARTIC_Unknown,1067,12594,6316,522,113,3,19545,6.113955200235074e-18,True,False,False,False,False,True,2.1257751926971182e-16
PHEC_ARTIC_Unknown,1095,3745,3045,34,14,1,6838,0.02952492278500446,True,False,False,False,False,True,0.09502166605173903
PHEC_ARTIC_Unknown,1810,2552,6623,29,94,2,9298,0.3614053391833102,True,False,False,False,False,True,0.5924091035714637
PHEC_ARTIC_Unknown,1917,695,2981,3,25,1,3704,0.33915836328620796,True,False,False,False,False,True,0.5703580908839578
PHEC_ARTIC_Unknown,3140,776,5873,8,83,2,6740,0.5095595777397376,True,False,False,False,False,True,0.7363724199805515
PHEC_ARTIC_Unknown,3248,15937,4403,544,138,2,21022,0.39477642331464685,True,False,False,False,False,True,0.6249459354138867
PHEC_ARTIC_Unknown,3376,6370,5021,91,41,1,11523,0.0026412436731911076,True,False,False,False,False,True,0.014008577917263919
PHEC_ARTIC_Unknown,4138,21016,1370,324,9,1,22719,0.007337026087184029,True,False,False,False,False,True,0.031188110890976627
PHEC_ARTIC_Unknown,4445,5622,10418,126,100,3,16266,3.8517544792782117e-10,True,False,False,False,False,True,7.3563085547905e-09
PHEC_ARTIC_Unknown,5365,5900,1882,86,20,1,7888,0.25237245867711383,True,False,False,False,False,True,0.46517950244608025
PHEC_ARTIC_Unknown,5415,4351,2378,36,17,1,6782,0.6676726462541505,True,False,False,False,False,True,0.8606122702667567
PHEC_ARTIC_Unknown,5434,4366,1652,42,60,1,6120,7.3464655932829e-11,True,False,False,False,False,True,1.4942711016737418e-09
PHEC_ARTIC_Unknown,5730,5074,6709,51,65,1,11899,0.8510425310997778,True,False,False,False,False,True,0.995930883098381
PHEC_ARTIC_Unknown,5777,4491,6869,33,127,1,11520,4.944521522324762e-07,True,False,False,False,False,True,6.594856902562994e-06
PHEC_ARTIC_Unknown,6265,2867,674,45,12,2,3598,0.7334748660418104,True,False,False,False,False,True,0.9113548427178023
PHEC_ARTIC_Unknown,6304,2555,826,65,16,1,3462,0.36210856452113327,True,False,False,False,False,True,0.5928605052656999
PHEC_ARTIC_Unknown,6630,12123,7161,77,64,1,19425,0.04465475241720446,True,False,False,False,False,True,0.13106459800374295
PHEC_ARTIC_Unknown,6631,12133,7293,84,66,1,19576,0.10823714044595525,True,False,False,False,False,True,0.25598849978485605
PHEC_ARTIC_Unknown,6725,4122,16819,47,195,1,21183,1.0,True,False,False,False,False,True,1.0
PHEC_ARTIC_Unknown,7438,3738,1133,0,0,1,4871,1.0,True,False,True,True,False,True,1.0
PHEC_ARTIC_Unknown,7594,1052,6883,6,63,2,8004,0.36994049843951027,True,False,False,False,False,True,0.6012456842396835
PHEC_ARTIC_Unknown,7731,7079,1947,67,16,1,9109,0.688701748309922,True,False,False,False,False,True,0.8807415001964045
PHEC_ARTIC_Unknown,7910,2173,8279,13,46,1,10511,0.7502861734453016,True,False,False,False,False,True,0.9285561769320009
PHEC_ARTIC_Unknown,8034,40354,3310,350,34,4,44048,0.33325648714073275,True,False,False,False,False,True,0.5646344813363185
PHEC_ARTIC_Unknown,8038,14786,1449,80,3,1,16318,0.11816667878333849,True,False,False,False,False,True,0.2723524358587088
PHEC_ARTIC_Unknown,9104,9741,9829,78,122,2,19770,0.0027530344438128746,True,False,False,False,False,True,0.014432144481225224
PHEC_ARTIC_Unknown,9191,2209,14884,51,285,1,17429,0.21897801151681093,True,False,False,False,False,True,0.4239967699012497
PHEC_ARTIC_Unknown,9895,11669,835,141,7,1,12652,0.40956591082816807,True,False,False,False,False,True,0.6390924914648974
PHEC_ARTIC_Unknown,10161,17000,3496,266,36,1,20798,0.016625109528780505,True,False,False,False,False,True,0.06092877978655774
PHEC_ARTIC_Unknown,10226,8139,6061,85,73,1,14358,0.37504546517790716,True,False,False,False,False,True,0.6054305366443359
PHEC_ARTIC_Unknown,10528,6028,2616,186,78,1,8908,0.8385076031588445,True,False,False,False,False,True,0.9867078188169452
PHEC_ARTIC_Unknown,10698,3163,9614,44,140,2,12961,0.8634582662823368,True,False,False,False,False,True,1.0
PHEC_ARTIC_Unknown,10887,498,1141,15,17,1,1671,0.053102080353589584,True,False,False,False,False,True,0.1487047233674487
PHEC_ARTIC_Unknown,11093,16855,1184,415,12,1,18466,0.0009350292498761245,True,False,False,False,False,True,0.006134998368542056
PHEC_ARTIC_Unknown,11183,16971,8588,371,213,1,26143,0.15640453666403115,True,False,False,False,False,True,0.3359311801210553
PHEC_ARTIC_Unknown,11678,6608,4610,87,53,1,11358,0.4894205871195039,True,False,False,False,False,True,0.7192785218215831
PHEC_ARTIC_Unknown,11821,2009,10684,25,113,1,12831,0.48132345323759096,True,False,False,False,False,True,0.7120086573710982
PHEC_ARTIC_Unknown,12238,2006,2040,29,9,1,4084,0.0009754084440850041,True,False,False,False,False,True,0.006358912741246469
PHEC_ARTIC_Unknown,12504,17943,1872,109,10,1,19934,0.8746749558585883,True,False,False,False,False,True,1.0
PHEC_ARTIC_Unknown,12804,5243,770,110,11,1,6134,0.27034158562670096,True,False,False,False,False,True,0.48683026575007504
PHEC_ARTIC_Unknown,13342,1329,28105,9,455,1,29898,0.0045217579102060194,True,False,False,False,False,True,0.02134405111599161
PHEC_ARTIC_Unknown,13862,2366,8099,37,160,1,10662,0.22818466690688793,True,False,False,False,False,True,0.4364152444650776
PHEC_ARTIC_Unknown,13910,578,9262,2,58,1,9900,0.5830450464643023,True,False,False,True,False,True,0.7999142494956353
PHEC_ARTIC_Unknown,14027,15718,4401,189,45,1,20353,0.3812023515248149,True,False,False,False,False,True,0.6112123852936184
PHEC_ARTIC_Unknown,15092,724,1387,7,16,1,2134,0.8267911775120149,True,False,False,False,False,True,0.978866853934481
PHEC_ARTIC_Unknown,15531,20186,2114,111,3,1,22414,0.00913444015730898,True,False,False,False,False,True,0.03734563071350044
PHEC_ARTIC_Unknown,15570,26456,5456,295,41,1,32248,0.016031720693750272,True,False,False,False,False,True,0.05923436855783479
PHEC_ARTIC_Unknown,16118,848,8449,5,92,1,9394,0.2140775491168874,True,False,False,False,False,True,0.41689837478163516
PHEC_ARTIC_Unknown,16452,4242,290,62,3,1,4597,0.7975003974555364,True,False,False,True,False,True,0.9601158972622439
PHEC_ARTIC_Unknown,16509,9173,702,83,11,1,9969,0.10288297446250583,True,False,False,False,False,True,0.24684900280543493
PHEC_ARTIC_Unknown,16518,9218,897,91,20,1,10226,0.002215683933885864,True,False,False,False,False,True,0.012231043449516402
PHEC_ARTIC_Unknown,17118,28812,5492,4,0,1,34308,1.0,True,False,True,True,False,True,1.0
PHEC_ARTIC_Unknown,17175,25364,11920,180,83,1,37547,0.9471152952315657,True,False,False,False,False,True,1.0
PHEC_ARTIC_Unknown,17644,2387,12260,12,109,1,14768,0.06273623093567812,True,False,False,False,False,True,0.16994136202657967
PHEC_ARTIC_Unknown,17652,2338,11679,36,268,1,14321,0.023658322542371074,True,False,False,False,False,True,0.08013493430671569
PHEC_ARTIC_Unknown,17813,2812,1803,30,21,1,4666,0.7741865454698877,True,False,False,False,False,True,0.9427061701317312
PHEC_ARTIC_Unknown,17961,521,2761,7,69,1,3358,0.1494505701105849,True,False,False,False,False,True,0.32511493005874836
PHEC_ARTIC_Unknown,18442,20389,10783,192,142,1,31506,0.0031421690659783966,True,False,False,False,False,True,0.01609866972342584
PHEC_ARTIC_Unknown,18598,2087,25121,19,240,1,27467,1.0,True,False,False,False,False,True,1.0
PHEC_ARTIC_Unknown,18865,8951,29365,69,325,1,38710,0.005793710993444397,True,False,False,False,False,True,0.025766352743243164
PHEC_ARTIC_Unknown,19012,17777,8690,165,88,1,26720,0.5021369852427048,True,False,False,False,False,True,0.7295592188701597
PHEC_ARTIC_Unknown,19014,16569,8805,158,102,1,25634,0.13229417959178918,True,False,False,False,False,True,0.2979469559517942
PHEC_ARTIC_Unknown,19658,5638,1089,73,7,1,6807,0.09033456054107655,True,False,False,False,False,True,0.22367492374946876
PHEC_ARTIC_Unknown,19766,5010,2455,46,19,1,7530,0.5970303451079829,True,False,False,False,False,True,0.8109246891149497
PHEC_ARTIC_Unknown,19821,2744,5182,38,113,1,8077,0.015375004906243226,True,False,False,False,False,True,0.05732861591072176
PHEC_ARTIC_Unknown,20328,779,269,14,4,1,1066,1.0,True,False,False,True,False,True,1.0
PHEC_ARTIC_Unknown,20340,751,287,14,5,1,1057,1.0,True,False,False,False,False,True,1.0
PHEC_ARTIC_Unknown,20586,11334,1374,302,17,1,13027,0.0009042390514396578,True,False,False,False,False,True,0.005981210506108176
PHEC_ARTIC_Unknown,20648,12876,4162,97,39,1,17174,0.2702495246383565,True,False,False,False,False,True,0.48683026575007504
PHEC_ARTIC_Unknown,20864,37675,4882,297,22,1,42876,0.00801559965408957,True,False,False,False,False,True,0.03361593751838801
PHEC_ARTIC_Unknown,20958,8161,17888,119,214,1,26382,0.09593771176379892,True,False,False,False,False,True,0.23454189436338982
PHEC_ARTIC_Unknown,21196,191,58,5,3,1,257,0.39912746551647105,True,True,False,True,False,True,0.6290780820306099
PHEC_ARTIC_Unknown,21414,670,203,17,1,1,891,0.09095263023025826,True,True,False,True,False,True,0.22505796823399674
PHEC_ARTIC_Unknown,21654,419,1597,1,23,1,2040,0.04281721529870479,True,False,False,True,False,True,0.12713900133951173
PHEC_ARTIC_Unknown,22458,293,154,9,9,1,465,0.20915070878475317,True,True,False,False,False,True,0.40964134970456234
PHEC_ARTIC_Unknown,22715,8329,7178,104,41,1,15652,1.1487025342690972e-05,True,False,False,False,False,True,0.00012837697553315074
PHEC_ARTIC_Unknown,24289,2219,3020,37,20,1,5296,0.0006995464451927262,True,False,False,False,False,True,0.004898029154981085
PHEC_ARTIC_Unknown,24642,404,635,2,13,1,1054,0.05886876295371278,True,False,False,False,False,True,0.1614822169222546
PHEC_ARTIC_Unknown,24957,4991,20028,32,176,1,25227,0.11603448313243754,True,False,False,False,False,True,0.26875904886262214
PHEC_ARTIC_Unknown,25718,460,271,6,8,1,745,0.16289390205000448,True,True,False,False,False,True,0.3447723171380948
PHEC_ARTIC_Unknown,26310,1247,386,14,5,1,1652,0.7873022045753328,True,False,False,True,False,True,0.9506516379378017
PHEC_ARTIC_Unknown,26409,583,751,7,10,1,1351,1.0,True,False,False,False,False,True,1.0
PHEC_ARTIC_Unknown,27270,3855,1483,22,11,1,5371,0.5585744423774733,True,False,False,False,False,True,0.7791582427911022
PHEC_ARTIC_Unknown,27896,6760,1056,108,8,2,7932,0.03859233092873923,True,False,False,False,False,True,0.11775775880012225
PHEC_ARTIC_Unknown,27966,1989,3303,21,37,1,5350,0.8921289946798432,True,False,False,False,False,True,1.0
PHEC_ARTIC_Unknown,28383,3590,43155,41,852,3,47638,0.00034447020168497746,True,False,False,False,False,True,0.0027262738919348025
PHEC_ARTIC_Unknown,28574,1153,2463,6,35,1,3657,0.017560508483484033,True,False,False,False,False,True,0.06349879867627826
PHEC_ARTIC_Unknown,29173,785,477,0,0,1,1262,1.0,True,False,True,True,False,True,1.0
PHEC_ARTIC_Unknown,29244,337,989,13,10,1,1349,0.0025783839288030467,True,False,False,False,False,True,0.013764915777389494
PHEC_ARTIC_Unknown,1167,2103,3320,59,91,1,5573,0.9323513266633672,True,False,False,False,False,True,1.0
PHEC_ARTIC_Unknown,1467,625,433,30,13,1,1101,0.20466898022903796,True,False,False,False,False,True,0.40358381559463224
PHEC_ARTIC_Unknown,1770,5767,5274,76,122,2,11239,0.0001314078999887247,True,False,False,False,False,True,0.001154573082406333
PHEC_ARTIC_Unknown,4737,1614,226,137,32,1,2009,0.016328514067696406,True,False,False,False,False,True,0.06011257486641537
PHEC_ARTIC_Unknown,6903,19,5,8,2,1,34,1.0,True,True,False,True,False,True,1.0
PHEC_ARTIC_Unknown,7482,525,219,0,0,1,744,1.0,True,True,True,True,False,True,1.0
PHEC_ARTIC_Unknown,10604,1661,3139,54,108,1,4962,0.8011883705439029,True,False,False,False,False,True,0.9614990254950658
PHEC_ARTIC_Unknown,10996,160,1678,6,67,2,1911,1.0,True,False,False,False,False,True,1.0
PHEC_ARTIC_Unknown,11644,3281,356,66,5,1,3708,0.5473561960299351,True,False,False,False,False,True,0.770221988708746
PHEC_ARTIC_Unknown,11847,187,2985,6,39,1,3217,0.049755504916789005,True,False,False,True,False,True,0.141839799580587
PHEC_ARTIC_Unknown,11989,10305,2000,82,5,1,12392,0.005127666146508754,True,False,False,False,False,True,0.023650052022673028
PHEC_ARTIC_Unknown,12053,5170,9025,289,466,2,14950,0.3132414277813118,True,False,False,False,False,True,0.5413195107112899
PHEC_ARTIC_Unknown,12392,216,2395,26,253,1,2890,0.5690900378391581,True,False,False,False,False,True,0.7878300068592183
PHEC_ARTIC_Unknown,14619,15951,507,1339,42,1,17839,1.0,True,False,False,False,False,True,1.0
PHEC_ARTIC_Unknown,15355,1284,1307,38,40,1,2669,0.9089226263170033,True,False,False,False,False,True,1.0
PHEC_ARTIC_Unknown,15430,467,2110,5,93,1,2675,0.00035842654223624854,True,False,False,False,False,True,0.0028202691950039824
PHEC_ARTIC_Unknown,15712,8480,21832,348,962,1,31622,0.2710692725043098,True,False,False,False,False,True,0.48749328052499213
PHEC_ARTIC_Unknown,15715,8085,20909,592,1089,1,30675,1.9935735297795294e-10,True,False,False,False,False,True,3.917805371566727e-09
PHEC_ARTIC_Unknown,17321,9149,15280,501,1285,1,26215,6.581220211404287e-16,True,False,False,False,False,True,1.99794058358154e-14
PHEC_ARTIC_Unknown,17891,654,1729,37,180,1,2600,0.0007151036685699827,True,False,False,False,False,True,0.004964235023451689
PHEC_ARTIC_Unknown,23103,53,171,3,4,1,231,0.36457854929487754,True,True,False,True,False,True,0.5953856035855326
PHEC_ARTIC_Unknown,23492,964,11610,16,388,1,12978,0.0039196087482035735,True,False,False,False,False,True,0.01914161871271565
PHEC_ARTIC_Unknown,24335,418,651,37,60,1,1166,0.9136148961195928,True,False,False,False,False,True,1.0
PHEC_ARTIC_Unknown,25570,1470,10958,161,1232,1,13821,0.792849897420278,True,False,False,False,False,True,0.9556484096905751
PHEC_ARTIC_Unknown,25620,329,6866,1,97,1,7293,0.1344017693388555,True,False,False,True,False,True,0.30067505761365776
PHEC_ARTIC_Unknown,26042,246,29,11,0,1,286,0.6103663021702682,True,True,True,True,False,True,0.8235390106894366
PHEC_ARTIC_Unknown,26044,245,30,11,0,1,286,0.6126142894246194,True,True,True,True,False,True,0.8252036189997853
PHEC_ARTIC_Unknown,26046,252,32,11,0,1,295,0.6155976014434896,True,True,True,True,False,True,0.8275780048486833
PHEC_ARTIC_Unknown,26395,20,27,8,13,1,68,0.7944090433456084,True,True,False,False,False,True,0.9566773204055461
PHEC_ARTIC_Unknown,26607,2408,163,94,3,1,2668,0.28065810381265316,True,False,False,False,False,True,0.5003142709508646
PHEC_ARTIC_Unknown,28298,6621,7214,564,1128,1,15527,3.2772353894695675e-30,True,False,False,False,False,True,1.877717403431296e-28
PHEC_ARTIC_Unknown,29249,187,811,24,123,1,1145,0.5688429981208667,True,False,False,False,False,True,0.7878300068592183
PHEC_ARTIC_Unknown,4308,7956,40522,84,434,6,48996,0.9524675798691307,True,False,False,False,False,True,1.0
PHEC_ARTIC_Unknown,4903,11138,5102,423,241,1,16904,0.009339749954608208,True,False,False,False,False,True,0.03802213094678568
PHEC_ARTIC_Unknown,12823,6866,2640,1,0,1,9507,1.0,True,False,True,True,False,True,1.0
PHEC_ARTIC_Unknown,15939,21226,3659,2,0,1,24887,1.0,True,False,True,True,False,True,1.0
PHEC_ARTIC_Unknown,18417,16038,7469,445,107,2,24059,1.2302298761015042e-10,True,False,False,False,False,True,2.4653079487590734e-09
PHEC_ARTIC_Unknown,5526,1113,14565,4,116,1,15798,0.14867941889420738,True,False,False,False,False,True,0.3237836595619034
PHEC_ARTIC_Unknown,8047,12900,919,110,14,2,13943,0.04645430641380376,True,False,False,False,False,True,0.13488659421224392
PHEC_ARTIC_Unknown,10681,18715,24895,99,168,3,43877,0.054783369377742794,True,False,False,False,False,True,0.15201824463073513
PHEC_ARTIC_Unknown,11941,7488,3097,37,34,1,10656,0.000979108483472476,True,False,False,False,False,True,0.006372821297225653
PHEC_ARTIC_Unknown,14532,761,10951,5,58,1,11775,0.604474198563138,True,False,False,True,False,True,0.817758909130311
PHEC_ARTIC_Unknown,16541,10185,1823,179,15,1,12202,0.003127493432960043,True,False,False,False,False,True,0.01606394354202204
PHEC_ARTIC_Unknown,19960,6007,829,2,0,1,6838,1.0,True,False,True,True,False,True,1.0
PHEC_ARTIC_Unknown,25325,25087,1599,441,5,5,27132,4.403816233851391e-07,True,False,False,False,False,True,5.932027960035582e-06
PHEC_ARTIC_Unknown,25500,1813,2747,1,1,1,4562,1.0,True,False,False,True,False,True,1.0
PHEC_ARTIC_Unknown,26720,29301,14708,354,224,6,44587,0.007742518418456528,True,False,False,False,False,True,0.032638927384747315
PHEC_ARTIC_Unknown,27053,5851,5959,30,38,1,11878,0.39630865558922146,True,False,False,False,False,True,0.6265773847403626
PHEC_ARTIC_Unknown,28665,4197,6826,182,149,1,11354,9.154879400475989e-10,True,False,False,False,False,True,1.685160606386259e-08
PHEC_ARTIC_Unknown,28727,5774,4738,150,76,1,10738,0.0006928137359022671,True,False,False,False,False,True,0.004892997009809761
PHEC_ARTIC_Unknown,29179,4217,2473,2,2,1,6694,0.6296593357415363,True,False,False,True,False,True,0.8348937998033148
PHEC_ARTIC_Unknown,1288,1875,4207,18,62,1,6162,0.11414813465787224,True,False,False,False,False,True,0.26564909141202764
PHEC_ARTIC_Unknown,3901,1823,263,28,2,1,2116,0.5743639108237907,True,False,False,True,False,True,0.7923066765789014
PHEC_ARTIC_Unknown,8152,3372,6272,37,202,1,9883,3.257698807795307e-11,True,False,False,False,False,True,6.902249349016307e-10
PHEC_ARTIC_Unknown,10718,11357,13450,136,318,3,25261,1.009287674338344e-11,True,False,False,False,False,True,2.2435968629554005e-10
PHEC_ARTIC_Unknown,10795,9989,1320,93,15,1,11417,0.4520742397250293,True,False,False,False,False,True,0.6836572517477395
PHEC_ARTIC_Unknown,12734,5700,25990,2,13,1,31705,1.0,True,False,False,True,False,True,1.0
PHEC_ARTIC_Unknown,15738,3804,16967,26,221,2,21018,0.001153274796894054,True,False,False,False,False,True,0.0073190668857488475
PHEC_ARTIC_Unknown,16041,4714,10863,38,125,1,15740,0.058981875315437804,True,False,False,False,False,True,0.16168346953045887
PHEC_ARTIC_Unknown,16733,987,6334,4,74,1,7399,0.028731456580988808,True,False,False,False,False,True,0.09335758827048722
PHEC_ARTIC_Unknown,17375,1448,33573,12,379,1,35412,0.36899928279870764,True,False,False,False,False,True,0.6004356329700571
PHEC_ARTIC_Unknown,18115,20045,7963,972,640,2,29620,4.870596514994741e-21,True,False,False,False,False,True,2.0639152732290217e-19
PHEC_ARTIC_Unknown,22259,92,870,0,14,1,976,0.38545637888137374,True,True,True,True,False,True,0.6156405768706039
PHEC_ARTIC_Unknown,23300,5930,4310,54,56,1,10350,0.06554123868570533,True,False,False,False,False,True,0.1749486607437331
PHEC_ARTIC_Unknown,28888,782,1212,21,43,1,2058,0.3623582783685555,True,False,False,False,False,True,0.5929499100576362
PHEC_ARTIC_Unknown,12235,3781,2930,3,2,1,6716,1.0,True,False,False,True,False,True,1.0
PHEC_ARTIC_Unknown,17285,11180,19937,88,228,2,31433,0.0026178233203616704,True,False,False,False,False,True,0.013920660480040883
PHEC_ARTIC_Unknown,22199,127,208,0,0,1,335,1.0,True,True,True,True,False,True,1.0
PHEC_ARTIC_Unknown,1274,1409,1616,400,1769,1,5194,2.8978232482828003e-102,True,False,False,False,False,True,7.858896649342955e-100
PHEC_ARTIC_Unknown,6065,96,93,29,25,1,243,0.7586384151780863,True,True,False,False,False,True,0.9341832475430218
PHEC_ARTIC_Unknown,6289,1374,986,133,77,1,2570,0.16477281837862218,True,False,False,False,False,True,0.34661050130543375
PHEC_ARTIC_Unknown,6290,1395,979,136,82,1,2592,0.314176613544358,True,False,False,False,False,True,0.5427050802116553
PHEC_ARTIC_Unknown,8299,371,114,189,55,1,729,0.8524918963228751,True,True,False,False,False,True,0.9962473525542822
PHEC_ARTIC_Unknown,15935,687,490,115,82,1,1374,1.0,True,False,False,False,False,True,1.0
PHEC_ARTIC_Unknown,17681,1810,5352,44,149,1,7355,0.5014681747091613,True,False,False,False,False,True,0.729343058533024
PHEC_ARTIC_Unknown,19186,1577,3314,0,3,1,4894,0.5557910420585865,True,False,True,True,False,True,0.7769614979705601
PHEC_ARTIC_Unknown,23291,4075,3474,899,1119,2,9567,5.918057588046082e-14,True,False,False,False,False,True,1.563289497933212e-12
PHEC_ARTIC_Unknown,23613,733,638,1,2,1,1374,0.6008925065819676,True,False,False,True,False,True,0.8139962426824656
PHEC_ARTIC_Unknown,28256,2140,891,382,529,1,3942,2.5186762964249642e-54,True,False,False,False,False,True,2.927421478244787e-52
PHEC_ARTIC_Unknown,28985,418,2452,0,0,2,2870,1.0,True,False,True,True,False,True,1.0
PHEC_ARTIC_Unknown,6395,594,853,0,0,1,1447,1.0,True,False,True,True,False,True,1.0
PHEC_ARTIC_Unknown,8266,1628,6703,64,97,2,8492,5.61333778936589e-09,True,False,False,False,False,True,9.097632719976272e-08
PHEC_ARTIC_Unknown,11751,2060,3120,38,57,1,5275,1.0,True,False,False,False,False,True,1.0
PHEC_ARTIC_Unknown,27601,37,24,0,0,1,61,1.0,True,True,True,True,False,True,1.0
PHEC_ARTIC_Unknown,27920,901,943,0,0,1,1844,1.0,True,False,True,True,False,True,1.0
PHEC_ARTIC_Unknown,28000,1090,952,18,23,1,2083,0.2690660987510756,True,False,False,False,False,True,0.4851776993436948
PHEC_ARTIC_Unknown,854,5578,4818,91,138,1,10625,3.085777941448644e-05,True,False,False,False,False,True,0.00031461014200032794
PHEC_ARTIC_Unknown,1114,6460,8361,128,106,1,15055,0.0008620575302949442,True,False,False,False,False,True,0.0057489344807210374
PHEC_ARTIC_Unknown,1216,4873,8458,75,104,1,13510,0.15957866913249516,True,False,False,False,False,True,0.34041217935552714
PHEC_ARTIC_Unknown,1769,1129,869,38,22,1,2058,0.35482730139747454,True,False,False,False,False,True,0.5850982821584623
PHEC_ARTIC_Unknown,1820,1219,3168,33,51,3,4471,0.026526560143461428,True,False,False,False,False,True,0.08780312991342644
PHEC_ARTIC_Unknown,1848,494,1466,25,111,1,2096,0.08074753113655428,True,False,False,False,False,True,0.20599638945589407
PHEC_ARTIC_Unknown,2939,6227,3498,94,82,2,9901,0.004303932062695722,True,False,False,False,False,True,0.02050163422839133
PHEC_ARTIC_Unknown,3050,2383,3693,122,112,1,6310,9.744156043478467e-05,True,False,False,False,False,True,0.0008867835969769666
PHEC_ARTIC_Unknown,3764,372,1000,9,27,1,1408,0.8516792717893895,True,False,False,False,False,True,0.9961562040365833
PHEC_ARTIC_Unknown,4267,1495,3882,38,63,1,5478,0.03343157320877363,True,False,False,False,False,True,0.10464641282859269
PHEC_ARTIC_Unknown,4523,3462,2387,53,36,1,5938,1.0,True,False,False,False,False,True,1.0
PHEC_ARTIC_Unknown,5372,3184,1831,56,27,1,5098,0.4918693721896197,True,False,False,False,False,True,0.7214742517515933
PHEC_ARTIC_Unknown,6102,830,1731,34,28,1,2623,0.0003318694159090118,True,False,False,False,False,True,0.002647146635133059
PHEC_ARTIC_Unknown,6216,902,1801,13,48,1,2764,0.05364154174892424,True,False,False,False,False,True,0.1495639423129704
PHEC_ARTIC_Unknown,6573,16457,5767,321,152,2,22697,0.0030041391675666323,True,False,False,False,False,True,0.015528383905541373
PHEC_ARTIC_Unknown,6628,9342,10291,133,165,1,19931,0.32090382678563023,True,False,False,False,False,True,0.5515153220802467
PHEC_ARTIC_Unknown,8031,4389,1014,163,59,1,5625,0.0051510550115010136,True,False,False,False,False,True,0.023731021276088476
PHEC_ARTIC_Unknown,8185,2179,2021,40,38,1,4278,1.0,True,False,False,False,False,True,1.0
PHEC_ARTIC_Unknown,9161,3256,7004,50,205,1,10515,2.116720092665005e-05,True,False,False,False,False,True,0.00022551447206208946
PHEC_ARTIC_Unknown,9904,7744,3382,162,63,1,11351,0.4645892550879872,True,False,False,False,False,True,0.6966270142638894
PHEC_ARTIC_Unknown,10156,21923,6350,329,446,3,29048,3.5470836521936725e-95,True,False,False,False,False,True,6.5588801350563e-93
PHEC_ARTIC_Unknown,10169,5023,1795,135,62,1,7015,0.11927578191514004,True,False,False,False,False,True,0.2743759408096364
PHEC_ARTIC_Unknown,10274,2273,3485,29,52,1,5839,0.5674988418735119,True,False,False,False,False,True,0.7873756100755274
PHEC_ARTIC_Unknown,10458,3451,1609,86,45,1,5191,0.5689013335960891,True,False,False,False,False,True,0.7878300068592183
PHEC_ARTIC_Unknown,10661,1483,3142,34,80,1,4739,0.6846534140459386,True,False,False,False,False,True,0.87666669447242
PHEC_ARTIC_Unknown,10707,1650,3446,18,75,1,5189,0.006978736844527347,True,False,False,False,False,True,0.030003188942350677
PHEC_ARTIC_Unknown,11824,4451,14532,57,324,2,19364,6.43908284698543e-05,True,False,False,False,False,True,0.0006007841518701084
PHEC_ARTIC_Unknown,12527,12606,2790,692,123,2,16211,0.027764734892056952,True,False,False,False,False,True,0.09093956645804162
PHEC_ARTIC_Unknown,12535,2925,1450,70,24,1,4469,0.14892965463469007,True,False,False,False,False,True,0.3241550749352163
PHEC_ARTIC_Unknown,12718,1402,4850,38,89,2,6379,0.05311405188124458,True,False,False,False,False,True,0.1487047233674487
PHEC_ARTIC_Unknown,13256,15902,18215,212,354,1,34683,1.4062276127978598e-05,True,False,False,False,False,True,0.00015502801975234942
PHEC_ARTIC_Unknown,13378,1658,18963,2,282,6,20905,2.852445066975931e-08,True,False,False,False,False,True,4.3297561688276443e-07
PHEC_ARTIC_Unknown,13686,6019,1233,113,21,1,7386,0.8161742959591048,True,False,False,False,False,True,0.9708178467724089
PHEC_ARTIC_Unknown,13860,5336,5355,62,80,2,10833,0.1510831330525811,True,False,False,False,False,True,0.32691818364781905
PHEC_ARTIC_Unknown,14047,8538,5396,242,88,1,14264,5.666387834881824e-06,True,False,False,False,False,True,6.567198208632268e-05
PHEC_ARTIC_Unknown,14767,4643,6013,80,97,1,10833,0.7025475415593376,True,False,False,False,False,True,0.8903312769667868
PHEC_ARTIC_Unknown,14791,3144,5578,40,115,1,8877,0.008639618073200428,True,False,False,False,False,True,0.035790189737046174
PHEC_ARTIC_Unknown,15038,701,579,23,18,1,1321,1.0,True,False,False,False,False,True,1.0
PHEC_ARTIC_Unknown,15085,442,770,13,49,1,1274,0.013944294047939766,True,False,False,False,False,True,0.05311365935114136
PHEC_ARTIC_Unknown,15779,9131,9546,164,201,1,19042,0.1389496106368444,True,False,False,False,False,True,0.30829291387399377
PHEC_ARTIC_Unknown,15905,3868,1183,775,271,1,6097,0.08667541563304716,True,False,False,False,False,True,0.21819034083863606
PHEC_ARTIC_Unknown,16005,1661,2202,85,71,1,4019,0.005026429430734352,True,False,False,False,False,True,0.02336858848483125
PHEC_ARTIC_Unknown,16754,2673,8144,44,118,2,10979,0.46405677339189955,True,False,False,False,False,True,0.6963419233339164
PHEC_ARTIC_Unknown,16846,731,193,25,3,1,952,0.23983776316853955,True,True,False,False,False,True,0.4521130771870338
PHEC_ARTIC_Unknown,17248,11909,10979,407,358,2,23653,0.5318952727769263,True,False,False,False,False,True,0.7557631748713015
PHEC_ARTIC_Unknown,17492,9389,4498,185,100,2,14172,0.3381517291634859,True,False,False,False,False,True,0.5689004277241773
PHEC_ARTIC_Unknown,17508,5951,4513,86,65,1,10615,1.0,True,False,False,False,False,True,1.0
PHEC_ARTIC_Unknown,17509,6261,4546,154,68,1,11029,0.0005706926751360448,True,False,False,False,False,True,0.004205756888502591
PHEC_ARTIC_Unknown,17679,2633,9007,73,250,1,11963,1.0,True,False,False,False,False,True,1.0
PHEC_ARTIC_Unknown,18098,16229,6983,414,230,2,23856,0.0026607903131651597,True,False,False,False,False,True,0.014057266225916713
PHEC_ARTIC_Unknown,18292,16939,14859,65,279,1,32142,6.920534953067916e-39,True,False,False,False,False,True,5.3118370168076e-37
PHEC_ARTIC_Unknown,18554,11615,14108,224,308,1,26255,0.17239819406145063,True,False,False,False,False,True,0.3572673731237805
PHEC_ARTIC_Unknown,18558,9523,14982,216,340,1,25061,1.0,True,False,False,False,False,True,1.0
PHEC_ARTIC_Unknown,18823,10135,15751,230,488,1,26604,0.0001027144252366508,True,False,False,False,False,True,0.0009285384041393233
PHEC_ARTIC_Unknown,19041,8253,9895,293,455,1,18896,0.0007331853601554429,True,False,False,False,False,True,0.005063555969989177
PHEC_ARTIC_Unknown,19122,7407,7726,175,160,1,15468,0.246044554442717,True,False,False,False,False,True,0.4589924565412666
PHEC_ARTIC_Unknown,19886,588,2058,4,52,1,2702,0.004944729365689024,True,False,False,False,False,True,0.023041419312282877
PHEC_ARTIC_Unknown,20627,2193,1999,61,36,1,4289,0.040097678815686155,True,False,False,False,False,True,0.12136708141533578
PHEC_ARTIC_Unknown,20727,1742,1937,37,36,1,3752,0.6362801748918735,True,False,False,False,False,True,0.837937116044073
PHEC_ARTIC_Unknown,20973,5839,8463,98,109,1,14509,0.06402871759951761,True,False,False,False,False,True,0.17181320791216204
PHEC_ARTIC_Unknown,21034,6308,11733,101,344,2,18486,3.325991556266946e-08,True,False,False,False,False,True,4.956092912415361e-07
PHEC_ARTIC_Unknown,21491,759,270,23,7,1,1059,0.8351188117319812,True,False,False,False,False,True,0.9840982562503013
PHEC_ARTIC_Unknown,21658,740,2005,18,75,2,2838,0.12090006028564071,True,False,False,False,False,True,0.2773950621782213
PHEC_ARTIC_Unknown,22225,105,133,0,5,2,243,0.07147145201967281,True,True,True,True,False,True,0.186256160676508
PHEC_ARTIC_Unknown,22430,417,350,13,6,1,786,0.25180322133548405,True,True,False,False,False,True,0.46455124915770935
PHEC_ARTIC_Unknown,22452,369,279,14,14,2,676,0.5599240324858858,True,True,False,False,False,True,0.7797434760133756
PHEC_ARTIC_Unknown,22696,11396,10301,152,139,1,21988,0.9529018555803792,True,False,False,False,False,True,1.0
PHEC_ARTIC_Unknown,22710,12652,9380,121,135,1,22288,0.001173992575419597,True,False,False,False,False,True,0.0073700645012452475
PHEC_ARTIC_Unknown,23401,6444,10917,156,164,1,17681,3.197517969724918e-05,True,False,False,False,False,True,0.0003235697288766409
PHEC_ARTIC_Unknown,23717,2117,5365,18,68,1,7568,0.14838842439952993,True,False,False,False,False,True,0.3236297208557965
PHEC_ARTIC_Unknown,23816,786,1706,7,42,1,2541,0.007989997414808872,True,False,False,False,False,True,0.033577799053143065
PHEC_ARTIC_Unknown,24259,3724,3761,108,37,1,7630,2.232507456142646e-09,True,False,False,False,False,True,3.9486262311253405e-08
PHEC_ARTIC_Unknown,24503,534,185,32,21,1,772,0.035590652254598204,True,True,False,False,False,True,0.11043689807147634
PHEC_ARTIC_Unknown,24796,14872,4981,152,38,1,20043,0.11049489882961067,True,False,False,False,False,True,0.2596725871974906
PHEC_ARTIC_Unknown,24977,10268,30693,186,496,3,41643,0.19656157525605436,True,False,False,False,False,True,0.3923779583527688
PHEC_ARTIC_Unknown,25123,4311,5551,77,65,1,10004,0.013403902178901906,True,False,False,False,False,True,0.051489210636235086
PHEC_ARTIC_Unknown,25183,3838,12568,197,303,2,16906,5.286531854304415e-15,True,False,False,False,False,True,1.4729870947472848e-13
PHEC_ARTIC_Unknown,27263,4778,2743,89,42,1,7652,0.3149816964104682,True,False,False,False,False,True,0.543864830644221
PHEC_ARTIC_Unknown,27366,4547,5609,105,92,2,10353,0.02045199807467349,True,False,False,False,False,True,0.07117980374860126
PHEC_ARTIC_Unknown,27998,2824,2717,44,43,1,5628,1.0,True,False,False,False,False,True,1.0
PHEC_ARTIC_Unknown,28003,2806,2705,95,55,1,5661,0.0028106719744800117,True,False,False,False,False,True,0.014658735374595753
PHEC_ARTIC_Unknown,29311,1564,1372,34,95,1,3065,1.4195060136281345e-09,True,False,False,False,False,True,2.5551108245306422e-08
PHEC_ARTIC_Unknown,29485,2936,4012,47,58,1,7053,0.6197661548215817,True,False,False,False,False,True,0.8299125027652267
PHEC_ARTIC_Unknown,307,30,230,0,0,1,260,1.0,True,True,True,True,False,True,1.0
PHEC_ARTIC_Unknown,313,180,1750,9,44,2,1983,0.09006632399947881,True,False,False,False,False,True,0.22348794473629624
PHEC_ARTIC_Unknown,883,8463,20346,209,501,1,29519,0.966754925220082,True,False,False,False,False,True,1.0
PHEC_ARTIC_Unknown,1374,2266,442,258,31,1,2997,0.013557761387204364,True,False,False,False,False,True,0.051908366455244895
PHEC_ARTIC_Unknown,1376,2218,446,255,32,1,2951,0.014259511788094512,True,False,False,False,False,True,0.05410340742729968
PHEC_ARTIC_Unknown,2531,198,3854,8,122,1,4182,0.5326961691420196,True,False,False,False,False,True,0.7558488350588316
PHEC_ARTIC_Unknown,3096,1798,15247,51,789,4,17885,1.2284220363837342e-05,True,False,False,False,False,True,0.00013579404467415845
PHEC_ARTIC_Unknown,3722,153,1191,0,0,1,1344,1.0,True,False,True,True,False,True,1.0
PHEC_ARTIC_Unknown,4162,11508,668,1,0,1,12177,1.0,True,False,True,True,False,True,1.0
PHEC_ARTIC_Unknown,4246,2039,6806,117,526,1,9488,0.004024901611780453,True,False,False,False,False,True,0.019538543862437804
PHEC_ARTIC_Unknown,4528,8076,4457,471,335,2,13339,0.0006488276674812298,True,False,False,False,False,True,0.004679842112258231
PHEC_ARTIC_Unknown,4783,707,516,29,28,1,1280,0.33793217885705473,True,False,False,False,False,True,0.5689004277241773
PHEC_ARTIC_Unknown,5414,4180,1832,212,91,1,6315,0.8983426012751685,True,False,False,False,False,True,1.0
PHEC_ARTIC_Unknown,5532,673,6805,0,0,1,7478,1.0,True,False,True,True,False,True,1.0
PHEC_ARTIC_Unknown,8023,13696,509,84,2,1,14291,0.771500747164499,True,False,False,True,False,True,0.9414606925879716
PHEC_ARTIC_Unknown,8054,5762,820,533,92,1,7207,0.11520435710259391,True,False,False,False,False,True,0.26764781535885324
PHEC_ARTIC_Unknown,8130,2089,4822,101,230,1,7242,0.9026331295747757,True,False,False,False,False,True,1.0
PHEC_ARTIC_Unknown,8412,12720,4775,681,439,2,18615,8.984653859469359e-17,True,False,False,False,False,True,2.9475461209936573e-15
PHEC_ARTIC_Unknown,8631,92,6921,5,401,1,7419,1.0,True,False,False,False,False,True,1.0
PHEC_ARTIC_Unknown,9295,264,14,19,2,1,299,0.3116802567035398,True,True,False,True,False,True,0.5393329456192306
PHEC_ARTIC_Unknown,9525,1429,462,52,5,1,1948,0.004301859124904488,True,False,False,False,False,True,0.02050163422839133
PHEC_ARTIC_Unknown,10036,2632,11462,86,458,1,14638,0.10297511252724265,True,False,False,False,False,True,0.24684900280543493
PHEC_ARTIC_Unknown,11214,8461,14092,1316,1035,1,24904,2.6596423438947564e-66,True,False,False,False,False,True,3.6064750183212895e-64
PHEC_ARTIC_Unknown,12850,321,217,22,11,1,571,0.46896655569461787,True,True,False,False,False,True,0.700221683416727
PHEC_ARTIC_Unknown,15251,2205,204,62,4,1,2475,0.6534403433097724,True,False,False,False,False,True,0.8509525426942975
PHEC_ARTIC_Unknown,15441,342,2127,8,69,1,2546,0.5008309188287732,True,False,False,False,False,True,0.7286767445620348
PHEC_ARTIC_Unknown,17366,6249,60437,190,2371,1,69247,0.0006725489386564304,True,False,False,False,False,True,0.0047907691281006345
PHEC_ARTIC_Unknown,17370,6020,62158,117,1066,1,69361,0.19702049321961984,True,False,False,False,False,True,0.3928820423614772
PHEC_ARTIC_Unknown,17822,30,22,0,0,1,52,1.0,True,True,True,True,False,True,1.0
PHEC_ARTIC_Unknown,20343,398,124,52,16,1,590,1.0,True,True,False,False,False,True,1.0
PHEC_ARTIC_Unknown,20673,15492,7871,1024,296,1,24683,3.329914177563925e-18,True,False,False,False,False,True,1.177920945593917e-16
PHEC_ARTIC_Unknown,20890,58742,5105,572,45,1,64464,0.6011089583506515,True,False,False,False,False,True,0.8140183896705893
PHEC_ARTIC_Unknown,20891,56446,5897,571,45,1,62959,0.07155344945156818,True,False,False,False,False,True,0.18635046886618395
PHEC_ARTIC_Unknown,20964,21068,45480,643,1600,2,68791,0.0026712459512230166,True,False,False,False,False,True,0.014094200427464633
PHEC_ARTIC_Unknown,21444,1547,126,54,7,2,1734,0.22574919387639,True,False,False,True,False,True,0.4337967504436252
PHEC_ARTIC_Unknown,21665,463,1638,108,268,1,2477,0.005240660333139288,True,False,False,False,False,True,0.023980884404061445
PHEC_ARTIC_Unknown,23182,20005,611,185,0,1,20801,0.007242853469696713,True,False,True,False,False,True,0.030852280538980346
PHEC_ARTIC_Unknown,23635,5278,4879,355,301,2,10813,0.29458661700992383,True,False,False,False,False,True,0.5185540276920685
PHEC_ARTIC_Unknown,23986,455,639,10,20,1,1124,0.45354281233032,True,False,False,False,False,True,0.6851054973282065
PHEC_ARTIC_Unknown,24038,275,1114,12,31,1,1432,0.24332006152196184,True,False,False,False,False,True,0.45587456449151315
PHEC_ARTIC_Unknown,24271,5785,7366,26,54,1,13231,0.04191145446844938,True,False,False,False,False,True,0.12554918761240946
PHEC_ARTIC_Unknown,24813,40119,13435,2929,648,2,57131,5.354513473003542e-22,True,False,False,False,False,True,2.342167828836388e-20
PHEC_ARTIC_Unknown,25230,2315,10318,22,133,1,12788,0.2096909198210629,True,False,False,False,False,True,0.4105010385609245
PHEC_ARTIC_Unknown,26600,11814,1032,219,21,1,13086,0.6327928022057979,True,False,False,False,False,True,0.8361926656272021
PHEC_ARTIC_Unknown,26935,1221,169,72,7,1,1469,0.47712716550197853,True,False,False,False,False,True,0.7081186826931954
PHEC_ARTIC_Unknown,27111,149,1314,1,17,1,1481,1.0,True,False,False,True,False,True,1.0
PHEC_ARTIC_Unknown,27483,351,6312,16,615,1,7294,0.001582898658575015,True,False,False,False,False,True,0.009305248183646187
PHEC_ARTIC_Unknown,27881,11807,800,441,28,1,13076,0.8467278217021905,True,False,False,False,False,True,0.9937936464756234
PHEC_ARTIC_Unknown,28028,6592,10448,195,278,2,17513,0.2712896510558289,True,False,False,False,False,True,0.4876614488945448
PHEC_ARTIC_Unknown,28083,1977,13491,26,305,1,15799,0.005811482396623732,True,False,False,False,False,True,0.02580907247758225
PHEC_ARTIC_Unknown,28193,37060,7454,1015,171,1,45700,0.03312390355859324,True,False,False,False,False,True,0.10405254029062339
PHEC_ARTIC_Unknown,28786,589,170,19,3,1,781,0.43971612220652934,True,True,False,True,False,True,0.6702005189719601
PHEC_ARTIC_Unknown,28814,454,313,26,19,1,812,0.8768125534879562,True,True,False,False,False,True,1.0
PHEC_ARTIC_Unknown,29139,1477,344,29,11,1,1861,0.21898161591999152,True,False,False,False,False,True,0.4239967699012497
PHEC_ARTIC_Unknown,29470,1904,1258,19,18,1,3199,0.3118267178211481,True,False,False,False,False,True,0.5393329456192306
PHEC_ARTIC_Unknown,5612,5801,2116,0,1,1,7918,0.26736549633745893,True,False,True,True,False,True,0.48318206979155176
PHEC_ARTIC_Unknown,6752,1040,1645,0,2,1,2687,0.5253393174882178,True,False,True,True,False,True,0.7501159506992173
PHEC_ARTIC_Unknown,11446,3741,1412,1,0,1,5154,1.0,True,False,True,True,False,True,1.0
PHEC_ARTIC_Unknown,12148,5546,5679,3,2,1,11230,0.6838565645860875,True,False,False,True,False,True,0.8761979542476233
PHEC_ARTIC_Unknown,19964,3510,741,2,0,1,4253,1.0,True,False,True,True,False,True,1.0
PHEC_ARTIC_Unknown,28006,2519,4614,37,80,2,7250,0.4363527360008497,True,False,False,False,False,True,0.6670736302335424
PHEC_ARTIC_Unknown,690,17126,30050,77,386,1,47639,1.6430749009690314e-20,True,False,False,False,False,True,6.68402869714202e-19
PHEC_ARTIC_Unknown,1599,10387,979,64,3,1,11433,0.2796013516862358,True,False,False,False,False,True,0.4988676748507049
PHEC_ARTIC_Unknown,2015,4926,1741,26,12,1,6705,0.4599950373920527,True,False,False,False,False,True,0.6922899785833779
PHEC_ARTIC_Unknown,2326,1627,284,2,0,1,1913,1.0,True,False,True,True,False,True,1.0
PHEC_ARTIC_Unknown,6449,405,4513,1,45,2,4964,0.17722250751416146,True,False,False,True,False,True,0.36429568497605297
PHEC_ARTIC_Unknown,9778,116,1587,3,79,1,1785,0.3643711940699017,True,False,False,False,False,True,0.5952859507937189
PHEC_ARTIC_Unknown,9857,11629,1531,192,46,2,13398,0.0007216259759938196,True,False,False,False,False,True,0.00500097865475785
PHEC_ARTIC_Unknown,17154,67302,6902,447,21,2,74672,0.00015383748613824832,True,False,False,False,False,True,0.0013343515855232283
PHEC_ARTIC_Unknown,18444,18773,12819,62,55,1,31709,0.15849472600507394,True,False,False,False,False,True,0.33887992981883525
PHEC_ARTIC_Unknown,20938,8073,4847,209,147,1,13276,0.1495989254180206,True,False,False,False,False,True,0.3252637245326071
PHEC_ARTIC_Unknown,21364,8,59,0,0,1,67,1.0,True,True,True,True,False,True,1.0
PHEC_ARTIC_Unknown,23709,1947,8175,13,67,1,10202,0.5706186930957102,True,False,False,False,False,True,0.7889390540226953
PHEC_ARTIC_Unknown,25624,490,7504,1,150,1,8145,0.0015335606948606564,True,False,False,False,False,True,0.009107335630208978
PHEC_ARTIC_Unknown,5097,1029,1398,53,58,1,2538,0.28102083316872795,True,False,False,False,False,True,0.5007414583137911
PHEC_ARTIC_Unknown,13593,369,1321,0,1,1,1691,1.0,True,False,True,True,False,True,1.0
PHEC_ARTIC_Unknown,15279,30608,5555,183,34,1,36380,0.8507341507139373,True,False,False,False,False,True,0.99590979139692
PHEC_ARTIC_Unknown,26497,243,1880,14,95,1,2232,0.6441479426077661,True,False,False,False,False,True,0.8444711023294851
PHEC_ARTIC_Unknown,322,132,1980,3,34,1,2149,0.5025483581143867,True,False,False,True,False,True,0.7298703037519904
PHEC_ARTIC_Unknown,441,17462,3486,184,36,1,21168,1.0,True,False,False,False,False,True,1.0
PHEC_ARTIC_Unknown,1279,1374,7566,3,89,1,9032,0.00036968670211942904,True,False,False,False,False,True,0.0028920875081189183
PHEC_ARTIC_Unknown,1741,2110,1289,35,21,1,3455,1.0,True,False,False,False,False,True,1.0
PHEC_ARTIC_Unknown,1778,1916,2505,40,30,1,4491,0.02804495277201486,True,False,False,False,False,True,0.09167197241468014
PHEC_ARTIC_Unknown,1811,1431,3952,18,54,1,5455,0.8931920706344841,True,False,False,False,False,True,1.0
PHEC_ARTIC_Unknown,1932,289,1999,1,69,1,2358,0.0014830037903116086,True,False,False,False,False,True,0.008911166054634599
PHEC_ARTIC_Unknown,2461,1416,1862,26,66,1,3370,0.005198891136283855,True,False,False,False,False,True,0.023903288747355204
PHEC_ARTIC_Unknown,2882,12027,567,112,6,1,12712,0.6565229867123816,True,False,False,False,False,True,0.8527252586034383
PHEC_ARTIC_Unknown,2991,7437,4965,150,137,1,12689,0.010424217159096777,True,False,False,False,False,True,0.04169686863638711
PHEC_ARTIC_Unknown,3114,706,8913,11,104,1,9734,0.36606898374287766,True,False,False,False,False,True,0.5968117132469035
PHEC_ARTIC_Unknown,4317,2444,7018,22,88,1,9572,0.1882522292086364,True,False,False,False,False,True,0.38024333089410767
PHEC_ARTIC_Unknown,4319,3562,8002,28,120,2,11712,0.0015930631880971906,True,False,False,False,False,True,0.00935148780545364
PHEC_ARTIC_Unknown,4823,1838,3162,29,28,1,5057,0.03744019283414821,True,False,False,False,False,True,0.11494845618816221
PHEC_ARTIC_Unknown,5541,767,10549,4,113,1,11433,0.19240771242156648,True,False,False,False,False,True,0.3851941801825455
PHEC_ARTIC_Unknown,5788,8632,11563,145,241,1,20581,0.042773363302834086,True,False,False,False,False,True,0.12713900133951173
PHEC_ARTIC_Unknown,5990,1903,279,34,4,1,2220,1.0,True,False,False,True,False,True,1.0
PHEC_ARTIC_Unknown,6093,762,1072,9,16,1,1859,0.68460745471228,True,False,False,False,False,True,0.87666669447242
PHEC_ARTIC_Unknown,6443,319,3283,10,44,1,3656,0.026077497989124145,True,False,False,True,False,True,0.08652794601937766
PHEC_ARTIC_Unknown,6627,25743,12714,455,244,1,39156,0.31068817107435953,True,False,False,False,False,True,0.53872864742424
PHEC_ARTIC_Unknown,6743,8632,33324,65,370,1,42391,0.0033880902193736055,True,False,False,False,False,True,0.017142725139815705
PHEC_ARTIC_Unknown,6757,5726,25230,1,6,1,30963,1.0,True,False,False,True,False,True,1.0
PHEC_ARTIC_Unknown,8155,2622,3417,78,147,1,6264,0.009168623143894099,True,False,False,False,False,True,0.037447749949157824
PHEC_ARTIC_Unknown,8438,3992,5638,107,183,1,9920,0.13023932165678404,True,False,False,False,False,True,0.2943408669443319
PHEC_ARTIC_Unknown,8566,1491,8560,46,221,1,10318,0.29543930383565503,True,False,False,False,False,True,0.5191564095047276
PHEC_ARTIC_Unknown,9112,11237,14468,519,859,2,27083,1.0246304365262472e-05,True,False,False,False,False,True,0.000115462510132653
PHEC_ARTIC_Unknown,9149,4661,17299,63,259,1,22282,0.4930019576001041,True,False,False,False,False,True,0.72167397031926
PHEC_ARTIC_Unknown,9621,1340,1378,12,15,1,2745,0.7005601236414356,True,False,False,False,False,True,0.8889203315575047
PHEC_ARTIC_Unknown,9634,1151,1648,25,23,1,2847,0.14005574431889797,True,False,False,False,False,True,0.3096449825485201
PHEC_ARTIC_Unknown,10175,25795,2825,163,22,1,28805,0.3853798458923845,True,False,False,False,False,True,0.6156405768706039
PHEC_ARTIC_Unknown,10184,18586,3186,128,15,1,21915,0.19073853830512144,True,False,False,False,False,True,0.3837410355218764
PHEC_ARTIC_Unknown,10265,10605,11684,520,315,1,23124,7.257528091122473e-17,True,False,False,False,False,True,2.409828058028249e-15
PHEC_ARTIC_Unknown,10305,9019,13930,246,350,1,23545,0.3290807416591094,True,False,False,False,False,True,0.5589563495069967
PHEC_ARTIC_Unknown,10835,1407,1010,24,11,1,2452,0.23222742327716533,True,False,False,False,False,True,0.4416555202858853
PHEC_ARTIC_Unknown,10850,1257,1055,36,17,1,2365,0.0517147155909719,True,False,False,False,False,True,0.14579944157932492
PHEC_ARTIC_Unknown,10992,192,2274,2,33,1,2501,1.0,True,False,False,True,False,True,1.0
PHEC_ARTIC_Unknown,11314,2730,26182,165,1472,1,30549,0.38577685258862804,True,False,False,False,False,True,0.6159106108047641
PHEC_ARTIC_Unknown,11410,2715,363,129,13,2,3220,0.4219292481542365,True,False,False,False,False,True,0.6513883041713222
PHEC_ARTIC_Unknown,11412,1519,305,42,9,1,1875,0.8493033115358568,True,False,False,False,False,True,0.9949379988112863
PHEC_ARTIC_Unknown,12094,4879,12558,24,69,1,17530,0.7285060640876194,True,False,False,False,False,True,0.9095207533256378
PHEC_ARTIC_Unknown,12217,682,8462,21,412,1,9577,0.04688554923720084,True,False,False,False,False,True,0.13565463321261237
PHEC_ARTIC_Unknown,12261,277,100,7,3,1,387,0.7297255631644225,True,True,False,True,False,True,0.9096786000675743
PHEC_ARTIC_Unknown,12506,28110,4557,917,112,2,33696,0.0044634964445368665,True,False,False,False,False,True,0.021113376205088342
PHEC_ARTIC_Unknown,13223,37218,22847,596,472,1,61133,4.678705943888021e-05,True,False,False,False,False,True,0.0004488909382013318
PHEC_ARTIC_Unknown,13497,80,162,8,4,1,254,0.026501296110018675,True,True,False,True,False,True,0.08779093857944298
PHEC_ARTIC_Unknown,13647,9681,364,207,1,2,10253,0.007437895201098409,True,False,False,False,False,True,0.03158388066604209
PHEC_ARTIC_Unknown,13727,12535,3643,93,29,1,16300,0.7443476539082661,True,False,False,False,False,True,0.9217675056617433
PHEC_ARTIC_Unknown,14029,16980,3490,219,66,1,20755,0.008808674920386141,True,False,False,False,False,True,0.03636138774680263
PHEC_ARTIC_Unknown,14110,11249,15017,287,647,1,27200,9.641077192711496e-14,True,False,False,False,False,True,2.4512438762468982e-12
PHEC_ARTIC_Unknown,14846,2504,25325,78,804,1,28711,0.9523080646187418,True,False,False,False,False,True,1.0
PHEC_ARTIC_Unknown,15164,195,1882,4,41,1,2122,1.0,True,False,False,True,False,True,1.0
PHEC_ARTIC_Unknown,15260,1863,230,132,9,1,2234,0.09169782968216285,True,False,False,False,False,True,0.22621393034993237
PHEC_ARTIC_Unknown,15362,1087,1267,14,29,1,2397,0.08925285184798264,True,False,False,False,False,True,0.22261226322353977
PHEC_ARTIC_Unknown,15518,27387,1281,222,1,1,28891,0.0008530028833134215,True,False,False,False,False,True,0.005707262712695721
PHEC_ARTIC_Unknown,15538,33058,1378,404,18,1,34858,0.7086847722525333,True,False,False,False,False,True,0.8948052339595055
PHEC_ARTIC_Unknown,15650,29594,13301,241,93,1,43229,0.23478549774499136,True,False,False,False,False,True,0.44527151740168985
PHEC_ARTIC_Unknown,15724,10160,29423,162,344,1,40089,0.0014914855470577085,True,False,False,False,False,True,0.008935733734065917
PHEC_ARTIC_Unknown,15799,3362,40958,46,533,1,44899,0.7517904262518407,True,False,False,False,False,True,0.9301348704356716
PHEC_ARTIC_Unknown,15840,1775,32451,7,393,1,34626,0.0008409368971208,True,False,False,False,False,True,0.005654431896673412
PHEC_ARTIC_Unknown,16066,3709,8092,41,94,2,11936,0.8522864268017849,True,False,False,False,False,True,0.9962473525542822
PHEC_ARTIC_Unknown,16072,2760,9517,53,175,2,12505,0.8101980606958644,True,False,False,False,False,True,0.9659688484498172
PHEC_ARTIC_Unknown,16117,1025,9863,18,190,1,11096,0.8105691284164974,True,False,False,False,False,True,0.9661281026657813
PHEC_ARTIC_Unknown,16732,1160,3633,9,38,1,4840,0.4960216123621417,True,False,False,False,False,True,0.7237503296589644
PHEC_ARTIC_Unknown,16901,1360,708,23,10,1,2101,0.7142899557272153,True,False,False,False,False,True,0.9000487771956547
PHEC_ARTIC_Unknown,17545,18009,7801,219,106,1,26135,0.3621579045194848,True,False,False,False,False,True,0.5928605052656999
PHEC_ARTIC_Unknown,18020,12150,736,198,6,1,13090,0.09348215232275643,True,False,False,False,False,True,0.2299186188929705
PHEC_ARTIC_Unknown,18533,12894,26921,354,1057,1,41226,4.35575785959919e-09,True,False,False,False,False,True,7.11615380435723e-08
PHEC_ARTIC_Unknown,18985,52898,7890,517,72,1,61377,0.6223629393122723,True,False,False,False,False,True,0.8311793949843478
PHEC_ARTIC_Unknown,19030,21253,15782,189,111,1,37335,0.05299534387269032,True,False,False,False,False,True,0.14857688413101602
PHEC_ARTIC_Unknown,19053,25778,23913,780,437,1,50908,2.0974236482850717e-17,True,False,False,False,False,True,7.170016303549304e-16
PHEC_ARTIC_Unknown,19676,2737,600,38,16,1,3391,0.033044173759900874,True,False,False,False,False,True,0.10388230205199131
PHEC_ARTIC_Unknown,19793,1196,2186,19,75,1,3476,0.002019394813404473,True,False,False,False,False,True,0.011346544338300272
PHEC_ARTIC_Unknown,19806,1446,4312,0,1,2,5759,1.0,True,False,True,True,False,True,1.0
PHEC_ARTIC_Unknown,20106,107,325,1,12,1,445,0.2032109844732945,True,True,False,True,False,True,0.40187762996468746
PHEC_ARTIC_Unknown,20477,23,236,2,11,1,272,0.3396738416152648,True,True,False,True,False,True,0.5709889205334286
PHEC_ARTIC_Unknown,21031,3353,26239,68,367,1,30027,0.007590799446293903,True,False,False,False,False,True,0.0321325412565282
PHEC_ARTIC_Unknown,21081,2579,18391,50,479,1,21499,0.05105098636360357,True,False,False,False,False,True,0.14452012006063975
PHEC_ARTIC_Unknown,21439,1159,109,16,1,1,1285,1.0,True,False,False,True,False,True,1.0
PHEC_ARTIC_Unknown,21447,1135,118,19,2,1,1274,1.0,True,False,False,True,False,True,1.0
PHEC_ARTIC_Unknown,22203,7,12,0,0,1,19,1.0,True,True,True,True,False,True,1.0
PHEC_ARTIC_Unknown,23066,76,297,2,8,1,383,1.0,True,True,False,True,False,True,1.0
PHEC_ARTIC_Unknown,23298,17218,11042,595,425,2,29280,0.09600658438841739,True,False,False,False,False,True,0.23454189436338982
PHEC_ARTIC_Unknown,24018,291,947,5,34,1,1277,0.17493212276156156,True,False,False,False,False,True,0.3610471209508029
PHEC_ARTIC_Unknown,24226,6346,3506,60,20,1,9932,0.05976488778430661,True,False,False,False,False,True,0.1634493704353437
PHEC_ARTIC_Unknown,24520,525,165,8,2,1,700,1.0,True,True,False,True,False,True,1.0
PHEC_ARTIC_Unknown,24753,44187,1362,475,7,1,46031,0.04310161377060723,True,False,False,False,False,True,0.12779691313325817
PHEC_ARTIC_Unknown,24953,6655,32555,89,238,1,39537,3.953171113194865e-06,True,False,False,False,False,True,4.757840262862933e-05
PHEC_ARTIC_Unknown,25244,2065,12109,141,674,1,14989,0.036953013723083114,True,False,False,False,False,True,0.11362423267233719
PHEC_ARTIC_Unknown,25833,61,361,1,14,1,437,0.706055502009145,True,True,False,True,False,True,0.8928298980954933
PHEC_ARTIC_Unknown,26840,963,18072,7,183,2,19225,0.5041830495692021,True,False,False,False,False,True,0.7310680404781176
PHEC_ARTIC_Unknown,27841,4187,35,99,1,1,4322,0.5709607583960803,True,False,False,True,False,True,0.7889498522945838
PHEC_ARTIC_Unknown,28476,10507,786,455,40,1,11788,0.32289253799599893,True,False,False,False,False,True,0.5525985883751466
PHEC_ARTIC_Unknown,28559,3370,3842,150,93,1,7455,4.295817059632604e-06,True,False,False,False,False,True,5.094864081220243e-05
PHEC_ARTIC_Unknown,28591,1941,5809,60,316,1,8126,3.765333912687315e-05,True,False,False,False,False,True,0.0003717810280779611
PHEC_ARTIC_Unknown,28747,882,2972,44,8,1,3906,1.4048076632686074e-20,True,False,False,False,False,True,5.772482398158278e-19
PHEC_ARTIC_Unknown,29200,1076,1755,24,54,2,2909,0.23635916818325692,True,False,False,False,False,True,0.4476299330397994
PHEC_ARTIC_Unknown,29288,327,4584,118,1699,3,6728,0.8683730996788133,True,False,False,False,False,True,1.0
PHEC_ARTIC_Unknown,29624,2433,2566,26,13,1,5038,0.035246097724848456,True,False,False,False,False,True,0.10953485526713791
PHEC_ARTIC_Unknown,29665,2331,1852,52,17,1,4252,0.0013025580868407053,True,False,False,False,False,True,0.007921815759624836
PHEC_ARTIC_Unknown,731,7034,2406,149,59,1,9648,0.33606907218938414,True,False,False,False,False,True,0.5665549527345487
PHEC_ARTIC_Unknown,746,4798,3446,195,118,1,8557,0.16094756340745134,True,False,False,False,False,True,0.3417195657314781
PHEC_ARTIC_Unknown,749,4739,3495,196,122,1,8552,0.1649766025664092,True,False,False,False,False,True,0.34661050130543375
PHEC_ARTIC_Unknown,834,12079,9477,184,114,2,21854,0.0523407883659477,True,False,False,False,False,True,0.1471474271407569
PHEC_ARTIC_Unknown,1068,7981,5112,388,156,1,13637,8.898286439148068e-07,True,False,False,False,False,True,1.149150134427122e-05
PHEC_ARTIC_Unknown,1847,412,1175,36,53,1,1676,0.004325799683042246,True,False,False,False,False,True,0.02058169954457995
PHEC_ARTIC_Unknown,2273,4250,333,84,14,2,4681,0.016842316466961316,True,False,False,False,False,True,0.06150318077881386
PHEC_ARTIC_Unknown,2381,1086,837,33,19,2,1975,0.3950442053421608,True,False,False,False,False,True,0.6250641102029989
PHEC_ARTIC_Unknown,3431,2617,7290,107,274,1,10288,0.4777891512399411,True,False,False,False,False,True,0.7088425482290592
PHEC_ARTIC_Unknown,3863,99,54,7,6,1,166,0.5492499717397255,True,True,False,True,False,True,0.7709688684843362
PHEC_ARTIC_Unknown,4289,1622,2260,52,50,1,3984,0.06763189106028143,True,False,False,False,False,True,0.17935236820940342
PHEC_ARTIC_Unknown,4293,1621,2171,65,134,1,3991,0.00508121733839836,True,False,False,False,False,True,0.023542587850346845
PHEC_ARTIC_Unknown,4787,677,861,67,27,1,1632,3.1223531020772337e-07,True,False,False,False,False,True,4.248071043227487e-06
PHEC_ARTIC_Unknown,5390,865,737,22,19,1,1643,1.0,True,False,False,False,False,True,1.0
PHEC_ARTIC_Unknown,5792,780,772,24,16,1,1592,0.2630784166872228,True,False,False,False,False,True,0.47670512208624605
PHEC_ARTIC_Unknown,7436,551,391,19,9,1,970,0.4363183198545961,True,True,False,False,False,True,0.6670736302335424
PHEC_ARTIC_Unknown,8189,1437,1236,31,26,1,2730,1.0,True,False,False,False,False,True,1.0
PHEC_ARTIC_Unknown,8442,1248,2118,41,68,1,3475,0.9199588809356887,True,False,False,False,False,True,1.0
PHEC_ARTIC_Unknown,10084,921,3613,23,62,1,4619,0.13510382716704344,True,False,False,False,False,True,0.30154714767516855
PHEC_ARTIC_Unknown,10555,950,822,58,36,1,1866,0.13746559240525555,True,False,False,False,False,True,0.3059135830987853
PHEC_ARTIC_Unknown,10561,907,875,26,18,1,1826,0.29052445536573057,True,False,False,False,False,True,0.5134029037479548
PHEC_ARTIC_Unknown,11105,8983,4027,580,155,2,13745,7.0001365747322035e-09,True,False,False,False,False,True,1.1167276700396316e-07
PHEC_ARTIC_Unknown,11820,1132,2613,34,38,1,3817,0.0027907744682749225,True,False,False,False,False,True,0.014573646388886245
PHEC_ARTIC_Unknown,12111,4405,7698,151,156,1,12410,6.357385314171742e-06,True,False,False,False,False,True,7.298849276122001e-05
PHEC_ARTIC_Unknown,12129,5388,8570,112,211,2,14281,0.16510390571102712,True,False,False,False,False,True,0.34661050130543375
PHEC_ARTIC_Unknown,13151,9344,12323,385,309,1,22361,1.4859606457714479e-10,True,False,False,False,False,True,2.948725808291829e-09
PHEC_ARTIC_Unknown,13334,3390,20496,41,251,2,24178,1.0,True,False,False,False,False,True,1.0
PHEC_ARTIC_Unknown,14286,15866,5043,386,97,1,21392,0.04063710243153837,True,False,False,False,False,True,0.12272585945916711
PHEC_ARTIC_Unknown,14390,8860,6516,357,227,1,15960,0.09605378466307951,True,False,False,False,False,True,0.23454189436338982
PHEC_ARTIC_Unknown,14719,5117,5441,156,161,2,10875,0.8196408345150719,True,False,False,False,False,True,0.9738022531563413
PHEC_ARTIC_Unknown,15094,515,753,11,15,1,1294,0.8434392103373205,True,False,False,False,False,True,0.9913639721618664
PHEC_ARTIC_Unknown,15264,648,451,25,10,2,1134,0.16335389537345232,True,False,False,False,False,True,0.34520631728318063
PHEC_ARTIC_Unknown,15292,373,238,19,2,1,632,0.005273527405403896,True,True,False,False,False,True,0.02402575189440144
PHEC_ARTIC_Unknown,15315,343,256,12,11,1,622,0.6712527104844083,True,True,False,False,False,True,0.8641316538767635
PHEC_ARTIC_Unknown,16506,2009,670,53,12,1,2744,0.2487326543938307,True,False,False,False,False,True,0.4611870729599377
PHEC_ARTIC_Unknown,16527,1389,800,20,17,1,2226,0.3017367076761813,True,False,False,False,False,True,0.5261315588627113
PHEC_ARTIC_Unknown,16760,770,1675,10,34,1,2489,0.25270159936850406,True,False,False,False,False,True,0.46536446637893825
PHEC_ARTIC_Unknown,17207,21242,8446,285,135,2,30108,0.10237481162951435,True,False,False,False,False,True,0.24598980136377108
PHEC_ARTIC_Unknown,17215,12518,6361,205,113,1,19197,0.5106759913191735,True,False,False,False,False,True,0.7368332459162428
PHEC_ARTIC_Unknown,17501,5457,3858,128,85,1,9528,0.6735969356373186,True,False,False,False,False,True,0.8666009911994346
PHEC_ARTIC_Unknown,18219,6385,6697,142,231,1,13455,4.025650317119297e-05,True,False,False,False,False,True,0.0003946107346997904
PHEC_ARTIC_Unknown,18398,8637,8224,354,200,1,17415,3.6145631994128996e-09,True,False,False,False,False,True,6.02624717016872e-08
PHEC_ARTIC_Unknown,18895,6827,16942,117,212,1,24098,0.008283561740198482,True,False,False,False,False,True,0.034455551287451355
PHEC_ARTIC_Unknown,21028,4347,5991,98,192,1,10628,0.005413161536534055,True,False,False,False,False,True,0.024549321215853438
PHEC_ARTIC_Unknown,23118,35,27,6,12,1,80,0.1103719944809928,True,True,False,False,False,True,0.25963585865652644
PHEC_ARTIC_Unknown,23126,34,27,5,3,1,69,1.0,True,True,False,True,False,True,1.0
PHEC_ARTIC_Unknown,23765,941,8357,26,186,2,9510,0.3008001085973215,True,False,False,False,False,True,0.5249484520694568
PHEC_ARTIC_Unknown,23873,624,162,33,6,1,825,0.5430208909231858,True,True,False,False,False,True,0.7658460291388164
PHEC_ARTIC_Unknown,24107,2778,977,71,11,1,3837,0.010070444962586796,True,False,False,False,False,True,0.04058497791210848
PHEC_ARTIC_Unknown,24247,3201,2732,77,87,1,6097,0.08083893860023443,True,False,False,False,False,True,0.20604812169533437
PHEC_ARTIC_Unknown,24377,1081,3710,22,55,1,4868,0.21732737868928803,True,False,False,False,False,True,0.4220956719781288
PHEC_ARTIC_Unknown,24780,14353,2982,266,66,1,17667,0.21221032987528615,True,False,False,False,False,True,0.4144366883978224
PHEC_ARTIC_Unknown,26574,2144,500,66,6,1,2716,0.02078467892973148,True,False,False,False,False,True,0.07189802201203031
PHEC_ARTIC_Unknown,26951,424,284,27,17,1,752,0.8755970627992313,True,True,False,False,False,True,1.0
PHEC_ARTIC_Unknown,27029,276,316,8,7,1,607,0.6132321417548302,True,True,False,False,False,True,0.825431111822781
PHEC_ARTIC_Unknown,27466,878,3948,43,238,1,5107,0.23213919570453673,True,False,False,False,False,True,0.4416555202858853
PHEC_ARTIC_Unknown,27498,553,6304,14,87,2,6958,0.042681291881876374,True,False,False,False,False,True,0.12710651198790124
PHEC_ARTIC_Unknown,27876,1984,620,40,15,1,2659,0.5257940104224942,True,False,False,False,False,True,0.7505017664556863
PHEC_ARTIC_Unknown,28838,197,162,9,11,1,379,0.49035079119079006,True,True,False,False,False,True,0.7203853443713015
PHEC_ARTIC_Unknown,29648,1182,1467,41,21,1,2711,0.0010813488522950863,True,False,False,False,False,True,0.006927444301002223
PHEC_ARTIC_Unknown,523,6429,4826,235,208,1,11698,0.0962112128969568,True,False,False,False,False,True,0.23464461274869322
PHEC_ARTIC_Unknown,759,3401,2759,140,141,1,6441,0.08589390689222975,True,False,False,False,False,True,0.2166251786965844
PHEC_ARTIC_Unknown,959,3582,3743,111,418,1,7854,1.0618988344048268e-37,True,False,False,False,False,True,7.578604312910237e-36
PHEC_ARTIC_Unknown,1239,3551,5269,80,207,1,9107,2.168398616633686e-05,True,False,False,False,False,True,0.00023031450580850743
PHEC_ARTIC_Unknown,1385,889,541,20,10,1,1460,0.7057199784132471,True,False,False,False,False,True,0.8926831070227267
PHEC_ARTIC_Unknown,1461,1707,1722,29,33,2,3491,0.7012510547804179,True,False,False,False,False,True,0.8892508882219764
PHEC_ARTIC_Unknown,1684,1780,1347,71,44,3,3242,0.33782920267203453,True,False,False,False,False,True,0.5689004277241773
PHEC_ARTIC_Unknown,2064,145,171,4,6,1,326,0.7593590073639251,True,True,False,True,False,True,0.9341832475430218
PHEC_ARTIC_Unknown,2349,842,829,54,44,1,1769,0.40597993160039314,True,False,False,False,False,True,0.6361811871149459
PHEC_ARTIC_Unknown,2904,3782,1006,292,56,1,5136,0.028241237184415964,True,False,False,False,False,True,0.09212939283576915
PHEC_ARTIC_Unknown,3517,465,135,14,54,1,668,1.9554279975598967e-20,True,True,False,False,False,True,7.875921875320456e-19
PHEC_ARTIC_Unknown,3609,394,232,16,10,1,652,1.0,True,True,False,False,False,True,1.0
PHEC_ARTIC_Unknown,3767,173,496,6,13,1,688,0.5980287896528689,True,True,False,True,False,True,0.811197437915262
PHEC_ARTIC_Unknown,3784,227,401,4,25,1,657,0.015607632329129359,True,True,False,False,False,True,0.05798342311862852
PHEC_ARTIC_Unknown,4220,2057,2774,142,173,1,5146,0.41062403932335845,True,False,False,False,False,True,0.6400071233591655
PHEC_ARTIC_Unknown,4683,1754,369,108,19,1,2250,0.5464528464320428,True,False,False,False,False,True,0.7694600828264279
PHEC_ARTIC_Unknown,4898,871,860,17,34,1,1782,0.022159496184959628,True,False,False,False,False,True,0.0756248577855837
PHEC_ARTIC_Unknown,5305,2579,655,116,13,1,3363,0.0032693682469900555,True,False,False,False,False,True,0.016583279337600433
PHEC_ARTIC_Unknown,5456,2184,1358,41,28,1,3611,0.7091573437279857,True,False,False,False,False,True,0.8948052339595055
PHEC_ARTIC_Unknown,5466,2239,1416,50,36,1,3741,0.576648066430347,True,False,False,False,False,True,0.7945438678068097
PHEC_ARTIC_Unknown,5496,1422,2311,38,42,1,3813,0.1031425523020913,True,False,False,False,False,True,0.247104771946353
PHEC_ARTIC_Unknown,5584,1154,4050,27,10,2,5241,8.433592209445025e-11,True,False,False,False,False,True,1.706858363583202e-09
PHEC_ARTIC_Unknown,6045,1886,1307,77,44,2,3314,0.346462042153914,True,False,False,False,False,True,0.5780999128310592
PHEC_ARTIC_Unknown,6078,938,1629,24,42,1,2633,1.0,True,False,False,False,False,True,1.0
PHEC_ARTIC_Unknown,6242,1331,1219,13,37,1,2600,0.0002736520375774948,True,False,False,False,False,True,0.0022489221997277755
PHEC_ARTIC_Unknown,6649,5426,6953,108,199,1,12686,0.0024335779537960718,True,False,False,False,False,True,0.013182150620562477
PHEC_ARTIC_Unknown,6793,5584,13785,100,266,1,19735,0.5603506823528396,True,False,False,False,False,True,0.7798517194017625
PHEC_ARTIC_Unknown,7382,1205,325,29,15,1,1574,0.06052096790005788,True,False,False,False,False,True,0.16512360658446376
PHEC_ARTIC_Unknown,7536,657,829,24,44,1,1554,0.1694380711780667,True,False,False,False,False,True,0.35330964467025294
PHEC_ARTIC_Unknown,7571,760,1477,25,45,2,2307,0.798115646756112,True,False,False,False,False,True,0.9602882138432014
PHEC_ARTIC_Unknown,7916,2263,5081,141,313,1,7798,0.9166367151779344,True,False,False,False,False,True,1.0
PHEC_ARTIC_Unknown,8180,1772,1512,34,31,1,3349,0.8028355307531426,True,False,False,False,False,True,0.9614990254950658
PHEC_ARTIC_Unknown,8290,3841,3306,79,42,1,7268,0.012787780398225212,True,False,False,False,False,True,0.049543514914266826
PHEC_ARTIC_Unknown,8464,2749,3972,135,209,2,7065,0.5739808143295719,True,False,False,False,False,True,0.7920467953503048
PHEC_ARTIC_Unknown,8961,5373,843,139,24,1,6379,0.6437010865778585,True,False,False,False,False,True,0.8444295453720504
PHEC_ARTIC_Unknown,8969,6276,941,355,50,2,7622,0.761304611085161,True,False,False,False,False,True,0.9350657806746709
PHEC_ARTIC_Unknown,9144,2920,3713,119,234,1,6986,0.00013819253095773157,True,False,False,False,False,True,0.0012063674161717855
PHEC_ARTIC_Unknown,9511,1186,486,48,7,1,1727,0.006242690887025525,True,False,False,False,False,True,0.02733613189280929
PHEC_ARTIC_Unknown,9852,5545,1721,138,52,1,7456,0.26145005854623476,True,False,False,False,False,True,0.47460010627669924
PHEC_ARTIC_Unknown,9967,3846,4328,86,117,2,8377,0.20019515921128805,True,False,False,False,False,True,0.3974209649713797
PHEC_ARTIC_Unknown,10165,7558,3338,217,78,1,11191,0.12466828803868212,True,False,False,False,False,True,0.2837999976168768
PHEC_ARTIC_Unknown,10183,6959,2891,212,101,1,10163,0.2841510283301729,True,False,False,False,False,True,0.5058758788827761
PHEC_ARTIC_Unknown,10451,3191,1424,96,32,1,4743,0.17402366784497847,True,False,False,False,False,True,0.35953696332827445
PHEC_ARTIC_Unknown,10647,1417,2718,24,94,1,4253,0.0014881468594154681,True,False,False,False,False,True,0.00892888115649281
PHEC_ARTIC_Unknown,10956,144,224,9,14,1,391,1.0,True,True,False,False,False,True,1.0
PHEC_ARTIC_Unknown,11071,20713,4287,656,125,1,25781,0.44009167693384865,True,False,False,False,False,True,0.6702706633346673
PHEC_ARTIC_Unknown,12120,6713,11592,105,447,1,18857,7.077354249028397e-19,True,False,False,False,False,True,2.6907174845838805e-17
PHEC_ARTIC_Unknown,12165,6465,13966,111,288,1,20830,0.11464014099369552,True,False,False,False,False,True,0.26664156292873264
PHEC_ARTIC_Unknown,12756,3737,8460,36,127,1,12360,0.02046015454089173,True,False,False,False,False,True,0.07117980374860126
PHEC_ARTIC_Unknown,13019,9854,1294,1393,3341,3,15882,0.0,True,False,False,False,False,True,0.0
PHEC_ARTIC_Unknown,13166,4140,4447,3,1,1,8591,0.3581230600931713,True,False,False,True,False,True,0.5883863523663251
PHEC_ARTIC_Unknown,13731,4385,2595,291,110,1,7381,7.652912766157589e-05,True,False,False,False,False,True,0.000707546571198388
PHEC_ARTIC_Unknown,13738,17227,5347,534,121,3,23229,0.001724592255853249,True,False,False,False,False,True,0.010025462089213268
PHEC_ARTIC_Unknown,13797,5703,2636,159,64,1,8562,0.3813316209132752,True,False,False,False,False,True,0.6112123852936184
PHEC_ARTIC_Unknown,13866,3112,3072,86,124,1,6394,0.007659307363678395,True,False,False,False,False,True,0.03232164144755572
PHEC_ARTIC_Unknown,14118,6212,8059,444,502,2,15217,0.042312450826786106,True,False,False,False,False,True,0.12647101393340623
PHEC_ARTIC_Unknown,14217,4453,9891,66,320,1,14730,8.112747468127857e-10,True,False,False,False,False,True,1.5138833348781708e-08
PHEC_ARTIC_Unknown,14229,14603,15774,83,254,2,30714,1.8225864567785944e-18,True,False,False,False,False,True,6.56131124440294e-17
PHEC_ARTIC_Unknown,14230,13480,10882,134,375,1,24871,3.2876515132402586e-39,True,False,False,False,False,True,2.5719550684348793e-37
PHEC_ARTIC_Unknown,14676,4230,4020,119,91,1,8460,0.12463375882359046,True,False,False,False,False,True,0.2837999976168768
PHEC_ARTIC_Unknown,14708,3092,4761,81,108,1,8042,0.36618535798040097,True,False,False,False,False,True,0.5968117132469035
PHEC_ARTIC_Unknown,15303,7497,1605,56,18,2,9176,0.16643345533354223,True,False,False,False,False,True,0.3482774157905606
PHEC_ARTIC_Unknown,15509,15836,3666,296,39,1,19837,0.0006528635801480271,True,False,False,False,False,True,0.004700617777065795
PHEC_ARTIC_Unknown,15791,8787,24523,178,565,3,34053,0.14067244100828738,True,False,False,False,False,True,0.31067073291081054
PHEC_ARTIC_Unknown,16012,879,1132,24,42,1,2077,0.2577002719820314,True,False,False,False,False,True,0.47015230652867274
PHEC_ARTIC_Unknown,16707,666,764,22,24,1,1476,0.8817351073078492,True,False,False,False,False,True,1.0
PHEC_ARTIC_Unknown,16757,598,1347,16,62,1,2023,0.059351603645348965,True,False,False,False,False,True,0.1625874233193802
PHEC_ARTIC_Unknown,16877,1576,687,53,24,1,2340,0.8999207573231172,True,False,False,False,False,True,1.0
PHEC_ARTIC_Unknown,16963,1349,1007,43,60,1,2459,0.0022158994646739403,True,False,False,False,False,True,0.012231043449516402
PHEC_ARTIC_Unknown,17135,54773,8670,1040,146,4,64629,0.1856770463066314,True,False,False,False,False,True,0.37616246233833495
PHEC_ARTIC_Unknown,17458,21033,3949,434,85,2,25501,0.7154736140014575,True,False,False,False,False,True,0.9008191463193839
PHEC_ARTIC_Unknown,17496,9213,4790,194,93,1,14290,0.5715879039955951,True,False,False,False,False,True,0.7895482490506218
PHEC_ARTIC_Unknown,17502,7187,5211,307,228,1,12933,0.7886033064314892,True,False,False,False,False,True,0.951940133698308
PHEC_ARTIC_Unknown,17626,4304,6395,0,3,1,10702,0.2786460031968327,True,False,True,True,False,True,0.4975996229169075
PHEC_ARTIC_Unknown,18180,8117,6787,419,284,1,15607,0.007469688627475833,True,False,False,False,False,True,0.03165280555892884
PHEC_ARTIC_Unknown,18695,17064,7192,18,7,1,24281,1.0,True,False,False,False,False,True,1.0
PHEC_ARTIC_Unknown,18828,11815,16412,216,348,1,28791,0.09272861778670308,True,False,False,False,False,True,0.22847971965857547
PHEC_ARTIC_Unknown,19634,1899,648,76,25,1,2648,1.0,True,False,False,False,False,True,1.0
PHEC_ARTIC_Unknown,19862,867,2696,21,74,1,3658,0.7162091482491197,True,False,False,False,False,True,0.9013069598543995
PHEC_ARTIC_Unknown,20709,1008,1058,35,18,1,2119,0.017258512347167673,True,False,False,False,False,True,0.06262946318312052
PHEC_ARTIC_Unknown,21057,4191,5002,101,139,1,9433,0.2939340623750741,True,False,False,False,False,True,0.5178535148297104
PHEC_ARTIC_Unknown,21575,880,2129,6,13,3,3028,0.8035005993503166,True,False,False,False,False,True,0.9614990254950658
PHEC_ARTIC_Unknown,23202,13591,3263,1360,394,1,18608,0.002185995875057039,True,False,False,False,False,True,0.012148403305644855
PHEC_ARTIC_Unknown,23216,28437,7714,648,172,3,36971,0.8294230602612713,True,False,False,False,False,True,0.9809032445788832
PHEC_ARTIC_Unknown,23280,12643,9291,242,200,1,22376,0.2247015743361527,True,False,False,False,False,True,0.43198771474455067
PHEC_ARTIC_Unknown,23708,4572,6286,105,104,1,11067,0.019631412558436513,True,False,False,False,False,True,0.0690238429453066
PHEC_ARTIC_Unknown,23738,2232,9144,60,207,1,11643,0.24336317167190866,True,False,False,False,False,True,0.45587456449151315
PHEC_ARTIC_Unknown,25350,15413,1438,447,33,1,17331,0.21329266576483413,True,False,False,False,False,True,0.41595137312145025
PHEC_ARTIC_Unknown,25603,3071,35090,167,1713,2,40041,0.19366326889484214,True,False,False,False,False,True,0.3873265377896843
PHEC_ARTIC_Unknown,26474,877,617,108,138,1,1740,1.6067069114239445e-05,True,False,False,False,False,True,0.00017476159667573812
PHEC_ARTIC_Unknown,26619,3786,1219,67,25,1,5097,0.5406854078821535,True,False,False,False,False,True,0.7634530507686915
PHEC_ARTIC_Unknown,26862,1097,4835,20,113,1,6065,0.3654286580809485,True,False,False,False,False,True,0.5962951388180098
PHEC_ARTIC_Unknown,27186,5889,2007,109,20,1,8025,0.010277875778374149,True,False,False,False,False,True,0.04123313477951286
PHEC_ARTIC_Unknown,27297,8041,4129,362,277,2,12809,1.6084507847956868e-06,True,False,False,False,False,True,2.0293724325801185e-05
PHEC_ARTIC_Unknown,27402,2492,5282,83,167,1,8024,0.730806811631826,True,False,False,False,False,True,0.9096786000675743
PHEC_ARTIC_Unknown,27900,2138,1223,30,21,1,3412,0.4682547265305754,True,False,False,False,False,True,0.700221683416727
PHEC_ARTIC_Unknown,28254,83,72,31,11,1,197,0.021867949352584546,True,True,False,False,False,True,0.0748181816369335
PHEC_ARTIC_Unknown,28325,2922,8658,61,207,2,11848,0.3930652735175115,True,False,False,False,False,True,0.6231447905959614
PHEC_ARTIC_Unknown,28460,3340,859,84,20,1,4303,0.9019512899814202,True,False,False,False,False,True,1.0
PHEC_ARTIC_Unknown,1130,375,369,367,335,1,1446,0.49394359431206203,True,False,False,False,False,True,0.7220131303131399
PHEC_ARTIC_Unknown,2995,31,30,14,10,1,85,0.6316996833852768,True,True,False,False,False,True,0.8361926656272021
PHEC_ARTIC_Unknown,7071,44,16,2,21,1,83,1.1992852011608382e-07,True,True,False,False,False,True,1.6650826615434437e-06
PHEC_ARTIC_Unknown,13802,998,558,220,181,1,1957,0.0007936628035683398,True,False,False,False,False,True,0.005363156619461805
PHEC_ARTIC_Unknown,17374,634,2215,11,48,1,2908,0.6348784080430134,True,False,False,False,False,True,0.8371818251768057
PHEC_ARTIC_Unknown,17894,7,5,4,4,1,20,1.0,True,True,False,True,False,True,1.0
PHEC_ARTIC_Unknown,20865,822,563,29,29,1,1443,0.1735964182963401,True,False,False,False,False,True,0.3590189271121055
PHEC_ARTIC_Unknown,24703,27,37,7,3,1,74,0.17097514549575105,True,True,False,True,False,True,0.355586345540243
PHEC_ARTIC_Unknown,25702,10,12,2,1,1,25,0.5930434782608696,True,True,False,True,False,True,0.8090210830198583
PHEC_ARTIC_Unknown,29307,16,18,12,18,1,64,0.6203910529564696,True,True,False,False,False,True,0.8299125027652267
PHEC_ARTIC_Unknown,721,5238,1548,76,25,1,6887,0.6337222193039981,True,False,False,False,False,True,0.8361926656272021
PHEC_ARTIC_Unknown,1134,3678,4158,33,63,1,7932,0.017503490312989402,True,False,False,False,False,True,0.06334893113277659
PHEC_ARTIC_Unknown,2462,691,680,8,26,1,1405,0.0026244969835195774,True,False,False,False,False,True,0.013937929150075249
PHEC_ARTIC_Unknown,2889,3520,584,70,11,1,4185,1.0,True,False,False,False,False,True,1.0
PHEC_ARTIC_Unknown,3458,1039,5543,16,87,1,6685,1.0,True,False,False,False,False,True,1.0
PHEC_ARTIC_Unknown,3629,306,357,12,12,1,687,0.835548240019913,True,True,False,False,False,True,0.9840982562503013
PHEC_ARTIC_Unknown,4159,2459,1020,39,16,1,3534,1.0,True,False,False,False,False,True,1.0
PHEC_ARTIC_Unknown,4179,2894,941,53,25,1,3913,0.14383383470969424,True,False,False,False,False,True,0.31644999437481675
PHEC_ARTIC_Unknown,4765,845,694,13,14,1,1566,0.5600812283458907,True,False,False,False,False,True,0.7797434760133756
PHEC_ARTIC_Unknown,4813,659,962,25,29,1,1675,0.40298123824480053,True,False,False,False,False,True,0.6327007630952716
PHEC_ARTIC_Unknown,6545,6871,1564,146,36,1,8617,0.6997685368205957,True,False,False,False,False,True,0.8881929509473271
PHEC_ARTIC_Unknown,6822,1322,5870,16,126,1,7334,0.028055950259655058,True,False,False,False,False,True,0.09167197241468014
PHEC_ARTIC_Unknown,8389,2351,1862,29,32,1,4274,0.24246090685906846,True,False,False,False,False,True,0.45558012429685474
PHEC_ARTIC_Unknown,8473,1303,2302,30,33,1,3668,0.06497595597444632,True,False,False,False,False,True,0.1739403076531723
PHEC_ARTIC_Unknown,9030,3407,3324,92,45,1,6868,0.00013085979408086507,True,False,False,False,False,True,0.001152245979049695
PHEC_ARTIC_Unknown,9683,707,472,22,5,1,1206,0.027429623519005266,True,False,False,False,False,True,0.09013223624823379
PHEC_ARTIC_Unknown,10015,1433,2020,23,33,1,3509,1.0,True,False,False,False,False,True,1.0
PHEC_ARTIC_Unknown,11135,4723,2701,83,31,1,7538,0.04915335630962267,True,False,False,False,False,True,0.14071488632480297
PHEC_ARTIC_Unknown,11952,5556,1644,79,19,1,7298,0.4684919383298096,True,False,False,False,False,True,0.700221683416727
PHEC_ARTIC_Unknown,12233,1567,2575,30,66,1,4238,0.20227503639357666,True,False,False,False,False,True,0.40041598445210214
PHEC_ARTIC_Unknown,13250,2903,3398,188,227,1,6716,0.799374793570025,True,False,False,False,False,True,0.9603721532805373
PHEC_ARTIC_Unknown,14815,2232,4631,21,68,1,6952,0.08675399133257974,True,False,False,False,False,True,0.21825308394615608
PHEC_ARTIC_Unknown,15742,4271,6426,42,97,1,10836,0.0230349382931707,True,False,False,False,False,True,0.07815356878783854
PHEC_ARTIC_Unknown,16375,259,284,31,36,1,610,0.897044257675604,True,True,False,False,False,True,1.0
PHEC_ARTIC_Unknown,16762,1107,2502,7,43,1,3659,0.012306075686886221,True,False,False,False,False,True,0.04790537406148627
PHEC_ARTIC_Unknown,17641,2311,3515,30,33,1,5889,0.1988243716871267,True,False,False,False,False,True,0.3951233727519449
PHEC_ARTIC_Unknown,18569,4330,8964,36,102,1,13432,0.12018693733037875,True,False,False,False,False,True,0.2759144814108243
PHEC_ARTIC_Unknown,18691,9191,3813,176,32,1,13212,4.663866427879716e-06,True,False,False,False,False,True,5.467610555796739e-05
PHEC_ARTIC_Unknown,19235,2873,11562,66,393,1,14894,0.0028577105642592837,True,False,False,False,False,True,0.014865941912284866
PHEC_ARTIC_Unknown,22647,4155,3265,62,70,1,7552,0.04190844598335699,True,False,False,False,False,True,0.12554918761240946
PHEC_ARTIC_Unknown,23786,645,7482,8,179,2,8314,0.07262967881153284,True,False,False,False,False,True,0.18854979796127352
PHEC_ARTIC_Unknown,24233,2411,1686,60,33,1,4190,0.28806950919403007,True,False,False,False,False,True,0.5103949317949975
PHEC_ARTIC_Unknown,24745,10074,1469,151,9,1,11703,0.005448142055569079,True,False,False,False,False,True,0.024625602091172236
PHEC_ARTIC_Unknown,24816,9890,5265,125,72,2,15352,0.5987317112233324,True,False,False,False,False,True,0.8118802004188387
PHEC_ARTIC_Unknown,24908,4675,8352,48,72,1,13147,0.38967382708944764,True,False,False,False,False,True,0.6197002066457674
PHEC_ARTIC_Unknown,25394,7879,3004,161,34,1,11078,0.001168720714582828,True,False,False,False,False,True,0.007359684004524682
PHEC_ARTIC_Unknown,26704,2161,1192,26,18,1,3397,0.5264958032507797,True,False,False,False,False,True,0.7509764823366661
PHEC_ARTIC_Unknown,27067,217,620,120,74,1,1031,1.390450812951825e-20,True,False,False,False,False,True,5.771789701110228e-19
PHEC_ARTIC_Unknown,27103,240,549,128,129,1,1046,3.257015354515646e-08,True,False,False,False,False,True,4.888081488823219e-07
PHEC_ARTIC_Unknown,27293,2705,2061,69,46,1,4881,0.5063340566974416,True,False,False,False,False,True,0.7332740984852946
PHEC_ARTIC_Unknown,28147,6706,2469,151,54,1,9380,0.9365372026723651,True,False,False,False,False,True,1.0
PHEC_ARTIC_Unknown,28928,460,1366,20,66,2,1912,0.7992027046012525,True,False,False,False,False,True,0.9603721532805373
PHEC_ARTIC_Unknown,29645,594,1036,0,1,1,1631,1.0,True,False,True,True,False,True,1.0
PHEC_ARTIC_Unknown,524,2759,2304,23,57,1,5143,4.3792624515866965e-06,True,False,False,False,False,True,5.1787324572833377e-05
PHEC_ARTIC_Unknown,2141,113,242,0,0,1,355,1.0,True,True,True,True,False,True,1.0
PHEC_ARTIC_Unknown,28986,173,379,35,94,1,681,0.3960685086223342,True,True,False,False,False,True,0.6264411714913125
PHEC_ARTIC_Unknown,20995,3139,18782,248,563,3,22732,8.942063495293753e-31,True,False,False,False,False,True,5.196616328407855e-29
PHEC_ARTIC_Unknown,22346,281,41,21,3,1,346,1.0,True,True,False,True,False,True,1.0
PHEC_ARTIC_Unknown,6105,694,1764,23,72,1,2553,0.41809956707458507,True,False,False,False,False,True,0.648676216193521
PHEC_ARTIC_Unknown,10417,3386,3227,68,51,1,6732,0.22894823133064096,True,False,False,False,False,True,0.4372963614271916
PHEC_ARTIC_Unknown,15426,1690,2848,78,181,1,4797,0.02051862309026154,True,False,False,False,False,True,0.07121993065800679
PHEC_ARTIC_Unknown,20091,731,665,34,75,1,1505,2.401011691032544e-05,True,False,False,False,False,True,0.00025108780357635963
PHEC_ARTIC_Unknown,20944,3910,3261,27,5,2,7203,0.000546624192942356,True,False,False,False,False,True,0.0040430313034354615
PHEC_ARTIC_Unknown,25840,769,3268,0,0,1,4037,1.0,True,False,True,True,False,True,1.0
PHEC_ARTIC_Unknown,1857,421,5949,0,52,1,6422,0.04781810652220626,True,False,True,True,False,True,0.13786254949137852
PHEC_ARTIC_Unknown,4056,375,1945,1,24,1,2345,0.16381542080638392,True,False,False,True,False,True,0.3454645577192171
PHEC_ARTIC_Unknown,4595,491,10532,0,132,1,11155,0.004522756160763218,True,False,True,False,False,True,0.02134405111599161
PHEC_ARTIC_Unknown,4686,13777,355,444,5,2,14581,0.062360034854189464,True,False,False,False,False,True,0.16934620947052254
PHEC_ARTIC_Unknown,4726,16136,404,221,0,1,16761,0.007200026377423162,True,False,True,False,False,True,0.030701999269766692
PHEC_ARTIC_Unknown,4904,2585,8922,16,78,2,11601,0.2629392951297306,True,False,False,False,False,True,0.47666535320309444
PHEC_ARTIC_Unknown,6555,14988,625,103,1,1,15717,0.1325288611483164,True,False,False,True,False,True,0.29818993758371193
PHEC_ARTIC_Unknown,6970,375,5187,0,49,1,5611,0.07576703164085719,True,False,True,True,False,True,0.19507612956646014
PHEC_ARTIC_Unknown,7575,619,4455,0,34,1,5108,0.029209757633165544,True,False,True,True,False,True,0.0942319746395831
PHEC_ARTIC_Unknown,7705,13381,600,92,0,1,14073,0.03435354166506398,True,False,True,True,False,True,0.10692441277236439
PHEC_ARTIC_Unknown,8036,15608,564,151,2,1,16325,0.18128581116037862,True,False,False,False,False,True,0.3704021495732899
PHEC_ARTIC_Unknown,8581,475,10393,0,74,1,10942,0.07809879543396404,True,False,True,True,False,True,0.20057190645540765
PHEC_ARTIC_Unknown,11124,14089,1061,110,0,1,15260,0.0005431492158980904,True,False,True,False,False,True,0.004024646648949784
PHEC_ARTIC_Unknown,11302,1245,16211,0,98,1,17554,0.001218369536892643,True,False,True,False,False,True,0.007601728951041827
PHEC_ARTIC_Unknown,11315,1924,22661,1,127,1,24713,0.0007092658858121747,True,False,False,False,False,True,0.004940571273088916
PHEC_ARTIC_Unknown,13307,1285,23140,0,126,1,24551,0.002027535184030029,True,False,True,False,False,True,0.011376569832598838
PHEC_ARTIC_Unknown,13308,1299,23330,0,148,1,24777,0.0006153711900518687,True,False,True,False,False,True,0.004510504506542346
PHEC_ARTIC_Unknown,13309,1276,23831,0,145,1,25252,0.0009192897401996264,True,False,True,False,False,True,0.00604147118438139
PHEC_ARTIC_Unknown,14644,11163,1021,88,0,1,12272,0.0007473152001709969,True,False,True,False,False,True,0.005131940851540997
PHEC_ARTIC_Unknown,14645,11441,1408,116,15,2,12980,0.7799604204607966,True,False,False,False,False,True,0.9461229963861899
PHEC_ARTIC_Unknown,14790,2014,10405,26,214,2,12659,0.02621975664269938,True,False,False,False,False,True,0.08692907092298376
PHEC_ARTIC_Unknown,14839,998,13915,0,107,1,15020,0.0012849061064627012,True,False,True,False,False,True,0.007848345407042445
PHEC_ARTIC_Unknown,14840,988,14105,1,81,1,15175,0.04351290158796071,True,False,False,False,False,True,0.12853606935279763
PHEC_ARTIC_Unknown,14969,4501,387,45,0,1,4933,0.04683081579232963,True,False,True,True,False,True,0.1355927107780761
PHEC_ARTIC_Unknown,17066,507,13797,0,116,1,14420,0.036573189071583107,True,False,True,True,False,True,0.1128829538264037
PHEC_ARTIC_Unknown,17350,2026,11120,3,81,1,13230,0.0011564229345006204,True,False,False,False,False,True,0.007327614482162809
PHEC_ARTIC_Unknown,17357,1891,16351,5,81,1,18328,0.21272340373391738,True,False,False,False,False,True,0.41504019491106753
PHEC_ARTIC_Unknown,17364,1438,30620,1,199,1,32258,0.0027406171692798747,True,False,False,False,False,True,0.01440417395947097
PHEC_ARTIC_Unknown,17677,684,14026,0,138,1,14848,0.0031822949961750704,True,False,True,False,False,True,0.016263286487990185
PHEC_ARTIC_Unknown,18175,3674,3210,1427,1167,1,9478,0.15869377244466107,True,False,False,False,False,True,0.33887992981883525
PHEC_ARTIC_Unknown,18344,19145,1245,135,1,1,20526,0.0033973504389852483,True,False,False,False,False,True,0.017146925044406937
PHEC_ARTIC_Unknown,18345,18927,1282,106,0,1,20315,0.0019547254373656264,True,False,True,False,False,True,0.011017888115244952
PHEC_ARTIC_Unknown,19196,970,11373,1,78,1,12422,0.020102508033570676,True,False,False,False,False,True,0.07031556550349571
PHEC_ARTIC_Unknown,19655,7831,620,102,0,1,8553,0.0007831524519016566,True,False,True,False,False,True,0.005309773623893232
PHEC_ARTIC_Unknown,19810,647,7923,0,95,1,8665,0.001190061457816766,True,False,True,False,False,True,0.007459429908164259
PHEC_ARTIC_Unknown,20267,3147,269,35,0,1,3451,0.10810380263854855,True,False,True,True,False,True,0.25598849978485605
PHEC_ARTIC_Unknown,20420,739,3152,0,32,1,3923,0.002233764728672541,True,False,True,False,False,True,0.012263097052955328
PHEC_ARTIC_Unknown,21650,303,3331,0,40,1,3674,0.07375574303856852,True,False,True,True,False,True,0.19098559050343522
PHEC_ARTIC_Unknown,23753,490,13003,0,164,1,13657,0.004759569331847386,True,False,True,False,False,True,0.022255089703396746
PHEC_ARTIC_Unknown,23818,2091,4794,2763,939,1,10587,0.0,True,False,False,False,False,True,0.0
PHEC_ARTIC_Unknown,23883,6847,275,82,0,1,7204,0.07680391067703367,True,False,True,True,False,True,0.19762068857316442
PHEC_ARTIC_Unknown,23916,3735,470,43,1,1,4249,0.08477046057021573,True,False,False,True,False,True,0.21462170995738436
PHEC_ARTIC_Unknown,24373,371,6647,1,93,1,7112,0.09522851917740319,True,False,False,True,False,True,0.23350790597569387
PHEC_ARTIC_Unknown,25073,6371,794,64,3,1,7232,0.11316184067603768,True,False,False,False,False,True,0.264210735559208
PHEC_ARTIC_Unknown,25680,3614,269,53,2,1,3938,0.5862407150447835,True,False,False,True,False,True,0.8029721309098247
PHEC_ARTIC_Unknown,25682,3622,275,46,0,1,3943,0.0733379764517621,True,False,True,True,False,True,0.19002476955781414
PHEC_ARTIC_Unknown,27236,16975,1213,103,2,1,18293,0.0479082353739575,True,False,False,False,False,True,0.1379268941976356
PHEC_ARTIC_Unknown,27296,9369,2420,417,134,1,12340,0.035760415240753074,True,False,False,False,False,True,0.11087909237757888
PHEC_ARTIC_Unknown,29204,1295,4120,3,43,1,5461,0.004549238833268961,True,False,False,False,False,True,0.021444152460878486
PHEC_ARTIC_Unknown,392,42644,956,181,3,1,43784,0.8020861011133482,True,False,False,True,False,True,0.9614990254950658
PHEC_ARTIC_Unknown,483,21673,9806,133,27,1,31639,5.082540160207745e-05,True,False,False,False,False,True,0.00048195275924767147
PHEC_ARTIC_Unknown,636,2797,34420,20,165,1,37402,0.09340685256931155,True,False,False,False,False,True,0.22987239942647272
PHEC_ARTIC_Unknown,1045,7827,1121,48,6,1,9002,1.0,True,False,False,False,False,True,1.0
PHEC_ARTIC_Unknown,1062,6450,1758,45,5,1,8258,0.05553631735365457,True,False,False,False,False,True,0.15379287882550496
PHEC_ARTIC_Unknown,1148,3125,4584,29,18,1,7756,0.004258923151521392,True,False,False,False,False,True,0.020342790524837284
PHEC_ARTIC_Unknown,1834,1501,10836,14,55,1,12406,0.06160887270943542,True,False,False,False,False,True,0.16775427990761935
PHEC_ARTIC_Unknown,1878,1228,11591,3,126,2,12948,0.0022501506323852056,True,False,False,False,False,True,0.012319801847298811
PHEC_ARTIC_Unknown,3340,3528,3084,22,15,1,6649,0.5110320554369862,True,False,False,False,False,True,0.7369295999708116
PHEC_ARTIC_Unknown,4604,327,5271,1,43,1,5642,0.5166928473839555,True,False,False,True,False,True,0.7419075698516774
PHEC_ARTIC_Unknown,4887,582,908,98,266,1,1854,1.5610981892584324e-05,True,False,False,False,False,True,0.00017025596337542367
PHEC_ARTIC_Unknown,5642,9317,655,120,13,2,10105,0.15600062157132405,True,False,False,False,False,True,0.3352406384321956
PHEC_ARTIC_Unknown,5651,5772,471,46,2,1,6291,0.5808617080263099,True,False,False,True,False,True,0.7980227721212525
PHEC_ARTIC_Unknown,5791,3302,6091,40,58,2,9491,0.24392817388975876,True,False,False,False,False,True,0.4564396556502018
PHEC_ARTIC_Unknown,5881,434,5399,3,36,1,5872,0.7649822252301024,True,False,False,True,False,True,0.9377576020006311
PHEC_ARTIC_Unknown,5907,1102,5016,3,88,2,6209,4.232634171322006e-05,True,False,False,False,False,True,0.00040898707384650636
PHEC_ARTIC_Unknown,5913,906,3544,1,41,1,4492,0.0015280229530766553,True,False,False,False,False,True,0.009103023133716009
PHEC_ARTIC_Unknown,6652,1863,1474,14,22,1,3373,0.04432975326161246,True,False,False,False,False,True,0.1303929401794935
PHEC_ARTIC_Unknown,6763,545,2029,1,19,1,2594,0.09723451124683737,True,False,False,True,False,True,0.2362903176536048
PHEC_ARTIC_Unknown,6837,253,1806,1,21,1,2081,0.5070775136921664,True,False,False,True,False,True,0.7340894397507947
PHEC_ARTIC_Unknown,7386,2267,186,112,10,2,2575,0.7278556522196498,True,False,False,False,False,True,0.9093724794931005
PHEC_ARTIC_Unknown,7743,2350,319,30,2,1,2701,0.4204605271867998,True,False,False,True,False,True,0.6503549142950197
PHEC_ARTIC_Unknown,7903,419,2212,2,25,1,2658,0.29665158931849034,True,False,False,True,False,True,0.5210393377829752
PHEC_ARTIC_Unknown,8131,1464,2763,26,19,1,4272,0.002362389434909616,True,False,False,False,False,True,0.012882305926558067
PHEC_ARTIC_Unknown,8165,1648,2957,6,20,1,4631,0.2200567021489731,True,False,False,False,False,True,0.42526872415297984
PHEC_ARTIC_Unknown,8625,37,1534,0,19,1,1590,1.0,True,False,True,True,False,True,1.0
PHEC_ARTIC_Unknown,8964,11808,454,236,7,2,12505,0.6076401061934068,True,False,False,False,False,True,0.82105511964113
PHEC_ARTIC_Unknown,10266,5350,5699,27,25,1,11101,0.6772856823117297,True,False,False,False,False,True,0.8699709995718713
PHEC_ARTIC_Unknown,11104,16718,1038,160,1,1,17917,0.0017523231190913382,True,False,False,False,False,True,0.010154487818324166
PHEC_ARTIC_Unknown,11120,21816,1293,192,7,1,23308,0.27463387654721616,True,False,False,False,False,True,0.49216326422646495
PHEC_ARTIC_Unknown,11149,15517,2948,97,6,1,18568,0.0027647645704685026,True,False,False,False,False,True,0.014456378242501117
PHEC_ARTIC_Unknown,11928,8846,1389,67,3,1,10305,0.021015743440617622,True,False,False,False,False,True,0.07251233614625317
PHEC_ARTIC_Unknown,12020,4620,2876,24,14,1,7534,1.0,True,False,False,False,False,True,1.0
PHEC_ARTIC_Unknown,12474,11054,648,80,0,1,11782,0.02266672043817633,True,False,True,True,False,True,0.0771384479769335
PHEC_ARTIC_Unknown,12646,4312,8083,23,52,1,12470,0.5433214454509891,True,False,False,False,False,True,0.7658460291388164
PHEC_ARTIC_Unknown,12653,4277,7172,18,34,1,11501,0.7744650984710535,True,False,False,False,False,True,0.9427061701317312
PHEC_ARTIC_Unknown,12815,2801,701,47,7,1,3556,0.23165401657765702,True,False,False,False,False,True,0.4411299503832187
PHEC_ARTIC_Unknown,12880,1677,2270,16,16,1,3979,0.47333814856661205,True,False,False,False,False,True,0.7040144972036285
PHEC_ARTIC_Unknown,13185,36696,16213,123,90,1,53122,0.00043652948011476734,True,False,False,False,False,True,0.003331710928905954
PHEC_ARTIC_Unknown,13348,715,37646,1,417,1,38779,0.00881325671542463,True,False,False,False,False,True,0.03636138774680263
PHEC_ARTIC_Unknown,13690,14809,371,51,1,1,15232,1.0,True,False,False,True,False,True,1.0
PHEC_ARTIC_Unknown,13873,2081,12524,22,166,1,14793,0.3996282554210371,True,False,False,False,False,True,0.6295060214047667
PHEC_ARTIC_Unknown,14301,6078,598,58,4,1,6738,0.6553328530611373,True,False,False,False,False,True,0.8519955405090146
PHEC_ARTIC_Unknown,14478,676,6660,5,60,1,7401,0.8306878558178781,True,False,False,False,False,True,0.9814807428019542
PHEC_ARTIC_Unknown,15287,7238,949,49,1,1,8237,0.02599550024426448,True,False,False,False,False,True,0.0863968096353496
PHEC_ARTIC_Unknown,15690,8786,7620,27,31,1,16464,0.2944770292803228,True,False,False,False,False,True,0.5185540276920685
PHEC_ARTIC_Unknown,15696,6147,8559,45,76,1,14827,0.35473559159791423,True,False,False,False,False,True,0.5850982821584623
PHEC_ARTIC_Unknown,15830,282,13193,3,115,1,13593,0.7394063220261531,True,False,False,True,False,True,0.917044182317802
PHEC_ARTIC_Unknown,17004,3783,7414,88,330,2,11615,2.3781513473693158e-08,True,False,False,False,False,True,3.636962286127209e-07
PHEC_ARTIC_Unknown,17158,26570,2822,123,6,1,29521,0.06957109791940791,True,False,False,False,False,True,0.18270834495555288
PHEC_ARTIC_Unknown,17249,17437,12571,43,63,1,30114,0.00034414070315997235,True,False,False,False,False,True,0.0027262738919348025
PHEC_ARTIC_Unknown,17288,11138,16592,179,367,1,28276,0.00048364834172758583,True,False,False,False,False,True,0.003643484174347813
PHEC_ARTIC_Unknown,17628,1289,6489,18,57,2,7853,0.08779830088778534,True,False,False,False,False,True,0.21979291569939124
PHEC_ARTIC_Unknown,18058,2138,358,29,3,1,2528,0.6111518213298937,True,False,False,True,False,True,0.8239738705989085
PHEC_ARTIC_Unknown,18376,10835,3506,87,22,1,14450,0.3702208572649018,True,False,False,False,False,True,0.6012582830330544
PHEC_ARTIC_Unknown,18737,9397,2259,65,9,1,11730,0.13916984480015016,True,False,False,False,False,True,0.30829291387399377
PHEC_ARTIC_Unknown,18836,3311,7579,9,41,1,10940,0.06388509083151822,True,False,False,False,False,True,0.17165425990925767
PHEC_ARTIC_Unknown,18873,1852,13892,9,47,1,15800,0.29936365490653877,True,False,False,False,False,True,0.5239457935913134
PHEC_ARTIC_Unknown,18987,23949,2180,115,3,1,26247,0.018105257362713185,True,False,False,False,False,True,0.06494901847576476
PHEC_ARTIC_Unknown,19070,7006,8536,32,53,1,15627,0.18993104827065216,True,False,False,False,False,True,0.3824948041410955
PHEC_ARTIC_Unknown,19072,11212,10742,141,113,2,22208,0.1652108559565477,True,False,False,False,False,True,0.34661050130543375
PHEC_ARTIC_Unknown,19133,4294,10236,21,65,1,14616,0.34342921512380786,True,False,False,False,False,True,0.575162637761898
PHEC_ARTIC_Unknown,19134,4278,10291,21,61,1,14651,0.5432535753323005,True,False,False,False,False,True,0.7658460291388164
PHEC_ARTIC_Unknown,19173,2650,13476,11,140,1,16277,0.001280935976892791,True,False,False,False,False,True,0.007835860983458457
PHEC_ARTIC_Unknown,20505,3390,170,36,0,1,3596,0.4142092020668242,True,False,True,True,False,True,0.6448538208985232
PHEC_ARTIC_Unknown,20600,3803,486,26,1,1,4316,0.3558537600722823,True,False,False,True,False,True,0.5865531183039078
PHEC_ARTIC_Unknown,21055,1214,9072,3,80,1,10369,0.01575802554563123,True,False,False,False,False,True,0.058488729853675044
PHEC_ARTIC_Unknown,22164,18,0,2,0,1,20,1.0,True,True,True,True,False,True,1.0
PHEC_ARTIC_Unknown,22603,12174,2078,87,7,1,14346,0.0550199357060841,True,False,False,False,False,True,0.15257061925858903
PHEC_ARTIC_Unknown,25262,226,5217,4,54,1,5501,0.30605202862602354,True,False,False,True,False,True,0.5325148214074695
PHEC_ARTIC_Unknown,25327,6808,508,94,2,1,7412,0.06551591905651087,True,False,False,False,False,True,0.1749486607437331
PHEC_ARTIC_Unknown,26888,610,9271,14,64,1,9959,0.00030283604171808397,True,False,False,True,False,True,0.0024491789616484403
PHEC_ARTIC_Unknown,27195,6158,701,42,3,1,6904,0.6206058523279605,True,False,False,True,False,True,0.8299125027652267
PHEC_ARTIC_Unknown,27406,1383,6876,11,60,1,8330,0.8741168095456576,True,False,False,False,False,True,1.0
PHEC_ARTIC_Unknown,28186,17255,2321,113,4,1,19693,0.002280764409088142,True,False,False,False,False,True,0.012453892102242365
PHEC_ARTIC_Unknown,28336,3441,11193,16,82,1,14732,0.11894918645985232,True,False,False,False,False,True,0.27384566526241044
PHEC_ARTIC_Unknown,29051,4741,266,28,1,1,5036,1.0,True,False,False,True,False,True,1.0
PHEC_ARTIC_Unknown,29140,5510,977,1690,407,1,8584,3.895357015492321e-06,True,False,False,False,False,True,4.702169833537912e-05
PHEC_ARTIC_Unknown,29312,350,7958,0,43,1,8351,0.26226554158974485,True,False,True,True,False,True,0.4758680745705094
PHEC_ARTIC_Unknown,29349,573,4157,0,38,1,4768,0.011463749152500462,True,False,True,True,False,True,0.045232329342746735
PHEC_ARTIC_Unknown,29488,309,322,5,7,1,643,0.7730350901177397,True,True,False,False,False,True,0.9418109453725563
PHEC_ARTIC_Unknown,12070,3338,6170,33,46,3,9587,0.23689214760781913,True,False,False,False,False,True,0.448221979752841
PHEC_ARTIC_Unknown,12188,2933,2254,1,0,1,5188,1.0,True,False,True,True,False,True,1.0
PHEC_ARTIC_Unknown,13368,275,4851,1,48,1,5175,0.5189799193587203,True,False,False,True,False,True,0.7436818748589823
PHEC_ARTIC_Unknown,17014,1020,2567,0,0,1,3587,1.0,True,False,True,True,False,True,1.0
PHEC_ARTIC_Unknown,18891,205,4610,0,0,1,4815,1.0,True,False,True,True,False,True,1.0
PHEC_ARTIC_Unknown,23688,779,2276,10,35,1,3100,0.7313262746996407,True,False,False,False,False,True,0.9096786000675743
PHEC_ARTIC_Unknown,23946,500,283,9,4,1,796,0.7789854635227753,True,True,False,True,False,True,0.9453797331774015
PHEC_ARTIC_Unknown,25549,1767,9141,14,164,2,11086,0.0018656109243062418,True,False,False,False,False,True,0.01061269208447825
PHEC_ARTIC_Unknown,1267,365,2094,151,1002,1,3612,0.1686732723298873,True,False,False,False,False,True,0.35242058132407883
PHEC_ARTIC_Unknown,6737,462,1600,17,122,1,2201,0.003977938474526912,True,False,False,False,False,True,0.019333636456840476
PHEC_ARTIC_Unknown,11455,956,294,263,120,1,1633,0.0025057580532049494,True,False,False,False,False,True,0.013512368314213494
PHEC_ARTIC_Unknown,11917,2547,1256,990,761,1,5554,8.808584072071105e-14,True,False,False,False,False,True,2.2679316458978007e-12
PHEC_ARTIC_Unknown,12946,926,2896,483,1368,1,5673,0.13171296934640436,True,False,False,False,False,True,0.2970112856436657
PHEC_ARTIC_Unknown,13050,8854,1937,2902,949,1,14642,1.4257644030480581e-18,True,False,False,False,False,True,5.2252338663058564e-17
PHEC_ARTIC_Unknown,14170,336,2412,126,1055,1,3929,0.17693206995427757,True,False,False,False,False,True,0.36388253820728067
PHEC_ARTIC_Unknown,18176,643,1101,263,480,1,2487,0.4950137259651183,True,False,False,False,False,True,0.7230577512481512
PHEC_ARTIC_Unknown,18992,6706,629,51,8,1,7394,0.16360810710962936,True,False,False,False,False,True,0.34520631728318063
PHEC_ARTIC_Unknown,25084,1731,159,1035,82,1,3007,0.3305395091315589,True,False,False,False,False,True,0.5604980088149986
PHEC_ARTIC_Unknown,27739,7,68,2,24,1,101,1.0,True,True,False,True,False,True,1.0
PHEC_ARTIC_Unknown,28827,1405,422,677,207,1,2711,0.8842548457329087,True,False,False,False,False,True,1.0
PHEC_ARTIC_Unknown,29110,11317,1654,49,9,1,13029,0.5517064268761809,True,False,False,False,False,True,0.7720473837400427
PHEC_ARTIC_Unknown,1707,559,110,53,11,1,733,0.8605929747386898,True,True,False,False,False,True,1.0
PHEC_ARTIC_Unknown,2973,1019,754,194,112,3,2079,0.0594923975388928,True,False,False,False,False,True,0.16286344090727853
PHEC_ARTIC_Unknown,4598,187,3419,17,315,1,3938,1.0,True,False,False,False,False,True,1.0
PHEC_ARTIC_Unknown,6826,979,7551,6,143,1,8679,0.0024726280395415993,True,False,False,False,False,True,0.013375865511775565
PHEC_ARTIC_Unknown,7589,46,617,0,18,1,681,0.6257820611966589,True,True,True,True,False,True,0.8332041627220144
PHEC_ARTIC_Unknown,10164,4453,359,82,7,1,4901,0.8381675084950064,True,False,False,False,False,True,0.9865930047909972
PHEC_ARTIC_Unknown,10501,1168,316,38,1,1,1523,0.002095809366917112,True,False,False,False,False,True,0.011704747225001632
PHEC_ARTIC_Unknown,11663,4168,863,314,80,1,5425,0.11267870613543934,True,False,False,False,False,True,0.2634350439994065
PHEC_ARTIC_Unknown,11758,1726,2015,79,145,1,3965,0.0014676288696469915,True,False,False,False,False,True,0.008844909987739201
PHEC_ARTIC_Unknown,12632,652,1393,263,248,1,2556,5.09313569386803e-16,True,False,False,False,False,True,1.5578102257635445e-14
PHEC_ARTIC_Unknown,14013,14746,1154,763,34,1,16697,0.0008652205159392155,True,False,False,False,False,True,0.005760584384354712
PHEC_ARTIC_Unknown,15017,310,177,29,10,1,526,0.22403535181652962,True,True,False,False,False,True,0.43152263787388373
PHEC_ARTIC_Unknown,15328,529,183,44,12,1,768,0.5278726879474352,True,True,False,False,False,True,0.7521848328252934
PHEC_ARTIC_Unknown,16225,138,13,6,1,1,158,0.4845825316228625,True,True,False,True,False,True,0.7146628965364359
PHEC_ARTIC_Unknown,16329,38,65,1,7,1,111,0.256533691624181,True,True,False,True,False,True,0.4694462696928332
PHEC_ARTIC_Unknown,18861,16933,64052,80,438,3,81503,0.001955485550444163,True,False,False,False,False,True,0.011017888115244952
PHEC_ARTIC_Unknown,19102,7383,9191,880,1222,1,18676,0.019773048036045845,True,False,False,False,False,True,0.0692823078472304
PHEC_ARTIC_Unknown,19275,92,4929,0,58,1,5079,0.6273609514300713,True,False,True,True,False,True,0.8332041627220144
PHEC_ARTIC_Unknown,19276,91,4902,0,57,1,5050,0.6269455942302902,True,False,True,True,False,True,0.8332041627220144
PHEC_ARTIC_Unknown,20389,116,238,12,22,1,388,0.8488244234788949,True,True,False,False,False,True,0.9948192897470886
PHEC_ARTIC_Unknown,23197,10329,513,581,13,2,11436,0.0024028493150836886,True,False,False,False,False,True,0.013067902424813429
PHEC_ARTIC_Unknown,23334,6016,4917,721,1235,1,12889,7.370946593733093e-50,True,False,False,False,False,True,7.139288272215767e-48
PHEC_ARTIC_Unknown,23422,1219,7868,166,1193,1,10446,0.23011778125774268,True,False,False,False,False,True,0.4388744182637118
PHEC_ARTIC_Unknown,23548,2056,158,20,0,1,2234,0.3929423187896064,True,False,True,True,False,True,0.6231447905959614
PHEC_ARTIC_Unknown,25173,394,3810,61,302,1,4567,2.262723543749383e-05,True,False,False,False,False,True,0.00023908465911616855
PHEC_ARTIC_Unknown,25195,605,3361,105,327,1,4398,3.5521773362142354e-06,True,False,False,False,False,True,4.3135096727520924e-05
PHEC_ARTIC_Unknown,25810,10,42,5,17,1,74,0.7577572270546198,True,True,False,True,False,True,0.9339428168257691
PHEC_ARTIC_Unknown,26368,107,35,10,5,1,157,0.5341914794857151,True,True,False,True,False,True,0.7559259493555665
PHEC_ARTIC_Unknown,26610,2435,134,231,18,1,2818,0.1850733255821769,True,False,False,False,False,True,0.375464050874838
PHEC_ARTIC_Unknown,26644,1689,260,195,39,1,2183,0.15988925540068388,True,False,False,False,False,True,0.34071738657411316
PHEC_ARTIC_Unknown,26919,184,7,21,2,1,214,0.24986892634076652,True,True,False,True,False,True,0.46295822602983955
PHEC_ARTIC_Unknown,27389,427,1166,37,127,1,1757,0.26481947100437736,True,False,False,False,False,True,0.47921957653283237
PHEC_ARTIC_Unknown,28042,636,1299,17,44,1,1996,0.48890556408113445,True,False,False,False,False,True,0.7187812918981045
PHEC_ARTIC_Unknown,29226,44,176,12,74,1,306,0.25207388389686125,True,True,False,False,False,True,0.46483978227218115
PHEC_ARTIC_Unknown,462,7047,4578,159,103,1,11887,1.0,True,False,False,False,False,True,1.0
PHEC_ARTIC_Unknown,624,3177,7759,24,65,1,11025,0.7259971880409775,True,False,False,False,False,True,0.9084455739620722
PHEC_ARTIC_Unknown,676,4765,7949,27,147,1,12888,3.4431050720225164e-10,True,False,False,False,False,True,6.606863883484715e-09
PHEC_ARTIC_Unknown,1074,3499,1801,145,50,1,5495,0.016579196577115787,True,False,False,False,False,True,0.06087019104305688
PHEC_ARTIC_Unknown,1076,3447,1819,53,56,1,5375,0.0004940144514256342,True,False,False,False,False,True,0.003714696466542476
PHEC_ARTIC_Unknown,1127,3819,2486,75,32,1,6412,0.046224421152564005,True,False,False,False,False,True,0.13461120647192526
PHEC_ARTIC_Unknown,1141,3143,2713,48,31,1,5935,0.21408571900659681,True,False,False,False,False,True,0.41689837478163516
PHEC_ARTIC_Unknown,1208,1825,4774,104,231,1,6934,0.1892630416474249,True,False,False,False,False,True,0.38152728118024015
PHEC_ARTIC_Unknown,1400,2784,1117,104,17,2,4022,0.0002892695100576977,True,False,False,False,False,True,0.0023448255411302106
PHEC_ARTIC_Unknown,1758,685,393,12,12,1,1102,0.20037128789486228,True,False,False,False,False,True,0.3974209649713797
PHEC_ARTIC_Unknown,1896,420,1386,2,24,1,1832,0.0627369321287621,True,False,False,False,False,True,0.16994136202657967
PHEC_ARTIC_Unknown,2321,931,273,46,10,1,1260,0.5121851455825306,True,False,False,False,False,True,0.7378077805346085
PHEC_ARTIC_Unknown,2379,665,528,39,21,1,1253,0.1828259063362374,True,False,False,False,False,True,0.37242653328783865
PHEC_ARTIC_Unknown,2380,662,523,40,21,1,1246,0.14690656266951735,True,False,False,False,False,True,0.32150596953660926
PHEC_ARTIC_Unknown,2382,710,552,34,15,2,1311,0.07799873552234643,True,False,False,False,False,True,0.20044147574536025
PHEC_ARTIC_Unknown,2555,245,3126,2,130,2,3503,0.008053425040963612,True,False,False,False,False,True,0.0337050751714403
PHEC_ARTIC_Unknown,3053,1554,3296,45,76,1,4971,0.2377868641071455,True,False,False,False,False,True,0.4497057011566099
PHEC_ARTIC_Unknown,3218,9419,1030,70,10,1,10529,0.44857556802381615,True,False,False,False,False,True,0.6796295756874801
PHEC_ARTIC_Unknown,3283,6263,4268,203,60,1,10794,3.1477465097685743e-09,True,False,False,False,False,True,5.402967426893907e-08
PHEC_ARTIC_Unknown,3289,5949,4176,86,56,1,10267,0.7314549412047776,True,False,False,False,False,True,0.9096786000675743
PHEC_ARTIC_Unknown,3414,4563,5421,72,163,1,10219,4.128651191771083e-06,True,False,False,False,False,True,4.9478183191544206e-05
PHEC_ARTIC_Unknown,3637,197,220,5,5,1,427,1.0,True,True,False,True,False,True,1.0
PHEC_ARTIC_Unknown,4180,5998,1775,116,25,1,7914,0.1868993688779772,True,False,False,False,False,True,0.3778860002960294
PHEC_ARTIC_Unknown,4605,1077,6711,23,174,1,7985,0.463243594873478,True,False,False,False,False,True,0.6956348999428972
PHEC_ARTIC_Unknown,4971,2725,3623,36,59,2,6443,0.3484828529958779,True,False,False,False,False,True,0.5798070535735098
PHEC_ARTIC_Unknown,5340,3470,507,54,6,1,4037,0.6956844483064573,True,False,False,False,False,True,0.8863276967462161
PHEC_ARTIC_Unknown,5349,3157,643,114,10,1,3924,0.006814175487517523,True,False,False,False,False,True,0.02939561599493243
PHEC_ARTIC_Unknown,5529,717,3086,58,95,1,3956,1.0586910900155635e-07,True,False,False,False,False,True,1.4902267661533954e-06
PHEC_ARTIC_Unknown,5695,1756,1590,28,22,1,3396,0.6701419778649436,True,False,False,False,False,True,0.8632481209482553
PHEC_ARTIC_Unknown,5707,1874,2097,25,36,1,4032,0.3671239694216135,True,False,False,False,False,True,0.5981018452571581
PHEC_ARTIC_Unknown,5717,1813,1950,28,39,1,3830,0.3251710092624642,True,False,False,False,False,True,0.5548639537247082
PHEC_ARTIC_Unknown,5813,952,1786,21,31,1,2790,0.4627929898013037,True,False,False,False,False,True,0.6954716965318446
PHEC_ARTIC_Unknown,6040,1323,900,28,22,2,2273,0.663073367096793,True,False,False,False,False,True,0.8580366463101243
PHEC_ARTIC_Unknown,6177,373,2431,5,26,1,2835,0.5958988314570901,True,False,False,True,False,True,0.8109246891149497
PHEC_ARTIC_Unknown,6194,480,2149,3,57,1,2689,0.005724492516741819,True,False,False,False,False,True,0.02559861733559692
PHEC_ARTIC_Unknown,6439,68,530,2,16,1,616,1.0,True,True,False,True,False,True,1.0
PHEC_ARTIC_Unknown,6606,18895,5861,516,166,2,25438,0.681350512864433,True,False,False,False,False,True,0.8732620939926005
PHEC_ARTIC_Unknown,6646,10255,7585,97,71,1,18008,1.0,True,False,False,False,False,True,1.0
PHEC_ARTIC_Unknown,6717,3513,16621,103,323,1,20560,0.0004983745460448276,True,False,False,False,False,True,0.003740567626033872
PHEC_ARTIC_Unknown,6718,3572,16805,39,248,1,20664,0.08500985785153234,True,False,False,False,False,True,0.21492859026726757
PHEC_ARTIC_Unknown,7362,771,258,53,4,1,1086,0.001195023175904278,True,False,False,False,False,True,0.007467518094590788
PHEC_ARTIC_Unknown,7423,1317,241,23,5,1,1586,0.7908397051673738,True,False,False,True,False,True,0.9540735233157996
PHEC_ARTIC_Unknown,7427,1256,266,20,6,1,1548,0.43770086992015245,True,False,False,True,False,True,0.6683810581213139
PHEC_ARTIC_Unknown,7451,1085,388,14,5,1,1492,1.0,True,False,False,False,False,True,1.0
PHEC_ARTIC_Unknown,7467,1113,449,51,12,1,1625,0.11607574739280092,True,False,False,False,False,True,0.26875904886262214
PHEC_ARTIC_Unknown,7629,258,1532,2,24,1,1816,0.5692744688883258,True,False,False,True,False,True,0.7878300068592183
PHEC_ARTIC_Unknown,8090,1919,2704,38,55,1,4716,0.9158756850675298,True,False,False,False,False,True,1.0
PHEC_ARTIC_Unknown,8091,3547,3913,84,54,2,7598,0.0019342060216030882,True,False,False,False,False,True,0.010928264022057448
PHEC_ARTIC_Unknown,8178,2867,4778,184,371,2,8200,0.040795092129934735,True,False,False,False,False,True,0.12302033712718642
PHEC_ARTIC_Unknown,8921,2391,198,52,4,1,2645,1.0,True,False,False,True,False,True,1.0
PHEC_ARTIC_Unknown,8958,8149,415,246,13,1,8823,0.8828478177699913,True,False,False,False,False,True,1.0
PHEC_ARTIC_Unknown,9050,3218,4872,59,130,1,8279,0.019452708250388483,True,False,False,False,False,True,0.06863279892678262
PHEC_ARTIC_Unknown,9101,6459,6067,116,76,1,12718,0.016196296038051155,True,False,False,False,False,True,0.05967982996629719
PHEC_ARTIC_Unknown,9127,5468,7633,95,101,1,13297,0.06794414385327197,True,False,False,False,False,True,0.17994581848639998
PHEC_ARTIC_Unknown,9701,357,364,5,11,1,737,0.20625790643960126,True,True,False,False,False,True,0.40534162482912944
PHEC_ARTIC_Unknown,9918,5907,848,119,17,1,6891,1.0,True,False,False,False,False,True,1.0
PHEC_ARTIC_Unknown,9925,5852,1139,56,12,1,7059,0.7417314089954172,True,False,False,False,False,True,0.9190968041113361
PHEC_ARTIC_Unknown,9940,6023,1462,114,75,1,7674,2.950136688339805e-10,True,False,False,False,False,True,5.74217992735231e-09
PHEC_ARTIC_Unknown,9943,12111,2101,135,39,2,14386,0.007148659686772025,True,False,False,False,False,True,0.030547003787593063
PHEC_ARTIC_Unknown,9962,5000,2649,124,64,2,7837,0.9381762229040587,True,False,False,False,False,True,1.0
PHEC_ARTIC_Unknown,10007,2465,3809,211,174,2,6659,3.0237592832510886e-09,True,False,False,False,False,True,5.212141001807385e-08
PHEC_ARTIC_Unknown,10565,1677,895,115,26,1,2713,3.521310303228101e-05,True,False,False,False,False,True,0.00035282488456975166
PHEC_ARTIC_Unknown,10586,1294,1548,13,11,1,2866,0.41753925180754875,True,False,False,False,False,True,0.6480540543125174
PHEC_ARTIC_Unknown,11557,158,871,13,42,1,1084,0.12579055117623833,True,False,False,False,False,True,0.2853965210178123
PHEC_ARTIC_Unknown,11650,8735,1876,179,23,1,10813,0.019282875295823707,True,False,False,False,False,True,0.06809265338837747
PHEC_ARTIC_Unknown,11683,3325,2444,134,52,1,5955,7.863745822797851e-05,True,False,False,False,False,True,0.0007237492761796756
PHEC_ARTIC_Unknown,11774,3181,3183,171,115,1,6650,0.0013219253033500957,True,False,False,False,False,True,0.00801429528171116
PHEC_ARTIC_Unknown,11978,6476,1934,154,54,1,8618,0.3177608544158508,True,False,False,False,False,True,0.547038153095083
PHEC_ARTIC_Unknown,12131,1659,4824,49,101,1,6633,0.058431475919776835,True,False,False,False,False,True,0.16060759732544067
PHEC_ARTIC_Unknown,12223,3332,5769,21,74,2,9196,0.003583586499875102,True,False,False,False,False,True,0.01789666200787664
PHEC_ARTIC_Unknown,13114,14042,9312,92,26,1,23472,6.239634636816369e-05,True,False,False,False,False,True,0.0005835134184498618
PHEC_ARTIC_Unknown,13392,44,6,10,0,1,60,0.5767885256949824,True,True,True,True,False,True,0.7945438678068097
PHEC_ARTIC_Unknown,13458,39,34,0,0,1,73,1.0,True,True,True,True,False,True,1.0
PHEC_ARTIC_Unknown,13621,594,80,12,0,1,686,0.3780499137180305,True,True,True,True,False,True,0.6073882500019542
PHEC_ARTIC_Unknown,13672,5257,176,190,1,1,5624,0.03162258209520748,True,False,False,False,False,True,0.10039037481824888
PHEC_ARTIC_Unknown,13682,6102,187,72,4,1,6365,0.2908950367403788,True,False,False,True,False,True,0.5138084890038584
PHEC_ARTIC_Unknown,13684,15173,470,147,8,3,15798,0.14788068137301397,True,False,False,True,False,True,0.3229085409690933
PHEC_ARTIC_Unknown,13830,5214,6370,73,97,1,11754,0.641433208766689,True,False,False,False,False,True,0.8419975131535626
PHEC_ARTIC_Unknown,13987,15924,2682,151,22,1,18779,0.5873471292098442,True,False,False,False,False,True,0.80367578931236
PHEC_ARTIC_Unknown,14037,9094,4515,197,57,1,13863,0.0002596856064284622,True,False,False,False,False,True,0.0021471565994938702
PHEC_ARTIC_Unknown,14122,5999,9835,113,122,1,16069,0.0017908133810038327,True,False,False,False,False,True,0.010289588748479649
PHEC_ARTIC_Unknown,14218,6472,12748,47,184,1,19451,1.2050735148023331e-05,True,False,False,False,False,True,0.00013357599613667278
PHEC_ARTIC_Unknown,14367,9733,6610,160,58,1,16561,2.72860924830585e-05,True,False,False,False,False,True,0.0002824423008170025
PHEC_ARTIC_Unknown,14369,10174,5922,196,67,1,16359,0.00013198334208775972,True,False,False,False,False,True,0.0011571298181314797
PHEC_ARTIC_Unknown,14449,6744,10311,125,151,1,17331,0.05461295839814098,True,False,False,False,False,True,0.1516488155383191
PHEC_ARTIC_Unknown,14475,2719,13983,165,348,1,17215,3.518038286958774e-18,True,False,False,False,False,True,1.2337396337369217e-16
PHEC_ARTIC_Unknown,14706,3786,2473,135,45,1,6439,6.989075523964335e-05,True,False,False,False,False,True,0.0006491223568832629
PHEC_ARTIC_Unknown,14742,3449,3896,33,33,1,7411,0.6230601049043301,True,False,False,False,False,True,0.8318373832460829
PHEC_ARTIC_Unknown,15059,917,930,21,35,1,1903,0.07866949237305433,True,False,False,False,False,True,0.20175353359717765
PHEC_ARTIC_Unknown,15141,379,1315,13,61,1,1768,0.3918893540780565,True,False,False,False,False,True,0.6217651686386637
PHEC_ARTIC_Unknown,15560,19387,3365,139,12,1,22903,0.015310351635794923,True,False,False,False,False,True,0.057192387928754584
PHEC_ARTIC_Unknown,15600,11440,6837,259,154,1,18690,1.0,True,False,False,False,False,True,1.0
PHEC_ARTIC_Unknown,15783,4157,13125,42,220,2,17544,0.0021155504915671332,True,False,False,False,False,True,0.011788846884600223
PHEC_ARTIC_Unknown,15814,1574,15621,6,90,1,17291,0.47450761460184177,True,False,False,False,False,True,0.7048639195595703
PHEC_ARTIC_Unknown,15983,1987,1286,47,24,1,3344,0.39076485211012735,True,False,False,False,False,True,0.6209497728062493
PHEC_ARTIC_Unknown,16092,586,2947,15,96,1,3644,0.43794406909788997,True,False,False,False,False,True,0.6685014908406065
PHEC_ARTIC_Unknown,16127,435,3241,2,30,1,3708,0.5774096758712062,True,False,False,True,False,True,0.7945438678068097
PHEC_ARTIC_Unknown,16608,2854,2107,112,80,1,5153,0.8817513679960767,True,False,False,False,False,True,1.0
PHEC_ARTIC_Unknown,16636,2376,4121,49,57,1,6603,0.04262913060324061,True,False,False,False,False,True,0.12704417823735004
PHEC_ARTIC_Unknown,16776,568,5524,8,77,1,6177,1.0,True,False,False,False,False,True,1.0
PHEC_ARTIC_Unknown,16870,929,256,14,2,1,1201,0.5450697249200651,True,False,False,True,False,True,0.7680442123224195
PHEC_ARTIC_Unknown,16914,530,558,10,1,1,1099,0.0053818016089555295,True,False,False,False,False,True,0.024434340340659704
PHEC_ARTIC_Unknown,17453,13075,3235,198,39,1,16547,0.2179166589871718,True,False,False,False,False,True,0.4229413018892247
PHEC_ARTIC_Unknown,17533,7333,3796,294,101,1,11524,0.0003474426775795969,True,False,False,False,False,True,0.0027444598298908746
PHEC_ARTIC_Unknown,17562,6099,5564,102,96,1,11861,0.8300236446951139,True,False,False,False,False,True,0.9811874168190889
PHEC_ARTIC_Unknown,18060,7826,2130,279,70,1,10305,0.5950809534352864,True,False,False,False,False,True,0.8104416868345313
PHEC_ARTIC_Unknown,18067,8057,2220,138,30,1,10445,0.2575866463503058,True,False,False,False,False,True,0.47015230652867274
PHEC_ARTIC_Unknown,18096,8985,2658,430,91,1,12164,0.0037990440054632966,True,False,False,False,False,True,0.01868743774392345
PHEC_ARTIC_Unknown,18147,6940,7432,216,254,1,14842,0.32497320948517217,True,False,False,False,False,True,0.554759133942795
PHEC_ARTIC_Unknown,18184,3907,7719,21,51,1,11698,0.45557953566074794,True,False,False,False,False,True,0.6869153265633515
PHEC_ARTIC_Unknown,18217,4394,7053,138,139,1,11724,0.00013507359922690056,True,False,False,False,False,True,0.0011816761325914656
PHEC_ARTIC_Unknown,18803,9605,10126,213,245,1,20189,0.36916204496120325,True,False,False,False,False,True,0.6004602954426929
PHEC_ARTIC_Unknown,18811,11087,10605,532,284,1,22508,1.6592704001959566e-15,True,False,False,False,False,True,4.8213657057122505e-14
PHEC_ARTIC_Unknown,18816,11775,10212,441,267,2,22695,4.147507489753337e-06,True,False,False,False,False,True,4.9478183191544206e-05
PHEC_ARTIC_Unknown,18880,7877,23343,134,349,1,31703,0.20575890025380245,True,False,False,False,False,True,0.40475203396154175
PHEC_ARTIC_Unknown,18905,6293,28778,60,407,2,35538,0.0034884788415582646,True,False,False,False,False,True,0.017519915959825952
PHEC_ARTIC_Unknown,19673,1650,623,73,26,1,2372,0.9083673409841515,True,False,False,False,False,True,1.0
PHEC_ARTIC_Unknown,19679,3568,863,154,6,2,4591,1.2968975853218869e-08,True,False,False,False,False,True,2.021371408846527e-07
PHEC_ARTIC_Unknown,19795,1191,1239,24,17,1,2471,0.27061555809383975,True,False,False,False,False,True,0.48689256538069
PHEC_ARTIC_Unknown,19805,1119,1753,28,34,1,2934,0.3576029909407178,True,False,False,False,False,True,0.588006858183848
PHEC_ARTIC_Unknown,20002,117,182,7,2,1,308,0.03323395024071427,True,True,False,True,False,True,0.1042372471697962
PHEC_ARTIC_Unknown,20163,28,300,0,9,1,337,1.0,True,True,True,True,False,True,1.0
PHEC_ARTIC_Unknown,20487,3921,644,10,54,1,4629,2.435028119929705e-35,True,False,False,False,False,True,1.5976926438506516e-33
PHEC_ARTIC_Unknown,20896,27495,5607,286,106,1,33494,6.677671621106425e-07,True,False,False,False,False,True,8.791187105068265e-06
PHEC_ARTIC_Unknown,20897,27280,5521,277,107,1,33185,7.514022789602533e-08,True,False,False,False,False,True,1.076304391130391e-06
PHEC_ARTIC_Unknown,21097,1988,22610,61,691,3,25350,0.945889855425681,True,False,False,False,False,True,1.0
PHEC_ARTIC_Unknown,21141,170,4415,4,212,1,4801,0.1912627686270515,True,False,False,False,False,True,0.3844154855606944
PHEC_ARTIC_Unknown,21473,132,23,5,3,1,163,0.11666834580480578,True,True,False,True,False,True,0.2696629720079261
PHEC_ARTIC_Unknown,21518,118,10,9,1,1,138,0.5769814305786654,True,True,False,True,False,True,0.7945438678068097
PHEC_ARTIC_Unknown,22632,5233,3434,356,127,1,9150,2.3151509165952094e-09,True,False,False,False,False,True,4.061763182477583e-08
PHEC_ARTIC_Unknown,22743,4950,5250,163,296,1,10659,4.502572977504509e-08,True,False,False,False,False,True,6.588657148377102e-07
PHEC_ARTIC_Unknown,23262,8570,2814,97,12,1,11493,0.00048236544901293654,True,False,False,False,False,True,0.0036405614964464305
PHEC_ARTIC_Unknown,23848,589,38,49,1,1,677,0.3496003631573599,True,True,False,True,False,True,0.5804792968669958
PHEC_ARTIC_Unknown,23896,616,96,23,1,1,736,0.35045517673630017,True,True,False,True,False,True,0.5814240044711537
PHEC_ARTIC_Unknown,24030,210,425,7,10,1,652,0.6025621853960098,True,True,False,False,False,True,0.8154434365239414
PHEC_ARTIC_Unknown,24200,3717,1684,33,10,1,5444,0.32210166584913236,True,False,False,False,False,True,0.5522099525874835
PHEC_ARTIC_Unknown,24374,792,3632,13,115,1,4552,0.02481580349171205,True,False,False,False,False,True,0.08308698650558405
PHEC_ARTIC_Unknown,24677,169,448,7,22,1,646,0.8324620072961832,True,True,False,False,False,True,0.9821506512995573
PHEC_ARTIC_Unknown,24777,25186,2337,309,60,1,27892,2.072695647443832e-06,True,False,False,False,False,True,2.573804434343959e-05
PHEC_ARTIC_Unknown,24797,14212,3110,310,109,1,17741,4.98323428453413e-05,True,False,False,False,False,True,0.00047474934588957474
PHEC_ARTIC_Unknown,24910,5487,13171,105,102,1,18865,1.7648753439031604e-10,True,False,False,False,False,True,3.4852004364068236e-09
PHEC_ARTIC_Unknown,25219,1935,4408,61,338,1,6742,1.0915304957577257e-11,True,False,False,False,False,True,2.413231552577407e-10
PHEC_ARTIC_Unknown,25334,6341,285,323,3,1,6952,0.0008945064751189793,True,False,False,False,False,True,0.005936137586923341
PHEC_ARTIC_Unknown,25339,6898,910,100,16,1,7924,0.46608340359351874,True,False,False,False,False,True,0.6981645506773898
PHEC_ARTIC_Unknown,25398,7695,1928,177,33,1,9833,0.13742598309744675,True,False,False,False,False,True,0.3059135830987853
PHEC_ARTIC_Unknown,25672,157,38,6,0,1,201,0.5968062125938407,True,True,True,True,False,True,0.8109246891149497
PHEC_ARTIC_Unknown,25952,301,77,14,1,1,393,0.32154315104804165,True,True,False,True,False,True,0.5521475468397777
PHEC_ARTIC_Unknown,25986,421,82,13,2,1,518,1.0,True,True,False,True,False,True,1.0
PHEC_ARTIC_Unknown,26134,219,213,6,9,1,447,0.44414123688206647,True,True,False,False,False,True,0.6754267482752323
PHEC_ARTIC_Unknown,26657,2599,764,85,35,1,3483,0.12103317174885408,True,False,False,False,False,True,0.2775439361185673
PHEC_ARTIC_Unknown,26726,1393,1497,23,31,1,2944,0.4923158963911759,True,False,False,False,False,True,0.7214742517515933
PHEC_ARTIC_Unknown,26816,636,2346,13,81,1,3076,0.09420377062498853,True,False,False,False,False,True,0.23141361044834136
PHEC_ARTIC_Unknown,27097,138,360,9,6,1,513,0.015876022374948437,True,True,False,True,False,True,0.05876584078370358
PHEC_ARTIC_Unknown,27282,1323,543,120,24,1,2010,0.001040153186454612,True,False,False,False,False,True,0.0066982353449308914
PHEC_ARTIC_Unknown,27416,1314,3642,34,77,1,5067,0.3295819883373387,True,False,False,False,False,True,0.5593941427643202
PHEC_ARTIC_Unknown,27933,1590,1627,17,23,1,3257,0.42835891879947513,True,False,False,False,False,True,0.6578195853817534
PHEC_ARTIC_Unknown,27965,2005,3179,11,25,1,5220,0.39147131267661694,True,False,False,False,False,True,0.6217651686386637
PHEC_ARTIC_Unknown,28326,4025,6315,42,29,1,10411,0.0008458058428166702,True,False,False,False,False,True,0.005677785756729727
PHEC_ARTIC_Unknown,28355,2689,10815,23,146,1,13673,0.0413470866605975,True,False,False,False,False,True,0.12422448193154403
PHEC_ARTIC_Unknown,28380,2421,12456,42,138,1,15057,0.014603565351473731,True,False,False,False,False,True,0.055006762823884385
PHEC_ARTIC_Unknown,28705,767,2836,22,126,1,3751,0.06383580175905496,True,False,False,False,False,True,0.17163518939579347
PHEC_ARTIC_Unknown,28739,415,1843,3,37,1,2298,0.0960000100348205,True,False,False,False,False,True,0.23454189436338982
PHEC_ARTIC_Unknown,28744,2528,5697,93,298,3,8616,0.0033934282112467783,True,False,False,False,False,True,0.017146925044406937
PHEC_ARTIC_Unknown,28981,19,200,1,12,1,232,1.0,True,True,False,True,False,True,1.0
PHEC_ARTIC_Unknown,29431,584,107,63,9,1,763,0.6062176137627472,True,True,False,False,False,True,0.8195723671608027
PHEC_ARTIC_Unknown,29466,517,239,0,0,1,756,1.0,True,True,True,True,False,True,1.0
PHEC_ARTIC_Unknown,730,1993,487,13,5,1,2498,0.3753527277766491,True,False,False,True,False,True,0.605686194603494
PHEC_ARTIC_Unknown,857,1435,1094,10,20,1,2559,0.014703656854261955,True,False,False,False,False,True,0.05533254031742611
PHEC_ARTIC_Unknown,887,871,1934,6,22,1,2833,0.31177317570004726,True,False,False,False,False,True,0.5393329456192306
PHEC_ARTIC_Unknown,1014,1302,879,15,1,1,2197,0.004083139828820963,True,False,False,False,False,True,0.019715118806282197
PHEC_ARTIC_Unknown,1164,713,830,7,10,1,1560,0.8084808523007698,True,False,False,False,False,True,0.9644868349441441
PHEC_ARTIC_Unknown,2300,193,95,5,4,1,297,0.48736226404844474,True,True,False,True,False,True,0.7178094461075573
PHEC_ARTIC_Unknown,8110,657,750,13,6,1,1426,0.06676431195784611,True,False,False,False,False,True,0.17774687241133377
PHEC_ARTIC_Unknown,8121,607,934,4,11,1,1556,0.42862310142005156,True,False,False,False,False,True,0.6579768968214226
PHEC_ARTIC_Unknown,8123,1567,2617,112,177,2,4473,0.6606131202209935,True,False,False,False,False,True,0.8558516474710196
PHEC_ARTIC_Unknown,8393,497,470,10,7,1,984,0.6288192581803935,True,True,False,False,False,True,0.8345960007431781
PHEC_ARTIC_Unknown,8603,122,618,2,11,1,753,1.0,True,True,False,True,False,True,1.0
PHEC_ARTIC_Unknown,9832,872,259,19,5,1,1155,1.0,True,False,False,False,False,True,1.0
PHEC_ARTIC_Unknown,9974,973,975,9,8,1,1965,0.8136747113353889,True,False,False,False,False,True,0.9684109788508959
PHEC_ARTIC_Unknown,10437,678,899,14,3,1,1594,0.00198951618364478,True,False,False,False,False,True,0.011194124253204655
PHEC_ARTIC_Unknown,10505,477,225,9,3,1,714,0.7607897238280732,True,True,False,True,False,True,0.9347304731297498
PHEC_ARTIC_Unknown,10568,382,295,7,6,1,690,1.0,True,True,False,False,False,True,1.0
PHEC_ARTIC_Unknown,11113,1632,485,33,5,1,2155,0.17602025092121415,True,False,False,False,False,True,0.3627408210473653
PHEC_ARTIC_Unknown,11268,1334,1558,15,16,1,2923,0.8573149139511105,True,False,False,False,False,True,1.0
PHEC_ARTIC_Unknown,12005,1303,719,45,24,1,2091,1.0,True,False,False,False,False,True,1.0
PHEC_ARTIC_Unknown,12085,754,1329,17,39,1,2139,0.40069473941096995,True,False,False,False,False,True,0.6305710638003194
PHEC_ARTIC_Unknown,12133,772,1243,17,25,1,2057,0.872827482661133,True,False,False,False,False,True,1.0
PHEC_ARTIC_Unknown,12554,7894,1251,105,12,2,9262,0.3425619197747321,True,False,False,False,False,True,0.5744195752859069
PHEC_ARTIC_Unknown,12923,141,207,1,11,1,360,0.03233202675980555,True,True,False,True,False,True,0.10211699135006909
PHEC_ARTIC_Unknown,13255,1620,2222,13,24,1,3879,0.4092238177627182,True,False,False,False,False,True,0.6390489407519147
PHEC_ARTIC_Unknown,13692,780,157,11,4,1,952,0.2994527950097846,True,True,False,True,False,True,0.5239457935913134
PHEC_ARTIC_Unknown,13786,1517,862,57,46,2,2482,0.0942631957627173,True,False,False,False,False,True,0.2314198433088316
PHEC_ARTIC_Unknown,14228,1062,1831,4,20,1,2917,0.0536115707398408,True,False,False,False,False,True,0.1495639423129704
PHEC_ARTIC_Unknown,14838,462,1441,7,28,1,1938,0.6917577271359167,True,False,False,False,False,True,0.8827071624808372
PHEC_ARTIC_Unknown,14854,251,1500,2,11,1,1764,1.0,True,False,False,True,False,True,1.0
PHEC_ARTIC_Unknown,15556,12113,1586,91,13,2,13803,0.7578710700319405,True,False,False,False,False,True,0.9339428168257691
PHEC_ARTIC_Unknown,15577,2528,938,15,11,1,3492,0.11796790353449263,True,False,False,False,False,True,0.2720484305999524
PHEC_ARTIC_Unknown,15720,1185,2778,16,29,1,4008,0.4155770066457747,True,False,False,False,False,True,0.6459943687562139
PHEC_ARTIC_Unknown,17000,451,243,4,7,1,705,0.06008367980402431,True,True,False,True,False,True,0.1641507115129422
PHEC_ARTIC_Unknown,17363,813,3613,14,49,1,4489,0.4150063567195204,True,False,False,False,False,True,0.6456015746172742
PHEC_ARTIC_Unknown,17418,911,3279,32,7,1,4229,2.7125911842170973e-15,True,False,False,False,False,True,7.716657998178428e-14
PHEC_ARTIC_Unknown,17733,135,1072,1,12,1,1220,1.0,True,False,False,True,False,True,1.0
PHEC_ARTIC_Unknown,18043,7973,1516,194,15,2,9698,0.00024121514842796992,True,False,False,False,False,True,0.0020107852946823395
PHEC_ARTIC_Unknown,18080,1144,711,10,7,1,1872,0.8067239720529396,True,False,False,False,False,True,0.963238367570108
PHEC_ARTIC_Unknown,18504,1759,2047,11,32,1,3849,0.008230252545192324,True,False,False,False,False,True,0.03426885092512014
PHEC_ARTIC_Unknown,18576,806,2190,7,46,1,3049,0.027226699752280002,True,False,False,False,False,True,0.08958187988106416
PHEC_ARTIC_Unknown,18994,2947,1276,61,13,1,4297,0.020543385823613997,True,False,False,False,False,True,0.0712450925238378
PHEC_ARTIC_Unknown,19089,2949,2165,30,20,1,5164,0.7754910627611811,True,False,False,False,False,True,0.9431411319853836
PHEC_ARTIC_Unknown,20714,964,1170,14,19,2,2167,0.8606239195808392,True,False,False,False,False,True,1.0
PHEC_ARTIC_Unknown,20769,376,888,3,10,1,1277,0.7655123784340456,True,False,False,True,False,True,0.9377576020006311
PHEC_ARTIC_Unknown,21008,659,2344,12,76,1,3091,0.06623270881628698,True,False,False,False,False,True,0.17656268641196293
PHEC_ARTIC_Unknown,22736,1243,1346,17,13,1,2619,0.36409214188782135,True,False,False,False,False,True,0.5950690370428514
PHEC_ARTIC_Unknown,22867,96,1009,1,20,1,1126,1.0,True,False,False,True,False,True,1.0
PHEC_ARTIC_Unknown,22869,95,983,1,17,1,1096,1.0,True,False,False,True,False,True,1.0
PHEC_ARTIC_Unknown,23128,10,1,6,0,1,17,1.0,True,True,True,True,False,True,1.0
PHEC_ARTIC_Unknown,23285,1949,1409,23,11,1,3392,0.2973221952370356,True,False,False,False,False,True,0.521788908638594
PHEC_ARTIC_Unknown,23336,2024,1332,41,15,1,3412,0.05384794817855488,True,False,False,False,False,True,0.14993391731030886
PHEC_ARTIC_Unknown,24890,1065,1519,9,12,1,2605,1.0,True,False,False,False,False,True,1.0
PHEC_ARTIC_Unknown,24899,919,1698,6,17,1,2640,0.510784108526009,True,False,False,False,False,True,0.7368332459162428
PHEC_ARTIC_Unknown,25168,427,816,9,7,1,1259,0.10869604782545035,True,False,False,False,False,True,0.2564823216670139
PHEC_ARTIC_Unknown,25184,635,1466,18,97,2,2216,0.0006979483170344108,True,False,False,False,False,True,0.004898029154981085
PHEC_ARTIC_Unknown,25307,873,302,27,1,1,1203,0.003910253479784105,True,False,False,False,False,True,0.019118883600675166
PHEC_ARTIC_Unknown,25564,739,1824,12,18,1,2593,0.22284128140641096,True,False,False,False,False,True,0.4296295415930236
PHEC_ARTIC_Unknown,25619,218,2170,2,19,1,2409,1.0,True,False,False,True,False,True,1.0
PHEC_ARTIC_Unknown,27476,148,652,2,10,1,812,1.0,True,True,False,True,False,True,1.0
PHEC_ARTIC_Unknown,28209,1445,715,68,19,1,2247,0.02704130109866033,True,False,False,False,False,True,0.08914425678229353
PHEC_ARTIC_Unknown,29440,319,91,9,1,1,420,0.697958777519865,True,True,False,True,False,True,0.887557457627637
PHEC_ARTIC_Unknown,2401,1197,1340,1,1,1,2539,1.0,True,False,False,True,False,True,1.0
PHEC_ARTIC_Unknown,5101,2772,4012,401,740,1,7925,0.0002539546038210002,True,False,False,False,False,True,0.0021040475119018915
PHEC_ARTIC_Unknown,17721,1600,3559,81,130,1,5370,0.02783218071110921,True,False,False,False,False,True,0.09108713687272105
PHEC_ARTIC_Unknown,478,3574,1541,58,48,1,5221,0.001266270307852988,True,False,False,False,False,True,0.007769513744111546
PHEC_ARTIC_Unknown,488,3303,1828,27,15,1,5173,1.0,True,False,False,False,False,True,1.0
PHEC_ARTIC_Unknown,512,3871,2651,33,29,1,6584,0.36380379921008843,True,False,False,False,False,True,0.5948367585155304
PHEC_ARTIC_Unknown,593,1551,4340,16,118,1,6025,8.62158766474928e-05,True,False,False,False,False,True,0.0007881487330382038
PHEC_ARTIC_Unknown,1457,2277,2597,36,35,2,4945,0.5498805541920362,True,False,False,False,False,True,0.7709688684843362
PHEC_ARTIC_Unknown,1889,419,2928,1,36,1,3384,0.07858044095484551,True,False,False,True,False,True,0.20168153552322496
PHEC_ARTIC_Unknown,1892,463,2913,0,19,1,3395,0.09653739861294588,True,False,True,True,False,True,0.23501743719776413
PHEC_ARTIC_Unknown,1921,485,2345,0,21,1,2851,0.036777637730177365,True,False,True,True,False,True,0.11325619249535315
PHEC_ARTIC_Unknown,2455,669,1860,14,63,2,2606,0.11494590593643758,True,False,False,False,False,True,0.26719996877110175
PHEC_ARTIC_Unknown,4440,1491,1370,16,3,1,2880,0.005071734512962509,True,False,False,False,False,True,0.023525445836637952
PHEC_ARTIC_Unknown,4668,4111,810,84,32,1,5037,0.0034112355657537918,True,False,False,False,False,True,0.017195670732944764
PHEC_ARTIC_Unknown,5144,492,2136,8,57,1,2693,0.256704599393599,True,False,False,False,False,True,0.4695478014087953
PHEC_ARTIC_Unknown,5362,7520,1017,120,9,2,8666,0.09822464825918864,True,False,False,False,False,True,0.23798562782512173
PHEC_ARTIC_Unknown,6564,4190,551,28,3,1,4772,1.0,True,False,False,True,False,True,1.0
PHEC_ARTIC_Unknown,6721,1652,3691,18,20,1,5381,0.034579043403297774,True,False,False,False,False,True,0.10754399737355914
PHEC_ARTIC_Unknown,8243,1050,5090,10,81,1,6231,0.1583164076873459,True,False,False,False,False,True,0.33887992981883525
PHEC_ARTIC_Unknown,8247,974,5815,9,55,1,6853,1.0,True,False,False,False,False,True,1.0
PHEC_ARTIC_Unknown,8651,127,385,0,23,2,535,0.002237646080823157,True,True,True,False,False,True,0.012267849402680057
PHEC_ARTIC_Unknown,9169,766,3368,3,34,1,4171,0.13428482865171948,True,False,False,False,False,True,0.30067505761365776
PHEC_ARTIC_Unknown,9430,255,824,17,74,2,1170,0.3045158002669215,True,False,False,False,False,True,0.5305226019211291
PHEC_ARTIC_Unknown,9652,1066,366,1,2,1,1435,0.1633690371563634,True,False,False,True,False,True,0.34520631728318063
PHEC_ARTIC_Unknown,10078,1648,12131,56,670,2,14505,0.00037152503196948765,True,False,False,False,False,True,0.002900890268813581
PHEC_ARTIC_Unknown,10171,4847,632,27,7,1,5513,0.10588852196931857,True,False,False,True,False,True,0.2523459328477961
PHEC_ARTIC_Unknown,10359,650,3849,1,27,1,4527,0.16942595657644638,True,False,False,True,False,True,0.35330964467025294
PHEC_ARTIC_Unknown,10465,3580,384,30,2,1,3996,0.7641526840386075,True,False,False,True,False,True,0.9377294475623092
PHEC_ARTIC_Unknown,11708,2718,1793,23,10,1,4544,0.29038681497528773,True,False,False,False,False,True,0.5133826872314083
PHEC_ARTIC_Unknown,13721,4358,927,43,12,1,5340,0.37695357260073337,True,False,False,False,False,True,0.6063452484538486
PHEC_ARTIC_Unknown,13814,6103,2172,114,40,2,8429,1.0,True,False,False,False,False,True,1.0
PHEC_ARTIC_Unknown,14209,732,5827,6,54,1,6619,1.0,True,False,False,False,False,True,1.0
PHEC_ARTIC_Unknown,14510,745,4830,1,22,1,5598,0.3517129312099765,True,False,False,True,False,True,0.5825699735702794
PHEC_ARTIC_Unknown,15485,350,1576,12,77,2,2015,0.32251648927594256,True,False,False,False,False,True,0.5522099525874835
PHEC_ARTIC_Unknown,15505,4378,1346,40,2,1,5766,0.00270807396903222,True,False,False,False,False,True,0.014270006354952165
PHEC_ARTIC_Unknown,15716,5141,18276,39,259,3,23715,0.00012990634413858124,True,False,False,False,False,True,0.0011463319044593243
PHEC_ARTIC_Unknown,17012,838,1032,18,40,1,1928,0.043659264854507385,True,False,False,False,False,True,0.1286849606613654
PHEC_ARTIC_Unknown,17043,454,1833,2,12,1,2301,1.0,True,False,False,True,False,True,1.0
PHEC_ARTIC_Unknown,17690,445,5961,4,66,1,6476,1.0,True,False,False,True,False,True,1.0
PHEC_ARTIC_Unknown,18103,8857,1615,138,25,2,10635,1.0,True,False,False,False,False,True,1.0
PHEC_ARTIC_Unknown,18232,2434,9398,18,92,2,11942,0.3422132470423472,True,False,False,False,False,True,0.5740715418425849
PHEC_ARTIC_Unknown,18434,6091,3216,34,20,1,9361,0.7743210143742602,True,False,False,False,False,True,0.9427061701317312
PHEC_ARTIC_Unknown,18971,11539,1790,91,11,1,13431,0.5586946071041241,True,False,False,False,False,True,0.7791582427911022
PHEC_ARTIC_Unknown,19170,1726,6417,7,48,1,8198,0.13799408512575118,True,False,False,False,False,True,0.3067540646401944
PHEC_ARTIC_Unknown,19269,205,5449,5,67,2,5726,0.19010590827169033,True,False,False,True,False,True,0.3826575135325266
PHEC_ARTIC_Unknown,20265,1138,150,0,0,1,1288,1.0,True,False,True,True,False,True,1.0
PHEC_ARTIC_Unknown,20574,2334,729,17,5,1,3085,1.0,True,False,False,False,False,True,1.0
PHEC_ARTIC_Unknown,20669,1725,1457,45,49,1,3276,0.24834970139128637,True,False,False,False,False,True,0.4611075240802159
PHEC_ARTIC_Unknown,20791,576,5715,2,32,1,6325,0.7652945538095851,True,False,False,True,False,True,0.9377576020006311
PHEC_ARTIC_Unknown,21012,1340,4200,93,110,1,5743,4.9713899908717335e-11,True,False,False,False,False,True,1.031817065452358e-09
PHEC_ARTIC_Unknown,22320,89,34,1,1,1,125,0.48322580645161295,True,True,False,True,False,True,0.7135254376207483
PHEC_ARTIC_Unknown,23941,519,254,51,31,1,855,0.38920607288028414,True,True,False,False,False,True,0.6196830937287655
PHEC_ARTIC_Unknown,24086,357,1602,1,43,1,2003,0.0025144462206817784,True,False,False,False,False,True,0.013512368314213494
PHEC_ARTIC_Unknown,24740,6675,1782,45,3,1,8505,0.011375327538726112,True,False,False,False,False,True,0.04497068263123209
PHEC_ARTIC_Unknown,25006,10074,18164,314,184,3,28736,1.2830678766065064e-34,True,False,False,False,False,True,8.155500190680106e-33
PHEC_ARTIC_Unknown,25122,1686,1808,35,28,1,3557,0.25558686679194775,True,False,False,False,False,True,0.46876797750660204
PHEC_ARTIC_Unknown,25409,5283,925,35,2,1,6245,0.15901094342546845,True,False,False,False,False,True,0.3393790754747144
PHEC_ARTIC_Unknown,25831,52,335,2,7,1,396,0.35328367172842556,True,True,False,True,False,True,0.5839731721215909
PHEC_ARTIC_Unknown,26152,314,480,0,0,1,794,1.0,True,True,True,True,False,True,1.0
PHEC_ARTIC_Unknown,26882,636,3911,0,5,1,4552,1.0,True,False,True,True,False,True,1.0
PHEC_ARTIC_Unknown,27208,12261,782,400,19,2,13462,0.24797336171319026,True,False,False,False,False,True,0.46071076832966956
PHEC_ARTIC_Unknown,27225,12633,876,147,6,2,13662,0.24635577473145354,True,False,False,False,False,True,0.45908167274739026
PHEC_ARTIC_Unknown,27657,21,30,1,4,1,56,0.6381228834059023,True,True,False,True,False,True,0.8392770416085388
PHEC_ARTIC_Unknown,28556,1242,665,18,7,1,1932,0.5332561840262652,True,False,False,False,False,True,0.7558488350588316
PHEC_ARTIC_Unknown,28706,1925,5606,12,102,2,7645,0.00011971609512478059,True,False,False,False,False,True,0.0010633298580078766
PHEC_ARTIC_Unknown,29167,691,362,6,10,1,1069,0.030869134232242777,True,False,False,False,False,True,0.09841350944887431
PHEC_ARTIC_Unknown,2508,265,2356,2,22,1,2645,1.0,True,False,False,True,False,True,1.0
PHEC_ARTIC_Unknown,335,1819,2913,6,31,1,4769,0.005829039797800211,True,False,False,False,False,True,0.0258588155915499
PHEC_ARTIC_Unknown,409,14194,1559,237,28,1,16018,0.6787806898390405,True,False,False,False,False,True,0.870516975493448
PHEC_ARTIC_Unknown,506,5128,4362,83,81,1,9654,0.3860317787619806,True,False,False,False,False,True,0.616075824246268
PHEC_ARTIC_Unknown,530,5329,4909,286,195,1,10719,0.0014810873130130463,True,False,False,False,False,True,0.008911166054634599
PHEC_ARTIC_Unknown,789,3025,1913,75,37,2,5050,0.23961142076895992,True,False,False,False,False,True,0.45189580884938757
PHEC_ARTIC_Unknown,860,2302,2285,56,16,1,4659,2.267583293037964e-06,True,False,False,False,False,True,2.7953117685086172e-05
PHEC_ARTIC_Unknown,1166,2205,6770,11,68,2,9054,0.025718374585930237,True,False,False,False,False,True,0.08568578854673563
PHEC_ARTIC_Unknown,1186,1274,3300,21,39,1,4634,0.24619506887242965,True,False,False,False,False,True,0.4589924565412666
PHEC_ARTIC_Unknown,1403,1071,566,28,11,1,1676,0.4963494599106789,True,False,False,False,False,True,0.7239690222003019
PHEC_ARTIC_Unknown,1480,504,1038,13,24,1,1579,0.7265712333581565,True,False,False,False,False,True,0.9088843103631553
PHEC_ARTIC_Unknown,1532,334,1721,4,19,1,2078,0.7803613509939726,True,False,False,True,False,True,0.9461229963861899
PHEC_ARTIC_Unknown,1560,312,2137,5,50,1,2504,0.5402141148672084,True,False,False,False,False,True,0.7630524372499319
PHEC_ARTIC_Unknown,1598,913,1253,3,18,1,2187,0.012568268869926406,True,False,False,False,False,True,0.048785990231737235
PHEC_ARTIC_Unknown,1648,2108,172,62,8,1,2350,0.24802275876154778,True,False,False,False,False,True,0.46071076832966956
PHEC_ARTIC_Unknown,2210,245,120,20,0,1,385,0.0007343898776532975,True,True,True,False,False,True,0.005063555969989177
PHEC_ARTIC_Unknown,2291,702,82,42,9,1,835,0.1585908909518782,True,True,False,False,False,True,0.33887992981883525
PHEC_ARTIC_Unknown,2488,86,421,2,17,1,526,0.7533171065075197,True,True,False,True,False,True,0.9307620529148205
PHEC_ARTIC_Unknown,2911,1887,217,25,2,1,2131,1.0,True,False,False,True,False,True,1.0
PHEC_ARTIC_Unknown,3119,163,1411,4,50,1,1628,0.6489632739918575,True,False,False,False,False,True,0.8472344668160707
PHEC_ARTIC_Unknown,3176,2640,849,530,141,1,4160,0.06705579337632958,True,False,False,False,False,True,0.17840612652381213
PHEC_ARTIC_Unknown,3203,4442,321,107,4,1,4874,0.2470949375097229,True,False,False,False,False,True,0.4596169207999784
PHEC_ARTIC_Unknown,3231,4966,406,131,4,1,5507,0.04480571678957419,True,False,False,False,False,True,0.1314128737562998
PHEC_ARTIC_Unknown,3323,2293,1532,32,16,1,3873,0.3769026361705794,True,False,False,False,False,True,0.6063452484538486
PHEC_ARTIC_Unknown,3365,2579,4027,53,66,2,6725,0.25534759539231966,True,False,False,False,False,True,0.46875181320214643
PHEC_ARTIC_Unknown,3401,1039,2946,20,48,1,4053,0.5775352689879272,True,False,False,False,False,True,0.7945438678068097
PHEC_ARTIC_Unknown,3403,952,2972,18,75,1,4017,0.32679271209192623,True,False,False,False,False,True,0.5565208291527849
PHEC_ARTIC_Unknown,3452,408,5900,5,115,1,6428,0.44891258612653806,True,False,False,False,False,True,0.6798869696063875
PHEC_ARTIC_Unknown,3482,273,4576,3,55,1,4907,1.0,True,False,False,True,False,True,1.0
PHEC_ARTIC_Unknown,4111,1097,350,27,11,1,1485,0.5649405239240725,True,False,False,False,False,True,0.7848968754518875
PHEC_ARTIC_Unknown,4240,617,1109,15,18,1,1759,0.27356899159248893,True,False,False,False,False,True,0.49090368672176665
PHEC_ARTIC_Unknown,4261,670,1119,12,20,1,1821,1.0,True,False,False,False,False,True,1.0
PHEC_ARTIC_Unknown,4306,527,1127,5,18,1,1677,0.37169470197797677,True,False,False,False,False,True,0.6024119711738684
PHEC_ARTIC_Unknown,4344,3186,1832,6,31,1,5055,5.30114129198825e-09,True,False,False,False,False,True,8.62601711032328e-08
PHEC_ARTIC_Unknown,4684,3416,162,49,2,1,3629,1.0,True,False,False,True,False,True,1.0
PHEC_ARTIC_Unknown,4780,1514,830,19,13,1,2376,0.5785058663858249,True,False,False,False,False,True,0.7953233742675011
PHEC_ARTIC_Unknown,5000,758,1165,40,31,1,1994,0.006259775194580795,True,False,False,False,False,True,0.027381468270488894
PHEC_ARTIC_Unknown,5157,212,488,6,15,1,721,1.0,True,True,False,False,False,True,1.0
PHEC_ARTIC_Unknown,5335,3118,239,34,2,1,3393,1.0,True,False,False,True,False,True,1.0
PHEC_ARTIC_Unknown,5544,234,2383,0,0,1,2617,1.0,True,False,True,True,False,True,1.0
PHEC_ARTIC_Unknown,5597,1641,2262,32,33,1,3968,0.2561824888686469,True,False,False,False,False,True,0.46904169335915946
PHEC_ARTIC_Unknown,5799,802,1414,15,39,1,2270,0.2509406607256929,True,False,False,False,False,True,0.46402982471952575
PHEC_ARTIC_Unknown,6607,5066,1746,132,41,1,6985,0.5976489397827953,True,False,False,False,False,True,0.811197437915262
PHEC_ARTIC_Unknown,6767,2260,3410,54,150,1,5874,0.00010245363335115184,True,False,False,False,False,True,0.000928243609070124
PHEC_ARTIC_Unknown,6861,586,1851,12,25,1,2474,0.24678742732241113,True,False,False,False,False,True,0.4596169207999784
PHEC_ARTIC_Unknown,6870,621,169,11,3,1,804,1.0,True,True,False,True,False,True,1.0
PHEC_ARTIC_Unknown,7010,90,1331,1,16,1,1438,1.0,True,False,False,True,False,True,1.0
PHEC_ARTIC_Unknown,7016,79,1331,2,19,1,1431,0.33557018719888543,True,False,False,True,False,True,0.5665549527345487
PHEC_ARTIC_Unknown,7524,298,423,4,8,1,733,0.7696208249658039,True,True,False,True,False,True,0.9404678630101804
PHEC_ARTIC_Unknown,7691,4793,309,34,5,1,5141,0.08646128379557368,True,False,False,True,False,True,0.21778606964730263
PHEC_ARTIC_Unknown,7760,3332,459,78,16,1,3885,0.15162251804614302,True,False,False,False,False,True,0.32791090027204134
PHEC_ARTIC_Unknown,7787,2591,748,56,8,1,3403,0.06755570564623736,True,False,False,False,False,True,0.17926719541349875
PHEC_ARTIC_Unknown,7905,536,4612,5,57,1,5210,0.6780035985494052,True,False,False,False,False,True,0.869989227773604
PHEC_ARTIC_Unknown,7923,357,5206,9,187,1,5759,0.3714217028560628,True,False,False,False,False,True,0.6024119711738684
PHEC_ARTIC_Unknown,8081,2328,1113,52,23,1,3516,0.8041149727981742,True,False,False,False,False,True,0.9614990254950658
PHEC_ARTIC_Unknown,8117,1924,1507,52,17,1,3500,0.0013027764855430223,True,False,False,False,False,True,0.007921815759624836
PHEC_ARTIC_Unknown,8135,1841,1907,83,58,1,3889,0.02553579342647147,True,False,False,False,False,True,0.08521706944945524
PHEC_ARTIC_Unknown,8177,1677,2169,23,43,1,3912,0.16944619389175603,True,False,False,False,False,True,0.35330964467025294
PHEC_ARTIC_Unknown,8236,942,4696,9,43,1,5690,0.8527402965045373,True,False,False,False,False,True,0.9962514434751459
PHEC_ARTIC_Unknown,8262,925,7499,16,138,1,8578,0.8970285042380188,True,False,False,False,False,True,1.0
PHEC_ARTIC_Unknown,8287,2560,6845,75,17,1,9497,5.6067202132531995e-27,True,False,False,False,False,True,2.887106054115698e-25
PHEC_ARTIC_Unknown,8413,1521,1219,34,37,1,2811,0.22696440836119247,True,False,False,False,False,True,0.4346945448273686
PHEC_ARTIC_Unknown,8626,75,2220,0,56,1,2351,0.2602048716219677,True,False,True,True,False,True,0.4726412767985775
PHEC_ARTIC_Unknown,9005,5081,583,120,19,1,5803,0.20383474052439035,True,False,False,False,False,True,0.4025241380840874
PHEC_ARTIC_Unknown,9095,1592,1974,20,22,1,3608,0.7558252511334892,True,False,False,False,False,True,0.9328571364111147
PHEC_ARTIC_Unknown,9122,1454,2933,37,100,1,4524,0.1404033757688754,True,False,False,False,False,True,0.3102449389613173
PHEC_ARTIC_Unknown,9225,677,3136,4,58,1,3875,0.017610404598003802,True,False,False,False,False,True,0.06356621641941392
PHEC_ARTIC_Unknown,9416,138,263,7,4,1,412,0.05715227546274795,True,True,False,True,False,True,0.15730409782304375
PHEC_ARTIC_Unknown,9422,143,288,2,10,1,443,0.35200516102157,True,True,False,True,False,True,0.5825699735702794
PHEC_ARTIC_Unknown,9489,493,867,1,22,1,1383,0.0006833478875966455,True,False,False,False,False,True,0.004834537750857659
PHEC_ARTIC_Unknown,9947,10202,2332,162,18,2,12714,0.002545954928653561,True,False,False,False,False,True,0.013631375447426854
PHEC_ARTIC_Unknown,9957,2018,1189,10,12,1,3229,0.11970759347269799,True,False,False,False,False,True,0.27496922091865356
PHEC_ARTIC_Unknown,9973,1764,1765,59,39,1,3627,0.0514768158633997,True,False,False,False,False,True,0.14532108739230395
PHEC_ARTIC_Unknown,10191,5603,794,245,40,1,6682,0.40987428745678917,True,False,False,False,False,True,0.6393284514471695
PHEC_ARTIC_Unknown,10333,1338,4273,75,199,1,5885,0.1922150554251933,True,False,False,False,False,True,0.38499795444100754
PHEC_ARTIC_Unknown,10373,893,8201,13,147,1,9254,0.5907066852205551,True,False,False,False,False,True,0.807150077271636
PHEC_ARTIC_Unknown,10495,1725,243,75,4,1,2047,0.051988395980822874,True,False,False,False,False,True,0.14635902757784597
PHEC_ARTIC_Unknown,10605,401,657,13,22,1,1093,1.0,True,False,False,False,False,True,1.0
PHEC_ARTIC_Unknown,10969,83,1379,4,36,1,1502,0.28669115150270924,True,False,False,True,False,True,0.5090613724631259
PHEC_ARTIC_Unknown,11401,570,76,0,0,1,646,1.0,True,True,True,True,False,True,1.0
PHEC_ARTIC_Unknown,11624,7505,1102,180,10,1,8797,0.0012212854792169555,True,False,False,False,False,True,0.007608253184463362
PHEC_ARTIC_Unknown,11665,10483,2635,104,21,2,13243,0.4318512384258419,True,False,False,False,False,True,0.661933247142549
PHEC_ARTIC_Unknown,11756,1624,1832,37,45,1,3538,0.8230119179898945,True,False,False,False,False,True,0.9763815929958852
PHEC_ARTIC_Unknown,11828,730,4898,35,107,1,5770,0.0002186247105420493,True,False,False,False,False,True,0.0018375316580269763
PHEC_ARTIC_Unknown,12123,2129,5449,58,321,1,7957,1.1898013928175768e-08,True,False,False,False,False,True,1.8615815638391935e-07
PHEC_ARTIC_Unknown,12196,3519,6899,28,93,1,10539,0.015193392777131134,True,False,False,False,False,True,0.0569122668668227
PHEC_ARTIC_Unknown,12221,3202,8147,52,306,2,11707,2.1406299120116136e-09,True,False,False,False,False,True,3.8026561057044733e-08
PHEC_ARTIC_Unknown,12265,1097,274,34,13,1,1418,0.19827506713555532,True,False,False,False,False,True,0.39453023439855034
PHEC_ARTIC_Unknown,12374,131,6172,3,96,3,6402,0.4643242936558121,True,False,False,True,False,True,0.6964864404837182
PHEC_ARTIC_Unknown,12404,56,4007,0,42,1,4105,1.0,True,False,True,True,False,True,1.0
PHEC_ARTIC_Unknown,12473,7598,744,108,6,1,8456,0.2424402151389496,True,False,False,False,False,True,0.45558012429685474
PHEC_ARTIC_Unknown,12729,900,9154,66,203,1,10323,1.0356242177983561e-13,True,False,False,False,False,True,2.6167200732942314e-12
PHEC_ARTIC_Unknown,12730,966,8881,11,119,1,9977,0.7657892708569558,True,False,False,False,False,True,0.9377576020006311
PHEC_ARTIC_Unknown,12731,961,8806,66,203,1,10036,6.616445936772763e-12,True,False,False,False,False,True,1.4953167817106444e-10
PHEC_ARTIC_Unknown,12806,1645,153,38,3,1,1839,1.0,True,False,False,True,False,True,1.0
PHEC_ARTIC_Unknown,12844,706,821,15,13,1,1555,0.4516680908673773,True,False,False,False,False,True,0.6832970597428378
PHEC_ARTIC_Unknown,12901,239,869,1,13,1,1122,0.32394749779270027,True,False,False,True,False,True,0.5539379659607838
PHEC_ARTIC_Unknown,13045,13029,1445,241,12,1,14727,0.0038986258103271814,True,False,False,False,False,True,0.019084969670771328
PHEC_ARTIC_Unknown,13103,12143,3146,274,54,1,15617,0.07209279996497467,True,False,False,False,False,True,0.18739521422205557
PHEC_ARTIC_Unknown,13286,2516,10066,54,145,1,12781,0.01584507761616325,True,False,False,False,False,True,0.058704713791031066
PHEC_ARTIC_Unknown,13691,4797,376,91,8,1,5272,0.6960840703403834,True,False,False,False,False,True,0.8865591728693425
PHEC_ARTIC_Unknown,13714,4230,965,100,17,1,5312,0.3345356443676064,True,False,False,False,False,True,0.5661452562577816
PHEC_ARTIC_Unknown,13736,3617,1086,17,10,1,4730,0.1067407383946204,True,False,False,False,False,True,0.25407274277902964
PHEC_ARTIC_Unknown,13805,3354,1761,82,28,1,5225,0.05353678926111173,True,False,False,False,False,True,0.14955487869862824
PHEC_ARTIC_Unknown,13806,3348,1783,53,29,1,5213,0.907332252246575,True,False,False,False,False,True,1.0
PHEC_ARTIC_Unknown,14036,6121,1622,91,16,1,7850,0.15026484500882947,True,False,False,False,False,True,0.3258408259573125
PHEC_ARTIC_Unknown,14087,3630,2044,67,41,1,5782,0.686504413839544,True,False,False,False,False,True,0.8784837859387432
PHEC_ARTIC_Unknown,14153,1933,8063,13,56,1,10065,1.0,True,False,False,False,False,True,1.0
PHEC_ARTIC_Unknown,14181,1710,8713,30,125,1,10578,0.32592193534974934,True,False,False,False,False,True,0.5556791420799583
PHEC_ARTIC_Unknown,14189,1573,8816,20,129,1,10538,0.645248099222532,True,False,False,False,False,True,0.845096351460805
PHEC_ARTIC_Unknown,14572,3869,6558,41,14,1,10482,2.3568326997969336e-08,True,False,False,False,False,True,3.617960536895821e-07
PHEC_ARTIC_Unknown,14656,2830,1061,47,22,1,3960,0.4139710828050516,True,False,False,False,False,True,0.6447298487178216
PHEC_ARTIC_Unknown,14675,2743,1665,43,25,2,4476,0.9004102242328353,True,False,False,False,False,True,1.0
PHEC_ARTIC_Unknown,14806,667,4169,16,67,1,4919,0.15052946425106278,True,False,False,False,False,True,0.32606701840965036
PHEC_ARTIC_Unknown,14937,706,68,27,2,1,803,1.0,True,True,False,True,False,True,1.0
PHEC_ARTIC_Unknown,15257,1379,166,30,2,1,1577,0.5695693338674929,True,False,False,True,False,True,0.7878300068592183
PHEC_ARTIC_Unknown,15305,849,243,22,3,1,1117,0.32790175492742973,True,False,False,False,False,True,0.557652315654174
PHEC_ARTIC_Unknown,15373,831,519,21,17,1,1388,0.49971283327597427,True,False,False,False,False,True,0.7280916209765985
PHEC_ARTIC_Unknown,15419,437,854,4,17,1,1312,0.24276201308772677,True,False,False,False,False,True,0.45587456449151315
PHEC_ARTIC_Unknown,15584,6961,2012,101,19,1,9093,0.09737764223081508,True,False,False,False,False,True,0.23635575691823132
PHEC_ARTIC_Unknown,15761,2183,7240,40,67,1,9530,0.0011417085127288647,True,False,False,False,False,True,0.007268341517654182
PHEC_ARTIC_Unknown,15910,5942,381,89,10,2,6422,0.131814866141896,True,False,False,False,False,True,0.29707638529929803
PHEC_ARTIC_Unknown,15921,1569,220,35,2,1,1826,0.30685420420196624,True,False,False,True,False,True,0.5334542319203414
PHEC_ARTIC_Unknown,15944,1564,345,88,22,2,2019,0.6112962491316386,True,False,False,False,False,True,0.8239738705989085
PHEC_ARTIC_Unknown,16170,152,1056,0,0,1,1208,1.0,True,False,True,True,False,True,1.0
PHEC_ARTIC_Unknown,16639,1469,2750,13,17,1,4249,0.3405644376845318,True,False,False,False,False,True,0.571689314244625
PHEC_ARTIC_Unknown,16857,2008,271,42,3,1,2324,0.3566238132197315,True,False,False,False,False,True,0.5873464259829424
PHEC_ARTIC_Unknown,17072,213,3402,3,63,1,3681,1.0,True,False,False,True,False,True,1.0
PHEC_ARTIC_Unknown,17266,2891,3896,39,52,1,6878,1.0,True,False,False,False,False,True,1.0
PHEC_ARTIC_Unknown,17274,2857,4253,26,50,1,7186,0.3467018545521183,True,False,False,False,False,True,0.5782628717991051
PHEC_ARTIC_Unknown,17339,1519,4413,15,101,1,6048,0.0011725781268291748,True,False,False,False,False,True,0.0073700645012452475
PHEC_ARTIC_Unknown,17563,2748,2151,30,28,1,4957,0.509129975173063,True,False,False,False,False,True,0.736029094016787
PHEC_ARTIC_Unknown,18109,5452,1404,117,40,1,7013,0.13404192651107977,True,False,False,False,False,True,0.3005140185021222
PHEC_ARTIC_Unknown,18374,7634,2052,160,57,1,9903,0.07797986002795138,True,False,False,False,False,True,0.20044147574536025
PHEC_ARTIC_Unknown,18380,8653,2174,209,50,1,11086,0.8139763870805228,True,False,False,False,False,True,0.968486675239417
PHEC_ARTIC_Unknown,18400,7406,2388,144,80,1,10018,0.00020813817389046043,True,False,False,False,False,True,0.0017566516418804834
PHEC_ARTIC_Unknown,18412,20686,5429,362,64,2,26541,0.0030822979953088435,True,False,False,False,False,True,0.01588794494872686
PHEC_ARTIC_Unknown,18516,3748,5862,110,131,1,9851,0.038445128156694076,True,False,False,False,False,True,0.11750171400558339
PHEC_ARTIC_Unknown,18538,3171,5797,78,134,1,9180,0.663464695173502,True,False,False,False,False,True,0.8580366463101243
PHEC_ARTIC_Unknown,18775,3385,4495,54,87,1,8021,0.30298320410867535,True,False,False,False,False,True,0.5280786950788737
PHEC_ARTIC_Unknown,19162,1719,5285,26,72,1,7102,0.6374942391808012,True,False,False,False,False,True,0.8392642605137538
PHEC_ARTIC_Unknown,19730,812,406,13,5,1,1236,0.8022915551746743,True,False,False,False,False,True,0.9614990254950658
PHEC_ARTIC_Unknown,19751,521,560,10,16,1,1107,0.4275677767507489,True,False,False,False,False,True,0.6573490989501309
PHEC_ARTIC_Unknown,19758,446,615,10,12,1,1083,0.8284383345546276,True,False,False,False,False,True,0.9802464063316536
PHEC_ARTIC_Unknown,19768,477,673,5,11,1,1166,0.45605621553455916,True,False,False,False,False,True,0.6873792829916957
PHEC_ARTIC_Unknown,19794,309,865,7,10,1,1191,0.1733026388720381,True,False,False,True,False,True,0.3585936596802904
PHEC_ARTIC_Unknown,19858,217,1910,5,29,1,2161,0.3874397902497305,True,False,False,True,False,True,0.6175960292852287
PHEC_ARTIC_Unknown,19957,158,30,7,0,1,195,0.5979760621023208,True,True,True,True,False,True,0.811197437915262
PHEC_ARTIC_Unknown,20441,156,715,5,15,1,891,0.38431910072066955,True,True,False,True,False,True,0.614306523273746
PHEC_ARTIC_Unknown,20629,637,500,12,13,1,1162,0.4251213344042538,True,False,False,False,False,True,0.6544367070694294
PHEC_ARTIC_Unknown,20716,299,674,1,14,1,988,0.04800769147274134,True,True,False,True,False,True,0.13801787202198712
PHEC_ARTIC_Unknown,20773,118,1033,3,18,1,1172,0.4704991500567861,True,False,False,True,False,True,0.7013523424078438
PHEC_ARTIC_Unknown,20857,10648,1468,248,14,1,12378,0.0003430793735177196,True,False,False,False,False,True,0.0027258728349025063
PHEC_ARTIC_Unknown,21024,1440,4226,27,75,1,5768,0.818718711812604,True,False,False,False,False,True,0.9731000480619487
PHEC_ARTIC_Unknown,21030,1329,4934,40,83,1,6386,0.0037563717941166844,True,False,False,False,False,True,0.018612570594965495
PHEC_ARTIC_Unknown,21044,1374,5053,34,75,1,6536,0.018214382244177988,True,False,False,False,False,True,0.06518247195033512
PHEC_ARTIC_Unknown,21597,166,359,6,14,1,545,1.0,True,True,False,False,False,True,1.0
PHEC_ARTIC_Unknown,21692,48,695,2,32,1,777,1.0,True,True,False,True,False,True,1.0
PHEC_ARTIC_Unknown,22549,4848,372,270,14,2,5504,0.18843077902924943,True,False,False,False,False,True,0.3803495585528855
PHEC_ARTIC_Unknown,22566,5883,426,168,7,1,6484,0.16832219908621116,True,False,False,False,False,True,0.35204869197054345
PHEC_ARTIC_Unknown,22571,6110,503,132,14,1,6759,0.3454211633216655,True,False,False,False,False,True,0.5770732206950864
PHEC_ARTIC_Unknown,22676,6151,2231,210,54,1,8646,0.027739306221928536,True,False,False,False,False,True,0.090929490500246
PHEC_ARTIC_Unknown,22857,362,8646,3,115,1,9126,0.6329547893077656,True,False,False,True,False,True,0.8361926656272021
PHEC_ARTIC_Unknown,23315,4755,3587,112,109,1,8563,0.06338496508121746,True,False,False,False,False,True,0.17078437619446363
PHEC_ARTIC_Unknown,23318,4673,3669,148,61,1,8551,1.9975016222197045e-05,True,False,False,False,False,True,0.00021496922220078722
PHEC_ARTIC_Unknown,23545,1466,186,55,1,1,1708,0.02604741448224645,True,False,False,False,False,True,0.08649867927655391
PHEC_ARTIC_Unknown,23903,464,36,12,0,1,512,1.0,True,True,True,True,False,True,1.0
PHEC_ARTIC_Unknown,24006,92,179,3,5,1,279,1.0,True,True,False,True,False,True,1.0
PHEC_ARTIC_Unknown,24215,1635,470,36,7,1,2148,0.45829811861005026,True,False,False,False,False,True,0.6902468517236892
PHEC_ARTIC_Unknown,24372,198,2067,3,13,1,2281,0.16132397301945592,True,False,False,True,False,True,0.3419832841287893
PHEC_ARTIC_Unknown,24635,247,188,8,6,1,449,1.0,True,True,False,False,False,True,1.0
PHEC_ARTIC_Unknown,24757,15095,864,281,8,1,16248,0.04737019653774886,True,False,False,False,False,True,0.13676505288542395
PHEC_ARTIC_Unknown,24792,12470,1332,206,11,1,14019,0.01970956202795837,True,False,False,False,False,True,0.06917903220857174
PHEC_ARTIC_Unknown,24809,8951,1827,60,29,1,10867,0.000320159918053543,True,False,False,False,False,True,0.002568857093968073
PHEC_ARTIC_Unknown,24812,6794,1849,195,41,1,8879,0.1470012545078892,True,False,False,False,False,True,0.32150596953660926
PHEC_ARTIC_Unknown,24848,7540,6036,275,123,2,13974,6.362348074168505e-08,True,False,False,False,False,True,9.17802551975797e-07
PHEC_ARTIC_Unknown,24879,3487,4400,48,55,1,7990,0.6898205297112853,True,False,False,False,False,True,0.8816090732370007
PHEC_ARTIC_Unknown,24894,2925,5339,32,72,1,8368,0.35410794241029686,True,False,False,False,False,True,0.5847035647171758
PHEC_ARTIC_Unknown,24952,1754,9823,34,195,1,11806,1.0,True,False,False,False,False,True,1.0
PHEC_ARTIC_Unknown,24959,2157,10276,8,65,2,12506,0.16501460290538195,True,False,False,False,False,True,0.34661050130543375
PHEC_ARTIC_Unknown,25071,3863,733,94,12,1,4702,0.22671675941021374,True,False,False,False,False,True,0.4344247655585254
PHEC_ARTIC_Unknown,25124,1973,2012,71,41,1,4097,0.00395663418112522,True,False,False,False,False,True,0.01925309551293947
PHEC_ARTIC_Unknown,25150,1241,2029,22,23,1,3315,0.16355011281868648,True,False,False,False,False,True,0.34520631728318063
PHEC_ARTIC_Unknown,25241,486,4460,2,63,1,5011,0.0876866057750794,True,False,False,False,False,True,0.21976034058736238
PHEC_ARTIC_Unknown,25249,477,4435,8,84,1,5004,0.860056097043387,True,False,False,False,False,True,1.0
PHEC_ARTIC_Unknown,25376,9948,721,179,9,1,10857,0.3760868966814024,True,False,False,False,False,True,0.6063452484538486
PHEC_ARTIC_Unknown,25413,7799,1623,136,40,1,9598,0.06953722561398669,True,False,False,False,False,True,0.18270834495555288
PHEC_ARTIC_Unknown,25523,2497,4293,29,31,1,6850,0.07978192988231494,True,False,False,False,False,True,0.203993017448936
PHEC_ARTIC_Unknown,25577,1337,10901,28,266,1,12532,0.5072997499283488,True,False,False,False,False,True,0.734149904912317
PHEC_ARTIC_Unknown,25628,484,5015,7,114,1,5620,0.32682602282350126,True,False,False,False,False,True,0.5565208291527849
PHEC_ARTIC_Unknown,25835,25,218,1,7,1,251,0.588517653501912,True,True,False,True,False,True,0.804912852854434
PHEC_ARTIC_Unknown,25951,482,185,18,0,1,685,0.005339542640706225,True,True,True,True,False,True,0.024269563645131758
PHEC_ARTIC_Unknown,26022,557,110,0,0,1,667,1.0,True,True,True,True,False,True,1.0
PHEC_ARTIC_Unknown,26309,622,121,13,3,1,759,0.734585955475642,True,True,False,True,False,True,0.9124566921755455
PHEC_ARTIC_Unknown,26558,4080,491,44,2,1,4617,0.2280264750839659,True,False,False,True,False,True,0.4364152444650776
PHEC_ARTIC_Unknown,26571,4749,449,57,0,1,5255,0.013803091738295532,True,False,True,True,False,True,0.052679384855573816
PHEC_ARTIC_Unknown,26606,5900,405,162,6,1,6473,0.15012522362072228,True,False,False,False,False,True,0.3258083029674001
PHEC_ARTIC_Unknown,26727,2215,2690,102,70,2,5077,0.0003167823863999972,True,False,False,False,False,True,0.0025518232631191852
PHEC_ARTIC_Unknown,27204,6332,443,136,8,1,6919,0.8637503501233215,True,False,False,False,False,True,1.0
PHEC_ARTIC_Unknown,28045,741,1846,14,36,2,2637,1.0,True,False,False,False,False,True,1.0
PHEC_ARTIC_Unknown,28079,207,2084,6,20,1,2317,0.027015199515648784,True,False,False,True,False,True,0.08913043927790693
PHEC_ARTIC_Unknown,28087,290,2265,7,35,2,2597,0.3220190137415747,True,False,False,True,False,True,0.5522099525874835
PHEC_ARTIC_Unknown,28313,2620,4743,53,209,1,7625,1.1090013727308839e-07,True,False,False,False,False,True,1.5556612359549088e-06
PHEC_ARTIC_Unknown,28321,2668,5560,45,51,1,8324,0.00413311767033253,True,False,False,False,False,True,0.01992123540629471
PHEC_ARTIC_Unknown,28328,2352,4704,51,90,1,7197,0.47208825220226824,True,False,False,False,False,True,0.7026920769239698
PHEC_ARTIC_Unknown,28569,1327,1124,18,9,1,2478,0.24452829067550289,True,False,False,False,False,True,0.4572538869417297
PHEC_ARTIC_Unknown,28573,1120,1657,12,17,1,2806,1.0,True,False,False,False,False,True,1.0
PHEC_ARTIC_Unknown,28703,11443,10300,11,79,2,21833,1.2923398323851088e-15,True,False,False,False,False,True,3.8374003198121334e-14
PHEC_ARTIC_Unknown,28771,793,1630,0,62,3,2485,6.507723826125323e-11,True,False,True,False,False,True,1.3370414406402936e-09
PHEC_ARTIC_Unknown,29199,167,285,10,19,2,481,0.8452220167138668,True,True,False,False,False,True,0.9928189541572818
PHEC_ARTIC_Unknown,29291,108,540,1,10,1,659,1.0,True,True,False,True,False,True,1.0
PHEC_ARTIC_Unknown,5236,194,177,24,48,1,443,0.004371929926396066,True,True,False,False,False,True,0.020752638203709678
PHEC_ARTIC_Unknown,14113,4592,6179,156,723,5,11650,7.63591710201091e-52,True,False,False,False,False,True,7.765727692745096e-50
PHEC_ARTIC_Unknown,28153,1966,621,48,13,2,2648,0.761522352845424,True,False,False,False,False,True,0.9350657806746709
PHEC_ARTIC_Unknown,28681,105,66,0,0,1,171,1.0,True,True,True,True,False,True,1.0
PHEC_ARTIC_Unknown,6113,116,161,0,0,1,277,1.0,True,True,True,True,False,True,1.0
PHEC_ARTIC_Unknown,10712,345,281,0,0,1,626,1.0,True,True,True,True,False,True,1.0
PHEC_ARTIC_Unknown,19281,59,344,0,57,2,460,0.0004332249452383235,True,True,True,False,False,True,0.003312705032386278
PHEC_ARTIC_Unknown,25511,170,152,92,189,1,603,7.462030620662405e-07,True,True,False,False,False,True,9.698255771519062e-06
PHEC_ARTIC_Unknown,29582,459,294,2,2,1,757,0.6462575556177992,True,True,False,True,False,True,0.845851598962051
PHEC_ARTIC_Unknown,3054,406,383,0,1,1,790,0.48607594936708864,True,True,True,True,False,True,0.7164336818932306
PHEC_ARTIC_Unknown,7585,220,320,1,2,1,543,1.0,True,True,False,True,False,True,1.0
PHEC_ARTIC_Unknown,16750,184,254,65,115,2,618,0.17739228997292322,True,True,False,False,False,True,0.36446052303527865
PHEC_ARTIC_Unknown,18465,587,551,1,2,1,1141,0.6135016951180204,True,False,False,True,False,True,0.825431111822781
PHEC_ARTIC_Unknown,21606,42,47,0,0,1,89,1.0,True,True,True,True,False,True,1.0
PHEC_ARTIC_Unknown,2359,86,114,0,0,1,200,1.0,True,True,True,True,False,True,1.0
PHEC_ARTIC_Unknown,4999,533,496,140,96,1,1265,0.04271486938540976,True,False,False,False,False,True,0.12711345183602554
PHEC_ARTIC_Unknown,421,2046,297,1,0,2,2344,1.0,True,False,True,True,False,True,1.0
PHEC_ARTIC_Unknown,12250,908,584,114,86,2,1692,0.3170088881413532,True,False,False,False,False,True,0.5466689940479121
PHEC_ARTIC_Unknown,18270,156,774,3,30,1,963,0.34028812772400896,True,True,False,False,False,True,0.5715491757148095
PHEC_ARTIC_Unknown,18713,2244,427,1,0,2,2672,1.0,True,False,True,True,False,True,1.0
PHEC_ARTIC_Unknown,787,574,54,546,78,1,1252,0.027118053728001176,True,False,False,False,False,True,0.08932489276559415
PHEC_ARTIC_Unknown,3212,731,7,491,7,1,1236,0.585252351783401,True,False,False,False,False,True,0.8018883688295302
PHEC_ARTIC_Unknown,6349,34,30,0,0,1,64,1.0,True,True,True,True,False,True,1.0
PHEC_ARTIC_Unknown,9648,12,18,4,3,1,37,0.43727883481204166,True,True,False,True,False,True,0.6679873451052893
PHEC_ARTIC_Unknown,9758,1,27,0,13,1,41,1.0,True,True,True,True,False,True,1.0
PHEC_ARTIC_Unknown,11000,0,15,1,11,1,27,0.44444444444444453,True,True,True,True,False,True,0.6756191763631606
PHEC_ARTIC_Unknown,11350,58,1661,2,409,1,2130,0.0003977584749217432,True,False,False,False,False,True,0.003070363332033494
PHEC_ARTIC_Unknown,11863,9,317,4,279,1,609,0.2774449224554225,True,True,False,False,False,True,0.49589013380872526
PHEC_ARTIC_Unknown,14152,272,1828,120,514,1,2734,0.0002812571250235411,True,False,False,False,False,True,0.0022928937567049403
PHEC_ARTIC_Unknown,15487,12,20,0,20,1,52,0.0015647515946366573,True,True,True,True,False,True,0.00922523114055351
PHEC_ARTIC_Unknown,17170,3394,509,625,64,1,4592,0.005847715861053588,True,False,False,False,False,True,0.025913407541139428
PHEC_ARTIC_Unknown,17271,1658,2038,236,300,1,4232,0.7449812103616855,True,False,False,False,False,True,0.9222713218963289
PHEC_ARTIC_Unknown,17293,1175,2127,248,345,1,3895,0.004071739218387451,True,False,False,False,False,True,0.019715118806282197
PHEC_ARTIC_Unknown,17893,3,14,1,4,1,22,1.0,True,True,False,True,False,True,1.0
PHEC_ARTIC_Unknown,19571,49,0,7,0,1,56,1.0,True,True,True,True,False,True,1.0
PHEC_ARTIC_Unknown,19670,262,27,45,2,1,336,0.39908763841229344,True,True,False,True,False,True,0.6290780820306099
PHEC_ARTIC_Unknown,19681,241,31,54,4,1,330,0.4797212568558606,True,True,False,False,False,True,0.7103357042305201
PHEC_ARTIC_Unknown,19870,11,396,4,72,1,483,0.2714025369462265,True,True,False,True,False,True,0.4876614488945448
PHEC_ARTIC_Unknown,20247,106,9,13,0,1,128,0.5966301398079787,True,True,True,True,False,True,0.8109246891149497
PHEC_ARTIC_Unknown,20881,2607,179,999,38,1,3823,0.0009113440260775219,True,False,False,False,False,True,0.006008666933684536
PHEC_ARTIC_Unknown,20893,2760,165,740,41,1,3706,0.7255170680940084,True,False,False,False,False,True,0.9084455739620722
PHEC_ARTIC_Unknown,21399,29,5,23,0,1,57,0.07449178501810083,True,True,True,True,False,True,0.19252387640002172
PHEC_ARTIC_Unknown,22525,50,13,3,7,1,73,0.0032167658108827784,True,True,False,True,False,True,0.016377726306221703
PHEC_ARTIC_Unknown,24106,190,22,33,1,1,246,0.2172806378158616,True,True,False,True,False,True,0.4220956719781288
PHEC_ARTIC_Unknown,24132,221,20,79,3,1,323,0.2151746284130237,True,True,False,False,False,True,0.41881836764793323
PHEC_ARTIC_Unknown,25567,235,3285,2,2,1,3524,0.02468618369121774,True,False,False,True,False,True,0.08278927885892315
PHEC_ARTIC_Unknown,25595,70,3278,13,701,1,4062,0.7708109939907339,True,False,False,False,False,True,0.9413290249221605
PHEC_ARTIC_Unknown,26074,3,3,5,1,1,12,0.5454545454545454,True,True,False,True,False,True,0.7683203223369427
PHEC_ARTIC_Unknown,26992,19,3,12,4,1,38,0.42501324854266026,True,True,False,True,False,True,0.6544367070694294
PHEC_ARTIC_Unknown,27000,448,134,28,4,2,614,0.19642352691974613,True,True,False,False,False,True,0.3923779583527688
PHEC_ARTIC_Unknown,27076,8,20,4,14,1,46,0.7392779829415945,True,True,False,True,False,True,0.917044182317802
PHEC_ARTIC_Unknown,27163,123,59,11,1,1,194,0.10900820764725988,True,True,False,True,False,True,0.25706979055597284
PHEC_ARTIC_Unknown,28312,496,1475,4,5,1,1980,0.2423986586964746,True,False,False,True,False,True,0.45558012429685474
PHEC_ARTIC_Unknown,28378,516,12935,3,99,2,13553,1.0,True,False,False,True,False,True,1.0
PHEC_ARTIC_Unknown,29024,2,8,0,0,1,10,1.0,True,True,True,True,False,True,1.0
PHEC_ARTIC_Unknown,29348,173,1,50,1,1,225,0.40273809523809523,True,True,False,True,False,True,0.6327007630952716
PHEC_ARTIC_Unknown,29462,132,27,18,6,1,183,0.3918746728089899,True,True,False,True,False,True,0.6217651686386637
PHEC_ARTIC_Unknown,29587,93,366,6,37,1,502,0.4232570557789598,True,True,False,False,False,True,0.6524477843534704
PHEC_ARTIC_Unknown,1468,185,172,0,0,1,357,1.0,True,True,True,True,False,True,1.0
PHEC_ARTIC_Unknown,2438,12,20,5,3,1,40,0.2499155025470815,True,True,False,True,False,True,0.46295822602983955
PHEC_ARTIC_Unknown,3207,1088,125,1,1,1,1215,0.19672951369821223,True,False,False,True,False,True,0.3924941940776495
PHEC_ARTIC_Unknown,3353,633,534,21,19,1,1207,0.8725838979735273,True,False,False,False,False,True,1.0
PHEC_ARTIC_Unknown,3404,488,727,32,25,1,1272,0.018979382312161463,True,False,False,False,False,True,0.06728747914226939
PHEC_ARTIC_Unknown,4017,11,8,0,0,1,19,1.0,True,True,True,True,False,True,1.0
PHEC_ARTIC_Unknown,6074,34,39,6,4,1,83,0.5105306534923737,True,True,False,True,False,True,0.7368332459162428
PHEC_ARTIC_Unknown,6511,1406,365,146,33,1,1950,0.559431554812919,True,False,False,False,False,True,0.7793724537599159
PHEC_ARTIC_Unknown,6590,1398,908,0,0,1,2306,1.0,True,False,True,True,False,True,1.0
PHEC_ARTIC_Unknown,8286,139,94,10,5,1,248,0.7868705623472225,True,True,False,False,False,True,0.9504125438326904
PHEC_ARTIC_Unknown,8496,91,119,20,12,1,242,0.05618294816532819,True,True,False,False,False,True,0.1553720143688342
PHEC_ARTIC_Unknown,11767,1063,1245,0,0,1,2308,1.0,True,False,True,True,False,True,1.0
PHEC_ARTIC_Unknown,12525,962,378,24,10,2,1374,0.848798525303254,True,False,False,False,False,True,0.9948192897470886
PHEC_ARTIC_Unknown,13146,390,515,21,11,1,937,0.017157204468346468,True,True,False,False,False,True,0.06237310793318447
PHEC_ARTIC_Unknown,17122,1894,661,151,27,1,2733,0.0012280776183973996,True,False,False,False,False,True,0.007638868121774651
PHEC_ARTIC_Unknown,18505,2139,2279,95,127,1,4640,0.11327028584445889,True,False,False,False,False,True,0.264210735559208
PHEC_ARTIC_Unknown,21099,286,1099,30,88,1,1503,0.2389438139445363,True,False,False,False,False,True,0.4508457491309711
PHEC_ARTIC_Unknown,25361,5024,536,461,29,1,6050,0.00573263038169341,True,False,False,False,False,True,0.02559861733559692
PHEC_ARTIC_Unknown,27852,450,50,16,1,1,517,1.0,True,True,False,True,False,True,1.0
PHEC_ARTIC_Unknown,28099,842,77,99,339,1,1357,2.1367106809328995e-148,True,False,False,False,False,True,9.657932277816705e-146
PHEC_ARTIC_Unknown,28550,88,62,12,18,1,180,0.07141376030769783,True,True,False,False,False,True,0.18622511341776588
PHEC_ARTIC_Unknown,399,123,61,5,4,1,193,0.48834441597667116,True,True,False,True,False,True,0.718735558680571
PHEC_ARTIC_Unknown,856,179,129,8,1,1,317,0.08735504536516626,True,True,False,True,False,True,0.21935822502808416
PHEC_ARTIC_Unknown,1044,71,60,3,1,1,135,0.6264723318925991,True,True,False,True,False,True,0.8332041627220144
PHEC_ARTIC_Unknown,1046,70,57,3,5,1,135,0.4693963939718324,True,True,False,True,False,True,0.700221683416727
PHEC_ARTIC_Unknown,1244,106,98,4,6,1,214,0.5293538957088758,True,True,False,True,False,True,0.7534680362994075
PHEC_ARTIC_Unknown,8561,97,142,1,0,2,240,0.4083333333333333,True,True,True,True,False,True,0.6381482904341145
PHEC_ARTIC_Unknown,10663,22,36,1,3,1,62,1.0,True,True,False,True,False,True,1.0
PHEC_ARTIC_Unknown,11241,96,74,6,2,1,178,0.46933146606388293,True,True,False,True,False,True,0.700221683416727
PHEC_ARTIC_Unknown,13730,49,41,3,1,1,94,0.625615469547313,True,True,False,True,False,True,0.8332041627220144
PHEC_ARTIC_Unknown,14471,91,137,2,9,1,239,0.20981523510051772,True,True,False,True,False,True,0.4105010385609245
PHEC_ARTIC_Unknown,15144,10,4,0,0,1,14,1.0,True,True,True,True,False,True,1.0
PHEC_ARTIC_Unknown,15641,119,114,6,7,1,246,0.7819244034095671,True,True,False,False,False,True,0.946340005380146
PHEC_ARTIC_Unknown,15812,77,168,4,5,1,254,0.47208885108977616,True,True,False,True,False,True,0.7026920769239698
PHEC_ARTIC_Unknown,15925,46,28,0,0,1,74,1.0,True,True,True,True,False,True,1.0
PHEC_ARTIC_Unknown,16751,36,68,2,3,1,109,1.0,True,True,False,True,False,True,1.0
PHEC_ARTIC_Unknown,16753,35,75,2,2,1,114,0.5943952802359883,True,True,False,True,False,True,0.8103217158176944
PHEC_ARTIC_Unknown,17109,213,105,8,3,1,329,1.0,True,True,False,True,False,True,1.0
PHEC_ARTIC_Unknown,17241,102,113,9,5,1,229,0.2749259242778863,True,True,False,False,False,True,0.49246968734585717
PHEC_ARTIC_Unknown,17403,100,240,3,12,1,355,0.5677515943097393,True,True,False,True,False,True,0.7874577175765495
PHEC_ARTIC_Unknown,17726,17,45,1,4,1,67,1.0,True,True,False,True,False,True,1.0
PHEC_ARTIC_Unknown,18497,103,119,10,6,1,238,0.3003070629561507,True,True,False,False,False,True,0.5245264094291225
PHEC_ARTIC_Unknown,24085,9,15,0,0,1,24,1.0,True,True,True,True,False,True,1.0
PHEC_ARTIC_Unknown,24799,169,119,9,5,1,302,0.7854243300127376,True,True,False,False,False,True,0.9489474827715524
PHEC_ARTIC_Unknown,25186,23,16,4,1,1,44,0.6337043557690183,True,True,False,True,False,True,0.8361926656272021
PHEC_ARTIC_Unknown,27511,10,21,0,0,1,31,1.0,True,True,True,True,False,True,1.0
PHEC_ARTIC_Unknown,29557,41,38,2,2,1,83,1.0,True,True,False,True,False,True,1.0
PHEC_ARTIC_Unknown,12437,210,1053,187,64,1,1514,1.8423980904949494e-71,True,False,False,False,False,True,2.7758797896790573e-69
PHEC_ARTIC_Unknown,18877,404,873,1,1,1,1279,0.5332070609741326,True,False,False,True,False,True,0.7558488350588316
PHEC_ARTIC_Unknown,24595,648,491,26,15,1,1180,0.42751127793853194,True,False,False,False,False,True,0.6573490989501309
PHEC_ARTIC_Unknown,24921,571,936,9,29,1,1545,0.08942309108592902,True,False,False,False,False,True,0.22290020498624954
PHEC_ARTIC_Unknown,832,2271,1821,0,0,1,4092,1.0,True,False,True,True,False,True,1.0
PHEC_ARTIC_Unknown,3076,1500,2654,1,1,1,4156,1.0,True,False,False,True,False,True,1.0
PHEC_ARTIC_Unknown,22801,1290,2946,3,22,1,4261,0.049296779833954044,True,False,False,False,False,True,0.14092712604674987
PHEC_ARTIC_Unknown,29632,2566,5255,169,402,1,8392,0.11607906805595553,True,False,False,False,False,True,0.26875904886262214
PHEC_ARTIC_Unknown,2230,99,13,24,6,1,142,0.23655912722750194,True,True,False,True,False,True,0.4478001533557366
PHEC_ARTIC_Unknown,3270,407,234,57,19,1,717,0.056380671064353106,True,True,False,False,False,True,0.15570710786815237
PHEC_ARTIC_Unknown,3557,21,2,8,3,1,34,0.29988931056293483,True,True,False,True,False,True,0.5242152020330402
PHEC_ARTIC_Unknown,3665,3,8,2,3,1,16,1.0,True,True,False,True,False,True,1.0
PHEC_ARTIC_Unknown,4940,12,48,0,1,1,61,1.0,True,True,True,True,False,True,1.0
PHEC_ARTIC_Unknown,6056,73,73,7,8,1,161,1.0,True,True,False,False,False,True,1.0
PHEC_ARTIC_Unknown,11075,4751,329,490,72,2,5642,3.621034849640144e-07,True,False,False,False,False,True,4.910123256112036e-06
PHEC_ARTIC_Unknown,11990,1032,504,105,43,1,1684,0.408181279454544,True,False,False,False,False,True,0.6381482904341145
PHEC_ARTIC_Unknown,14366,1754,1360,323,197,1,3634,0.014590754363320375,True,False,False,False,False,True,0.055006762823884385
PHEC_ARTIC_Unknown,14814,40,59,29,69,1,197,0.13556295165581372,True,True,False,False,False,True,0.3022412889244869
PHEC_ARTIC_Unknown,16588,137,129,34,17,1,317,0.06499244533746851,True,True,False,False,False,True,0.1739403076531723
PHEC_ARTIC_Unknown,17443,1874,288,135,8,1,2305,0.006222895525063601,True,False,False,False,False,True,0.02729661114696457
PHEC_ARTIC_Unknown,18464,845,896,0,2,1,1743,0.500175542254305,True,False,True,True,False,True,0.7281458639650393
PHEC_ARTIC_Unknown,18929,1354,3364,132,24,1,4874,4.249150187994148e-46,True,False,False,False,False,True,3.84123176994671e-44
PHEC_ARTIC_Unknown,19032,703,685,142,158,2,1688,0.30874358231609833,True,False,False,False,False,True,0.5358229065110444
PHEC_ARTIC_Unknown,20257,18,7,3,3,1,31,0.35783349020278943,True,True,False,True,False,True,0.5881481366242212
PHEC_ARTIC_Unknown,20360,12,6,7,1,1,26,0.3747886895712982,True,True,False,True,False,True,0.6052562084859234
PHEC_ARTIC_Unknown,22526,99,97,8,11,1,215,0.6319750871577643,True,True,False,False,False,True,0.8361926656272021
PHEC_ARTIC_Unknown,22744,283,374,79,131,1,867,0.17235636245019137,True,True,False,False,False,True,0.3572673731237805
PHEC_ARTIC_Unknown,22846,72,408,36,305,1,821,0.07462343399063989,True,True,False,False,False,True,0.19261937149360603
PHEC_ARTIC_Unknown,24351,70,114,25,34,1,243,0.6457971533770386,True,True,False,False,False,True,0.845543231392917
PHEC_ARTIC_Unknown,25415,3197,1408,50,25,1,4680,0.6144536787882485,True,False,False,False,False,True,0.8263132447307752
PHEC_ARTIC_Unknown,26804,548,1220,54,117,1,1939,0.8629926444175802,True,False,False,False,False,True,1.0
PHEC_ARTIC_Unknown,28522,1009,560,46,32,1,1647,0.336200505383776,True,False,False,False,False,True,0.5665549527345487
PHEC_ARTIC_Unknown,29212,72,136,1,0,1,209,0.3492822966507177,True,True,True,True,False,True,0.580346478904745
PHEC_ARTIC_Unknown,3929,202,132,0,0,1,334,1.0,True,True,True,True,False,True,1.0
PHEC_ARTIC_Unknown,9166,600,1419,13,34,1,2066,0.8721602571973909,True,False,False,False,False,True,1.0
PHEC_ARTIC_Unknown,13723,1386,628,59,20,1,2093,0.32108828858277305,True,False,False,False,False,True,0.5515993065687166
PHEC_ARTIC_Unknown,16206,939,316,60,16,1,1331,0.49545343430343736,True,False,False,False,False,True,0.7234402622923127
PHEC_ARTIC_Unknown,19060,668,623,13,12,1,1316,1.0,True,False,False,False,False,True,1.0
PHEC_ARTIC_Unknown,20698,110,186,6,7,1,309,0.5644850359982856,True,True,False,True,False,True,0.7848001115656275
PHEC_ARTIC_Unknown,22484,283,237,51,49,1,620,0.5842170336227248,True,True,False,False,False,True,0.8010094010034527
PHEC_ARTIC_Unknown,25240,542,1718,0,0,1,2260,1.0,True,False,True,True,False,True,1.0
PHEC_ARTIC_Unknown,25785,228,157,68,35,1,488,0.25609520354422666,True,True,False,False,False,True,0.46904169335915946
PHEC_ARTIC_Unknown,486,1282,946,36,51,2,2315,0.003874690279920486,True,False,False,False,False,True,0.018990650673152455
PHEC_ARTIC_Unknown,1333,92,28,11,2,1,133,0.7317364872796711,True,True,False,True,False,True,0.9097506204931852
PHEC_ARTIC_Unknown,1350,102,45,22,6,1,175,0.37338581035609275,True,True,False,False,False,True,0.6041899270201214
PHEC_ARTIC_Unknown,3318,569,600,33,51,1,1253,0.11322250727884033,True,False,False,False,False,True,0.264210735559208
PHEC_ARTIC_Unknown,3333,605,561,34,31,1,1231,1.0,True,False,False,False,False,True,1.0
PHEC_ARTIC_Unknown,4504,72,128,49,51,1,300,0.034215398529004196,True,True,False,False,False,True,0.10665765610420619
PHEC_ARTIC_Unknown,4626,22,147,2,31,1,202,0.3806659778166553,True,True,False,True,False,True,0.6108675336324078
PHEC_ARTIC_Unknown,5011,250,56,17,3,1,326,1.0,True,True,False,True,False,True,1.0
PHEC_ARTIC_Unknown,5025,284,49,15,3,1,351,0.7378079536354727,True,True,False,True,False,True,0.9158995286509316
PHEC_ARTIC_Unknown,5344,431,135,25,8,1,599,1.0,True,True,False,False,False,True,1.0
PHEC_ARTIC_Unknown,5580,286,591,6,17,1,900,0.6534846960120417,True,True,False,False,False,True,0.8509525426942975
PHEC_ARTIC_Unknown,5654,256,89,10,5,1,360,0.5506277390305123,True,True,False,True,False,True,0.7709688684843362
PHEC_ARTIC_Unknown,5688,200,176,13,9,1,398,0.6637761371528912,True,True,False,False,False,True,0.8580366463101243
PHEC_ARTIC_Unknown,5823,111,207,5,10,1,333,1.0,True,True,False,False,False,True,1.0
PHEC_ARTIC_Unknown,5826,117,209,6,15,1,347,0.6396710755005032,True,True,False,False,False,True,0.8404980410646147
PHEC_ARTIC_Unknown,5847,107,185,4,8,1,304,1.0,True,True,False,True,False,True,1.0
PHEC_ARTIC_Unknown,5884,114,316,4,22,1,456,0.25464066897340837,True,True,False,False,False,True,0.4685111901328925
PHEC_ARTIC_Unknown,6046,59,37,5,6,1,107,0.3433620936896432,True,True,False,True,False,True,0.575162637761898
PHEC_ARTIC_Unknown,6706,872,1022,49,60,1,2003,0.8439465504126626,True,False,False,False,False,True,0.9916737628765776
PHEC_ARTIC_Unknown,7578,208,1556,4,44,2,1812,0.648310543152059,True,False,False,False,False,True,0.8468389027321012
PHEC_ARTIC_Unknown,7813,367,271,34,17,1,689,0.2386200068049204,True,True,False,False,False,True,0.4508457491309711
PHEC_ARTIC_Unknown,7817,307,284,12,21,1,624,0.10645025273786138,True,True,False,False,False,True,0.25353608204778694
PHEC_ARTIC_Unknown,7873,279,235,14,28,1,556,0.010004104944047208,True,True,False,False,False,True,0.04037370923847623
PHEC_ARTIC_Unknown,7932,120,756,5,33,1,914,1.0,True,True,False,False,False,True,1.0
PHEC_ARTIC_Unknown,8181,223,194,23,35,1,475,0.05085329876020701,True,True,False,False,False,True,0.14416112847144397
PHEC_ARTIC_Unknown,8350,256,48,30,3,1,337,0.4437067469850234,True,True,False,True,False,True,0.6750183420849197
PHEC_ARTIC_Unknown,9039,312,349,41,52,1,754,0.5813178675356352,True,True,False,False,False,True,0.7983798396809467
PHEC_ARTIC_Unknown,9221,345,8773,22,279,2,9419,0.005576864689310072,True,False,False,False,False,True,0.025053488335670886
PHEC_ARTIC_Unknown,9676,147,93,5,5,1,250,0.5198110531201443,True,True,False,True,False,True,0.7445744239763193
PHEC_ARTIC_Unknown,9952,834,660,18,21,1,1533,0.2550802983863551,True,False,False,False,False,True,0.4686841254903761
PHEC_ARTIC_Unknown,10079,400,1614,12,107,1,2133,0.00811940217920781,True,False,False,False,False,True,0.03388443736934088
PHEC_ARTIC_Unknown,10133,1245,1268,53,11,1,2577,7.46997389649798e-08,True,False,False,False,False,True,1.0737757530372362e-06
PHEC_ARTIC_Unknown,10173,1017,379,133,23,1,1552,0.000507430763074188,True,False,False,False,False,True,0.003801525495738116
PHEC_ARTIC_Unknown,10217,1010,457,117,47,1,1631,0.5342121676099739,True,False,False,False,False,True,0.7559259493555665
PHEC_ARTIC_Unknown,10401,351,1329,24,166,1,1870,0.0071894573389418865,True,False,False,False,False,True,0.03068910016245078
PHEC_ARTIC_Unknown,10684,118,270,6,16,1,410,1.0,True,True,False,False,False,True,1.0
PHEC_ARTIC_Unknown,11487,90,68,7,4,1,169,0.7604147228610982,True,True,False,True,False,True,0.9345519917217365
PHEC_ARTIC_Unknown,11720,500,698,50,59,1,1307,0.41863212047235787,True,False,False,False,False,True,0.6487601775548769
PHEC_ARTIC_Unknown,11759,404,558,45,80,1,1087,0.21062319782376512,True,False,False,False,False,True,0.4117324213104645
PHEC_ARTIC_Unknown,11976,590,269,79,41,1,979,0.53097594963019,True,True,False,False,False,True,0.7547205321787607
PHEC_ARTIC_Unknown,12318,1,34,1,5,1,41,0.27439024390243905,True,True,False,True,False,True,0.4919433724967484
PHEC_ARTIC_Unknown,12959,14,18,1,4,1,37,0.6290408055113939,True,True,False,True,False,True,0.8346177419505382
PHEC_ARTIC_Unknown,13092,3450,1102,40,11,1,4603,0.7443373676378133,True,False,False,False,False,True,0.9217675056617433
PHEC_ARTIC_Unknown,13221,3458,2424,128,122,1,6132,0.01829174549802544,True,False,False,False,False,True,0.06538736439891694
PHEC_ARTIC_Unknown,13316,4064,95957,309,11958,2,112288,1.3129223275795998e-18,True,False,False,False,False,True,4.8554254805398294e-17
PHEC_ARTIC_Unknown,13834,3094,3433,65,67,2,6659,0.7249265445211062,True,False,False,False,False,True,0.9084455739620722
PHEC_ARTIC_Unknown,14057,2025,978,149,119,1,3271,0.00011415734359966669,True,False,False,False,False,True,0.0010228900303159562
PHEC_ARTIC_Unknown,14418,711,496,115,55,1,1377,0.029902769689185413,True,False,False,False,False,True,0.09600983985446429
PHEC_ARTIC_Unknown,14638,903,255,67,18,1,1243,1.0,True,False,False,False,False,True,1.0
PHEC_ARTIC_Unknown,14712,7685,5633,195,110,3,13623,0.03003309992481256,True,False,False,False,False,True,0.09627632032634949
PHEC_ARTIC_Unknown,14725,469,433,34,25,1,961,0.4224264385903432,True,True,False,False,False,True,0.6519084795847937
PHEC_ARTIC_Unknown,14947,115,42,6,4,1,167,0.46506217078364587,True,True,False,True,False,True,0.697079185979319
PHEC_ARTIC_Unknown,15028,70,58,6,8,1,142,0.41516561435565125,True,True,False,False,False,True,0.6456015746172742
PHEC_ARTIC_Unknown,15037,88,63,4,4,1,159,0.7219015105015356,True,True,False,True,False,True,0.9062156845211584
PHEC_ARTIC_Unknown,15103,59,76,2,6,1,143,0.4667281228458713,True,True,False,True,False,True,0.6987669774360259
PHEC_ARTIC_Unknown,15358,1282,1120,44,32,2,2478,0.4841256091357208,True,False,False,False,False,True,0.7143355016191919
PHEC_ARTIC_Unknown,15398,402,287,23,12,1,724,0.4822863584492758,True,True,False,False,False,True,0.7127154891600035
PHEC_ARTIC_Unknown,15540,2983,649,32,8,1,3672,0.6803482299088741,True,False,False,False,False,True,0.8722523161895052
PHEC_ARTIC_Unknown,15717,1235,2115,34,34,1,3418,0.03086633237499308,True,False,False,False,False,True,0.09841350944887431
PHEC_ARTIC_Unknown,15857,502,5043,8,205,2,5758,0.004568887742133123,True,False,False,False,False,True,0.021511846452543455
PHEC_ARTIC_Unknown,16542,369,199,11,6,1,585,1.0,True,True,False,False,False,True,1.0
PHEC_ARTIC_Unknown,16562,323,234,27,15,1,599,0.5167118655821319,True,True,False,False,False,True,0.7419075698516774
PHEC_ARTIC_Unknown,16690,216,412,12,19,1,659,0.6994561448319478,True,True,False,False,False,True,0.8880735322023607
PHEC_ARTIC_Unknown,17165,3582,930,123,36,1,4671,0.5499278627280337,True,False,False,False,False,True,0.7709688684843362
PHEC_ARTIC_Unknown,17171,3543,1221,41,18,1,4823,0.3726130696918168,True,False,False,False,False,True,0.6034195730518753
PHEC_ARTIC_Unknown,17230,1999,1814,60,50,1,3923,0.6990411502344958,True,False,False,False,False,True,0.8878237274910799
PHEC_ARTIC_Unknown,17497,888,474,36,18,1,1416,0.8849512379677618,True,False,False,False,False,True,1.0
PHEC_ARTIC_Unknown,17611,389,818,10,31,1,1248,0.3943304060861142,True,False,False,False,False,True,0.624906931031676
PHEC_ARTIC_Unknown,17639,392,775,37,80,1,1284,0.7578674180373222,True,False,False,False,False,True,0.9339428168257691
PHEC_ARTIC_Unknown,18032,1934,496,49,13,1,2492,0.8740301580185437,True,False,False,False,False,True,1.0
PHEC_ARTIC_Unknown,18033,1817,488,174,34,1,2513,0.10829798626591378,True,False,False,False,False,True,0.25598849978485605
PHEC_ARTIC_Unknown,18097,1693,940,56,55,1,2744,0.0034383430654993273,True,False,False,False,False,True,0.017310865829766417
PHEC_ARTIC_Unknown,18124,2330,1123,74,32,1,3559,0.6741042287592377,True,False,False,False,False,True,0.8669794507090037
PHEC_ARTIC_Unknown,18358,712,387,149,89,1,1337,0.5504749499031094,True,False,False,False,False,True,0.7709688684843362
PHEC_ARTIC_Unknown,18744,8042,3399,137,91,4,11669,0.00125520025874092,True,False,False,False,False,True,0.007724893574217946
PHEC_ARTIC_Unknown,19011,344,270,22,10,1,646,0.2003277308383739,True,True,False,False,False,True,0.3974209649713797
PHEC_ARTIC_Unknown,19672,168,87,8,6,1,269,0.5674561350647886,True,True,False,True,False,True,0.7873756100755274
PHEC_ARTIC_Unknown,19814,94,171,7,19,1,291,0.5178822022204493,True,True,False,False,False,True,0.7428578274445655
PHEC_ARTIC_Unknown,20665,23,30,1,4,1,58,0.3917552501944516,True,True,False,True,False,True,0.6217651686386637
PHEC_ARTIC_Unknown,21510,39,22,13,8,1,82,1.0,True,True,False,False,False,True,1.0
PHEC_ARTIC_Unknown,21627,170,1259,67,593,2,2089,0.2658224144367194,True,False,False,False,False,True,0.48060692530158866
PHEC_ARTIC_Unknown,22586,1011,350,111,17,1,1489,0.0012380136830232535,True,False,False,False,False,True,0.007653859669511543
PHEC_ARTIC_Unknown,23161,1216,250,61,10,1,1537,0.6273502213314079,True,False,False,False,False,True,0.8332041627220144
PHEC_ARTIC_Unknown,23186,1566,305,64,7,1,1942,0.18662783758419713,True,False,False,False,False,True,0.37752463614744597
PHEC_ARTIC_Unknown,23380,3023,7096,111,382,2,10612,0.0003930234420419584,True,False,False,False,False,True,0.0030395805365526366
PHEC_ARTIC_Unknown,23585,694,389,53,50,1,1186,0.013804381577198054,True,False,False,False,False,True,0.052679384855573816
PHEC_ARTIC_Unknown,24734,3214,369,294,12,1,3889,0.00011943148264463907,True,False,False,False,False,True,0.0010631231321627827
PHEC_ARTIC_Unknown,24834,1906,1485,45,55,1,3491,0.031470989594352364,True,False,False,False,False,True,0.10009693953856562
PHEC_ARTIC_Unknown,24990,982,3700,30,132,1,4844,0.4923600150066001,True,False,False,False,False,True,0.7214742517515933
PHEC_ARTIC_Unknown,25039,1492,2895,59,12,1,4458,4.175727356968005e-17,True,False,False,False,False,True,1.4038726353839542e-15
PHEC_ARTIC_Unknown,25116,423,332,37,26,1,818,0.6943022971764362,True,True,False,False,False,True,0.8851211986567668
PHEC_ARTIC_Unknown,25169,255,630,7,31,1,923,0.19966020920409014,True,True,False,False,False,True,0.39659068898546807
PHEC_ARTIC_Unknown,25193,276,690,32,69,1,1067,0.5639564709121216,True,False,False,False,False,True,0.7843333072377815
PHEC_ARTIC_Unknown,25504,1327,1373,60,154,1,2914,1.5870778072190567e-09,True,False,False,False,False,True,2.844155295051596e-08
PHEC_ARTIC_Unknown,25578,657,2542,55,282,2,3536,0.07393979377546497,True,False,False,False,False,True,0.19134038236551623
PHEC_ARTIC_Unknown,26353,5,3,3,3,1,14,1.0,True,True,False,True,False,True,1.0
PHEC_ARTIC_Unknown,26591,1875,269,56,6,1,2206,0.695347428668293,True,False,False,False,False,True,0.8861758583404186
PHEC_ARTIC_Unknown,26662,1023,601,62,31,1,1717,0.5086840807692041,True,False,False,False,False,True,0.7358914795765015
PHEC_ARTIC_Unknown,26710,998,622,110,108,1,1838,0.001919025720915382,True,False,False,False,False,True,0.010857575288850868
PHEC_ARTIC_Unknown,26725,718,842,57,41,1,1658,0.021562928609643345,True,False,False,False,False,True,0.07393263065221481
PHEC_ARTIC_Unknown,26877,173,1582,3,64,1,1822,0.2026634976055381,True,False,False,False,False,True,0.40098983864753357
PHEC_ARTIC_Unknown,27953,265,467,6,17,1,755,0.38262604303265063,True,True,False,False,False,True,0.6124534701052046
PHEC_ARTIC_Unknown,28146,1804,577,74,21,1,2476,0.7144192481722638,True,False,False,False,False,True,0.9000487771956547
PHEC_ARTIC_Unknown,28512,338,119,31,8,1,496,0.5672880883428251,True,True,False,False,False,True,0.7873756100755274
PHEC_ARTIC_Unknown,28698,162,379,10,40,1,591,0.19198827234841354,True,True,False,False,False,True,0.38473314872578634
PHEC_ARTIC_Unknown,28826,31,13,3,2,1,49,0.6351954287728043,True,True,False,True,False,True,0.8371866575444185
PHEC_ARTIC_Unknown,29171,12,9,1,4,1,26,0.32173913043478264,True,True,False,True,False,True,0.5522099525874835
PHEC_ARTIC_Unknown,29541,353,158,15,9,1,535,0.5039329711833687,True,True,False,False,False,True,0.7310680404781176
PHEC_ARTIC_Unknown,7000,88,545,0,1,1,634,1.0,True,True,True,True,False,True,1.0
PHEC_ARTIC_Unknown,7334,345,643,0,0,1,988,1.0,True,True,True,True,False,True,1.0
PHEC_ARTIC_Unknown,9125,594,777,593,769,1,2733,0.9384802808725479,True,False,False,False,False,True,1.0
PHEC_ARTIC_Unknown,10517,718,563,628,262,1,2171,5.633628046603924e-12,True,False,False,False,False,True,1.2875055558193688e-10
PHEC_ARTIC_Unknown,15212,679,378,0,0,1,1057,1.0,True,False,True,True,False,True,1.0
PHEC_ARTIC_Unknown,17242,1496,1549,23,9,1,3077,0.01215563325078262,True,False,False,False,False,True,0.0474559655126523
PHEC_ARTIC_Unknown,22000,52,20,0,0,2,72,1.0,True,True,True,True,False,True,1.0
PHEC_ARTIC_Unknown,25906,77,204,0,0,1,281,1.0,True,True,True,True,False,True,1.0
PHEC_ARTIC_Unknown,25912,75,161,42,54,1,332,0.043087964798917244,True,True,False,False,False,True,0.12779691313325817
PHEC_ARTIC_Unknown,26464,171,219,1,0,1,391,0.43989769820971864,True,True,True,True,False,True,0.6702261559240208
PHEC_ARTIC_Unknown,568,917,1071,613,729,1,3330,0.8041264320026784,True,False,False,False,False,True,0.9614990254950658
PHEC_ARTIC_Unknown,1235,1061,2063,337,741,1,4202,0.10709459802942257,True,False,False,False,False,True,0.25447478083159525
PHEC_ARTIC_Unknown,1779,106,76,15,14,1,211,0.5481433043726035,True,True,False,False,False,True,0.7704590951274064
PHEC_ARTIC_Unknown,2450,196,283,28,42,1,549,1.0,True,True,False,False,False,True,1.0
PHEC_ARTIC_Unknown,5553,18,53,7,13,1,91,0.4063593497647481,True,True,False,False,False,True,0.6365305486495939
PHEC_ARTIC_Unknown,6380,27,39,2,6,1,74,0.4689910701499337,True,True,False,True,False,True,0.700221683416727
PHEC_ARTIC_Unknown,7119,13,4,0,0,1,17,1.0,True,True,True,True,False,True,1.0
PHEC_ARTIC_Unknown,15929,388,143,55,14,1,600,0.30774986567282536,True,True,False,False,False,True,0.5345544208185541
PHEC_ARTIC_Unknown,18975,1839,336,712,122,1,3009,0.6100019629482261,True,False,False,False,False,True,0.8235390106894366
PHEC_ARTIC_Unknown,19606,96,15,19,2,1,132,1.0,True,True,False,True,False,True,1.0
PHEC_ARTIC_Unknown,20233,74,20,0,0,1,94,1.0,True,True,True,True,False,True,1.0
PHEC_ARTIC_Unknown,23707,560,768,72,95,1,1495,0.8680464037800539,True,False,False,False,False,True,1.0
PHEC_ARTIC_Unknown,24872,3088,3821,1190,1521,1,9620,0.4797300731605164,True,False,False,False,False,True,0.7103357042305201
PHEC_ARTIC_Unknown,25038,1830,5512,3,1,1,7346,0.0504659034019044,True,False,False,True,False,True,0.14346281973371566
PHEC_ARTIC_Unknown,27849,346,33,53,4,1,436,0.803276004393926,True,True,False,True,False,True,0.9614990254950658
PHEC_ARTIC_Unknown,29257,18,37,0,0,1,55,1.0,True,True,True,True,False,True,1.0
PHEC_ARTIC_Unknown,18630,1787,2476,0,1,1,4264,1.0,True,False,True,True,False,True,1.0
PHEC_ARTIC_Unknown,22795,780,1713,95,201,1,2789,0.7911295750269527,True,False,False,False,False,True,0.9541402642186906
PHEC_ARTIC_Unknown,28737,2077,1629,20,13,2,3739,0.7252331539473416,True,False,False,False,False,True,0.9084455739620722
PHEC_ARTIC_Unknown,29537,2721,1477,1,0,1,4199,1.0,True,False,True,True,False,True,1.0
PHEC_ARTIC_Unknown,2890,2096,319,53,3,1,2471,0.10569010979555021,True,False,False,False,False,True,0.2520207307434339
PHEC_ARTIC_Unknown,15594,1801,1310,32,12,1,3155,0.06361121016791219,True,False,False,False,False,True,0.17125771208674176
PHEC_ARTIC_Unknown,26449,321,293,10,7,1,631,0.6316244544482011,True,True,False,False,False,True,0.8361926656272021
PHEC_ARTIC_Unknown,27040,180,234,2,11,1,427,0.049046126522699254,True,True,False,False,False,True,0.1405067906298173
PHEC_ARTIC_Unknown,27995,1349,1776,71,110,2,3306,0.3159248810108305,True,False,False,False,False,True,0.5452619499160197
PHEC_ARTIC_Unknown,2216,202,327,1,0,1,530,0.38301886792452833,True,True,True,True,False,True,0.6126122649900871
PHEC_ARTIC_Unknown,2504,124,496,0,0,1,620,1.0,True,True,True,True,False,True,1.0
PHEC_ARTIC_Unknown,7015,88,550,0,1,1,639,1.0,True,True,True,True,False,True,1.0
PHEC_ARTIC_Unknown,8895,311,773,168,178,1,1430,2.756638861028409e-11,True,False,False,False,False,True,5.902108887717668e-10
PHEC_ARTIC_Unknown,23114,243,164,0,0,1,407,1.0,True,True,True,True,False,True,1.0
PHEC_ARTIC_Unknown,7170,5135,274,73,8,1,5490,0.0684551074769764,True,False,False,True,False,True,0.18071082233377028
PHEC_ARTIC_Unknown,7393,6281,1908,301,55,1,8545,0.0003889799919370229,True,False,False,False,False,True,0.0030140392518091604
PHEC_ARTIC_Unknown,9519,6501,4924,11,3,1,11439,0.11370563564301389,True,False,False,False,False,True,0.2650742268170662
PHEC_ARTIC_Unknown,11747,4844,13959,30,78,1,18911,0.6590116028517283,True,False,False,False,False,True,0.8545933058338638
PHEC_ARTIC_Unknown,12100,5502,11881,29,116,2,17528,0.0022009241693986504,True,False,False,False,False,True,0.012198037494705327
PHEC_ARTIC_Unknown,13118,14261,3546,73,10,1,17890,0.07405058811643148,True,False,False,False,False,True,0.1915052717467535
PHEC_ARTIC_Unknown,13768,7628,1978,58,27,1,9691,0.015089313488010209,True,False,False,False,False,True,0.056574495179009705
PHEC_ARTIC_Unknown,15277,15694,2302,492,61,3,18549,0.2436726084198134,True,False,False,False,False,True,0.45617127061748775
PHEC_ARTIC_Unknown,17959,544,2168,10,55,1,2777,0.43279672044594164,True,False,False,False,False,True,0.66295742032735
PHEC_ARTIC_Unknown,20991,3304,8464,81,178,1,12027,0.26393679341410836,True,False,False,False,False,True,0.47791069939295683
PHEC_ARTIC_Unknown,23895,6026,293,0,0,1,6319,1.0,True,False,True,True,False,True,1.0
PHEC_ARTIC_Unknown,25324,11568,802,720,274,1,13364,1.7043138909051385e-83,True,False,False,False,False,True,2.7732595632808414e-81
PHEC_ARTIC_Unknown,27403,1314,16186,0,1,1,17501,1.0,True,False,True,True,False,True,1.0
PHEC_ARTIC_Unknown,28396,621,15836,0,24,1,16481,1.0,True,False,True,True,False,True,1.0
PHEC_ARTIC_Unknown,584,621,2723,4,34,1,3382,0.29141641486960734,True,False,False,False,False,True,0.5140858524239214
PHEC_ARTIC_Unknown,665,359,4020,1,69,1,4449,0.0424217546536998,True,False,False,False,False,True,0.12670462403175536
PHEC_ARTIC_Unknown,837,261,255,8,2,1,526,0.1069434502820445,True,True,False,True,False,True,0.25426414713463297
PHEC_ARTIC_Unknown,2963,471,348,8,9,1,836,0.46052713229637604,True,True,False,False,False,True,0.6925783268693744
PHEC_ARTIC_Unknown,3880,116,14,6,0,1,136,1.0,True,True,True,True,False,True,1.0
PHEC_ARTIC_Unknown,4348,215,761,1,22,1,999,0.0403111894302725,True,True,False,True,False,True,0.12192261606122569
PHEC_ARTIC_Unknown,4659,714,126,16,0,1,856,0.1484567382204957,True,True,True,True,False,True,0.3236297208557965
PHEC_ARTIC_Unknown,5393,1269,323,17,3,1,1612,0.7805152792808654,True,False,False,True,False,True,0.9461229963861899
PHEC_ARTIC_Unknown,5696,567,450,5,9,1,1031,0.17657016391826538,True,False,False,False,False,True,0.3634315649941653
PHEC_ARTIC_Unknown,5713,743,515,27,10,1,1295,0.1250806168973239,True,False,False,False,False,True,0.2841027077265849
PHEC_ARTIC_Unknown,5812,242,613,3,15,1,873,0.4263804255897893,True,True,False,False,False,True,0.6560195050299783
PHEC_ARTIC_Unknown,5925,249,979,1,28,1,1257,0.018521204335556613,True,False,False,False,False,True,0.0660598040196025
PHEC_ARTIC_Unknown,7741,270,24,8,0,1,302,1.0,True,True,True,True,False,True,1.0
PHEC_ARTIC_Unknown,7773,266,28,12,0,1,306,0.6109386752176444,True,True,True,True,False,True,0.8239738705989085
PHEC_ARTIC_Unknown,8607,33,760,0,21,1,814,1.0,True,True,True,True,False,True,1.0
PHEC_ARTIC_Unknown,9582,916,54,20,0,1,990,0.6206912052329756,True,True,True,True,False,True,0.8299125027652267
PHEC_ARTIC_Unknown,10368,690,11900,18,203,2,12811,0.09979640998613315,True,False,False,False,False,True,0.2409328165125161
PHEC_ARTIC_Unknown,11655,1429,394,19,1,1,1843,0.0967983776748905,True,False,False,True,False,True,0.23551184233340583
PHEC_ARTIC_Unknown,11726,426,391,17,7,1,841,0.09574520886711518,True,True,False,False,False,True,0.23435108885163933
PHEC_ARTIC_Unknown,12231,423,637,0,17,1,1077,0.00023009715004678293,True,False,True,False,False,True,0.001922043544949308
PHEC_ARTIC_Unknown,13069,7702,385,57,2,1,8146,1.0,True,False,False,True,False,True,1.0
PHEC_ARTIC_Unknown,13090,7403,356,50,1,1,7810,0.7302089560456633,True,False,False,True,False,True,0.9096786000675743
PHEC_ARTIC_Unknown,13877,222,790,9,19,1,1040,0.2461269575572479,True,False,False,False,False,True,0.4589924565412666
PHEC_ARTIC_Unknown,14485,192,1143,2,16,1,1353,1.0,True,False,False,True,False,True,1.0
PHEC_ARTIC_Unknown,14620,2359,145,25,1,1,2530,1.0,True,False,False,True,False,True,1.0
PHEC_ARTIC_Unknown,15285,801,100,23,0,1,924,0.16234199713305109,True,True,True,True,False,True,0.343962106425652
PHEC_ARTIC_Unknown,16662,198,682,4,14,1,898,1.0,True,True,False,True,False,True,1.0
PHEC_ARTIC_Unknown,18527,178,537,10,20,1,745,0.2894468486507529,True,True,False,False,False,True,0.512388938342586
PHEC_ARTIC_Unknown,18881,125,1867,4,46,1,2042,0.55348606347914,True,False,False,True,False,True,0.7742714258023182
PHEC_ARTIC_Unknown,20823,1524,26,27,0,1,1577,1.0,True,False,True,True,False,True,1.0
PHEC_ARTIC_Unknown,20921,1242,224,15,0,1,1481,0.14698696576816944,True,False,True,True,False,True,0.32150596953660926
PHEC_ARTIC_Unknown,21481,225,7,12,0,1,244,1.0,True,True,True,True,False,True,1.0
PHEC_ARTIC_Unknown,22593,3724,277,44,1,1,4046,0.3676023056520623,True,False,False,True,False,True,0.5985008712066373
PHEC_ARTIC_Unknown,22657,2796,648,36,5,1,3485,0.41862428989016987,True,False,False,False,False,True,0.6487601775548769
PHEC_ARTIC_Unknown,22690,2347,1150,30,17,1,3544,0.6411135542934041,True,False,False,False,False,True,0.8418495606409193
PHEC_ARTIC_Unknown,22770,776,1592,5,12,1,2385,1.0,True,False,False,False,False,True,1.0
PHEC_ARTIC_Unknown,23236,29046,2008,754,22,3,31830,9.77308463590264e-06,True,False,False,False,False,True,0.00011043585638569984
PHEC_ARTIC_Unknown,23655,403,379,7,19,1,808,0.016007360085744923,True,True,False,False,False,True,0.05919812802619122
PHEC_ARTIC_Unknown,23706,243,986,3,20,1,1252,0.5977542824225219,True,False,False,True,False,True,0.811197437915262
PHEC_ARTIC_Unknown,25346,6662,104,266,3,1,7035,0.7996018886826892,True,False,False,True,False,True,0.9603721532805373
PHEC_ARTIC_Unknown,25405,5531,650,53,9,1,6243,0.29755592553053145,True,False,False,False,False,True,0.5219739133498068
PHEC_ARTIC_Unknown,25414,4578,634,35,5,1,5252,0.8118824369900514,True,False,False,True,False,True,0.9674100040057202
PHEC_ARTIC_Unknown,25538,846,1957,1,5,1,2809,0.6750456615286518,True,False,False,True,False,True,0.8673675777316978
PHEC_ARTIC_Unknown,25590,221,7593,3,174,1,7991,0.49166970317032643,True,False,False,True,False,True,0.7214742517515933
PHEC_ARTIC_Unknown,25667,198,320,2,10,1,530,0.22631428239624873,True,True,False,True,False,True,0.4339866899213817
PHEC_ARTIC_Unknown,27217,4071,132,54,4,1,4261,0.11260382861554817,True,False,False,True,False,True,0.2634113713674813
PHEC_ARTIC_Unknown,27437,126,3581,3,23,1,3733,0.05874879914285527,True,False,False,True,False,True,0.16126188590629909
PHEC_ARTIC_Unknown,28032,446,1313,2,20,1,1781,0.08758703527889067,True,False,False,False,False,True,0.21966958046518326
PHEC_ARTIC_Unknown,28728,547,1865,1,40,1,2453,0.0005270490817392664,True,False,False,False,False,True,0.003919626443355276
PHEC_ARTIC_Unknown,28751,595,1288,0,18,1,1901,0.0015237600379390608,True,False,True,False,False,True,0.009102284631917914
PHEC_ARTIC_Unknown,1177,1141,3309,11,27,1,4488,0.7089856087994162,True,False,False,False,False,True,0.8948052339595055
PHEC_ARTIC_Unknown,10041,82,441,12,20,1,555,0.005507458822493705,True,True,False,False,False,True,0.024858919022561623
PHEC_ARTIC_Unknown,10317,378,1276,0,1,1,1655,1.0,True,False,True,True,False,True,1.0
PHEC_ARTIC_Unknown,15711,453,1348,7,23,1,1831,1.0,True,False,False,False,False,True,1.0
PHEC_ARTIC_Unknown,16075,702,3110,12,46,2,3870,0.6115696778866493,True,False,False,False,False,True,0.8240693771589565
PHEC_ARTIC_Unknown,17073,41,29,8,0,1,78,0.022678855403247905,True,True,True,True,False,True,0.0771384479769335
PHEC_ARTIC_Unknown,24998,1504,16207,11,191,1,17913,0.15976400325137063,True,False,False,False,False,True,0.3406289125925449
PHEC_ARTIC_Unknown,26372,7,4,0,0,1,11,1.0,True,True,True,True,False,True,1.0
PHEC_ARTIC_Unknown,26885,110,2306,16,26,1,2458,4.7537399845783894e-11,True,False,False,True,False,True,9.917032952443532e-10
PHEC_ARTIC_Unknown,27789,19,9,5,0,1,33,0.2900444938820912,True,True,True,True,False,True,0.5132235759514341
PHEC_ARTIC_Unknown,439,6225,1108,17,3,1,7353,1.0,True,False,False,True,False,True,1.0
PHEC_ARTIC_Unknown,6224,12780,4275,77,42,1,17174,0.014270807684837012,True,False,False,False,False,True,0.05410340742729968
PHEC_ARTIC_Unknown,7379,4885,5131,144,86,1,10246,3.2935847014287195e-05,True,False,False,False,False,True,0.0003324640835089834
PHEC_ARTIC_Unknown,19292,342,139,138,33,1,652,0.015252121083089935,True,True,False,False,False,True,0.05702723213787671
PHEC_ARTIC_Unknown,21794,3165,1976,1,0,1,5142,1.0,True,False,True,True,False,True,1.0
PHEC_ARTIC_Unknown,22130,2143,3155,143,200,1,5641,0.6502865665608648,True,False,False,False,False,True,0.848417496077485
PHEC_ARTIC_Unknown,24095,1663,5428,820,816,1,8727,1.5552218071730348e-95,True,False,False,False,False,True,3.1633211557899532e-93
PHEC_ARTIC_Unknown,27342,2231,2519,100,79,1,4929,0.021964170698528514,True,False,False,False,False,True,0.07508424067362521
PHEC_ARTIC_Unknown,902,441,2468,17,102,1,3028,0.8963605720804708,True,False,False,False,False,True,1.0
PHEC_ARTIC_Unknown,1066,2316,480,115,14,1,2925,0.07050115908955575,True,False,False,False,False,True,0.18431794034467402
PHEC_ARTIC_Unknown,1740,176,109,5,4,1,294,0.7368631151632689,True,True,False,True,False,True,0.9150058463016415
PHEC_ARTIC_Unknown,3095,325,2348,11,66,1,2750,0.5949442198142745,True,False,False,False,False,True,0.8104416868345313
PHEC_ARTIC_Unknown,3204,4630,271,63,1,1,4965,0.2624677481330262,True,False,False,True,False,True,0.4760226479737631
PHEC_ARTIC_Unknown,3221,5641,203,61,1,1,5906,0.7248864590845846,True,False,False,True,False,True,0.9084455739620722
PHEC_ARTIC_Unknown,3266,3493,616,69,7,1,4185,0.19332023371146212,True,False,False,False,False,True,0.3868306496498907
PHEC_ARTIC_Unknown,3410,464,2577,13,105,1,3159,0.23885766572491499,True,False,False,False,False,True,0.4508457491309711
PHEC_ARTIC_Unknown,3439,293,5602,10,132,1,6037,0.24311838764753765,True,False,False,False,False,True,0.45587456449151315
PHEC_ARTIC_Unknown,4088,1254,500,20,0,1,1774,0.0018964014395269784,True,False,True,False,False,True,0.010759499380747209
PHEC_ARTIC_Unknown,4448,218,355,13,11,1,597,0.13481533130337442,True,True,False,False,False,True,0.301169010292217
PHEC_ARTIC_Unknown,5143,201,346,5,14,1,566,0.46923764285319125,True,True,False,False,False,True,0.700221683416727
PHEC_ARTIC_Unknown,5673,1517,303,54,5,1,1879,0.10803966473286086,True,False,False,False,False,True,0.25598849978485605
PHEC_ARTIC_Unknown,6100,51,532,5,24,1,612,0.17326546407368096,True,True,False,True,False,True,0.3585936596802904
PHEC_ARTIC_Unknown,6219,1114,449,33,2,1,1598,0.0018089206280750593,True,False,False,False,False,True,0.010352015435949422
PHEC_ARTIC_Unknown,8489,231,2206,5,51,1,2493,1.0,True,False,False,False,False,True,1.0
PHEC_ARTIC_Unknown,9150,357,1644,13,58,1,2072,0.8753850704221555,True,False,False,False,False,True,1.0
PHEC_ARTIC_Unknown,9183,197,1787,12,86,1,2082,0.48885592166722713,True,False,False,False,False,True,0.7187812918981045
PHEC_ARTIC_Unknown,9539,1036,253,25,2,1,1316,0.14082345664828907,True,False,False,False,False,True,0.31083549736583826
PHEC_ARTIC_Unknown,9900,9420,848,115,12,1,10395,0.6252536783991605,True,False,False,False,False,True,0.8331254384958352
PHEC_ARTIC_Unknown,10379,1079,9772,14,244,1,11109,0.014499120184261891,True,False,False,False,False,True,0.054816376310016145
PHEC_ARTIC_Unknown,10571,673,575,34,19,1,1301,0.16023763881292774,True,False,False,False,False,True,0.34113041765361585
PHEC_ARTIC_Unknown,11005,618,202,15,0,1,835,0.028454237108032496,True,True,True,True,False,True,0.0926756097321667
PHEC_ARTIC_Unknown,11096,8379,566,181,11,1,9137,0.8807202697426952,True,False,False,False,False,True,1.0
PHEC_ARTIC_Unknown,11193,1965,2770,80,139,1,4954,0.16025079354377086,True,False,False,False,False,True,0.34113041765361585
PHEC_ARTIC_Unknown,11516,702,197,28,3,1,930,0.12142611130045983,True,True,False,False,False,True,0.2780929115551929
PHEC_ARTIC_Unknown,11562,393,501,331,31,1,1256,5.483302201207333e-61,True,False,False,False,False,True,7.1955075337133645e-59
PHEC_ARTIC_Unknown,12003,1684,163,18,4,1,1869,0.12667074723934432,True,False,False,True,False,True,0.2872333332049346
PHEC_ARTIC_Unknown,12178,1135,1480,10,21,1,2646,0.2741779447476325,True,False,False,False,False,True,0.49177948819813455
PHEC_ARTIC_Unknown,12681,280,1500,4,13,1,1797,0.32857318443826516,True,False,False,True,False,True,0.5585606829481248
PHEC_ARTIC_Unknown,13123,4831,1487,63,27,1,6408,0.1685414386062602,True,False,False,False,False,True,0.35232609057053776
PHEC_ARTIC_Unknown,13279,778,5300,7,52,1,6137,1.0,True,False,False,False,False,True,1.0
PHEC_ARTIC_Unknown,13341,175,9071,0,128,1,9374,0.17942301403172262,True,False,True,True,False,True,0.36750768698813646
PHEC_ARTIC_Unknown,13895,460,2781,23,105,1,3369,0.2461264539960712,True,False,False,False,False,True,0.4589924565412666
PHEC_ARTIC_Unknown,14126,4905,11095,139,125,2,16264,2.5651162186301533e-13,True,False,False,False,False,True,6.36273949840699e-12
PHEC_ARTIC_Unknown,14321,2837,321,41,5,1,3204,0.8059597008278301,True,False,False,True,False,True,0.9626083567139203
PHEC_ARTIC_Unknown,15561,13876,1589,398,31,1,15894,0.04262235616452927,True,False,False,False,False,True,0.12704417823735004
PHEC_ARTIC_Unknown,15651,3871,2641,42,29,1,6583,1.0,True,False,False,False,False,True,1.0
PHEC_ARTIC_Unknown,16028,1008,1540,23,27,2,2598,0.3827081418405678,True,False,False,False,False,True,0.6124534701052046
PHEC_ARTIC_Unknown,16312,376,87,7,5,1,475,0.06200605031036598,True,True,False,True,False,True,0.1687228178344942
PHEC_ARTIC_Unknown,16400,239,387,6,6,1,638,0.5504908825013453,True,True,False,True,False,True,0.7709688684843362
PHEC_ARTIC_Unknown,16708,591,3053,22,99,1,3765,0.5330817812275012,True,False,False,False,False,True,0.7558488350588316
PHEC_ARTIC_Unknown,16735,481,3618,7,48,1,4154,0.8320653773178965,True,False,False,False,False,True,0.9819948825484742
PHEC_ARTIC_Unknown,17173,9909,789,97,6,1,10801,0.7045203286487487,True,False,False,False,False,True,0.891720191954919
PHEC_ARTIC_Unknown,17488,2219,396,71,7,1,2693,0.1485291762138083,True,False,False,False,False,True,0.3236297208557965
PHEC_ARTIC_Unknown,18046,5886,591,258,22,1,6757,0.5245949952238751,True,False,False,False,False,True,0.7493161659307318
PHEC_ARTIC_Unknown,18780,2031,5421,33,57,1,7542,0.056308836504685524,True,False,False,False,False,True,0.15561436610126408
PHEC_ARTIC_Unknown,19969,87,14,5,2,1,108,0.2766384546261748,True,True,False,True,False,True,0.4946880135381553
PHEC_ARTIC_Unknown,20965,2515,1709,28,22,1,4274,0.6644908128400955,True,False,False,False,False,True,0.8581424211534947
PHEC_ARTIC_Unknown,21052,704,3575,11,47,1,4337,0.5933272002986046,True,False,False,False,False,True,0.8091367920934375
PHEC_ARTIC_Unknown,21082,895,20283,11,317,2,21506,0.577770700510406,True,False,False,False,False,True,0.7945812067871304
PHEC_ARTIC_Unknown,21595,547,1038,10,29,1,1624,0.3065719943190316,True,False,False,False,False,True,0.533191480500137
PHEC_ARTIC_Unknown,22379,300,36,24,3,1,363,1.0,True,True,False,True,False,True,1.0
PHEC_ARTIC_Unknown,22796,1220,10494,6,81,1,11801,0.37659491084525587,True,False,False,False,False,True,0.6063452484538486
PHEC_ARTIC_Unknown,23131,1370,64,20,0,1,1454,1.0,True,False,True,True,False,True,1.0
PHEC_ARTIC_Unknown,23174,8994,307,168,5,1,9474,1.0,True,False,False,False,False,True,1.0
PHEC_ARTIC_Unknown,23438,990,8883,22,141,1,10036,0.14845018864416049,True,False,False,False,False,True,0.3236297208557965
PHEC_ARTIC_Unknown,23667,644,953,17,21,1,1635,0.6178482206509943,True,False,False,False,False,True,0.8292334416391438
PHEC_ARTIC_Unknown,24784,13225,936,333,11,1,14505,0.00787070006209279,True,False,False,False,False,True,0.03314493566521064
PHEC_ARTIC_Unknown,24794,12283,1132,1,0,1,13416,1.0,True,False,True,True,False,True,1.0
PHEC_ARTIC_Unknown,24845,3386,3060,74,44,1,6564,0.0320512923165702,True,False,False,False,False,True,0.10146665925588139
PHEC_ARTIC_Unknown,24846,3349,3100,97,62,1,6608,0.02446785221633152,True,False,False,False,False,True,0.08219258696617393
PHEC_ARTIC_Unknown,24862,2941,3881,112,91,1,7025,0.0007116688741116797,True,False,False,False,False,True,0.004948835863053527
PHEC_ARTIC_Unknown,25526,2970,6342,88,148,1,9548,0.08975066214172697,True,False,False,False,False,True,0.22306569226483403
PHEC_ARTIC_Unknown,25568,1524,18705,38,423,1,20690,0.5332253589703058,True,False,False,False,False,True,0.7558488350588316
PHEC_ARTIC_Unknown,26106,21,1,10,3,1,35,0.13382352941176467,True,True,False,True,False,True,0.30043825477210745
PHEC_ARTIC_Unknown,27022,191,571,5,10,1,777,0.547372608003192,True,True,False,True,False,True,0.770221988708746
PHEC_ARTIC_Unknown,27213,7786,302,374,14,1,8476,1.0,True,False,False,False,False,True,1.0
PHEC_ARTIC_Unknown,27264,4117,673,64,7,1,4861,0.3896412852440086,True,False,False,False,False,True,0.6197002066457674
PHEC_ARTIC_Unknown,27302,2886,974,78,16,1,3954,0.07131674635675599,True,False,False,False,False,True,0.18609142025611505
PHEC_ARTIC_Unknown,27915,2020,783,0,0,1,2803,1.0,True,False,True,True,False,True,1.0
PHEC_ARTIC_Unknown,28973,60,736,2,21,1,819,0.6907528979790094,True,True,False,True,False,True,0.8819782765155714
PHEC_ARTIC_Unknown,29209,51,115,5,8,1,179,0.5482986923288696,True,True,False,True,False,True,0.7704590951274064
PHEC_ARTIC_Unknown,29441,689,119,23,1,1,832,0.23442730016135271,True,True,False,True,False,True,0.4447995601942084
PHEC_ARTIC_Unknown,29620,936,1171,25,8,1,2140,0.000340471153622624,True,False,False,False,False,True,0.0027104435478215935
PHEC_ARTIC_Unknown,1404,1106,403,25,12,1,1546,0.4539547661894762,True,False,False,False,False,True,0.6851772904021615
PHEC_ARTIC_Unknown,4556,320,1654,17,43,1,2034,0.02034265502882203,True,False,False,False,False,True,0.07096613927556984
PHEC_ARTIC_Unknown,5822,612,2532,6,18,1,3168,0.44600819749753806,True,False,False,True,False,True,0.6775061043390533
PHEC_ARTIC_Unknown,6843,716,6141,0,41,1,6898,0.018758580907364406,True,False,True,True,False,True,0.06676282338684025
PHEC_ARTIC_Unknown,9972,5177,3490,39,31,2,8737,0.54119248814154,True,False,False,False,False,True,0.7639039006800086
PHEC_ARTIC_Unknown,12833,2645,1489,42,11,1,4187,0.020965104236754954,True,False,False,False,False,True,0.07239901870553409
PHEC_ARTIC_Unknown,27944,778,1189,5,14,1,1986,0.3457963803629104,True,False,False,False,False,True,0.5772973566737333
PHEC_ARTIC_Unknown,4897,7566,8995,3,0,1,16564,0.09539516391994585,True,False,True,True,False,True,0.23372861606285641
PHEC_ARTIC_Unknown,8888,1455,7580,12,61,1,9108,0.8738220652339621,True,False,False,False,False,True,1.0
PHEC_ARTIC_Unknown,9583,11685,2471,79,4,1,14239,0.0011605487470078475,True,False,False,False,False,True,0.007341874647660861
PHEC_ARTIC_Unknown,14238,8367,5137,2,2,1,13508,0.6380635422649598,True,False,False,True,False,True,0.8392770416085388
PHEC_ARTIC_Unknown,18252,1868,7494,2,1,1,9365,0.10366190044772863,True,False,False,True,False,True,0.24791100001255736
PHEC_ARTIC_Unknown,20687,5130,5317,127,148,1,10722,0.35951788822034647,True,False,False,False,False,True,0.5902012789670579
PHEC_ARTIC_Unknown,22224,733,4718,5,41,1,5497,0.8275971968352918,True,False,False,False,False,True,0.9795360479272526
PHEC_ARTIC_Unknown,26217,1644,9011,58,114,1,10827,4.1541390418276996e-09,True,False,False,False,False,True,6.814128073449629e-08
PHEC_ARTIC_Unknown,691,3818,5621,36,40,1,9515,0.2412017086119997,True,False,False,False,False,True,0.45384299289251373
PHEC_ARTIC_Unknown,753,6203,1310,121,20,2,7654,0.36934222554963564,True,False,False,False,False,True,0.6005132588073213
PHEC_ARTIC_Unknown,7398,3233,1648,71,66,1,5018,0.0006736283041478768,True,False,False,False,False,True,0.0047907691281006345
PHEC_ARTIC_Unknown,8660,774,107,35,6,1,922,0.6250351909277487,True,True,False,False,False,True,0.8331071941985851
PHEC_ARTIC_Unknown,10202,5172,847,585,115,1,6719,0.09811808436991012,True,False,False,False,False,True,0.23786911037949607
PHEC_ARTIC_Unknown,11681,3095,4601,31,44,1,7771,0.9059201423228659,True,False,False,False,False,True,1.0
PHEC_ARTIC_Unknown,14931,2480,70,39,5,1,2594,0.00795605968807912,True,False,False,True,False,True,0.03346975264850657
PHEC_ARTIC_Unknown,15056,610,786,10,13,1,1419,1.0,True,False,False,False,False,True,1.0
PHEC_ARTIC_Unknown,20101,476,774,10,23,1,1283,0.46769671294833987,True,False,False,False,False,True,0.6997389585413191
PHEC_ARTIC_Unknown,23872,3475,109,24,1,1,3609,0.5399698025889043,True,False,False,True,False,True,0.7629722670828977
PHEC_ARTIC_Unknown,27610,128,69,10,10,1,217,0.22415022288969713,True,True,False,False,False,True,0.431539567778177
PHEC_ARTIC_Unknown,28798,2224,765,108,61,1,3158,0.0038296164068151975,True,False,False,False,False,True,0.01881507191174423
PHEC_ARTIC_Unknown,4171,297,128,68,30,1,523,0.9035837943076157,True,True,False,False,False,True,1.0
PHEC_ARTIC_Unknown,4172,304,142,70,33,1,549,1.0,True,True,False,False,False,True,1.0
PHEC_ARTIC_Unknown,4358,457,414,16,42,1,929,0.000225493594201065,True,True,False,False,False,True,0.0018874648996089144
PHEC_ARTIC_Unknown,7564,303,313,60,79,1,755,0.22200868778783026,True,True,False,False,False,True,0.42863376455666513
PHEC_ARTIC_Unknown,11894,25,12,15,3,1,55,0.3352608013197999,True,True,False,True,False,True,0.5665549527345487
PHEC_ARTIC_Unknown,12168,42,90,6,7,1,145,0.3570705661946221,True,True,False,True,False,True,0.5874105665719114
PHEC_ARTIC_Unknown,13129,443,630,282,352,1,1707,0.2053883576517974,True,False,False,False,False,True,0.40441424923887304
PHEC_ARTIC_Unknown,13637,27,137,24,5,1,193,4.539837015583326e-12,True,True,False,False,False,True,1.0493214192836915e-10
PHEC_ARTIC_Unknown,13971,5486,1687,1534,508,1,9215,0.2055928287120385,True,False,False,False,False,True,0.4046210097728943
PHEC_ARTIC_Unknown,14548,3,7,3,0,1,13,0.06993006993006992,True,True,True,True,False,True,0.183296085357941
PHEC_ARTIC_Unknown,20922,7464,1675,341,70,2,9550,0.5570299799206742,True,False,False,False,False,True,0.7778915064597673
PHEC_ARTIC_Unknown,27390,15,18,0,0,1,33,1.0,True,True,True,True,False,True,1.0
PHEC_ARTIC_Unknown,29468,34,43,14,17,1,108,1.0,True,True,False,False,False,True,1.0
PHEC_ARTIC_Unknown,10977,444,3979,8,125,2,4556,0.14140225829332062,True,False,False,False,False,True,0.3119438105950262
PHEC_ARTIC_Unknown,15569,7914,485,178,13,2,8590,0.5295421619724792,True,False,False,False,False,True,0.7534723731738528
PHEC_ARTIC_Unknown,16242,2165,425,41,11,2,2642,0.34711026466024253,True,False,False,False,False,True,0.5784697077582411
PHEC_ARTIC_Unknown,18428,66,34,1,0,1,101,1.0,True,True,True,True,False,True,1.0
PHEC_ARTIC_Unknown,25552,820,8224,11,86,2,9141,0.4745875800574393,True,False,False,False,False,True,0.7048639195595703
PHEC_ARTIC_Unknown,2675,395,270,0,0,1,665,1.0,True,True,True,True,False,True,1.0
PHEC_ARTIC_Unknown,4935,648,1021,0,0,1,1669,1.0,True,False,True,True,False,True,1.0
PHEC_ARTIC_Unknown,12278,308,296,1,5,1,610,0.11870425954816649,True,True,False,True,False,True,0.2734365389818467
PHEC_ARTIC_Unknown,15952,456,225,2,8,2,691,0.0034745342297559144,True,True,False,True,False,True,0.017471452715262126
PHEC_ARTIC_Unknown,24000,217,169,1,0,1,387,1.0,True,True,True,True,False,True,1.0
PHEC_ARTIC_Unknown,25489,94,161,0,2,1,257,0.5342290856031129,True,True,True,True,False,True,0.7559259493555665
PHEC_ARTIC_Unknown,28299,288,411,17,1,2,717,4.136790200500305e-06,True,True,False,False,False,True,4.9478183191544206e-05
PHEC_ARTIC_Unknown,3135,235,478,0,5,1,718,0.17861984824070357,True,True,True,True,False,True,0.3664274042577822
PHEC_ARTIC_Unknown,16377,136,119,0,0,1,255,1.0,True,True,True,True,False,True,1.0
PHEC_ARTIC_Unknown,17674,472,872,24,64,1,1432,0.1648147189968895,True,False,False,False,False,True,0.34661050130543375
PHEC_ARTIC_Unknown,24130,179,131,0,0,1,310,1.0,True,True,True,True,False,True,1.0
PHEC_ARTIC_Unknown,7113,100,108,4,4,1,216,1.0,True,True,False,True,False,True,1.0
PHEC_ARTIC_Unknown,12555,201,155,31,25,1,412,0.8857380067849943,True,True,False,False,False,True,1.0
PHEC_ARTIC_Unknown,2701,122,85,1,0,1,208,1.0,True,True,True,True,False,True,1.0
PHEC_ARTIC_Unknown,12676,138,106,0,0,1,244,1.0,True,True,True,True,False,True,1.0
PHEC_ARTIC_Unknown,27494,77,124,0,0,1,201,1.0,True,True,True,True,False,True,1.0
PHEC_ARTIC_Unknown,27794,20,82,11,7,1,120,0.0006208126452200449,True,True,False,True,False,True,0.0045327981506402566
PHEC_ARTIC_Unknown,358,16418,214,2777,29,2,19438,0.3117949249889044,True,False,False,False,False,True,0.5393329456192306
PHEC_ARTIC_Unknown,2011,6,3,7,1,1,17,0.5764705882352941,True,True,False,True,False,True,0.7945438678068097
PHEC_ARTIC_Unknown,2910,359,35,0,0,1,394,1.0,True,True,True,True,False,True,1.0
PHEC_ARTIC_Unknown,18194,507,1315,0,0,1,1822,1.0,True,False,True,True,False,True,1.0
PHEC_ARTIC_Unknown,18819,1115,3239,0,0,1,4354,1.0,True,False,True,True,False,True,1.0
PHEC_ARTIC_Unknown,25525,514,1390,14,14,1,1932,0.009896737399776437,True,False,False,False,False,True,0.0400198088889568
PHEC_ARTIC_Unknown,26614,1280,85,489,27,1,1881,0.44655582042897746,True,False,False,False,False,True,0.6780847620399703
PHEC_ARTIC_Unknown,26895,88,940,476,91,1,1595,8.404436299141477e-213,True,False,False,False,False,True,4.8841781235582185e-210
PHEC_ARTIC_Unknown,28657,262,1754,55,383,1,2454,0.8751188960948786,True,False,False,False,False,True,1.0
PHEC_ARTIC_Unknown,29633,277,439,96,48,1,860,7.560901759230522e-10,True,True,False,False,False,True,1.4174077583663484e-08
PHEC_ARTIC_Unknown,404,18957,645,383,10,1,19995,0.5648729409417765,True,False,False,False,False,True,0.7848968754518875
PHEC_ARTIC_Unknown,527,4937,5515,71,109,1,10632,0.041845238419794074,True,False,False,False,False,True,0.12553571525938223
PHEC_ARTIC_Unknown,533,4746,5572,67,56,1,10441,0.06857685722161821,True,False,False,False,False,True,0.18091482177531965
PHEC_ARTIC_Unknown,858,2590,2695,112,100,1,5497,0.2935192432260293,True,False,False,False,False,True,0.5175106646808171
PHEC_ARTIC_Unknown,1160,2372,4574,16,30,1,6992,1.0,True,False,False,False,False,True,1.0
PHEC_ARTIC_Unknown,1334,2597,375,84,44,1,3100,6.355818670694043e-10,True,False,False,False,False,True,1.1970125163140447e-08
PHEC_ARTIC_Unknown,1542,1026,4711,14,72,2,5823,0.778047577816363,True,False,False,False,False,True,0.9448052377781984
PHEC_ARTIC_Unknown,1588,437,2198,224,288,1,3147,7.241081676129807e-38,True,False,False,False,False,True,5.3557673197265554e-36
PHEC_ARTIC_Unknown,2003,88,25,0,0,1,113,1.0,True,True,True,True,False,True,1.0
PHEC_ARTIC_Unknown,2211,1033,84,55,1,1,1173,0.17834553695073885,True,False,False,True,False,True,0.3660832594803973
PHEC_ARTIC_Unknown,3360,2542,2805,35,51,1,5433,0.2315642041787614,True,False,False,False,False,True,0.4411299503832187
PHEC_ARTIC_Unknown,3462,277,10529,3,254,1,11063,0.22340838260628615,True,False,False,False,False,True,0.43051885383343064
PHEC_ARTIC_Unknown,3709,147,1653,1,22,1,1823,1.0,True,False,False,True,False,True,1.0
PHEC_ARTIC_Unknown,3874,392,30,0,0,1,422,1.0,True,True,True,True,False,True,1.0
PHEC_ARTIC_Unknown,4174,7842,801,116,16,1,8775,0.28806008598217336,True,False,False,False,False,True,0.5103949317949975
PHEC_ARTIC_Unknown,4478,1635,1135,38,28,1,2836,0.8017221101837568,True,False,False,False,False,True,0.9614990254950658
PHEC_ARTIC_Unknown,4594,289,4781,2,75,1,5147,0.3235130045155463,True,False,False,True,False,True,0.5534276292553585
PHEC_ARTIC_Unknown,4794,590,411,11,8,1,1020,1.0,True,False,False,False,False,True,1.0
PHEC_ARTIC_Unknown,5639,3522,129,28,1,1,3680,1.0,True,False,False,True,False,True,1.0
PHEC_ARTIC_Unknown,5669,2715,312,30,5,1,3062,0.40184979699295653,True,False,False,True,False,True,0.631921221688771
PHEC_ARTIC_Unknown,5778,999,1459,12,23,1,2493,0.4922749862944138,True,False,False,False,False,True,0.7214742517515933
PHEC_ARTIC_Unknown,5979,2520,135,396,22,1,3073,0.9047500464109525,True,False,False,False,False,True,1.0
PHEC_ARTIC_Unknown,6072,848,804,13,16,1,1681,0.5752969938929169,True,False,False,False,False,True,0.7933248037818257
PHEC_ARTIC_Unknown,6073,840,811,22,11,1,1684,0.07999455069589632,True,False,False,False,False,True,0.20440818607468986
PHEC_ARTIC_Unknown,6299,816,99,26,2,1,943,0.7593869602545665,True,True,False,True,False,True,0.9341832475430218
PHEC_ARTIC_Unknown,6539,22737,833,403,12,1,23985,0.5904504468167395,True,False,False,False,False,True,0.8071076672212689
PHEC_ARTIC_Unknown,7711,11586,493,82,4,1,12165,0.7805282143244969,True,False,False,True,False,True,0.9461229963861899
PHEC_ARTIC_Unknown,7776,7142,931,90,10,1,8173,0.7531343246008655,True,False,False,False,False,True,0.9307620529148205
PHEC_ARTIC_Unknown,8645,4,309,45,10,1,368,3.729803837825219e-43,True,True,False,False,False,True,3.096498369851631e-41
PHEC_ARTIC_Unknown,9208,301,10248,1,74,1,10624,0.7259274884606454,True,False,False,True,False,True,0.9084455739620722
PHEC_ARTIC_Unknown,10628,385,4031,12,172,1,4600,0.3491356112241599,True,False,False,False,False,True,0.580346478904745
PHEC_ARTIC_Unknown,10686,413,5245,1,72,1,5731,0.06316269537221406,True,False,False,False,False,True,0.17059541783102028
PHEC_ARTIC_Unknown,11565,1277,2278,9,67,2,3631,4.466228072546618e-06,True,False,False,False,False,True,5.266265449020186e-05
PHEC_ARTIC_Unknown,11871,1163,16696,4,222,1,18085,0.0015408849129925355,True,False,False,False,False,True,0.009137492457804132
PHEC_ARTIC_Unknown,12029,2670,2129,36,22,1,4857,0.35415673143144566,True,False,False,False,False,True,0.5847035647171758
PHEC_ARTIC_Unknown,12054,1188,2740,10,31,1,3969,0.4959459727785223,True,False,False,False,False,True,0.7237503296589644
PHEC_ARTIC_Unknown,12510,10897,435,104,2,1,11438,0.4428494979878713,True,False,False,True,False,True,0.6739662393620129
PHEC_ARTIC_Unknown,12521,8113,517,149,4,1,8783,0.0838718310330613,True,False,False,False,False,True,0.21297790801653768
PHEC_ARTIC_Unknown,12528,7775,556,110,16,1,8457,0.017916750153026448,True,False,False,False,False,True,0.06450030055089521
PHEC_ARTIC_Unknown,13306,1157,32684,11,272,1,34124,0.6210063073788963,True,False,False,False,False,True,0.8299125027652267
PHEC_ARTIC_Unknown,14357,13057,3792,183,34,2,17066,0.017204454257144373,True,False,False,False,False,True,0.06248903564112795
PHEC_ARTIC_Unknown,14763,2102,4978,26,87,1,7193,0.14539467561656616,True,False,False,False,False,True,0.3190213270810093
PHEC_ARTIC_Unknown,15767,1810,14365,31,214,1,16420,0.4745494404532892,True,False,False,False,False,True,0.7048639195595703
PHEC_ARTIC_Unknown,16055,695,1914,6,28,1,2643,0.327665894619565,True,False,False,False,False,True,0.5574842573452072
PHEC_ARTIC_Unknown,17301,4765,11695,58,128,1,16646,0.515773964672655,True,False,False,False,False,True,0.7416643648951434
PHEC_ARTIC_Unknown,17333,2153,10553,16,156,1,12878,0.007288334989141429,True,False,False,False,False,True,0.03101354261069805
PHEC_ARTIC_Unknown,18247,1782,10805,43,329,1,12959,0.17316880640493254,True,False,False,False,False,True,0.3585936596802904
PHEC_ARTIC_Unknown,18486,6998,15913,99,300,1,23310,0.013484133703604509,True,False,False,False,False,True,0.05169976993992755
PHEC_ARTIC_Unknown,18690,21718,961,397,16,1,23092,0.8056893159025241,True,False,False,False,False,True,0.9625680285143813
PHEC_ARTIC_Unknown,19007,13725,2409,255,58,1,16447,0.07892741894671586,True,False,False,False,False,True,0.20206213988372568
PHEC_ARTIC_Unknown,19126,4024,10832,52,118,1,15026,0.2992216922825564,True,False,False,False,False,True,0.5239457935913134
PHEC_ARTIC_Unknown,19656,4886,261,138,3,1,5288,0.1648771104866121,True,False,False,False,False,True,0.34661050130543375
PHEC_ARTIC_Unknown,20508,20333,855,288,2,1,21478,0.0012354748317220806,True,False,False,False,False,True,0.007653859669511543
PHEC_ARTIC_Unknown,21903,15,43,1,5,1,64,1.0,True,True,False,True,False,True,1.0
PHEC_ARTIC_Unknown,22642,4644,1732,124,49,1,6549,0.7295243721865501,True,False,False,False,False,True,0.9096786000675743
PHEC_ARTIC_Unknown,23029,11,28,0,0,1,39,1.0,True,True,True,True,False,True,1.0
PHEC_ARTIC_Unknown,23296,5596,2689,99,23,1,8407,0.001192506596864337,True,False,False,False,False,True,0.007463256670837112
PHEC_ARTIC_Unknown,23777,136,7028,1,117,1,7282,0.7281838224493303,True,False,False,True,False,True,0.9095031592643156
PHEC_ARTIC_Unknown,23868,1675,31,27,0,1,1733,1.0,True,False,True,True,False,True,1.0
PHEC_ARTIC_Unknown,24237,4017,1680,34,11,1,5742,0.5152407489309583,True,False,False,False,False,True,0.7411596063122837
PHEC_ARTIC_Unknown,24381,231,6443,2,77,1,6753,1.0,True,False,False,True,False,True,1.0
PHEC_ARTIC_Unknown,24652,472,2243,4,37,2,2756,0.295301750778046,True,False,False,False,False,True,0.5191389464844819
PHEC_ARTIC_Unknown,24909,3284,14081,37,215,1,17617,0.10415993526600309,True,False,False,False,False,True,0.24876235295524485
PHEC_ARTIC_Unknown,25105,3613,438,44,2,1,4097,0.22808048614116333,True,False,False,True,False,True,0.4364152444650776
PHEC_ARTIC_Unknown,25114,2423,716,0,0,1,3139,1.0,True,False,True,True,False,True,1.0
PHEC_ARTIC_Unknown,25232,651,4997,19,234,1,5901,0.05356476358502983,True,False,False,False,False,True,0.14955487869862824
PHEC_ARTIC_Unknown,25693,78,18,9,0,1,105,0.352477004646237,True,True,True,True,False,True,0.5831136457506678
PHEC_ARTIC_Unknown,27407,517,7228,6,75,1,7826,0.8211425059634307,True,False,False,False,False,True,0.974732335646115
PHEC_ARTIC_Unknown,27800,862,32,21,0,1,915,1.0,True,True,True,True,False,True,1.0
PHEC_ARTIC_Unknown,27844,6035,53,74,0,1,6162,1.0,True,False,True,True,False,True,1.0
PHEC_ARTIC_Unknown,28057,630,4094,9,48,1,4781,0.5572544248117228,True,False,False,False,False,True,0.7779378861132767
PHEC_ARTIC_Unknown,28745,420,1621,1,34,1,2076,0.005215181101146628,True,False,False,False,False,True,0.023939271243220994
PHEC_ARTIC_Unknown,29670,1046,1479,13,24,1,2562,0.5035063538619264,True,False,False,False,False,True,0.7310006593541459
PHEC_ARTIC_Unknown,11243,2280,3870,2,15,1,6167,0.04108245434647609,True,False,False,False,False,True,0.12360094746443184
PHEC_ARTIC_Unknown,16192,1290,782,232,968,1,3272,4.0557776612137995e-131,True,False,False,False,False,True,1.6498903525817738e-128
PHEC_ARTIC_Unknown,17344,1097,5379,0,0,1,6476,1.0,True,False,True,True,False,True,1.0
PHEC_ARTIC_Unknown,25546,681,4791,5,38,1,5515,1.0,True,False,False,False,False,True,1.0
PHEC_ARTIC_Unknown,574,3384,9005,460,1347,1,14196,0.10028435210997516,True,False,False,False,False,True,0.24194078300405944
PHEC_ARTIC_Unknown,1231,196,2136,0,0,1,2332,1.0,True,False,True,True,False,True,1.0
PHEC_ARTIC_Unknown,3716,17,232,2,40,1,291,1.0,True,True,False,True,False,True,1.0
PHEC_ARTIC_Unknown,4455,1009,1067,72,80,1,2228,0.8011700563699669,True,False,False,False,False,True,0.9614990254950658
PHEC_ARTIC_Unknown,4581,314,2073,33,254,1,2674,0.4585855368732674,True,False,False,False,False,True,0.6904241169505743
PHEC_ARTIC_Unknown,6354,989,1277,64,129,2,2459,0.004973516316247515,True,False,False,False,False,True,0.02314904390674473
PHEC_ARTIC_Unknown,7815,1124,1188,52,60,1,2424,0.6989544372165825,True,False,False,False,False,True,0.8878237274910799
PHEC_ARTIC_Unknown,9786,47,1755,1,135,1,1938,0.25267201294419134,True,False,False,True,False,True,0.46536446637893825
PHEC_ARTIC_Unknown,12513,10027,391,1499,70,1,11987,0.18063025135681932,True,False,False,False,False,True,0.36943381725467117
PHEC_ARTIC_Unknown,13217,32918,21020,1456,1658,1,57052,4.565079238952595e-55,True,False,False,False,False,True,5.461983042370341e-53
PHEC_ARTIC_Unknown,18028,12379,409,119,4,2,12911,0.7992449250491074,True,False,False,True,False,True,0.9603721532805373
PHEC_ARTIC_Unknown,19103,11045,13274,66,130,1,24515,0.0011354209297117987,True,False,False,False,False,True,0.007239643169384948
PHEC_ARTIC_Unknown,19245,344,19853,56,4267,1,24520,0.05507509731152018,True,False,False,False,False,True,0.15261954759077936
PHEC_ARTIC_Unknown,19586,547,3,118,0,1,668,1.0,True,True,True,True,False,True,1.0
PHEC_ARTIC_Unknown,20602,7910,625,1041,71,1,9647,0.26788636101945584,True,False,False,False,False,True,0.48387302431423657
PHEC_ARTIC_Unknown,21122,219,19610,17,2476,1,22322,0.06042135686520257,True,False,False,False,False,True,0.1649624696158685
PHEC_ARTIC_Unknown,22594,11226,531,954,41,1,12752,0.6321033920534239,True,False,False,False,False,True,0.8361926656272021
PHEC_ARTIC_Unknown,22820,364,12982,0,80,1,13426,0.2820215520136192,True,False,True,True,False,True,0.5023045856354654
PHEC_ARTIC_Unknown,23634,1231,1065,109,114,1,2519,0.1821984943749786,True,False,False,False,False,True,0.37152053890597136
PHEC_ARTIC_Unknown,24214,1353,274,444,75,1,2146,0.21887249958200894,True,False,False,False,False,True,0.4239967699012497
PHEC_ARTIC_Unknown,24822,15984,2867,2370,464,1,21685,0.11127616370975724,True,False,False,False,False,True,0.26120682860432337
PHEC_ARTIC_Unknown,26239,91,370,1,30,1,492,0.017046294715345425,True,True,False,False,False,True,0.0621580353732036
PHEC_ARTIC_Unknown,27323,1060,778,85,36,1,1959,0.007448484741664315,True,False,False,False,False,True,0.0315958664536918
PHEC_ARTIC_Unknown,28754,102,1202,18,7,1,1329,1.312153021468254e-14,True,False,False,True,False,True,3.606647629278958e-13
PHEC_ARTIC_Unknown,553,4562,9434,249,199,1,14444,1.0503395798262201e-22,True,False,False,False,False,True,4.855433421287572e-21
PHEC_ARTIC_Unknown,1484,363,473,15,13,1,864,0.33456568240995743,True,True,False,False,False,True,0.5661452562577816
PHEC_ARTIC_Unknown,1634,2305,110,83,0,1,2498,0.049844160326612375,True,False,True,True,False,True,0.1419930281573243
PHEC_ARTIC_Unknown,1819,389,2070,5,58,1,2522,0.11173493804201384,True,False,False,False,False,True,0.2618304884532905
PHEC_ARTIC_Unknown,1832,228,2236,6,81,1,2551,0.5719906719679893,True,False,False,False,False,True,0.7898364065056959
PHEC_ARTIC_Unknown,1938,119,739,0,0,1,858,1.0,True,True,True,True,False,True,1.0
PHEC_ARTIC_Unknown,2984,2849,1571,103,46,1,4569,0.2582348531101768,True,False,False,False,False,True,0.4702324899069827
PHEC_ARTIC_Unknown,3122,147,3675,3,59,1,3884,0.5169138995813815,True,False,False,True,False,True,0.7419075698516774
PHEC_ARTIC_Unknown,3828,190,1,0,0,1,191,1.0,True,True,True,True,False,True,1.0
PHEC_ARTIC_Unknown,5016,276,160,12,29,1,477,3.668851553119511e-05,True,True,False,False,False,True,0.00036402166141683343
PHEC_ARTIC_Unknown,5401,2454,761,128,20,1,3363,0.0036995058549373523,True,False,False,False,False,True,0.018443124776820037
PHEC_ARTIC_Unknown,5870,213,3900,3,101,1,4217,0.37301372849439607,True,False,False,False,False,True,0.6038280332332683
PHEC_ARTIC_Unknown,6464,35,1216,0,49,1,1300,0.639393945041874,True,False,True,True,False,True,0.8404892468461875
PHEC_ARTIC_Unknown,6755,1648,12217,37,208,1,14110,0.13513285403437372,True,False,False,False,False,True,0.30154714767516855
PHEC_ARTIC_Unknown,7361,962,84,14,0,1,1060,0.6184435356889806,True,False,True,True,False,True,0.8294850983128167
PHEC_ARTIC_Unknown,7703,7343,337,91,8,1,7779,0.08288552545388655,True,False,False,True,False,True,0.21073644846650655
PHEC_ARTIC_Unknown,8548,561,5226,20,186,1,5993,1.0,True,False,False,False,False,True,1.0
PHEC_ARTIC_Unknown,9541,1302,102,0,0,1,1404,1.0,True,False,True,True,False,True,1.0
PHEC_ARTIC_Unknown,11246,3597,6833,0,0,1,10430,1.0,True,False,True,True,False,True,1.0
PHEC_ARTIC_Unknown,11744,1623,1146,45,18,1,2832,0.05127051273297524,True,False,False,False,False,True,0.14483919847065505
PHEC_ARTIC_Unknown,12623,1584,2467,0,1,1,4052,1.0,True,False,True,True,False,True,1.0
PHEC_ARTIC_Unknown,13858,1722,6899,39,162,1,8822,0.9288779460319385,True,False,False,False,False,True,1.0
PHEC_ARTIC_Unknown,14024,9030,1055,333,36,1,10454,0.7289658381398936,True,False,False,False,False,True,0.9096420336052414
PHEC_ARTIC_Unknown,14371,10224,3693,230,51,1,14198,0.0012742294908769827,True,False,False,False,False,True,0.007806574651939105
PHEC_ARTIC_Unknown,14746,2880,5061,138,167,1,8246,0.0016147419992097434,True,False,False,False,False,True,0.009465087107759706
PHEC_ARTIC_Unknown,14863,354,10665,7,174,1,11200,0.5262976913936536,True,False,False,False,False,True,0.7509572110099553
PHEC_ARTIC_Unknown,15909,4036,144,52,5,1,4237,0.04862237394261763,True,False,False,True,False,True,0.13958773267365457
PHEC_ARTIC_Unknown,17353,2120,13870,26,136,1,16152,0.29491666693761975,True,False,False,False,False,True,0.5189104676047739
PHEC_ARTIC_Unknown,17649,809,10865,17,330,1,12021,0.1609050948781236,True,False,False,False,False,True,0.3417195657314781
PHEC_ARTIC_Unknown,17663,603,11707,43,785,1,13138,0.6781553198795718,True,False,False,False,False,True,0.869989227773604
PHEC_ARTIC_Unknown,18779,10634,8996,603,351,1,20584,3.704451138745996e-08,True,False,False,False,False,True,5.460038852325621e-07
PHEC_ARTIC_Unknown,20585,8037,479,347,13,1,8876,0.12475600120524932,True,False,False,False,False,True,0.28381724905785444
PHEC_ARTIC_Unknown,20717,2387,6023,127,232,1,8769,0.005032889528524705,True,False,False,False,False,True,0.02337191164616267
PHEC_ARTIC_Unknown,21096,525,16823,8,679,1,18035,0.0026019226304479885,True,False,False,False,False,True,0.013872373867185345
PHEC_ARTIC_Unknown,22433,232,66,7,3,1,308,0.6987403978009255,True,True,False,True,False,True,0.8878237274910799
PHEC_ARTIC_Unknown,22842,156,12441,0,348,1,12945,0.023394269643681388,True,False,True,True,False,True,0.0793065740920799
PHEC_ARTIC_Unknown,23934,486,220,13,6,1,725,1.0,True,True,False,False,False,True,1.0
PHEC_ARTIC_Unknown,23989,291,432,15,17,1,755,0.46687528138424744,True,True,False,False,False,True,0.6987669774360259
PHEC_ARTIC_Unknown,24042,176,1053,4,26,1,1259,1.0,True,False,False,True,False,True,1.0
PHEC_ARTIC_Unknown,24236,3746,1859,120,27,1,5752,0.00011384270801474709,True,False,False,False,False,True,0.0010223225964768017
PHEC_ARTIC_Unknown,25269,133,2788,0,0,1,2921,1.0,True,False,True,True,False,True,1.0
PHEC_ARTIC_Unknown,25351,12936,263,216,3,1,13418,0.8041443487920985,True,False,False,True,False,True,0.9614990254950658
PHEC_ARTIC_Unknown,25360,15490,395,387,3,1,16275,0.02873459474152517,True,False,False,False,False,True,0.09335758827048722
PHEC_ARTIC_Unknown,25621,273,9459,2,180,1,9914,0.248467811769769,True,False,False,False,False,True,0.46111635870411516
PHEC_ARTIC_Unknown,26819,189,3289,8,90,1,3576,0.2555045828380045,True,False,False,False,False,True,0.46876797750660204
PHEC_ARTIC_Unknown,27327,1111,899,0,0,1,2010,1.0,True,False,True,True,False,True,1.0
PHEC_ARTIC_Unknown,28491,2032,249,63,16,1,2360,0.016734201439756555,True,False,False,False,False,True,0.06121828368428926
PHEC_ARTIC_Unknown,28578,670,1811,41,77,1,2599,0.07225711409784855,True,False,False,False,False,True,0.1877023883461353
PHEC_ARTIC_Unknown,29341,145,616,1,20,1,782,0.1509710774354563,True,True,False,True,False,True,0.32684957052018954
PHEC_ARTIC_Unknown,835,1239,990,0,0,1,2229,1.0,True,False,True,True,False,True,1.0
PHEC_ARTIC_Unknown,15729,285,2676,85,887,1,3933,0.4475115347895118,True,False,False,False,False,True,0.6788208481009036
PHEC_ARTIC_Unknown,27989,307,410,50,127,1,894,0.0004221227177532128,True,True,False,False,False,True,0.003245779164842139
PHEC_ARTIC_Unknown,29353,2200,982,589,1144,1,4915,1.1022707104994115e-125,True,False,False,False,False,True,4.076397500283278e-123
PHEC_ARTIC_Unknown,1594,1510,1746,249,1134,1,4639,1.9880796734806822e-79,True,False,False,False,False,True,3.110580042969006e-77
PHEC_ARTIC_Unknown,1710,2179,999,59,30,1,3267,0.6447970111135113,True,False,False,False,False,True,0.8450496911113929
PHEC_ARTIC_Unknown,2445,358,896,6,22,1,1282,0.5266811347490036,True,False,False,False,False,True,0.7509775170553615
PHEC_ARTIC_Unknown,11979,4186,503,446,62,1,5197,0.32897433536525933,True,False,False,False,False,True,0.5589563495069967
PHEC_ARTIC_Unknown,21762,87,113,28,39,1,267,0.8868830853107208,True,True,False,False,False,True,1.0
PHEC_ARTIC_Unknown,22094,313,111,21,4,1,449,0.3475133786562434,True,True,False,False,False,True,0.5789043506853391
PHEC_ARTIC_Unknown,24583,895,799,158,69,1,1921,1.6944185983493792e-06,True,False,False,False,False,True,2.1274366845942207e-05
PHEC_ARTIC_Unknown,26815,232,2874,2,72,1,3180,0.17161023220793842,True,False,False,False,False,True,0.35617878807239467
PHEC_ARTIC_Unknown,27612,82,46,5,6,1,139,0.32995000538063735,True,True,False,True,False,True,0.5597317022053514
PHEC_ARTIC_Unknown,27655,64,92,5,11,1,172,0.5946087084292156,True,True,False,False,False,True,0.8103411142010215
PHEC_ARTIC_Unknown,29477,339,283,12,6,1,640,0.3458391490201298,True,True,False,False,False,True,0.5772973566737333
PHEC_ARTIC_Unknown,29535,1513,432,673,220,1,2838,0.16349515115262886,True,False,False,False,False,True,0.34520631728318063
PHEC_ARTIC_Unknown,594,1103,6697,8,79,1,7887,0.21650385957223606,True,False,False,False,False,True,0.4210027250190518
PHEC_ARTIC_Unknown,596,1064,6669,17,77,1,7827,0.22843638151620557,True,False,False,False,False,True,0.43669135338718246
PHEC_ARTIC_Unknown,610,1018,6903,11,101,1,8033,0.39477805063750926,True,False,False,False,False,True,0.6249459354138867
PHEC_ARTIC_Unknown,737,4437,233,69,3,1,4742,1.0,True,False,False,True,False,True,1.0
PHEC_ARTIC_Unknown,751,4055,361,41,3,1,4460,1.0,True,False,False,True,False,True,1.0
PHEC_ARTIC_Unknown,767,4683,397,112,6,1,5198,0.38130191213717035,True,False,False,False,False,True,0.6112123852936184
PHEC_ARTIC_Unknown,788,4062,552,61,12,1,4687,0.27323944681459195,True,False,False,False,False,True,0.4905287156406708
PHEC_ARTIC_Unknown,805,3890,895,64,19,1,4868,0.32249742496468814,True,False,False,False,False,True,0.5522099525874835
PHEC_ARTIC_Unknown,916,527,4736,9,109,1,5381,0.5324673577205251,True,False,False,False,False,True,0.7558488350588316
PHEC_ARTIC_Unknown,1181,588,3379,9,16,1,3992,0.0076267927726204705,True,False,False,True,False,True,0.03225134407382544
PHEC_ARTIC_Unknown,1188,406,3500,5,44,1,3955,1.0,True,False,False,False,False,True,1.0
PHEC_ARTIC_Unknown,1421,461,199,20,5,1,685,0.3738664822904334,True,True,False,False,False,True,0.6046686925580584
PHEC_ARTIC_Unknown,1458,439,401,28,14,1,882,0.08120020280051657,True,True,False,False,False,True,0.2067099029990622
PHEC_ARTIC_Unknown,1583,230,976,4,24,1,1234,0.6330868592064982,True,False,False,False,False,True,0.8361926656272021
PHEC_ARTIC_Unknown,1640,2388,101,65,0,1,2554,0.11141816792020151,True,False,True,True,False,True,0.2613893351207496
PHEC_ARTIC_Unknown,1655,2962,57,82,1,1,3102,1.0,True,False,False,True,False,True,1.0
PHEC_ARTIC_Unknown,2271,1729,28,25,1,1,1783,0.34910214873077516,True,False,False,True,False,True,0.580346478904745
PHEC_ARTIC_Unknown,2408,600,501,10,10,1,1121,0.8215986154822192,True,False,False,False,False,True,0.9749892554788996
PHEC_ARTIC_Unknown,2559,86,1835,0,55,1,1976,0.17126833173233708,True,False,True,True,False,True,0.3558322642937422
PHEC_ARTIC_Unknown,2986,1961,960,35,12,1,2968,0.34810545169560636,True,False,False,False,False,True,0.5794441812650778
PHEC_ARTIC_Unknown,3045,729,2488,13,87,1,3317,0.020507597195416918,True,False,False,False,False,True,0.07121993065800679
PHEC_ARTIC_Unknown,3254,3486,219,1521,92,1,5318,0.7994953062425668,True,False,False,False,False,True,0.9603721532805373
PHEC_ARTIC_Unknown,3298,3779,732,81,10,1,4602,0.1973241200539223,True,False,False,False,False,True,0.3931021157587444
PHEC_ARTIC_Unknown,3307,3578,818,73,16,1,4485,1.0,True,False,False,False,False,True,1.0
PHEC_ARTIC_Unknown,3350,1425,1570,16,25,1,3036,0.34504020857533974,True,False,False,False,False,True,0.5768435196632455
PHEC_ARTIC_Unknown,3389,895,2263,19,58,1,3235,0.5241821319256385,True,False,False,False,False,True,0.7489894319190367
PHEC_ARTIC_Unknown,3468,153,7180,3,90,1,7426,0.4476356038282185,True,False,False,True,False,True,0.6788208481009036
PHEC_ARTIC_Unknown,3541,658,19,14,1,1,692,0.35885214269201066,True,True,False,True,False,True,0.5893461915507062
PHEC_ARTIC_Unknown,3547,697,22,15,0,1,734,1.0,True,True,True,True,False,True,1.0
PHEC_ARTIC_Unknown,3564,548,21,17,0,1,586,1.0,True,True,True,True,False,True,1.0
PHEC_ARTIC_Unknown,4146,4962,273,118,6,1,5359,1.0,True,False,False,False,False,True,1.0
PHEC_ARTIC_Unknown,4232,858,1814,46,21,1,2739,2.5359828246561938e-09,True,False,False,False,False,True,4.427630099013475e-08
PHEC_ARTIC_Unknown,4300,444,3053,12,21,1,3530,0.0005090928646591691,True,False,False,True,False,True,0.003806966495282169
PHEC_ARTIC_Unknown,4719,2586,36,52,3,1,2677,0.044541508744331215,True,False,False,True,False,True,0.13092113986411805
PHEC_ARTIC_Unknown,4756,1260,134,17,3,1,1414,0.433418409649649,True,False,False,True,False,True,0.6633356247008172
PHEC_ARTIC_Unknown,4835,685,752,16,10,1,1463,0.17121041078275184,True,False,False,False,False,True,0.3558322642937422
PHEC_ARTIC_Unknown,5515,266,3412,3,59,1,3740,0.6234764910965542,True,False,False,True,False,True,0.8321201987469758
PHEC_ARTIC_Unknown,5700,2079,937,28,7,1,3051,0.19845562580239112,True,False,False,False,False,True,0.39458332637542864
PHEC_ARTIC_Unknown,5733,1735,1292,31,17,1,3075,0.3778386127018363,True,False,False,False,False,True,0.607297015034018
PHEC_ARTIC_Unknown,6052,516,290,14,8,1,828,1.0,True,True,False,False,False,True,1.0
PHEC_ARTIC_Unknown,6094,219,477,15,10,1,721,0.004242170027268235,True,True,False,False,False,True,0.020302526671679037
PHEC_ARTIC_Unknown,6131,149,1094,1,20,1,1264,0.49934930424075785,True,False,False,True,False,True,0.7278226333398077
PHEC_ARTIC_Unknown,6616,11111,2137,333,78,1,13659,0.13457794636827403,True,False,False,False,False,True,0.3008038933110652
PHEC_ARTIC_Unknown,6650,5247,2824,69,34,1,8174,0.7552880613235778,True,False,False,False,False,True,0.932477035952751
PHEC_ARTIC_Unknown,6669,4785,4556,112,106,1,9559,1.0,True,False,False,False,False,True,1.0
PHEC_ARTIC_Unknown,6734,2172,11489,24,91,1,13776,0.158398965130647,True,False,False,False,False,True,0.33887992981883525
PHEC_ARTIC_Unknown,6804,1384,14560,36,524,1,16504,0.06541038066781465,True,False,False,False,False,True,0.17482879668637977
PHEC_ARTIC_Unknown,7344,880,131,58,0,1,1069,0.0006819140257609753,True,False,True,False,False,True,0.004832798356786842
PHEC_ARTIC_Unknown,7484,724,456,9,4,1,1193,0.7759992254125402,True,False,False,False,False,True,0.9434443661022754
PHEC_ARTIC_Unknown,7491,677,611,8,9,1,1305,0.8078702592069542,True,False,False,False,False,True,0.9643240065885826
PHEC_ARTIC_Unknown,7544,284,914,6,20,1,1224,1.0,True,False,False,False,False,True,1.0
PHEC_ARTIC_Unknown,7550,243,952,8,17,1,1220,0.2065862197089788,True,False,False,False,False,True,0.4057907975741795
PHEC_ARTIC_Unknown,7739,4267,294,82,8,1,4651,0.38183521530811393,True,False,False,False,False,True,0.6117785174767261
PHEC_ARTIC_Unknown,7765,3875,317,38,3,1,4233,1.0,True,False,False,True,False,True,1.0
PHEC_ARTIC_Unknown,8018,9717,121,270,5,1,10113,0.3970185364178993,True,False,False,True,False,True,0.6272121965623357
PHEC_ARTIC_Unknown,8024,9847,125,118,2,1,10092,0.6644284085614216,True,False,False,True,False,True,0.8581424211534947
PHEC_ARTIC_Unknown,8064,2480,247,35,4,1,2766,0.7764221208965078,True,False,False,True,False,True,0.9436036794674323
PHEC_ARTIC_Unknown,8157,729,1574,3,26,1,2332,0.01420768938703627,True,False,False,False,False,True,0.0540488888025749
PHEC_ARTIC_Unknown,8209,499,3710,6,56,1,4271,0.8420920821971718,True,False,False,False,False,True,0.9903528737722159
PHEC_ARTIC_Unknown,8553,310,3027,11,76,1,3424,0.2656180707860577,True,False,False,False,False,True,0.4804510057615308
PHEC_ARTIC_Unknown,9233,206,4502,12,92,1,4812,0.0023773893126059274,True,False,False,True,False,True,0.012946746618046737
PHEC_ARTIC_Unknown,9237,215,4111,4,30,1,4360,0.08849837906221229,True,False,False,True,False,True,0.22113722728813243
PHEC_ARTIC_Unknown,9766,33,1272,0,24,1,1329,1.0,True,False,True,True,False,True,1.0
PHEC_ARTIC_Unknown,10180,7670,563,176,3,1,8412,0.0035775621235812813,True,False,False,False,False,True,0.01789666200787664
PHEC_ARTIC_Unknown,10237,4264,1701,40,22,1,6027,0.2577682228174918,True,False,False,False,False,True,0.47015230652867274
PHEC_ARTIC_Unknown,10295,1508,4302,27,81,1,5918,0.911878042292974,True,False,False,False,False,True,1.0
PHEC_ARTIC_Unknown,10306,1354,4366,10,40,1,5770,0.6190424542664918,True,False,False,False,False,True,0.829741253362797
PHEC_ARTIC_Unknown,10349,660,6435,7,88,1,7190,0.7203439325922374,True,False,False,False,False,True,0.9052700394764355
PHEC_ARTIC_Unknown,10645,244,4062,4,47,1,4357,0.5336801414432071,True,False,False,True,False,True,0.7559259493555665
PHEC_ARTIC_Unknown,11114,11511,337,226,4,1,12078,0.4210376231814823,True,False,False,False,False,True,0.6509957955391378
PHEC_ARTIC_Unknown,11234,2629,3746,33,28,1,6436,0.04965588491872765,True,False,False,False,False,True,0.1416766970567575
PHEC_ARTIC_Unknown,11535,180,853,5,15,1,1053,0.3739789652104412,True,False,False,True,False,True,0.6046686925580584
PHEC_ARTIC_Unknown,11842,289,6515,3,56,1,6863,0.7393917789782048,True,False,False,True,False,True,0.917044182317802
PHEC_ARTIC_Unknown,11966,7428,354,329,8,1,8119,0.058566852659823004,True,False,False,False,False,True,0.16087100379484132
PHEC_ARTIC_Unknown,12140,1071,5962,9,44,1,7086,0.7012578292566618,True,False,False,False,False,True,0.8892508882219764
PHEC_ARTIC_Unknown,12169,1386,8319,23,155,1,9883,0.666252817019572,True,False,False,False,False,True,0.8593267151666515
PHEC_ARTIC_Unknown,12170,1438,8312,24,174,1,9948,0.36098016100609964,True,False,False,False,False,True,0.5921239092632312
PHEC_ARTIC_Unknown,12214,972,4646,8,119,1,5745,0.0004738661294602215,True,False,False,False,False,True,0.003590297462540067
PHEC_ARTIC_Unknown,12517,10026,466,68,2,1,10562,0.7706782975381495,True,False,False,True,False,True,0.9413290249221605
PHEC_ARTIC_Unknown,12526,8321,503,56,2,1,8882,0.772637923923271,True,False,False,True,False,True,0.9417850276775946
PHEC_ARTIC_Unknown,12578,3358,1307,201,46,1,4912,0.0009839595444172285,True,False,False,False,False,True,0.006394165218353492
PHEC_ARTIC_Unknown,12742,991,11469,8,215,1,12683,0.011936024014661085,True,False,False,False,False,True,0.04673315273497718
PHEC_ARTIC_Unknown,13152,10824,3616,185,37,1,14662,0.003707890293462954,True,False,False,False,False,True,0.018462298303313706
PHEC_ARTIC_Unknown,13213,9266,5778,73,56,1,15173,0.27533854533850044,True,False,False,False,False,True,0.4928848182768662
PHEC_ARTIC_Unknown,13214,9100,5838,91,38,1,15067,0.02921005900209299,True,False,False,False,False,True,0.0942319746395831
PHEC_ARTIC_Unknown,13240,5239,7235,72,62,1,12608,0.008086198866881455,True,False,False,False,False,True,0.03380745836636563
PHEC_ARTIC_Unknown,13274,1891,14758,11,154,1,16814,0.0629967070320561,True,False,False,False,False,True,0.1705060573562237
PHEC_ARTIC_Unknown,13571,19,44,2,5,1,70,1.0,True,True,False,True,False,True,1.0
PHEC_ARTIC_Unknown,13767,3500,1568,50,28,1,5146,0.3877628474028241,True,False,False,False,False,True,0.6178688849332896
PHEC_ARTIC_Unknown,13799,2803,1776,45,33,1,4657,0.5587031942531084,True,False,False,False,False,True,0.7791582427911022
PHEC_ARTIC_Unknown,13883,422,6413,6,150,1,6991,0.30856758207376234,True,False,False,False,False,True,0.5357460195800534
PHEC_ARTIC_Unknown,13994,13154,467,81,3,1,13705,0.7652452651166407,True,False,False,True,False,True,0.9377576020006311
PHEC_ARTIC_Unknown,14099,3122,2024,50,44,1,5240,0.1659424557202397,True,False,False,False,False,True,0.3477866614476739
PHEC_ARTIC_Unknown,14400,3896,1814,166,32,1,5908,1.0763559582162175e-06,True,False,False,False,False,True,1.3812668889664268e-05
PHEC_ARTIC_Unknown,14543,253,11321,3,150,1,11727,1.0,True,False,False,True,False,True,1.0
PHEC_ARTIC_Unknown,14657,7422,485,67,10,1,7984,0.026957266682631882,True,False,False,True,False,True,0.08901149420856047
PHEC_ARTIC_Unknown,14993,363,108,7,3,1,481,0.7035837810266594,True,True,False,True,False,True,0.8910892967672636
PHEC_ARTIC_Unknown,15243,3074,95,59,5,1,3233,0.04627762127331148,True,False,False,True,False,True,0.13461120647192526
PHEC_ARTIC_Unknown,15290,1957,161,34,0,1,2152,0.17475734714986418,True,False,True,True,False,True,0.36086948639880584
PHEC_ARTIC_Unknown,15532,15489,1278,104,1,1,16872,0.004655190244717594,True,False,False,False,False,True,0.021817181930312412
PHEC_ARTIC_Unknown,15575,18090,1113,511,20,1,19734,0.04673599139665629,True,False,False,False,False,True,0.1354145391749272
PHEC_ARTIC_Unknown,15628,10796,1666,87,11,1,12560,0.6545999606016023,True,False,False,False,False,True,0.8516314262018048
PHEC_ARTIC_Unknown,15714,2002,8633,18,105,1,10758,0.2951784390902382,True,False,False,False,False,True,0.5191389464844819
PHEC_ARTIC_Unknown,15820,276,19100,0,275,1,19651,0.035964079252473594,True,False,True,True,False,True,0.11142564691474682
PHEC_ARTIC_Unknown,15907,4664,143,70,4,1,4881,0.28495645719793644,True,False,False,True,False,True,0.5070878687144381
PHEC_ARTIC_Unknown,16547,2307,305,22,4,1,2638,0.5362504945007415,True,False,False,True,False,True,0.7585073058515356
PHEC_ARTIC_Unknown,16571,1875,410,40,3,1,2328,0.06884804547121481,True,False,False,False,False,True,0.18127757215333454
PHEC_ARTIC_Unknown,16580,1736,392,27,8,1,2163,0.5098727770737259,True,False,False,False,False,True,0.7364615365251367
PHEC_ARTIC_Unknown,16663,463,2143,16,44,1,2666,0.08773126674382412,True,False,False,False,False,True,0.21976034058736238
PHEC_ARTIC_Unknown,16672,406,2141,9,25,1,2581,0.10152859822078719,True,False,False,False,False,True,0.24453424367209137
PHEC_ARTIC_Unknown,17104,18514,1417,125,44,1,20100,4.8272367372878447e-14,True,False,False,False,False,True,1.2834770619141798e-12
PHEC_ARTIC_Unknown,17341,1455,9889,33,125,1,11502,0.005575806388178199,True,False,False,False,False,True,0.025053488335670886
PHEC_ARTIC_Unknown,17346,1505,10682,7,151,1,12345,0.0013204921736139875,True,False,False,False,False,True,0.00801429528171116
PHEC_ARTIC_Unknown,17517,5725,909,84,5,1,6723,0.027730315483550427,True,False,False,False,False,True,0.090929490500246
PHEC_ARTIC_Unknown,17567,2406,2968,27,27,1,5428,0.4925108154164638,True,False,False,False,False,True,0.7214742517515933
PHEC_ARTIC_Unknown,17584,1518,3483,31,38,1,5070,0.011976005196346885,True,False,False,False,False,True,0.04679960532059474
PHEC_ARTIC_Unknown,17618,638,5452,8,65,1,6163,0.8474401970449172,True,False,False,False,False,True,0.9940561480907506
PHEC_ARTIC_Unknown,17634,608,5972,12,309,1,6901,0.0002893565441611027,True,False,False,False,False,True,0.0023448255411302106
PHEC_ARTIC_Unknown,18111,6503,1152,216,31,1,7902,0.31878366973078287,True,False,False,False,False,True,0.5484062790460724
PHEC_ARTIC_Unknown,18173,2479,3071,23,34,1,5607,0.5927474936057829,True,False,False,False,False,True,0.808888562223524
PHEC_ARTIC_Unknown,18228,1409,6021,12,68,1,7510,0.4723676187731103,True,False,False,False,False,True,0.7028498438803997
PHEC_ARTIC_Unknown,18248,874,6738,13,113,1,7738,0.7788538658147026,True,False,False,False,False,True,0.9453797331774015
PHEC_ARTIC_Unknown,18318,17934,5985,297,152,1,24368,3.627394833489518e-05,True,False,False,False,False,True,0.00036167260251557254
PHEC_ARTIC_Unknown,18462,6803,6141,96,66,1,13106,0.09643488353412233,True,False,False,False,False,True,0.23490844683641296
PHEC_ARTIC_Unknown,18589,361,15498,79,286,1,16224,6.09057878477285e-49,True,False,False,False,False,True,5.631016931012716e-47
PHEC_ARTIC_Unknown,18700,10796,707,137,2,1,11642,0.01821201208131893,True,False,False,False,False,True,0.06518247195033512
PHEC_ARTIC_Unknown,18745,5598,1386,69,15,1,7068,0.782950293144324,True,False,False,False,False,True,0.9468019597238734
PHEC_ARTIC_Unknown,18747,6156,1583,53,21,1,7813,0.11021571989188281,True,False,False,False,False,True,0.2596164148929816
PHEC_ARTIC_Unknown,18750,6083,1644,137,19,1,7883,0.005259083822179924,True,False,False,False,False,True,0.02402575189440144
PHEC_ARTIC_Unknown,18862,1364,12472,13,107,1,13956,0.6466564584001914,True,False,False,False,False,True,0.845851598962051
PHEC_ARTIC_Unknown,19117,3243,6103,23,58,1,9427,0.2910065778428933,True,False,False,False,False,True,0.5138084890038584
PHEC_ARTIC_Unknown,19622,3609,43,39,0,1,3691,1.0,True,False,True,True,False,True,1.0
PHEC_ARTIC_Unknown,19718,1855,397,32,5,1,2289,0.6644850686562962,True,False,False,False,False,True,0.8581424211534947
PHEC_ARTIC_Unknown,19799,354,1614,5,22,1,1995,1.0,True,False,False,True,False,True,1.0
PHEC_ARTIC_Unknown,19820,243,2049,8,37,1,2337,0.1395998160226839,True,False,False,True,False,True,0.3088048132573562
PHEC_ARTIC_Unknown,19841,210,3745,5,40,1,4000,0.09147108848245326,True,False,False,True,False,True,0.22606584929928303
PHEC_ARTIC_Unknown,19876,468,4188,3,66,1,4725,0.15348292113283235,True,False,False,False,False,True,0.3314057978600648
PHEC_ARTIC_Unknown,20240,262,82,10,0,1,354,0.12481540279363362,True,True,True,True,False,True,0.28381724905785444
PHEC_ARTIC_Unknown,20558,7836,329,53,12,1,8230,1.170124736669147e-05,True,False,False,True,False,True,0.00013005648712486584
PHEC_ARTIC_Unknown,20564,8004,358,132,1,1,8495,0.04626852574131271,True,False,False,False,False,True,0.13461120647192526
PHEC_ARTIC_Unknown,20642,6039,939,87,11,1,7076,0.6539225831265361,True,False,False,False,False,True,0.8512502618107995
PHEC_ARTIC_Unknown,20925,6027,1513,123,11,1,7674,0.00027588186866263494,True,False,False,False,False,True,0.002262676293789514
PHEC_ARTIC_Unknown,20930,4920,1625,70,34,1,6649,0.06835293423826737,True,False,False,False,False,True,0.18058753381385345
PHEC_ARTIC_Unknown,20980,2419,8463,37,92,1,11011,0.08834142698878032,True,False,False,False,False,True,0.22088071603586867
PHEC_ARTIC_Unknown,20986,1588,10670,28,134,1,12420,0.12496564602137433,True,False,False,False,False,True,0.2840001385558384
PHEC_ARTIC_Unknown,21228,47,13,2,4,1,66,0.034278122723389766,True,True,False,True,False,True,0.10677136542017578
PHEC_ARTIC_Unknown,21485,773,82,25,0,1,880,0.15809503944110392,True,True,True,True,False,True,0.33884648074099616
PHEC_ARTIC_Unknown,22583,8138,469,94,3,1,8704,0.4937268910712973,True,False,False,False,False,True,0.7219557846434355
PHEC_ARTIC_Unknown,22673,4113,1549,63,15,1,5740,0.12442954907885216,True,False,False,False,False,True,0.2835738967242412
PHEC_ARTIC_Unknown,22678,4049,1633,36,17,1,5735,0.6474892872151108,True,False,False,False,False,True,0.846396664650087
PHEC_ARTIC_Unknown,22693,3472,2219,65,23,1,5779,0.014967396140934728,True,False,False,False,False,True,0.0561691582115521
PHEC_ARTIC_Unknown,22730,2578,2436,19,37,1,5070,0.010323703009652603,True,False,False,False,False,True,0.04137618112637122
PHEC_ARTIC_Unknown,22845,135,8338,2,122,1,8597,1.0,True,False,False,True,False,True,1.0
PHEC_ARTIC_Unknown,23210,9426,195,213,3,1,9837,0.8037201885357896,True,False,False,True,False,True,0.9614990254950658
PHEC_ARTIC_Unknown,23270,7398,1179,139,14,1,8730,0.12147765580963071,True,False,False,False,False,True,0.2780929115551929
PHEC_ARTIC_Unknown,23289,4934,1876,41,15,1,6866,1.0,True,False,False,False,False,True,1.0
PHEC_ARTIC_Unknown,23320,4760,2752,49,41,1,7602,0.0983755461076031,True,False,False,False,False,True,0.23820935807483895
PHEC_ARTIC_Unknown,23439,579,9304,7,104,1,9994,0.8375940234180879,True,False,False,False,False,True,0.986203324823381
PHEC_ARTIC_Unknown,23853,1143,14,56,0,1,1213,1.0,True,False,True,True,False,True,1.0
PHEC_ARTIC_Unknown,23885,1090,30,16,2,1,1138,0.08859634758196072,True,False,False,True,False,True,0.22124612766323892
PHEC_ARTIC_Unknown,24168,2607,129,42,1,1,2779,0.7206875541603579,True,False,False,True,False,True,0.9054221650167806
PHEC_ARTIC_Unknown,24277,869,1223,18,13,1,2123,0.06874138376597806,True,False,False,False,False,True,0.18111395670984376
PHEC_ARTIC_Unknown,24297,761,1182,4,31,1,1978,0.0006342720271979228,True,False,False,False,False,True,0.0046021222679051505
PHEC_ARTIC_Unknown,24370,148,2910,1,27,1,3086,1.0,True,False,False,True,False,True,1.0
PHEC_ARTIC_Unknown,24473,1112,18,68,1,1,1199,1.0,True,False,False,True,False,True,1.0
PHEC_ARTIC_Unknown,24474,1169,19,34,0,1,1222,1.0,True,False,True,True,False,True,1.0
PHEC_ARTIC_Unknown,24817,7995,1099,54,7,1,9155,1.0,True,False,False,False,False,True,1.0
PHEC_ARTIC_Unknown,25247,392,4301,7,54,1,4754,0.351547147324768,True,False,False,False,False,True,0.5825699735702794
PHEC_ARTIC_Unknown,25356,9969,195,54,0,1,10218,0.6278957296182683,True,False,True,True,False,True,0.8336422415427922
PHEC_ARTIC_Unknown,25416,6108,587,56,11,1,6762,0.04655061222964521,True,False,False,False,False,True,0.13497354992886437
PHEC_ARTIC_Unknown,25527,1127,3119,19,27,1,4292,0.029322596539007827,True,False,False,False,False,True,0.09452006554729306
PHEC_ARTIC_Unknown,26111,260,146,13,4,1,423,0.4382808758524252,True,True,False,False,False,True,0.6687646672796945
PHEC_ARTIC_Unknown,26182,62,577,4,30,1,673,0.7646397474715465,True,True,False,True,False,True,0.9377576020006311
PHEC_ARTIC_Unknown,26204,56,632,0,18,1,706,0.38672291775753914,True,True,True,True,False,True,0.6166949546992039
PHEC_ARTIC_Unknown,26526,88,1482,1,25,1,1596,1.0,True,False,False,True,False,True,1.0
PHEC_ARTIC_Unknown,26634,4164,306,47,1,1,4518,0.2561973064513403,True,False,False,True,False,True,0.46904169335915946
PHEC_ARTIC_Unknown,26640,4211,347,58,1,1,4617,0.12894528993820056,True,False,False,True,False,True,0.2917405113840934
PHEC_ARTIC_Unknown,27084,269,641,1,12,1,923,0.12325672192525326,True,True,False,True,False,True,0.2812161215882952
PHEC_ARTIC_Unknown,27092,179,736,35,19,1,969,3.8275827059533845e-12,True,True,False,False,False,True,8.897489398753353e-11
PHEC_ARTIC_Unknown,27183,6560,932,165,7,1,7664,0.0003513550468437946,True,False,False,False,False,True,0.002769985136745264
PHEC_ARTIC_Unknown,27243,5904,367,108,6,1,6385,1.0,True,False,False,False,False,True,1.0
PHEC_ARTIC_Unknown,27335,1043,1333,13,39,1,2428,0.0068462337121971036,True,False,False,False,False,True,0.029502625785188363
PHEC_ARTIC_Unknown,27364,1013,1805,16,19,1,2853,0.287474779370928,True,False,False,False,False,True,0.5100075893942151
PHEC_ARTIC_Unknown,27408,442,6512,4,62,1,7020,1.0,True,False,False,True,False,True,1.0
PHEC_ARTIC_Unknown,27474,113,6768,1,150,1,7032,0.5214065497978736,True,False,False,True,False,True,0.7463342169520584
PHEC_ARTIC_Unknown,27827,2900,22,34,0,1,2956,1.0,True,False,True,True,False,True,1.0
PHEC_ARTIC_Unknown,27970,799,1390,7,12,1,2208,1.0,True,False,False,False,False,True,1.0
PHEC_ARTIC_Unknown,27978,830,1403,15,25,1,2273,1.0,True,False,False,False,False,True,1.0
PHEC_ARTIC_Unknown,28068,291,3257,8,52,1,3608,0.15420244159250973,True,False,False,True,False,True,0.33243006486397964
PHEC_ARTIC_Unknown,28137,11212,1200,93,5,1,12510,0.16635783946212512,True,False,False,False,False,True,0.3482774157905606
PHEC_ARTIC_Unknown,28466,4437,130,81,1,1,4649,0.7300948760064556,True,False,False,True,False,True,0.9096786000675743
PHEC_ARTIC_Unknown,28713,510,2770,3,38,1,3321,0.1915932605260273,True,False,False,False,False,True,0.38460366853195355
PHEC_ARTIC_Unknown,29332,22,1021,0,32,1,1075,1.0,True,False,True,True,False,True,1.0
PHEC_ARTIC_Unknown,29342,8,849,0,24,1,881,1.0,True,True,True,True,False,True,1.0
