centre_protocol,position,a_major_fw,b_major_rv,c_minor_fw,d_minor_rv,sample_count,total_reads,p_combined,low_sample_flag,low_reads_flag,zero_cell_flag,low_expected_flag,pseudo_count_flag,underpowered_flag,q_value
NORT_ARTIC_4.1,428,209,67,8,4,2,288,0.49803738567581657,True,True,False,True,False,True,1.0
NORT_ARTIC_4.1,670,49986,45711,352,241,73,96290,0.0005266997737112145,False,False,False,False,False,False,0.020917505298816804
NORT_ARTIC_4.1,2790,12115,53664,167,346,74,66292,2.3101399752912616e-14,False,False,False,False,False,False,1.9623355679001882e-12
NORT_ARTIC_4.1,3037,25364,99326,66,230,96,124986,0.4263318315501942,False,False,False,False,False,False,1.0
NORT_ARTIC_4.1,4184,23824,27226,212,238,73,51500,0.8496432711003185,False,False,False,False,False,False,1.0
NORT_ARTIC_4.1,4321,3079,11908,5014,766,38,20767,0.0,False,False,False,False,False,False,0.0
NORT_ARTIC_4.1,8221,31,64,1,4,1,100,1.0,True,True,False,True,False,True,1.0
NORT_ARTIC_4.1,8847,5,14,1,3,1,23,1.0,True,True,False,True,False,True,1.0
NORT_ARTIC_4.1,9344,25082,19082,132,113,74,44409,0.3658300512271583,False,False,False,False,False,False,1.0
NORT_ARTIC_4.1,9424,20808,49977,96,240,75,71121,0.7644305816818916,False,False,False,False,False,False,1.0
NORT_ARTIC_4.1,9534,116394,51856,680,302,76,169232,1.0,False,False,False,False,False,False,1.0
NORT_ARTIC_4.1,9866,39038,7779,268,71,74,47156,0.04008049867354446,False,False,False,False,False,False,0.6847271784564187
NORT_ARTIC_4.1,10029,31129,87364,72,239,98,118804,0.22080446996457515,False,False,False,False,False,False,1.0
NORT_ARTIC_4.1,10198,95203,22257,448,104,75,118012,1.0,False,False,False,False,False,False,1.0
NORT_ARTIC_4.1,10447,113099,97892,767,722,76,212480,0.11169468619345688,False,False,False,False,False,False,0.9761073099427413
NORT_ARTIC_4.1,10449,139328,118170,63,32,98,257593,0.01773870010412565,False,False,False,False,False,False,0.38495980943582436
NORT_ARTIC_4.1,10688,75,269,2,7,1,353,1.0,True,True,False,True,False,True,1.0
NORT_ARTIC_4.1,12273,35944,44278,270,338,27,80830,0.8699760794179715,False,False,False,False,False,False,1.0
NORT_ARTIC_4.1,12798,59,222,0,1,1,282,1.0,True,True,True,True,False,True,1.0
NORT_ARTIC_4.1,12880,94020,74978,612,521,75,170131,0.28021527735155005,False,False,False,False,False,False,1.0
NORT_ARTIC_4.1,13575,15,13,2,2,1,32,1.0,True,True,False,True,False,True,1.0
NORT_ARTIC_4.1,14408,88172,50025,279,147,97,138623,0.4801020494890792,False,False,False,False,False,False,1.0
NORT_ARTIC_4.1,14960,3732,7452,1092,271,33,12547,2.8969944846536598e-244,False,False,False,False,False,False,1.2655727334386988e-241
NORT_ARTIC_4.1,15700,3633,1376,31,14,4,5054,0.6153660428370636,True,False,False,False,False,True,1.0
NORT_ARTIC_4.1,15714,72623,45769,475,326,74,119193,0.24413641004838546,False,False,False,False,False,False,1.0
NORT_ARTIC_4.1,16111,102,302,3,10,1,417,1.0,True,True,False,True,False,True,1.0
NORT_ARTIC_4.1,17410,113167,25897,783,178,75,140025,0.9668469381900813,False,False,False,False,False,False,1.0
NORT_ARTIC_4.1,18057,10,9,2,2,1,23,1.0,True,True,False,True,False,True,1.0
NORT_ARTIC_4.1,18163,11144,29595,18,35,88,40792,0.28250041214996235,False,False,False,False,False,False,1.0
NORT_ARTIC_4.1,18761,72,76,0,1,1,149,1.0,True,True,True,True,False,True,1.0
NORT_ARTIC_4.1,21618,85814,93180,459,501,75,179954,0.9483640229923589,False,False,False,False,False,False,1.0
NORT_ARTIC_4.1,21860,58,202,1,5,1,266,1.0,True,True,False,True,False,True,1.0
NORT_ARTIC_4.1,21987,51725,13398,167,57,75,65347,0.08168557601066465,False,False,False,False,False,False,0.9083436052385909
NORT_ARTIC_4.1,22200,36221,57577,235,306,76,94339,0.02386062701747218,False,False,False,False,False,False,0.48643864946286614
NORT_ARTIC_4.1,22578,24872,30719,58,90,95,55739,0.18584023867816374,False,False,False,False,False,False,1.0
NORT_ARTIC_4.1,22674,15959,45601,1225,467,96,63252,0.0,False,False,False,False,False,False,0.0
NORT_ARTIC_4.1,22679,16801,45031,17,40,96,61889,0.655951406123291,False,False,False,False,False,False,1.0
NORT_ARTIC_4.1,22686,16203,44893,53,132,96,61281,0.5053872706269253,False,False,False,False,False,False,1.0
NORT_ARTIC_4.1,22688,10558,27357,65,231,75,38211,0.026586508321634762,False,False,False,False,False,False,0.5136404616108855
NORT_ARTIC_4.1,22775,27098,16164,171,188,75,43621,9.811025822850404e-09,False,False,False,False,False,False,5.769637878130103e-07
NORT_ARTIC_4.1,22786,28111,11346,450,2363,76,42270,0.0,False,False,False,False,False,False,0.0
NORT_ARTIC_4.1,22813,36877,11847,5,5,95,48734,0.07041292541603747,False,False,False,True,False,True,0.8506592604695657
NORT_ARTIC_4.1,22882,44530,19417,26,14,96,63987,0.497119396493537,False,False,False,False,False,False,1.0
NORT_ARTIC_4.1,22992,59894,51259,199,165,97,111517,0.7924027170265738,False,False,False,False,False,False,1.0
NORT_ARTIC_4.1,22995,58793,51322,21,19,96,110155,1.0,False,False,False,False,False,False,1.0
NORT_ARTIC_4.1,23013,64279,49342,74,31,97,113726,0.004127971236969926,False,False,False,False,False,False,0.1288095514556534
NORT_ARTIC_4.1,23040,65282,44994,990,3880,97,115146,0.0,False,False,False,False,False,False,0.0
NORT_ARTIC_4.1,23055,71418,45068,97,105,96,116688,0.00015664951045826254,False,False,False,False,False,False,0.006942524680889375
NORT_ARTIC_4.1,23063,72216,40202,114,16,96,112548,2.0932961154431537e-09,False,False,False,False,False,False,1.3063876573520742e-07
NORT_ARTIC_4.1,23075,73759,42763,46,35,96,116603,0.24887372566550475,False,False,False,False,False,False,1.0
NORT_ARTIC_4.1,23403,72961,42308,48,33,94,115350,0.48932245133093655,False,False,False,False,False,False,1.0
NORT_ARTIC_4.1,23525,29009,112796,67,199,94,142071,0.05749160012689497,False,False,False,False,False,False,0.772958310926981
NORT_ARTIC_4.1,23599,31296,85411,8,35,95,116750,0.300814639590608,False,False,False,False,False,False,1.0
NORT_ARTIC_4.1,23604,30561,82661,8,15,95,113245,0.48011568067464605,False,False,False,False,False,False,1.0
NORT_ARTIC_4.1,23854,4719,21600,11,19,86,26349,0.014399565537374842,False,False,False,False,False,False,0.3261768252836464
NORT_ARTIC_4.1,23948,84970,20696,89,406,92,106161,2.0448333442189207e-195,False,False,False,False,False,False,6.947889296246066e-193
NORT_ARTIC_4.1,24424,38944,148686,81,163,96,187874,5.731689873977695e-06,False,False,False,False,False,False,0.0002782144068987903
NORT_ARTIC_4.1,24469,91413,135927,64,313,97,227717,2.595186130020535e-22,False,False,False,False,False,False,2.6453597285342658e-20
NORT_ARTIC_4.1,25000,28647,73686,96,248,96,102677,1.0,False,False,False,False,False,False,1.0
NORT_ARTIC_4.1,25091,248,208,2,2,1,460,1.0,True,True,False,True,False,True,1.0
NORT_ARTIC_4.1,25584,29200,75737,82,236,96,105255,0.45214685603464155,False,False,False,False,False,False,1.0
NORT_ARTIC_4.1,26060,152406,20978,770,120,76,174274,0.2160553110747621,False,False,False,False,False,False,1.0
NORT_ARTIC_4.1,26270,43864,163991,12748,1811,89,222414,0.0,False,False,False,False,False,False,0.0
NORT_ARTIC_4.1,26577,12557,46889,1266,251,77,60963,0.0,False,False,False,False,False,False,0.0
NORT_ARTIC_4.1,26709,102054,27773,279,75,96,130181,1.0,False,False,False,False,False,False,1.0
NORT_ARTIC_4.1,26858,13492,75873,58,317,75,89740,0.8283997615395613,False,False,False,False,False,False,1.0
NORT_ARTIC_4.1,27259,124784,36276,308,79,96,161447,0.3606366142223002,False,False,False,False,False,False,1.0
NORT_ARTIC_4.1,27382,42529,54720,210,367,75,97826,0.00039867258480751213,False,False,False,False,False,False,0.016041325846597003
NORT_ARTIC_4.1,27383,42337,53948,261,407,75,96953,0.011000403114152754,False,False,False,False,False,False,0.2639691282107432
NORT_ARTIC_4.1,27384,43284,55314,286,466,76,99350,0.0013169324684830864,False,False,False,False,False,False,0.04794261295977712
NORT_ARTIC_4.1,27807,159813,61348,390,131,97,221682,0.20266253270560755,False,False,False,False,False,False,1.0
NORT_ARTIC_4.1,28271,112523,149161,265,136,97,262085,2.1798217570542192e-20,False,False,False,False,False,False,2.083092166584938e-18
NORT_ARTIC_4.1,28311,110342,143167,318,438,97,254265,0.4404856108310595,False,False,False,False,False,False,1.0
NORT_ARTIC_4.1,28881,48420,56774,149,219,97,105562,0.03601295305710303,False,False,False,False,False,False,0.6365757829400062
NORT_ARTIC_4.1,28882,48297,56643,223,244,97,105407,0.4570416229236154,False,False,False,False,False,False,1.0
NORT_ARTIC_4.1,28883,48642,57018,4,13,97,105677,0.08666068740144992,False,False,False,False,False,False,0.9256129653132135
NORT_ARTIC_4.1,29510,32809,41098,195,206,76,74308,0.09624130355893176,False,False,False,False,False,False,0.951670477089875
NORT_ARTIC_4.1,368,675,466,14,9,1,1164,1.0,True,False,False,False,False,True,1.0
NORT_ARTIC_4.1,718,745,277,7,5,1,1034,0.3258142211978955,True,False,False,True,False,True,1.0
NORT_ARTIC_4.1,1622,1356,561,17,12,1,1946,0.156112243555975,True,False,False,False,False,True,1.0
NORT_ARTIC_4.1,1633,7834,2871,59,29,6,10793,0.22652958014683355,True,False,False,False,False,True,1.0
NORT_ARTIC_4.1,2184,2553,3149,15,19,2,5736,1.0,True,False,False,False,False,True,1.0
NORT_ARTIC_4.1,2222,10280,10388,63,77,9,20808,0.27138369933977524,True,False,False,False,False,True,1.0
NORT_ARTIC_4.1,2300,3596,1262,32,7,2,4897,0.357951877697375,True,False,False,False,False,True,1.0
NORT_ARTIC_4.1,2701,402,596,8,11,1,1017,1.0,True,False,False,False,False,True,1.0
NORT_ARTIC_4.1,3249,4265,2764,31,26,3,7086,0.34309883367956795,True,False,False,False,False,True,1.0
NORT_ARTIC_4.1,3405,915,1444,11,9,1,2379,0.1677317428041577,True,False,False,False,False,True,1.0
NORT_ARTIC_4.1,4684,909,314,3,3,1,1229,0.18170745882653222,True,False,False,True,False,True,1.0
NORT_ARTIC_4.1,5543,475,1865,8,17,2,2365,0.20756224102878282,True,False,False,False,False,True,1.0
NORT_ARTIC_4.1,5659,2437,850,29,8,1,3324,0.7060363889779749,True,False,False,False,False,True,1.0
NORT_ARTIC_4.1,5743,54373,58810,378,1112,36,114673,4.149447254379885e-71,False,False,False,False,False,False,6.344504851946845e-69
NORT_ARTIC_4.1,5818,4051,11780,37,84,5,15952,0.21065973307642144,True,False,False,False,False,True,1.0
NORT_ARTIC_4.1,5843,5191,16457,42,100,7,21790,0.13862807953128659,True,False,False,False,False,True,1.0
NORT_ARTIC_4.1,6148,3620,17142,29,274,19,21065,0.00016591358987034735,False,False,False,False,False,False,0.007248053683193174
NORT_ARTIC_4.1,7252,3595,1923,129,13,6,5660,4.2446872428889765e-12,True,False,False,False,False,True,3.018663625291742e-10
NORT_ARTIC_4.1,7480,1745,338,14,6,1,2103,0.12137119867556105,True,False,False,True,False,True,0.9929204376157392
NORT_ARTIC_4.1,8248,891,3270,14,27,3,4202,0.05616356451812466,True,False,False,False,False,True,0.7729478868421722
NORT_ARTIC_4.1,8917,81,359,2,5,2,447,0.6188052463238544,True,True,False,True,False,True,1.0
NORT_ARTIC_4.1,9986,1226,989,19,15,2,2249,1.0,True,False,False,False,False,True,1.0
NORT_ARTIC_4.1,10713,1523,6966,16,48,3,8553,0.14292789039587558,True,False,False,False,False,True,1.0
NORT_ARTIC_4.1,11137,6975,2260,49,18,3,9302,0.6690113944024711,True,False,False,False,False,True,1.0
NORT_ARTIC_4.1,12387,6483,1938,35,17,3,8473,0.1006814334649391,True,False,False,False,False,True,0.951670477089875
NORT_ARTIC_4.1,12614,1383,1161,2,2,1,2548,1.0,True,False,False,True,False,True,1.0
NORT_ARTIC_4.1,13791,55080,16033,1598,388,44,73099,0.001420226945468305,False,False,False,False,False,False,0.05109475293225973
NORT_ARTIC_4.1,13844,1622,417,11,6,1,2056,0.13646946212956415,True,False,False,True,False,True,1.0
NORT_ARTIC_4.1,13901,4049,1398,24,11,2,5482,0.4397802548446085,True,False,False,False,False,True,1.0
NORT_ARTIC_4.1,15580,3297,738,39,8,2,4082,1.0,True,False,False,False,False,True,1.0
NORT_ARTIC_4.1,16352,644,1783,5,12,1,2444,0.7852383953746244,True,False,False,True,False,True,1.0
NORT_ARTIC_4.1,16479,4728,4432,34,24,3,9218,0.29539263068698673,True,False,False,False,False,True,1.0
NORT_ARTIC_4.1,16812,21388,4700,150,42,9,26280,0.18652148384576997,True,False,False,False,False,True,1.0
NORT_ARTIC_4.1,16942,1994,2048,19,15,2,4076,0.49353957590721237,True,False,False,False,False,True,1.0
NORT_ARTIC_4.1,17023,11727,20468,68,105,6,32368,0.4294585648527932,True,False,False,False,False,True,1.0
NORT_ARTIC_4.1,17038,1318,3276,5,20,1,4619,0.5053800552416507,True,False,False,False,False,True,1.0
NORT_ARTIC_4.1,17043,4918,12370,26,51,3,17365,0.31202299412410106,True,False,False,False,False,True,1.0
NORT_ARTIC_4.1,17524,853,1027,9,8,1,1897,0.6273094970026254,True,False,False,False,False,True,1.0
NORT_ARTIC_4.1,18485,7829,16573,51,83,6,24536,0.13889507011714125,True,False,False,False,False,True,1.0
NORT_ARTIC_4.1,18500,996,2373,6,15,1,3390,1.0,True,False,False,False,False,True,1.0
NORT_ARTIC_4.1,18837,270,923,4,8,1,1205,0.4855861014588152,True,False,False,True,False,True,1.0
NORT_ARTIC_4.1,19955,22030,5577,91,32,65,27730,0.11517255811025187,False,False,False,False,False,False,0.9861959664327338
NORT_ARTIC_4.1,20055,7346,17936,32,58,64,25372,0.20029307779440614,False,False,False,False,False,False,1.0
NORT_ARTIC_4.1,20699,40793,55133,310,383,33,96619,0.24749052254893006,False,False,False,False,False,False,1.0
NORT_ARTIC_4.1,20713,3940,5987,23,39,4,9989,0.6987628692457933,True,False,False,False,False,True,1.0
NORT_ARTIC_4.1,20729,23116,26743,163,170,16,50192,0.349204187284202,False,False,False,False,False,False,1.0
NORT_ARTIC_4.1,21528,1519,2491,11,21,2,4042,0.8551112577190831,True,False,False,False,False,True,1.0
NORT_ARTIC_4.1,24193,1178,907,40,81,1,2206,6.902371934982973e-07,True,False,False,False,False,True,3.517908896196322e-05
NORT_ARTIC_4.1,24232,5305,3286,34,21,3,8646,1.0,True,False,False,False,False,True,1.0
NORT_ARTIC_4.1,24525,1252,1575,8,15,1,2850,0.4054841691289405,True,False,False,False,False,True,1.0
NORT_ARTIC_4.1,24799,2966,2024,24,18,3,5032,0.7551114021690444,True,False,False,False,False,True,1.0
NORT_ARTIC_4.1,27287,1554,598,12,4,1,2168,1.0,True,False,False,True,False,True,1.0
NORT_ARTIC_4.1,27529,630,1026,8,8,1,1672,0.4384931610873788,True,False,False,False,False,True,1.0
NORT_ARTIC_4.1,1626,5928,1314,34,11,3,7287,0.3297703478610465,True,False,False,False,False,True,1.0
NORT_ARTIC_4.1,1810,1986,9666,29,79,6,11760,0.00999958126487114,True,False,False,False,False,True,0.2511920758843013
NORT_ARTIC_4.1,3797,2094,488,22,10,2,2614,0.1081165106844788,True,False,False,False,False,True,0.9731331642640071
NORT_ARTIC_4.1,7458,6934,1643,44,18,3,8639,0.053267115091266165,True,False,False,False,False,True,0.7563109734011223
NORT_ARTIC_4.1,8647,3569,11343,20,64,5,14996,1.0,True,False,False,False,False,True,1.0
NORT_ARTIC_4.1,8835,6952,12787,808,481,43,21028,2.2543784793145093e-83,False,False,False,False,False,False,3.628362836707247e-81
NORT_ARTIC_4.1,9407,144,301,5,14,1,464,0.8024130973276773,True,True,False,False,False,True,1.0
NORT_ARTIC_4.1,11533,2268,3582,1,60,4,5911,7.774655812966633e-12,True,False,False,False,False,True,5.40338579001181e-10
NORT_ARTIC_4.1,14786,387,62,3,0,1,452,1.0,True,True,True,True,False,True,1.0
NORT_ARTIC_4.1,15620,8775,920,60,11,4,9766,0.10083101196112475,True,False,False,False,False,True,0.951670477089875
NORT_ARTIC_4.1,17950,876,934,9,9,1,1828,1.0,True,False,False,False,False,True,1.0
NORT_ARTIC_4.1,19077,47603,35919,1273,501,36,85296,5.570766994734118e-37,False,False,False,False,False,False,6.552079026883436e-35
NORT_ARTIC_4.1,20437,6054,5012,26,33,3,11125,0.11565457163554987,True,False,False,False,False,True,0.9861959664327338
NORT_ARTIC_4.1,20753,4127,5610,23,32,3,9792,1.0,True,False,False,False,False,True,1.0
NORT_ARTIC_4.1,21737,2643,1981,32,25,3,4681,0.8935145130829723,True,False,False,False,False,True,1.0
NORT_ARTIC_4.1,23672,502,107,5,4,1,618,0.05973028511134541,True,True,False,True,False,True,0.7907152029025726
NORT_ARTIC_4.1,23987,1731,242,18,3,1,1994,0.7364654899198355,True,False,False,True,False,True,1.0
NORT_ARTIC_4.1,24518,1731,1761,11,11,1,3514,1.0,True,False,False,False,False,True,1.0
NORT_ARTIC_4.1,25416,8281,6036,15,11,6,14343,1.0,True,False,False,False,False,True,1.0
NORT_ARTIC_4.1,26297,5221,14821,34,66,5,20142,0.08594369037469932,True,False,False,False,False,True,0.9254077646684172
NORT_ARTIC_4.1,26302,1591,5393,11,32,2,7027,0.7150228508498742,True,False,False,False,False,True,1.0
NORT_ARTIC_4.1,28093,73928,43319,1130,337,41,118714,3.481101223082137e-30,False,False,False,False,False,False,3.80185983578042e-28
NORT_ARTIC_4.1,28792,450,2724,3,11,2,3188,0.4360114294970281,True,False,False,True,False,True,1.0
NORT_ARTIC_4.1,1923,4811,3493,25,29,2,8358,0.09695319822847648,True,False,False,False,False,True,0.951670477089875
NORT_ARTIC_4.1,2220,5880,4924,31,39,4,10874,0.09312415822544542,True,False,False,False,False,True,0.9509440682385101
NORT_ARTIC_4.1,2257,5713,1547,45,13,3,7318,0.8720135964116487,True,False,False,False,False,True,1.0
NORT_ARTIC_4.1,4202,1530,2455,4,3,3,3992,0.4397106931401056,True,False,False,True,False,True,1.0
NORT_ARTIC_4.1,4781,3699,2043,25,14,2,5781,1.0,True,False,False,False,False,True,1.0
NORT_ARTIC_4.1,4911,1396,3665,11,30,2,5102,1.0,True,False,False,False,False,True,1.0
NORT_ARTIC_4.1,4991,5940,2052,47,16,3,8055,1.0,True,False,False,False,False,True,1.0
NORT_ARTIC_4.1,5275,6584,7236,33,33,3,13886,0.712789756206607,True,False,False,False,False,True,1.0
NORT_ARTIC_4.1,5290,7584,7154,37,37,3,14812,0.8166428488825195,True,False,False,False,False,True,1.0
NORT_ARTIC_4.1,5661,6067,1999,37,12,2,8115,1.0,True,False,False,False,False,True,1.0
NORT_ARTIC_4.1,5935,3831,2589,25,13,2,6458,0.50917047364069,True,False,False,False,False,True,1.0
NORT_ARTIC_4.1,8049,1067,1438,1,1,1,2507,1.0,True,False,False,True,False,True,1.0
NORT_ARTIC_4.1,8577,1369,4048,12,18,1,5447,0.08907430965193316,True,False,False,False,False,True,0.9328398593000398
NORT_ARTIC_4.1,8652,1419,5322,7,31,2,6779,0.8425507806499142,True,False,False,False,False,True,1.0
NORT_ARTIC_4.1,8829,1419,2170,63,27,7,3679,1.0903398984553414e-08,True,False,False,False,False,True,6.291055489578178e-07
NORT_ARTIC_4.1,9019,1347,331,12,3,1,1693,1.0,True,False,False,True,False,True,1.0
NORT_ARTIC_4.1,10110,3561,2427,29,14,2,6031,0.350194956104413,True,False,False,False,False,True,1.0
NORT_ARTIC_4.1,10309,2682,2536,37,35,3,5290,1.0,True,False,False,False,False,True,1.0
NORT_ARTIC_4.1,10323,1211,1847,14,7,1,3079,0.013864965786141405,True,False,False,False,False,True,0.3212050407122759
NORT_ARTIC_4.1,10403,1785,4354,13,33,2,6185,1.0,True,False,False,False,False,True,1.0
NORT_ARTIC_4.1,10564,9774,4356,62,38,4,14230,0.12867634816387227,True,False,False,False,False,True,1.0
NORT_ARTIC_4.1,11033,2772,2535,17,21,2,5345,0.41615371228559045,True,False,False,False,False,True,1.0
NORT_ARTIC_4.1,11052,2573,1816,18,12,1,4419,1.0,True,False,False,False,False,True,1.0
NORT_ARTIC_4.1,11349,4521,4144,36,22,2,8723,0.14756985239134435,True,False,False,False,False,True,1.0
NORT_ARTIC_4.1,12037,6197,1042,37,11,2,7287,0.09957839351652259,True,False,False,False,False,True,0.951670477089875
NORT_ARTIC_4.1,12326,9418,4362,54,34,4,13868,0.16842963917311726,True,False,False,False,False,True,1.0
NORT_ARTIC_4.1,12490,2150,5919,14,29,2,8112,0.38897660389157457,True,False,False,False,False,True,1.0
NORT_ARTIC_4.1,12558,4023,4927,28,23,2,9001,0.16061477077615374,True,False,False,False,False,True,1.0
NORT_ARTIC_4.1,12577,11147,12266,65,81,8,23559,0.5062449590359601,True,False,False,False,False,True,1.0
NORT_ARTIC_4.1,12612,4358,3894,19,24,2,8295,0.28556788320794557,True,False,False,False,False,True,1.0
NORT_ARTIC_4.1,13898,6513,1939,30,14,2,8496,0.2063510764489424,True,False,False,False,False,True,1.0
NORT_ARTIC_4.1,14431,7818,2805,45,18,4,10686,0.6694037949939842,True,False,False,False,False,True,1.0
NORT_ARTIC_4.1,14433,5526,2099,36,20,3,7681,0.17808737395285046,True,False,False,False,False,True,1.0
NORT_ARTIC_4.1,14626,931,3880,12,31,2,4854,0.17385030297265158,True,False,False,False,False,True,1.0
NORT_ARTIC_4.1,14658,3376,13057,45,105,9,16583,0.0060454097899130385,True,False,False,False,False,True,0.17440436922220823
NORT_ARTIC_4.1,15521,5321,19726,689,731,43,26467,4.6114168255740935e-107,False,False,False,False,False,False,8.813570407878485e-105
NORT_ARTIC_4.1,15668,8807,2063,78,13,3,10961,0.2847946130608725,True,False,False,False,False,True,1.0
NORT_ARTIC_4.1,16081,1265,2995,7,16,1,4283,1.0,True,False,False,False,False,True,1.0
NORT_ARTIC_4.1,16154,4056,4077,29,19,1,8181,0.1506930315133909,True,False,False,False,False,True,1.0
NORT_ARTIC_4.1,16256,25308,7789,153,59,11,33309,0.14419930289209565,False,False,False,False,False,False,1.0
NORT_ARTIC_4.1,16363,1231,4694,4,22,1,5951,0.6322382551505166,True,False,False,False,False,True,1.0
NORT_ARTIC_4.1,16364,2341,8815,16,48,3,11220,0.4416061679518002,True,False,False,False,False,True,1.0
NORT_ARTIC_4.1,16413,1877,4194,9,22,1,6102,1.0,True,False,False,False,False,True,1.0
NORT_ARTIC_4.1,16441,4698,7655,22,40,3,12415,0.7933130754206519,True,False,False,False,False,True,1.0
NORT_ARTIC_4.1,16478,3410,3535,24,28,2,6997,0.6793862903174775,True,False,False,False,False,True,1.0
NORT_ARTIC_4.1,16939,2976,3268,16,14,1,6274,0.5853644242779459,True,False,False,False,False,True,1.0
NORT_ARTIC_4.1,17018,18753,34155,96,153,10,53157,0.3194142826165899,False,False,False,False,False,False,1.0
NORT_ARTIC_4.1,17070,5607,10606,26,51,3,16290,1.0,True,False,False,False,False,True,1.0
NORT_ARTIC_4.1,17075,12127,21365,50,102,7,33644,0.44658746179845016,True,False,False,False,False,True,1.0
NORT_ARTIC_4.1,17766,3569,1854,37,18,2,5478,0.8870798337616361,True,False,False,False,False,True,1.0
NORT_ARTIC_4.1,19065,20001,12887,210,95,11,33193,0.004585337251670483,False,False,False,False,False,False,0.13883130015453798
NORT_ARTIC_4.1,19169,5783,14710,36,90,5,20619,0.9211086036383982,True,False,False,False,False,True,1.0
NORT_ARTIC_4.1,19741,5687,12311,88,75,7,18161,4.813166456396451e-09,True,False,False,False,False,True,2.8860123575804606e-07
NORT_ARTIC_4.1,19743,5560,15743,88,166,7,21557,0.0031492514471337914,True,False,False,False,False,True,0.10451207262660431
NORT_ARTIC_4.1,19869,430,1824,1,14,1,2269,0.32933352347555783,True,False,False,True,False,True,1.0
NORT_ARTIC_4.1,20175,3334,1260,20,10,1,4624,0.5377959401150956,True,False,False,False,False,True,1.0
NORT_ARTIC_4.1,20200,9963,3473,57,29,3,13522,0.10795987638223542,True,False,False,False,False,True,0.9731331642640071
NORT_ARTIC_4.1,20239,4020,1904,20,10,1,5954,0.8473268127341744,True,False,False,False,False,True,1.0
NORT_ARTIC_4.1,20435,10936,10297,65,54,5,21352,0.5206274029940714,True,False,False,False,False,True,1.0
NORT_ARTIC_4.1,20556,3454,2232,16,12,1,5714,0.7019202588416422,True,False,False,False,False,True,1.0
NORT_ARTIC_4.1,20581,4265,4117,26,31,3,8439,0.5066592160073092,True,False,False,False,False,True,1.0
NORT_ARTIC_4.1,20583,1927,2385,10,8,1,4330,0.47719680621703664,True,False,False,False,False,True,1.0
NORT_ARTIC_4.1,21134,2940,905,17,8,1,3870,0.34428054372610156,True,False,False,False,False,True,1.0
NORT_ARTIC_4.1,21229,1461,4353,13,37,2,5864,0.8706161595724713,True,False,False,False,False,True,1.0
NORT_ARTIC_4.1,21440,7927,2579,79,30,6,10615,0.5020890966297448,True,False,False,False,False,True,1.0
NORT_ARTIC_4.1,21493,1773,1194,10,10,1,2987,0.37223247978681717,True,False,False,False,False,True,1.0
NORT_ARTIC_4.1,22491,1014,375,9,6,1,1404,0.25432708145043603,True,False,False,True,False,True,1.0
NORT_ARTIC_4.1,24264,3055,584,17,6,1,3662,0.24737449051059962,True,False,False,True,False,True,1.0
NORT_ARTIC_4.1,24504,10763,13614,60,73,6,24510,0.8611467815065776,True,False,False,False,False,True,1.0
NORT_ARTIC_4.1,24813,2910,1972,22,13,2,4917,0.7332491673552206,True,False,False,False,False,True,1.0
NORT_ARTIC_4.1,25119,1866,1267,13,7,1,3153,0.8198477558849744,True,False,False,False,False,True,1.0
NORT_ARTIC_4.1,26080,4298,630,22,4,1,4954,0.566829367429105,True,False,False,True,False,True,1.0
NORT_ARTIC_4.1,26092,4441,723,22,4,1,5190,0.7774493180447544,True,False,False,True,False,True,1.0
NORT_ARTIC_4.1,26254,910,4284,6,18,1,5218,0.41552665411032863,True,False,False,True,False,True,1.0
NORT_ARTIC_4.1,26300,17814,33785,106,221,13,51926,0.4483865139722837,False,False,False,False,False,False,1.0
NORT_ARTIC_4.1,26813,722,1591,8,13,1,2334,0.4860553398518279,True,False,False,False,False,True,1.0
NORT_ARTIC_4.1,27296,7998,2635,52,19,4,10704,0.6805067304385896,True,False,False,False,False,True,1.0
NORT_ARTIC_4.1,27377,1796,1776,10,9,1,3591,1.0,True,False,False,False,False,True,1.0
NORT_ARTIC_4.1,27768,5237,2095,31,17,2,7380,0.3358827924334781,True,False,False,False,False,True,1.0
NORT_ARTIC_4.1,27892,1311,2330,9,18,1,3668,0.8430468120775735,True,False,False,False,False,True,1.0
NORT_ARTIC_4.1,28755,1231,2959,10,23,2,4223,0.8505965456445895,True,False,False,False,False,True,1.0
NORT_ARTIC_4.1,29371,1941,3804,5,91,6,5841,3.7830071701870746e-11,True,False,False,False,False,True,2.5148773753113205e-09
NORT_ARTIC_4.1,29377,3151,9541,8,206,10,12906,1.0811688579315047e-16,False,False,False,False,False,False,9.72415990457218e-15
NORT_ARTIC_4.1,729,3233,617,19,9,2,3878,0.034202827463034054,True,False,False,True,False,True,0.6188890318459062
NORT_ARTIC_4.1,1618,2705,743,19,7,1,3474,0.4778484351595101,True,False,False,False,False,True,1.0
NORT_ARTIC_4.1,1620,8010,3124,49,21,3,11204,0.6909774443943979,True,False,False,False,False,True,1.0
NORT_ARTIC_4.1,1781,1107,4073,10,29,3,5219,0.5557976533692985,True,False,False,False,False,True,1.0
NORT_ARTIC_4.1,1903,3756,1953,22,6,1,5737,0.1684906913526748,True,False,False,False,False,True,1.0
NORT_ARTIC_4.1,1910,10732,7296,56,40,4,18124,0.8352115007593924,True,False,False,False,False,True,1.0
NORT_ARTIC_4.1,2053,1231,2751,7,20,1,4009,0.6792410082163405,True,False,False,False,False,True,1.0
NORT_ARTIC_4.1,2238,4397,1181,28,9,2,5615,0.6858744693918248,True,False,False,False,False,True,1.0
NORT_ARTIC_4.1,2259,4522,935,33,6,2,5496,1.0,True,False,False,False,False,True,1.0
NORT_ARTIC_4.1,2364,608,2400,5,19,1,3032,1.0,True,False,False,True,False,True,1.0
NORT_ARTIC_4.1,2542,1828,575,10,8,1,2421,0.05287252954336329,True,False,False,True,False,True,0.7563109734011223
NORT_ARTIC_4.1,2658,2480,1524,20,15,2,4039,0.6016111799196088,True,False,False,False,False,True,1.0
NORT_ARTIC_4.1,3421,1589,2638,8,14,1,4249,1.0,True,False,False,False,False,True,1.0
NORT_ARTIC_4.1,3472,3837,2208,13,16,2,6074,0.051526579284295076,True,False,False,False,False,True,0.7493929824264153
NORT_ARTIC_4.1,4011,504,836,2,8,1,1350,0.33677149364485665,True,False,False,True,False,True,1.0
NORT_ARTIC_4.1,4108,1114,285,9,3,1,1411,0.7186743024392592,True,False,False,True,False,True,1.0
NORT_ARTIC_4.1,4584,137,737,1,12,1,887,0.70398241970179,True,True,False,True,False,True,1.0
NORT_ARTIC_4.1,4644,699,447,7,3,1,1156,0.7486871433385718,True,False,False,True,False,True,1.0
NORT_ARTIC_4.1,4700,2752,556,28,9,2,3345,0.2658747665303557,True,False,False,False,False,True,1.0
NORT_ARTIC_4.1,5019,3315,293,19,5,1,3632,0.041789132914320744,True,False,False,True,False,True,0.6957313258379407
NORT_ARTIC_4.1,5234,2105,10400,17,66,4,12588,0.3772005406093314,True,False,False,False,False,True,1.0
NORT_ARTIC_4.1,5293,5332,4404,25,22,2,9783,0.8836523330156488,True,False,False,False,False,True,1.0
NORT_ARTIC_4.1,5299,8526,7891,46,43,4,16506,1.0,True,False,False,False,False,True,1.0
NORT_ARTIC_4.1,5330,3607,476,18,2,1,4103,1.0,True,False,False,True,False,True,1.0
NORT_ARTIC_4.1,5742,2304,2506,15,16,1,4841,1.0,True,False,False,False,False,True,1.0
NORT_ARTIC_4.1,5799,2291,6875,22,46,2,9234,0.1620785160637694,True,False,False,False,False,True,1.0
NORT_ARTIC_4.1,5836,1473,6886,13,33,3,8405,0.07797281722674393,True,False,False,False,False,True,0.8897047577588915
NORT_ARTIC_4.1,5839,1491,7951,10,46,2,9498,0.7122476617018474,True,False,False,False,False,True,1.0
NORT_ARTIC_4.1,5864,3611,12382,28,79,6,16100,0.3560413505427096,True,False,False,False,False,True,1.0
NORT_ARTIC_4.1,5983,2797,418,16,3,1,3234,0.7287797002595051,True,False,False,True,False,True,1.0
NORT_ARTIC_4.1,6007,4847,3000,33,20,2,7900,1.0,True,False,False,False,False,True,1.0
NORT_ARTIC_4.1,6782,13123,14719,114,114,13,28070,0.3876449195628911,False,False,False,False,False,False,1.0
NORT_ARTIC_4.1,6791,2146,3044,15,21,2,5226,1.0,True,False,False,False,False,True,1.0
NORT_ARTIC_4.1,6795,2572,3701,23,17,3,6313,0.03701519448321065,True,False,False,False,False,True,0.6408358101065822
NORT_ARTIC_4.1,6798,2119,3303,16,20,2,5458,0.4994962425675104,True,False,False,False,False,True,1.0
NORT_ARTIC_4.1,6846,2066,3051,14,18,2,5149,0.7202682641569262,True,False,False,False,False,True,1.0
NORT_ARTIC_4.1,7481,6267,919,32,4,2,7222,1.0,True,False,False,True,False,True,1.0
NORT_ARTIC_4.1,7496,5302,827,26,7,2,6162,0.19974664332642833,True,False,False,True,False,True,1.0
NORT_ARTIC_4.1,7678,1547,6479,14,32,2,8072,0.0618903712578236,True,False,False,False,False,True,0.8054526310563593
NORT_ARTIC_4.1,7700,5900,12703,33,74,5,18710,0.9171715110979387,True,False,False,False,False,True,1.0
NORT_ARTIC_4.1,7726,3158,5193,18,31,2,8400,1.0,True,False,False,False,False,True,1.0
NORT_ARTIC_4.1,8242,312,1432,3,12,1,1759,0.740412253604353,True,False,False,True,False,True,1.0
NORT_ARTIC_4.1,8405,4380,698,25,10,2,5113,0.02247480324552591,True,False,False,True,False,True,0.4707393720877961
NORT_ARTIC_4.1,8421,6041,1344,29,9,2,7423,0.3980511594920317,True,False,False,False,False,True,1.0
NORT_ARTIC_4.1,8448,3658,674,16,4,1,4352,0.5383937837857582,True,False,False,True,False,True,1.0
NORT_ARTIC_4.1,8599,3464,12998,31,70,5,16563,0.026726703003395497,True,False,False,False,False,True,0.5136404616108855
NORT_ARTIC_4.1,8669,12947,32065,105,220,21,45337,0.15791615554105753,False,False,False,False,False,False,1.0
NORT_ARTIC_4.1,8670,1826,4455,17,39,3,6337,0.8825811101145706,True,False,False,False,False,True,1.0
NORT_ARTIC_4.1,8671,2598,6739,25,51,4,9413,0.36813658030497387,True,False,False,False,False,True,1.0
NORT_ARTIC_4.1,8679,2409,6717,19,48,4,9193,0.6790541999204063,True,False,False,False,False,True,1.0
NORT_ARTIC_4.1,9421,520,1453,5,13,1,1991,1.0,True,False,False,True,False,True,1.0
NORT_ARTIC_4.1,9488,1974,2011,15,12,2,4012,0.5673703880921241,True,False,False,False,False,True,1.0
NORT_ARTIC_4.1,9530,2209,1164,19,3,1,3395,0.04275118131468705,True,False,False,False,False,True,0.7028661960231882
NORT_ARTIC_4.1,9594,25907,9124,145,65,9,35241,0.11467930179919608,True,False,False,False,False,True,0.9861959664327338
NORT_ARTIC_4.1,9676,1399,1703,13,11,1,3126,0.4143408657298959,True,False,False,False,False,True,1.0
NORT_ARTIC_4.1,10011,9316,10556,96,123,11,20091,0.3769775719523931,False,False,False,False,False,False,1.0
NORT_ARTIC_4.1,10299,1531,1433,15,16,2,2995,0.7225333433913742,True,False,False,False,False,True,1.0
NORT_ARTIC_4.1,10445,6619,5057,42,36,3,11754,0.6473111289641893,True,False,False,False,False,True,1.0
NORT_ARTIC_4.1,10539,12181,2154,68,11,3,14414,0.8756016776691713,True,False,False,False,False,True,1.0
NORT_ARTIC_4.1,10588,3828,1706,22,7,1,5563,0.5470468121419594,True,False,False,False,False,True,1.0
NORT_ARTIC_4.1,10616,5440,4863,33,29,2,10365,1.0,True,False,False,False,False,True,1.0
NORT_ARTIC_4.1,10699,1374,11749,8,61,3,13192,0.694208350911515,True,False,False,False,False,True,1.0
NORT_ARTIC_4.1,10701,580,6115,4,32,1,6731,0.549247016366222,True,False,False,True,False,True,1.0
NORT_ARTIC_4.1,10738,970,5547,5,23,1,6545,0.5973890418792066,True,False,False,True,False,True,1.0
NORT_ARTIC_4.1,10742,1993,8390,10,40,2,10433,0.8576273563017862,True,False,False,False,False,True,1.0
NORT_ARTIC_4.1,10750,2921,6135,17,29,2,9102,0.5279696607484717,True,False,False,False,False,True,1.0
NORT_ARTIC_4.1,10777,2392,4573,17,26,2,7008,0.5200754777858054,True,False,False,False,False,True,1.0
NORT_ARTIC_4.1,11170,3098,1282,20,8,1,4408,1.0,True,False,False,False,False,True,1.0
NORT_ARTIC_4.1,11443,8515,2499,60,22,4,11096,0.3568772433956484,True,False,False,False,False,True,1.0
NORT_ARTIC_4.1,11458,3857,1344,22,10,1,5233,0.5431574995462024,True,False,False,False,False,True,1.0
NORT_ARTIC_4.1,11639,2824,6815,21,41,3,9701,0.483951148907495,True,False,False,False,False,True,1.0
NORT_ARTIC_4.1,12270,3064,4206,21,44,3,7335,0.12966403009706357,True,False,False,False,False,True,1.0
NORT_ARTIC_4.1,12319,2859,1551,17,9,1,4436,1.0,True,False,False,False,False,True,1.0
NORT_ARTIC_4.1,12363,22411,6150,183,67,12,28811,0.05312101639360034,False,False,False,False,False,False,0.7563109734011223
NORT_ARTIC_4.1,12526,2066,7813,25,51,3,9955,0.015468490487402148,True,False,False,False,False,True,0.3427782072653909
NORT_ARTIC_4.1,13175,3334,2577,14,13,1,5938,0.6990240864894927,True,False,False,False,False,True,1.0
NORT_ARTIC_4.1,13186,3481,2205,21,8,1,5715,0.25473644605838164,True,False,False,False,False,True,1.0
NORT_ARTIC_4.1,13265,3745,1054,18,5,1,4822,1.0,True,False,False,False,False,True,1.0
NORT_ARTIC_4.1,13273,7954,2579,40,19,3,10592,0.17325648792216053,True,False,False,False,False,True,1.0
NORT_ARTIC_4.1,13685,226,480,2,8,1,716,0.5157873140807862,True,True,False,True,False,True,1.0
NORT_ARTIC_4.1,13823,3384,785,22,2,1,4193,0.2919664682512495,True,False,False,True,False,True,1.0
NORT_ARTIC_4.1,13847,5398,907,28,7,2,6340,0.3340221365441464,True,False,False,False,False,True,1.0
NORT_ARTIC_4.1,14395,3097,1824,19,13,2,4953,0.7150239372012408,True,False,False,False,False,True,1.0
NORT_ARTIC_4.1,15570,3282,701,19,4,1,4006,1.0,True,False,False,True,False,True,1.0
NORT_ARTIC_4.1,15855,441,4669,3,20,1,5133,0.4443399354263093,True,False,False,True,False,True,1.0
NORT_ARTIC_4.1,15872,2217,6942,10,40,2,9209,0.6193630498459586,True,False,False,False,False,True,1.0
NORT_ARTIC_4.1,15911,11783,10751,73,44,6,22651,0.032540908495909376,True,False,False,False,False,True,0.5923220129791124
NORT_ARTIC_4.1,16023,3827,1669,25,9,1,5530,0.7110228500438205,True,False,False,False,False,True,1.0
NORT_ARTIC_4.1,16176,6980,5892,37,27,2,12936,0.6159821117361199,True,False,False,False,False,True,1.0
NORT_ARTIC_4.1,16177,13961,12744,91,101,5,26897,0.19190868856834675,True,False,False,False,False,True,1.0
NORT_ARTIC_4.1,16194,6784,6379,35,33,2,13231,1.0,True,False,False,False,False,True,1.0
NORT_ARTIC_4.1,16196,12208,10299,58,45,5,22610,0.6929499279071187,True,False,False,False,False,True,1.0
NORT_ARTIC_4.1,16211,8676,7669,44,44,3,16433,0.593235326611848,True,False,False,False,False,True,1.0
NORT_ARTIC_4.1,16227,4465,2581,21,13,1,7080,0.859565065132231,True,False,False,False,False,True,1.0
NORT_ARTIC_4.1,16728,5410,3334,27,20,2,8791,0.5492753377797421,True,False,False,False,False,True,1.0
NORT_ARTIC_4.1,16780,10689,3642,84,30,4,14445,0.8292108988773957,True,False,False,False,False,True,1.0
NORT_ARTIC_4.1,16791,4562,451,19,6,1,5038,0.02149035249873797,True,False,False,True,False,True,0.4532241237320049
NORT_ARTIC_4.1,16947,1932,4790,15,32,1,6769,0.6294379328849913,True,False,False,False,False,True,1.0
NORT_ARTIC_4.1,16953,4820,12785,31,67,3,17703,0.3636985284752964,True,False,False,False,False,True,1.0
NORT_ARTIC_4.1,17057,1920,5384,9,28,1,7341,1.0,True,False,False,False,False,True,1.0
NORT_ARTIC_4.1,17192,2031,1750,17,17,3,3815,0.7309867328915425,True,False,False,False,False,True,1.0
NORT_ARTIC_4.1,17631,2146,3686,7,19,1,5858,0.4150576948350575,True,False,False,False,False,True,1.0
NORT_ARTIC_4.1,17694,6386,4350,57,31,3,10824,0.32867550802233003,True,False,False,False,False,True,1.0
NORT_ARTIC_4.1,17973,1814,1833,13,23,2,3683,0.13103780863265302,True,False,False,False,False,True,1.0
NORT_ARTIC_4.1,18260,1955,976,14,7,1,2952,1.0,True,False,False,False,False,True,1.0
NORT_ARTIC_4.1,18333,6575,1076,37,7,3,7695,0.6653512261051945,True,False,False,False,False,True,1.0
NORT_ARTIC_4.1,18509,2591,7855,21,41,2,10508,0.10553626948965625,True,False,False,False,False,True,0.9720780484920748
NORT_ARTIC_4.1,18993,4721,1354,35,14,2,6124,0.30187643451587953,True,False,False,False,False,True,1.0
NORT_ARTIC_4.1,18999,5007,1467,28,13,2,6515,0.1892142973238925,True,False,False,False,False,True,1.0
NORT_ARTIC_4.1,19095,2128,1778,14,8,1,3928,0.5205599274426193,True,False,False,False,False,True,1.0
NORT_ARTIC_4.1,19203,696,3700,4,15,1,4415,0.526921845804306,True,False,False,True,False,True,1.0
NORT_ARTIC_4.1,19225,5419,12104,34,75,5,17632,1.0,True,False,False,False,False,True,1.0
NORT_ARTIC_4.1,19234,5301,13013,31,87,5,18432,0.6106046435985029,True,False,False,False,False,True,1.0
NORT_ARTIC_4.1,19251,3631,9206,32,44,4,12913,0.010316969650794174,True,False,False,False,False,True,0.25442978380748854
NORT_ARTIC_4.1,19595,5797,1224,34,9,3,7064,0.5451862229456981,True,False,False,False,False,True,1.0
NORT_ARTIC_4.1,19619,9585,2755,60,24,4,12424,0.18812210211300814,True,False,False,False,False,True,1.0
NORT_ARTIC_4.1,19787,624,3453,4,21,1,4102,0.7863112182819716,True,False,False,True,False,True,1.0
NORT_ARTIC_4.1,20149,2941,1221,18,4,1,4184,0.34841181851342473,True,False,False,False,False,True,1.0
NORT_ARTIC_4.1,20214,11314,3626,64,30,5,15034,0.09136161840108255,True,False,False,False,False,True,0.9470638273576626
NORT_ARTIC_4.1,20406,3315,6745,24,53,4,10137,0.8082924764717956,True,False,False,False,False,True,1.0
NORT_ARTIC_4.1,20690,878,3012,2,17,1,3909,0.27757504847142345,True,False,False,True,False,True,1.0
NORT_ARTIC_4.1,21009,2205,4808,10,36,2,7059,0.20164065108983736,True,False,False,False,False,True,1.0
NORT_ARTIC_4.1,21014,3827,5773,26,37,3,9663,0.897410964971564,True,False,False,False,False,True,1.0
NORT_ARTIC_4.1,21032,1592,1522,13,6,1,3133,0.16822126661104309,True,False,False,False,False,True,1.0
NORT_ARTIC_4.1,21329,4351,4600,30,31,4,9012,1.0,True,False,False,False,False,True,1.0
NORT_ARTIC_4.1,21343,2419,2449,14,16,3,4898,0.8551844203016501,True,False,False,False,False,True,1.0
NORT_ARTIC_4.1,22435,1101,391,9,4,1,1505,0.7528155919361275,True,False,False,True,False,True,1.0
NORT_ARTIC_4.1,23296,2247,1652,13,9,1,3921,1.0,True,False,False,False,False,True,1.0
NORT_ARTIC_4.1,23986,2334,415,17,4,1,2770,0.5455770823367576,True,False,False,True,False,True,1.0
NORT_ARTIC_4.1,24187,4554,4300,28,35,3,8917,0.31181076961123827,True,False,False,False,False,True,1.0
NORT_ARTIC_4.1,24430,1239,5412,9,39,2,6699,1.0,True,False,False,False,False,True,1.0
NORT_ARTIC_4.1,24506,10497,14023,55,83,7,24658,0.5460711998895011,True,False,False,False,False,True,1.0
NORT_ARTIC_4.1,24516,5872,6874,38,45,3,12829,1.0,True,False,False,False,False,True,1.0
NORT_ARTIC_4.1,24567,3691,1362,28,12,2,5093,0.7206070759882832,True,False,False,False,False,True,1.0
NORT_ARTIC_4.1,24817,7541,4266,50,32,5,11889,0.6447367969767421,True,False,False,False,False,True,1.0
NORT_ARTIC_4.1,25488,2099,1044,17,11,2,3171,0.5467402768162816,True,False,False,False,False,True,1.0
NORT_ARTIC_4.1,25810,2054,926,1,3,3,2984,0.09237467726600895,True,False,False,True,False,True,0.9509440682385101
NORT_ARTIC_4.1,26011,3121,949,14,8,1,4092,0.20224124540110283,True,False,False,False,False,True,1.0
NORT_ARTIC_4.1,26083,4984,381,29,0,1,5394,0.2633871485222733,True,False,True,True,False,True,1.0
NORT_ARTIC_4.1,26303,1901,4402,8,27,1,6338,0.4600896322586778,True,False,False,False,False,True,1.0
NORT_ARTIC_4.1,26306,4134,9059,24,46,4,13263,0.6063498712090312,True,False,False,False,False,True,1.0
NORT_ARTIC_4.1,26307,3478,9055,18,36,2,12587,0.3628314730083784,True,False,False,False,False,True,1.0
NORT_ARTIC_4.1,26321,1943,4373,2,23,1,6341,0.014712149221243576,True,False,False,False,False,True,0.3308070023423739
NORT_ARTIC_4.1,26333,1961,4050,2,27,1,6040,0.0021942001012354865,True,False,False,False,False,True,0.0771248725238864
NORT_ARTIC_4.1,26342,2104,3591,10,19,1,5724,0.8492910990924682,True,False,False,False,False,True,1.0
NORT_ARTIC_4.1,26422,2408,1815,14,14,2,4251,0.4521076049544839,True,False,False,False,False,True,1.0
NORT_ARTIC_4.1,26629,1465,962,13,5,1,2445,0.3445700023753656,True,False,False,False,False,True,1.0
NORT_ARTIC_4.1,26893,459,3298,3,23,2,3783,1.0,True,False,False,True,False,True,1.0
NORT_ARTIC_4.1,27407,12041,33081,92,214,14,45428,0.19462692862579045,False,False,False,False,False,False,1.0
NORT_ARTIC_4.1,27776,2866,1205,16,13,1,4100,0.10026999215317267,True,False,False,False,False,True,0.951670477089875
NORT_ARTIC_4.1,27856,9523,3066,53,23,4,12665,0.22956940040860652,True,False,False,False,False,True,1.0
NORT_ARTIC_4.1,27971,392,2948,4,18,1,3362,0.3185379410969986,True,False,False,True,False,True,1.0
NORT_ARTIC_4.1,1585,8609,3622,50,29,5,12310,0.17488841917709141,True,False,False,False,False,True,1.0
NORT_ARTIC_4.1,1647,1298,502,14,5,1,1819,1.0,True,False,False,False,False,True,1.0
NORT_ARTIC_4.1,3245,897,438,8,5,1,1348,0.7678495064570552,True,False,False,True,False,True,1.0
NORT_ARTIC_4.1,3408,1014,1141,9,11,1,2175,1.0,True,False,False,False,False,True,1.0
NORT_ARTIC_4.1,3731,7052,21995,351,103,19,29501,2.2497516137166053e-122,False,False,False,False,False,False,5.2921080267272144e-120
NORT_ARTIC_4.1,5205,822,2549,9,26,2,3406,0.8440430192986177,True,False,False,False,False,True,1.0
NORT_ARTIC_4.1,5870,1906,5667,16,32,3,7621,0.24167288005888354,True,False,False,False,False,True,1.0
NORT_ARTIC_4.1,7262,490,432,49,2,3,973,3.1614462747359504e-11,True,True,False,False,False,True,2.14837837958723e-09
NORT_ARTIC_4.1,7484,3168,716,36,13,2,3933,0.14249782496248242,True,False,False,False,False,True,1.0
NORT_ARTIC_4.1,7595,728,701,10,12,1,1451,0.6709561523113693,True,False,False,False,False,True,1.0
NORT_ARTIC_4.1,7639,625,1685,6,15,1,2331,0.8098584792454556,True,False,False,False,False,True,1.0
NORT_ARTIC_4.1,7682,1595,5207,15,26,3,6843,0.06273283594411133,True,False,False,False,False,True,0.8128686962588664
NORT_ARTIC_4.1,8360,1171,294,18,4,1,1487,1.0,True,False,False,True,False,True,1.0
NORT_ARTIC_4.1,9727,1916,7095,16,39,3,9066,0.18450291380044853,True,False,False,False,False,True,1.0
NORT_ARTIC_4.1,10355,480,1133,7,13,1,1633,0.6260845346778936,True,False,False,False,False,True,1.0
NORT_ARTIC_4.1,11251,489,1179,9,10,1,1687,0.1252181980641694,True,False,False,False,False,True,0.9972307745090834
NORT_ARTIC_4.1,12484,1400,2713,31,71,2,4215,0.46124513256764443,True,False,False,False,False,True,1.0
NORT_ARTIC_4.1,14495,562,237,12,7,1,818,0.6120117735766811,True,True,False,False,False,True,1.0
NORT_ARTIC_4.1,17011,15255,27355,66,135,8,42811,0.41742093880872144,True,False,False,False,False,True,1.0
NORT_ARTIC_4.1,17308,1887,4101,17,33,4,6038,0.7600899474463859,True,False,False,False,False,True,1.0
NORT_ARTIC_4.1,18131,10,11,0,0,1,21,1.0,True,True,True,True,False,True,1.0
NORT_ARTIC_4.1,19222,575,1248,5,8,1,1836,0.5628300920953015,True,False,False,True,False,True,1.0
NORT_ARTIC_4.1,19288,134,56,4,2,1,196,1.0,True,True,False,True,False,True,1.0
NORT_ARTIC_4.1,20703,675,1285,20,22,1,2002,0.10002032918709067,True,False,False,False,False,True,0.951670477089875
NORT_ARTIC_4.1,22496,21,8,2,2,1,33,0.567204301075269,True,True,False,True,False,True,1.0
NORT_ARTIC_4.1,22792,5963,1450,76,172,14,7661,6.371158427218288e-62,False,False,False,False,False,False,9.277620224015965e-60
NORT_ARTIC_4.1,23520,294,813,6,11,1,1124,0.4142736213377751,True,False,False,True,False,True,1.0
NORT_ARTIC_4.1,26668,665,180,9,6,1,860,0.10758504785346075,True,True,False,True,False,True,0.9731331642640071
NORT_ARTIC_4.1,27803,1556,679,12,5,1,2252,1.0,True,False,False,False,False,True,1.0
NORT_ARTIC_4.1,3613,982,1304,8,9,1,2303,0.8079003060820698,True,False,False,False,False,True,1.0
NORT_ARTIC_4.1,4143,978,526,9,4,1,1517,1.0,True,False,False,True,False,True,1.0
NORT_ARTIC_4.1,4402,899,432,8,6,1,1345,0.40271002355725866,True,False,False,True,False,True,1.0
NORT_ARTIC_4.1,4446,3135,1406,23,14,3,4578,0.3751947984775564,True,False,False,False,False,True,1.0
NORT_ARTIC_4.1,4860,964,1882,5,12,1,2863,0.8018294195658393,True,False,False,False,False,True,1.0
NORT_ARTIC_4.1,5209,2126,6429,20,39,4,8614,0.12961100370830378,True,False,False,False,False,True,1.0
NORT_ARTIC_4.1,5872,1764,5319,15,34,3,7132,0.4066492492775593,True,False,False,False,False,True,1.0
NORT_ARTIC_4.1,7212,3863,1132,154,3,5,5152,2.0853699221054819e-13,True,False,False,False,False,True,1.594265305449641e-11
NORT_ARTIC_4.1,7451,16806,8474,117,64,9,25461,0.6355434426237396,True,False,False,False,False,True,1.0
NORT_ARTIC_4.1,7467,2584,631,14,6,1,3235,0.25808009744739185,True,False,False,True,False,True,1.0
NORT_ARTIC_4.1,7717,4861,9089,24,50,4,14024,0.7148952780000626,True,False,False,False,False,True,1.0
NORT_ARTIC_4.1,8431,5700,1514,39,9,3,7262,0.8590278987779401,True,False,False,False,False,True,1.0
NORT_ARTIC_4.1,9796,1808,4858,22,33,4,6721,0.04646319319856859,True,False,False,False,False,True,0.7212408365544303
NORT_ARTIC_4.1,12327,1965,949,11,8,1,2933,0.46156203178041394,True,False,False,False,False,True,1.0
NORT_ARTIC_4.1,12652,3130,891,104,25,2,4150,0.5179335261967235,True,False,False,False,False,True,1.0
NORT_ARTIC_4.1,13861,3284,1013,27,10,2,4334,0.566272407885413,True,False,False,False,False,True,1.0
NORT_ARTIC_4.1,13880,8355,2825,56,29,4,11265,0.07854634904921283,True,False,False,False,False,True,0.8929172319423526
NORT_ARTIC_4.1,15009,1026,397,10,7,1,1440,0.2757164933250864,True,False,False,True,False,True,1.0
NORT_ARTIC_4.1,15578,4247,779,30,5,2,5061,1.0,True,False,False,False,False,True,1.0
NORT_ARTIC_4.1,15845,2527,8665,18,49,3,11259,0.38245468149627454,True,False,False,False,False,True,1.0
NORT_ARTIC_4.1,16338,841,1749,7,14,1,2611,1.0,True,False,False,False,False,True,1.0
NORT_ARTIC_4.1,16563,1043,684,8,8,1,1743,0.4462162688284053,True,False,False,False,False,True,1.0
NORT_ARTIC_4.1,16929,6624,5464,36,34,4,12158,0.6304577045376651,True,False,False,False,False,True,1.0
NORT_ARTIC_4.1,17003,13581,26660,60,118,7,40419,1.0,True,False,False,False,False,True,1.0
NORT_ARTIC_4.1,18537,1128,2488,8,16,1,3640,0.8268099983169058,True,False,False,False,False,True,1.0
NORT_ARTIC_4.1,18555,899,2303,3,5,1,3210,0.6942050301251665,True,False,False,True,False,True,1.0
NORT_ARTIC_4.1,18969,4425,1784,25,18,2,6252,0.06392554234858407,True,False,False,False,False,True,0.8143363168587682
NORT_ARTIC_4.1,18979,2326,994,15,6,1,3341,1.0,True,False,False,False,False,True,1.0
NORT_ARTIC_4.1,19114,6527,6558,46,44,4,13175,0.8331949763281838,True,False,False,False,False,True,1.0
NORT_ARTIC_4.1,19546,3641,1369,19,11,2,5040,0.3031125873468108,True,False,False,False,False,True,1.0
NORT_ARTIC_4.1,21572,3473,4066,24,23,2,7586,0.5579059502117226,True,False,False,False,False,True,1.0
NORT_ARTIC_4.1,22384,95,228,2,5,1,330,1.0,True,True,False,True,False,True,1.0
NORT_ARTIC_4.1,23245,3154,3684,35,39,4,6912,0.9068091868699399,True,False,False,False,False,True,1.0
NORT_ARTIC_4.1,23310,9861,8246,69,54,8,18230,0.7853631345214249,True,False,False,False,False,True,1.0
NORT_ARTIC_4.1,24361,1184,1074,16,11,2,2285,0.5628923707873537,True,False,False,False,False,True,1.0
NORT_ARTIC_4.1,24511,1684,2072,12,11,1,3779,0.5318399987445975,True,False,False,False,False,True,1.0
NORT_ARTIC_4.1,25394,1256,1171,11,9,1,2447,0.8253187196201388,True,False,False,False,False,True,1.0
NORT_ARTIC_4.1,27736,0,15,1,1,1,17,0.11764705882352941,True,True,True,True,False,True,0.9929204376157392
NORT_ARTIC_4.1,27837,9675,3620,64,27,6,13386,0.636540563176976,True,False,False,False,False,True,1.0
NORT_ARTIC_4.1,29077,629,2099,35,131,3,2894,0.6345690733832738,True,False,False,False,False,True,1.0
NORT_ARTIC_4.1,3745,214,1033,7,11,1,1265,0.02537527718882162,True,False,False,True,False,True,0.5038805041780293
NORT_ARTIC_4.1,4941,751,957,7,10,1,1725,1.0,True,False,False,False,False,True,1.0
NORT_ARTIC_4.1,4956,766,956,9,8,1,1739,0.6252332962615772,True,False,False,False,False,True,1.0
NORT_ARTIC_4.1,5260,1802,2211,15,15,2,4043,0.5860514847146527,True,False,False,False,False,True,1.0
NORT_ARTIC_4.1,5616,3603,2527,20,15,3,6165,0.8645081591582391,True,False,False,False,False,True,1.0
NORT_ARTIC_4.1,7561,1648,722,7,2,1,2379,0.7311125400080937,True,False,False,True,False,True,1.0
NORT_ARTIC_4.1,7608,1211,2000,9,16,1,3236,1.0,True,False,False,False,False,True,1.0
NORT_ARTIC_4.1,7654,2147,5125,18,29,2,7319,0.20057496445167788,True,False,False,False,False,True,1.0
NORT_ARTIC_4.1,7683,18122,43240,118,236,16,61716,0.12865597921548494,False,False,False,False,False,False,1.0
NORT_ARTIC_4.1,8653,561,1860,0,1,1,2422,1.0,True,False,True,True,False,True,1.0
NORT_ARTIC_4.1,9967,754,445,71,32,1,1302,0.2420657580779294,True,False,False,False,False,True,1.0
NORT_ARTIC_4.1,15242,293,905,6,7,1,1211,0.09956524744366736,True,False,False,True,False,True,0.951670477089875
NORT_ARTIC_4.1,15891,1645,2311,12,13,1,3981,0.5458584230503714,True,False,False,False,False,True,1.0
NORT_ARTIC_4.1,16424,18458,30485,130,197,15,49270,0.45706888275836277,False,False,False,False,False,False,1.0
NORT_ARTIC_4.1,17956,187,644,2,9,1,842,1.0,True,True,False,True,False,True,1.0
NORT_ARTIC_4.1,20427,4673,7448,36,50,5,12207,0.5785907263292998,True,False,False,False,False,True,1.0
NORT_ARTIC_4.1,20609,671,1066,5,7,1,1749,1.0,True,False,False,True,False,True,1.0
NORT_ARTIC_4.1,22019,619,254,5,5,1,883,0.16817775873182392,True,True,False,True,False,True,1.0
NORT_ARTIC_4.1,24298,2494,850,26,16,2,3386,0.07400940308422804,True,False,False,False,False,True,0.8704644408906513
NORT_ARTIC_4.1,25666,521,1051,5,8,1,1585,0.7690102774503305,True,False,False,True,False,True,1.0
NORT_ARTIC_4.1,26569,437,2164,9,19,2,2629,0.04136147128643497,True,False,False,True,False,True,0.6949636219446051
NORT_ARTIC_4.1,932,449,1417,6,22,2,1894,1.0,True,False,False,False,False,True,1.0
NORT_ARTIC_4.1,1659,725,239,0,0,1,964,1.0,True,True,True,True,False,True,1.0
NORT_ARTIC_4.1,2732,139,364,3,8,1,514,1.0,True,True,False,True,False,True,1.0
NORT_ARTIC_4.1,2832,2483,11844,365,264,24,14956,1.7387672262782402e-109,False,False,False,False,False,False,3.544766785305906e-107
NORT_ARTIC_4.1,3104,1019,1203,5,12,2,2239,0.22414952223173396,True,False,False,False,False,True,1.0
NORT_ARTIC_4.1,3254,1894,1289,20,13,2,3216,1.0,True,False,False,False,False,True,1.0
NORT_ARTIC_4.1,3695,159,606,3,12,1,780,1.0,True,True,False,True,False,True,1.0
NORT_ARTIC_4.1,4098,1118,434,14,5,2,1571,1.0,True,False,False,False,False,True,1.0
NORT_ARTIC_4.1,4551,159,547,5,14,1,725,0.7806697704385548,True,True,False,True,False,True,1.0
NORT_ARTIC_4.1,5386,23410,6664,538,160,24,30772,0.6448968014532895,False,False,False,False,False,False,1.0
NORT_ARTIC_4.1,5701,1122,459,18,9,1,1608,0.6699656585179663,True,False,False,False,False,True,1.0
NORT_ARTIC_4.1,6808,6355,7410,47,60,7,13872,0.6973327112712706,True,False,False,False,False,True,1.0
NORT_ARTIC_4.1,6876,838,395,8,5,1,1246,0.7659294639503975,True,False,False,True,False,True,1.0
NORT_ARTIC_4.1,6923,444,351,5,6,1,806,0.5505459278824428,True,True,False,True,False,True,1.0
NORT_ARTIC_4.1,7494,1251,289,11,4,1,1555,0.5026320935020674,True,False,False,True,False,True,1.0
NORT_ARTIC_4.1,7693,506,1339,5,14,1,1864,1.0,True,False,False,False,False,True,1.0
NORT_ARTIC_4.1,8130,681,323,8,8,1,1020,0.17599342088775777,True,False,False,False,False,True,1.0
NORT_ARTIC_4.1,8393,24496,4770,373,71,23,29710,0.8971374228909275,False,False,False,False,False,False,1.0
NORT_ARTIC_4.1,10156,566,398,9,4,1,977,0.5752346813351525,True,True,False,False,False,True,1.0
NORT_ARTIC_4.1,10522,3951,919,34,10,2,4914,0.560477379389679,True,False,False,False,False,True,1.0
NORT_ARTIC_4.1,10819,533,197,9,6,1,745,0.2543834833566486,True,True,False,True,False,True,1.0
NORT_ARTIC_4.1,11409,1335,414,20,7,2,1776,0.8197667111172401,True,False,False,False,False,True,1.0
NORT_ARTIC_4.1,11410,623,157,8,5,1,793,0.1548925287849418,True,True,False,True,False,True,1.0
NORT_ARTIC_4.1,11537,8645,15171,114,219,22,24149,0.455975721505672,False,False,False,False,False,False,1.0
NORT_ARTIC_4.1,12188,175,688,1,11,1,875,0.4769530456571246,True,True,False,True,False,True,1.0
NORT_ARTIC_4.1,12469,368,550,19,32,1,969,0.7696815045273241,True,True,False,False,False,True,1.0
NORT_ARTIC_4.1,13195,32678,25277,518,362,24,58835,0.15026607023707758,False,False,False,False,False,False,1.0
NORT_ARTIC_4.1,13644,86,95,3,3,1,187,1.0,True,True,False,True,False,True,1.0
NORT_ARTIC_4.1,15240,6911,15899,113,297,21,23220,0.2546038741702128,False,False,False,False,False,False,1.0
NORT_ARTIC_4.1,16887,569,333,0,0,1,902,1.0,True,True,True,True,False,True,1.0
NORT_ARTIC_4.1,17729,3974,1592,26,14,2,5606,0.3821412243184017,True,False,False,False,False,True,1.0
NORT_ARTIC_4.1,18087,56,77,3,3,1,139,0.6986426825153316,True,True,False,True,False,True,1.0
NORT_ARTIC_4.1,19195,13389,35204,267,183,20,49043,1.476780920437613e-44,False,False,False,False,False,False,2.0527254794082818e-42
NORT_ARTIC_4.1,19778,219,671,4,9,1,903,0.5354060071252451,True,True,False,True,False,True,1.0
NORT_ARTIC_4.1,21137,1849,584,26,12,3,2471,0.3378200564464325,True,False,False,False,False,True,1.0
NORT_ARTIC_4.1,21762,7090,9040,176,203,22,16509,0.34629455059420117,False,False,False,False,False,False,1.0
NORT_ARTIC_4.1,21846,4048,16442,85,368,22,20943,0.6333187584068067,False,False,False,False,False,False,1.0
NORT_ARTIC_4.1,22388,58,157,0,0,1,215,1.0,True,True,True,True,False,True,1.0
NORT_ARTIC_4.1,22453,1027,301,10,1,1,1339,0.47271798039393065,True,False,False,True,False,True,1.0
NORT_ARTIC_4.1,22673,5936,18962,81,240,23,25219,0.5534940551482452,False,False,False,False,False,False,1.0
NORT_ARTIC_4.1,22898,7322,3423,157,59,22,10961,0.16145726797161292,False,False,False,False,False,False,1.0
NORT_ARTIC_4.1,23048,13385,8844,306,359,23,22894,3.669907555329958e-13,False,False,False,False,False,False,2.7372139766339054e-11
NORT_ARTIC_4.1,23202,5043,13968,90,265,23,19366,0.6709990372327426,False,False,False,False,False,False,1.0
NORT_ARTIC_4.1,24130,4256,17364,73,355,22,22048,0.1966838362506037,False,False,False,False,False,False,1.0
NORT_ARTIC_4.1,24382,382,372,22,19,1,795,0.7502394864224926,True,True,False,False,False,True,1.0
NORT_ARTIC_4.1,24503,17508,25220,342,428,23,43498,0.054710663146997726,False,False,False,False,False,False,0.7604782177432684
NORT_ARTIC_4.1,24809,614,411,11,4,1,1040,0.42695093500827763,True,False,False,False,False,True,1.0
NORT_ARTIC_4.1,24854,633,200,7,4,1,844,0.3098667522030838,True,True,False,True,False,True,1.0
NORT_ARTIC_4.1,25556,327,492,0,0,1,819,1.0,True,True,True,True,False,True,1.0
NORT_ARTIC_4.1,25621,426,881,6,9,1,1322,0.5836255130286809,True,False,False,True,False,True,1.0
NORT_ARTIC_4.1,25936,199,495,5,7,1,706,0.3424325765315226,True,True,False,True,False,True,1.0
NORT_ARTIC_4.1,26530,6253,15289,87,235,22,21864,0.45810232608577955,False,False,False,False,False,False,1.0
NORT_ARTIC_4.1,27274,2191,748,19,8,2,2966,0.6576206548803539,True,False,False,False,False,True,1.0
NORT_ARTIC_4.1,27504,1792,3533,23,36,2,5384,0.40723898586304436,True,False,False,False,False,True,1.0
NORT_ARTIC_4.1,29546,411,123,1,0,1,535,1.0,True,True,True,True,False,True,1.0
NORT_ARTIC_4.1,29632,615,247,1,0,2,863,1.0,True,True,True,True,False,True,1.0
NORT_ARTIC_4.1,1171,726,937,7,13,2,1683,0.5022342811666631,True,False,False,False,False,True,1.0
NORT_ARTIC_4.1,1542,368,1014,8,41,2,1431,0.1361894998800064,True,False,False,False,False,True,1.0
NORT_ARTIC_4.1,1840,356,2727,6,28,2,3117,0.27643357395286466,True,False,False,True,False,True,1.0
NORT_ARTIC_4.1,2470,2521,7761,70,192,18,10544,0.42416680031204407,False,False,False,False,False,False,1.0
NORT_ARTIC_4.1,2756,312,1211,6,10,1,1539,0.1161145138322944,True,False,False,True,False,True,0.9863282869421007
NORT_ARTIC_4.1,7969,249,1017,4,7,1,1277,0.24332978562636884,True,False,False,True,False,True,1.0
NORT_ARTIC_4.1,11320,3227,5650,19,43,3,8939,0.4267651946407258,True,False,False,False,False,True,1.0
NORT_ARTIC_4.1,13815,1903,726,12,4,1,2645,1.0,True,False,False,True,False,True,1.0
NORT_ARTIC_4.1,14649,317,1362,5,25,1,1709,1.0,True,False,False,False,False,True,1.0
NORT_ARTIC_4.1,16732,4902,3007,27,17,2,7953,1.0,True,False,False,False,False,True,1.0
NORT_ARTIC_4.1,16817,8090,2113,46,21,3,10270,0.04775690379811653,True,False,False,False,False,True,0.7229733258150512
NORT_ARTIC_4.1,18513,1013,2345,8,12,1,3378,0.33660497842364,True,False,False,False,False,True,1.0
NORT_ARTIC_4.1,19314,390,108,6,2,1,506,0.6865713097153401,True,True,False,True,False,True,1.0
NORT_ARTIC_4.1,21875,236,1013,16,75,1,1340,0.8895071597842348,True,False,False,False,False,True,1.0
NORT_ARTIC_4.1,22459,762,242,8,2,1,1014,1.0,True,False,False,True,False,True,1.0
NORT_ARTIC_4.1,22492,824,289,10,2,1,1125,0.7411602146366201,True,False,False,True,False,True,1.0
NORT_ARTIC_4.1,22599,7298,13840,112,178,20,21428,0.152851053093582,False,False,False,False,False,False,1.0
NORT_ARTIC_4.1,23566,334,1227,5,11,1,1577,0.3585719630145875,True,False,False,True,False,True,1.0
NORT_ARTIC_4.1,24315,3309,1341,24,14,2,4688,0.2837038578359925,True,False,False,False,False,True,1.0
NORT_ARTIC_4.1,24793,1205,706,8,7,1,1926,0.43403941721928296,True,False,False,False,False,True,1.0
NORT_ARTIC_4.1,24820,3566,2374,32,24,3,5996,0.6823311553792136,True,False,False,False,False,True,1.0
NORT_ARTIC_4.1,26819,1507,4296,14,45,4,5862,0.7670248431562493,True,False,False,False,False,True,1.0
NORT_ARTIC_4.1,27753,6128,2239,44,20,4,8431,0.3990090403261518,True,False,False,False,False,True,1.0
NORT_ARTIC_4.1,2911,1917,654,14,4,1,2589,1.0,True,False,False,True,False,True,1.0
NORT_ARTIC_4.1,3853,1064,655,9,10,1,1738,0.23632866506491285,True,False,False,False,False,True,1.0
NORT_ARTIC_4.1,5744,13080,14786,158,467,9,28491,3.9558036357367236e-28,True,False,False,False,False,True,4.1713267303734143e-26
NORT_ARTIC_4.1,6055,534,799,3,11,1,1347,0.1812710755215706,True,False,False,False,False,True,1.0
NORT_ARTIC_4.1,6249,306,237,5,3,1,551,1.0,True,True,False,True,False,True,1.0
NORT_ARTIC_4.1,9628,4728,2214,41,23,3,7006,0.5018966984868287,True,False,False,False,False,True,1.0
NORT_ARTIC_4.1,10227,979,331,9,3,1,1322,1.0,True,False,False,True,False,True,1.0
NORT_ARTIC_4.1,10732,437,1754,5,15,1,2211,0.5748604262674382,True,False,False,True,False,True,1.0
NORT_ARTIC_4.1,13192,1162,739,7,6,1,1914,0.582124167693719,True,False,False,False,False,True,1.0
NORT_ARTIC_4.1,13741,261,694,4,5,1,964,0.2689413724561933,True,True,False,True,False,True,1.0
NORT_ARTIC_4.1,16913,755,497,8,5,1,1265,1.0,True,False,False,False,False,True,1.0
NORT_ARTIC_4.1,17022,9512,15080,62,81,5,24735,0.263490904481167,True,False,False,False,False,True,1.0
NORT_ARTIC_4.1,18336,1444,349,10,4,1,1807,0.49417700253351127,True,False,False,True,False,True,1.0
NORT_ARTIC_4.1,18473,1257,1924,14,13,2,3208,0.23573741256713043,True,False,False,False,False,True,1.0
NORT_ARTIC_4.1,18950,4737,1973,36,12,3,6758,0.6334580760406572,True,False,False,False,False,True,1.0
NORT_ARTIC_4.1,20367,373,1166,6,8,1,1553,0.12001467037727646,True,False,False,True,False,True,0.9929204376157392
NORT_ARTIC_4.1,24819,901,571,14,5,1,1491,0.3459003758291417,True,False,False,False,False,True,1.0
NORT_ARTIC_4.1,25786,2671,761,23,5,2,3460,0.8189746345773856,True,False,False,False,False,True,1.0
NORT_ARTIC_4.1,26012,3908,1962,36,18,3,5924,1.0,True,False,False,False,False,True,1.0
NORT_ARTIC_4.1,26855,218,921,4,8,1,1151,0.26124664124276875,True,False,False,True,False,True,1.0
NORT_ARTIC_4.1,27523,534,631,5,6,1,1176,1.0,True,False,False,False,False,True,1.0
NORT_ARTIC_4.1,556,336,774,7,11,1,1128,0.443807541248435,True,False,False,False,False,True,1.0
NORT_ARTIC_4.1,1677,2614,892,22,11,3,3539,0.3166869529228088,True,False,False,False,False,True,1.0
NORT_ARTIC_4.1,1678,1957,687,25,9,2,2678,1.0,True,False,False,False,False,True,1.0
NORT_ARTIC_4.1,1873,7164,6194,54,40,4,13452,0.46981373844989766,True,False,False,False,False,True,1.0
NORT_ARTIC_4.1,2114,2468,10300,22,57,4,12847,0.06312418236572478,True,False,False,False,False,True,0.8143363168587682
NORT_ARTIC_4.1,2251,11754,2845,79,38,6,14716,0.0009345946908222275,True,False,False,False,False,True,0.034433621259450264
NORT_ARTIC_4.1,2356,937,2991,10,20,2,3958,0.2803356515059956,True,False,False,False,False,True,1.0
NORT_ARTIC_4.1,2455,401,1679,1,23,1,2104,0.06714129628323959,True,False,False,True,False,True,0.8380329960577415
NORT_ARTIC_4.1,3309,863,1273,9,16,2,2161,0.8380100071358224,True,False,False,False,False,True,1.0
NORT_ARTIC_4.1,5055,1368,346,15,1,1,1730,0.21998630280742465,True,False,False,True,False,True,1.0
NORT_ARTIC_4.1,5193,1004,3171,9,23,2,4207,0.540602322110564,True,False,False,False,False,True,1.0
NORT_ARTIC_4.1,5533,1425,5620,15,34,3,7094,0.07600990475432355,True,False,False,False,False,True,0.8793127786097925
NORT_ARTIC_4.1,6823,1972,1966,22,15,2,3975,0.32183253750306506,True,False,False,False,False,True,1.0
NORT_ARTIC_4.1,6864,6678,4097,42,34,4,10851,0.23733009421439422,True,False,False,False,False,True,1.0
NORT_ARTIC_4.1,7378,807,3138,9,20,2,3974,0.16714339078729618,True,False,False,False,False,True,1.0
NORT_ARTIC_4.1,7420,1105,1692,18,14,1,2829,0.06822491877327394,True,False,False,False,False,True,0.8435460715707249
NORT_ARTIC_4.1,7628,5726,14910,31,96,5,20763,0.4281458945985551,True,False,False,False,False,True,1.0
NORT_ARTIC_4.1,7727,2388,3877,20,19,2,6304,0.0996156947612588,True,False,False,False,False,True,0.951670477089875
NORT_ARTIC_4.1,8093,942,356,10,6,1,1314,0.4005468509792342,True,False,False,True,False,True,1.0
NORT_ARTIC_4.1,9245,769,1062,4,10,1,1845,0.4182916879667433,True,False,False,False,False,True,1.0
NORT_ARTIC_4.1,9602,9175,3640,56,21,3,12892,0.8995418156665593,True,False,False,False,False,True,1.0
NORT_ARTIC_4.1,9639,1602,1460,11,11,1,3084,0.8342825384337752,True,False,False,False,False,True,1.0
NORT_ARTIC_4.1,9660,4745,4143,33,30,3,8951,0.8996505020008221,True,False,False,False,False,True,1.0
NORT_ARTIC_4.1,9734,3296,13307,29,98,7,16730,0.43403854023060756,True,False,False,False,False,True,1.0
NORT_ARTIC_4.1,10381,460,1430,8,16,1,1914,0.33864074486521556,True,False,False,False,False,True,1.0
NORT_ARTIC_4.1,10687,1139,5848,9,33,2,7029,0.3996657443474914,True,False,False,False,False,True,1.0
NORT_ARTIC_4.1,11144,1695,514,12,6,1,2227,0.39845614432671383,True,False,False,True,False,True,1.0
NORT_ARTIC_4.1,11191,1094,778,8,7,1,1887,0.7942387115070759,True,False,False,False,False,True,1.0
NORT_ARTIC_4.1,11801,801,852,13,9,1,1675,0.39242378169605713,True,False,False,False,False,True,1.0
NORT_ARTIC_4.1,12513,660,1879,6,17,2,2562,1.0,True,False,False,False,False,True,1.0
NORT_ARTIC_4.1,12620,4645,3561,32,29,4,8267,0.5197823867158594,True,False,False,False,False,True,1.0
NORT_ARTIC_4.1,13252,1733,576,22,6,1,2337,0.827087708482898,True,False,False,False,False,True,1.0
NORT_ARTIC_4.1,14467,2924,1067,20,8,2,4019,0.8313433092743965,True,False,False,False,False,True,1.0
NORT_ARTIC_4.1,15090,867,276,9,3,1,1155,1.0,True,False,False,True,False,True,1.0
NORT_ARTIC_4.1,15821,2306,8616,15,47,4,10984,0.5342764149857671,True,False,False,False,False,True,1.0
NORT_ARTIC_4.1,16975,1136,2826,9,16,1,3987,0.5055204005794461,True,False,False,False,False,True,1.0
NORT_ARTIC_4.1,17281,747,1208,6,8,1,1969,0.7852900712121462,True,False,False,False,False,True,1.0
NORT_ARTIC_4.1,17635,2543,4183,20,31,3,6777,0.885043211238693,True,False,False,False,False,True,1.0
NORT_ARTIC_4.1,18442,1189,1279,5,10,1,2483,0.3056557971359168,True,False,False,False,False,True,1.0
NORT_ARTIC_4.1,18465,1162,1544,7,11,1,2724,0.814400429910638,True,False,False,False,False,True,1.0
NORT_ARTIC_4.1,18870,253,1119,4,7,1,1383,0.13035681040505626,True,False,False,True,False,True,1.0
NORT_ARTIC_4.1,21374,669,404,6,5,1,1084,0.7560089329990091,True,False,False,True,False,True,1.0
NORT_ARTIC_4.1,21657,1282,1229,9,11,1,2531,0.6571603689806553,True,False,False,False,False,True,1.0
NORT_ARTIC_4.1,24375,3203,3436,25,27,3,6691,1.0,True,False,False,False,False,True,1.0
NORT_ARTIC_4.1,25176,2588,1209,20,13,2,3830,0.3531448658923011,True,False,False,False,False,True,1.0
NORT_ARTIC_4.1,26424,3053,2335,23,17,2,5428,1.0,True,False,False,False,False,True,1.0
NORT_ARTIC_4.1,26861,783,5325,8,38,4,6154,0.3727413030721587,True,False,False,False,False,True,1.0
NORT_ARTIC_4.1,1288,448,948,1,1,1,1398,0.539350109523473,True,False,False,True,False,True,1.0
NORT_ARTIC_4.1,1637,4060,1466,32,15,3,5573,0.408800800147656,True,False,False,False,False,True,1.0
NORT_ARTIC_4.1,2131,234,1337,5,11,1,1587,0.07913483945863699,True,False,False,True,False,True,0.8932683280757598
NORT_ARTIC_4.1,3875,232,243,9,10,1,494,1.0,True,True,False,False,False,True,1.0
NORT_ARTIC_4.1,4393,397,198,5,4,1,604,0.4913198685837673,True,True,False,True,False,True,1.0
NORT_ARTIC_4.1,5586,1662,1424,19,10,2,3115,0.26213092239678837,True,False,False,False,False,True,1.0
NORT_ARTIC_4.1,5691,2067,656,11,7,1,2741,0.16596049570064658,True,False,False,True,False,True,1.0
NORT_ARTIC_4.1,6895,2915,1039,21,14,2,3989,0.08159800729258465,True,False,False,False,False,True,0.9083436052385909
NORT_ARTIC_4.1,8059,3179,2180,24,15,2,5398,0.8706619841791007,True,False,False,False,False,True,1.0
NORT_ARTIC_4.1,9661,826,656,147,111,1,1740,0.7343757678248903,True,False,False,False,False,True,1.0
NORT_ARTIC_4.1,9710,1832,5959,17,43,5,7851,0.36282493274463634,True,False,False,False,False,True,1.0
NORT_ARTIC_4.1,10218,1498,369,11,6,1,1884,0.1253523890235364,True,False,False,True,False,True,0.9972307745090834
NORT_ARTIC_4.1,11780,1315,550,10,6,1,1881,0.5822254847500268,True,False,False,True,False,True,1.0
NORT_ARTIC_4.1,12069,1453,315,11,3,1,1782,0.7252633638150918,True,False,False,True,False,True,1.0
NORT_ARTIC_4.1,12381,1565,375,10,3,1,1953,0.7251680024949003,True,False,False,True,False,True,1.0
NORT_ARTIC_4.1,15572,1487,444,8,7,1,1946,0.05714909545617383,True,False,False,True,False,True,0.772958310926981
NORT_ARTIC_4.1,15920,1663,1236,12,10,1,2921,0.8307756837531823,True,False,False,False,False,True,1.0
NORT_ARTIC_4.1,16205,8841,8481,58,46,4,17426,0.37617141875910987,True,False,False,False,False,True,1.0
NORT_ARTIC_4.1,19319,709,263,7,7,1,986,0.06997533052287466,True,True,False,True,False,True,0.8506592604695657
NORT_ARTIC_4.1,20376,1115,3834,11,22,2,4982,0.14534584863107086,True,False,False,False,False,True,1.0
NORT_ARTIC_4.1,20811,1806,392,13,6,1,2217,0.13188311399720498,True,False,False,True,False,True,1.0
NORT_ARTIC_4.1,20931,601,1977,5,17,1,2600,1.0,True,False,False,False,False,True,1.0
NORT_ARTIC_4.1,20971,671,2582,16,34,2,3303,0.054342592059019645,True,False,False,False,False,True,0.7601987870242504
NORT_ARTIC_4.1,21234,245,906,2,6,1,1159,0.681159121892778,True,False,False,True,False,True,1.0
NORT_ARTIC_4.1,21324,1839,1887,16,16,3,3758,1.0,True,False,False,False,False,True,1.0
NORT_ARTIC_4.1,21591,963,1340,6,7,1,2316,0.7834009356695735,True,False,False,False,False,True,1.0
NORT_ARTIC_4.1,21603,3474,3760,19,24,2,7277,0.6487655152576037,True,False,False,False,False,True,1.0
NORT_ARTIC_4.1,22063,549,380,6,5,1,940,0.7665353003110063,True,True,False,True,False,True,1.0
NORT_ARTIC_4.1,25160,767,176,17,4,1,964,1.0,True,True,False,True,False,True,1.0
NORT_ARTIC_4.1,25414,1932,1369,16,14,2,3331,0.5810052095767997,True,False,False,False,False,True,1.0
NORT_ARTIC_4.1,25940,752,2134,7,19,2,2912,1.0,True,False,False,False,False,True,1.0
NORT_ARTIC_4.1,28357,869,1590,9,26,1,2494,0.286555498226347,True,False,False,False,False,True,1.0
NORT_ARTIC_4.1,28799,212,1100,7,8,1,1327,0.005948466984727944,True,False,False,True,False,True,0.17324201942188622
NORT_ARTIC_4.1,1927,1919,856,10,12,1,2797,0.02113790564329242,True,False,False,False,False,True,0.44888691289714044
NORT_ARTIC_4.1,2385,1081,3522,9,26,2,4638,0.6937806232155008,True,False,False,False,False,True,1.0
NORT_ARTIC_4.1,3852,1887,1088,11,7,1,2993,0.8112259248426753,True,False,False,False,False,True,1.0
NORT_ARTIC_4.1,4739,1004,345,10,6,2,1365,0.2630240938807689,True,False,False,True,False,True,1.0
NORT_ARTIC_4.1,5608,7031,5027,46,38,4,12142,0.5078147850417187,True,False,False,False,False,True,1.0
NORT_ARTIC_4.1,7711,2544,5057,17,26,3,7644,0.41964956019797994,True,False,False,False,False,True,1.0
NORT_ARTIC_4.1,8128,1158,430,9,6,1,1603,0.2556071219514948,True,False,False,True,False,True,1.0
NORT_ARTIC_4.1,8343,1092,714,9,8,1,1823,0.6202033259026685,True,False,False,False,False,True,1.0
NORT_ARTIC_4.1,8918,140,619,1,7,1,767,1.0,True,True,False,True,False,True,1.0
NORT_ARTIC_4.1,10786,801,889,0,3,1,1693,0.25172487464025833,True,False,True,True,False,True,1.0
NORT_ARTIC_4.1,11449,4408,1808,26,16,2,6258,0.2322261520158886,True,False,False,False,False,True,1.0
NORT_ARTIC_4.1,11857,380,1027,5,8,1,1420,0.3558449494101391,True,False,False,True,False,True,1.0
NORT_ARTIC_4.1,12060,4627,1145,30,13,2,5815,0.12187608263717725,True,False,False,False,False,True,0.9932539451400784
NORT_ARTIC_4.1,12717,410,416,4,7,1,837,0.5463750662805734,True,True,False,False,False,True,1.0
NORT_ARTIC_4.1,13737,382,1251,4,12,1,1649,0.775056167555798,True,False,False,True,False,True,1.0
NORT_ARTIC_4.1,14356,451,719,6,9,1,1185,1.0,True,False,False,False,False,True,1.0
NORT_ARTIC_4.1,14555,406,623,5,4,1,1038,0.3303288093444331,True,False,False,True,False,True,1.0
NORT_ARTIC_4.1,15661,1735,371,13,2,1,2121,1.0,True,False,False,True,False,True,1.0
NORT_ARTIC_4.1,15969,2593,790,31,12,2,3426,0.4710614339680303,True,False,False,False,False,True,1.0
NORT_ARTIC_4.1,17954,1828,2148,9,16,2,4001,0.4213930866381231,True,False,False,False,False,True,1.0
NORT_ARTIC_4.1,18008,1738,772,11,7,1,2528,0.4505109507187767,True,False,False,False,False,True,1.0
NORT_ARTIC_4.1,18405,2989,2276,22,14,2,5301,0.7361562140610209,True,False,False,False,False,True,1.0
NORT_ARTIC_4.1,18941,2793,1373,21,10,2,4197,1.0,True,False,False,False,False,True,1.0
NORT_ARTIC_4.1,18945,3704,1974,29,17,2,5724,0.757566917670708,True,False,False,False,False,True,1.0
NORT_ARTIC_4.1,19230,1270,1665,6,9,1,2950,1.0,True,False,False,False,False,True,1.0
NORT_ARTIC_4.1,19246,1804,2940,17,19,2,4780,0.3015567316323252,True,False,False,False,False,True,1.0
NORT_ARTIC_4.1,20738,2600,3073,15,17,2,5705,1.0,True,False,False,False,False,True,1.0
NORT_ARTIC_4.1,22480,2438,683,17,18,3,3156,0.00013301685127525272,True,False,False,False,False,True,0.006163114109086709
NORT_ARTIC_4.1,23883,652,693,5,4,1,1354,0.7467312760924845,True,False,False,True,False,True,1.0
NORT_ARTIC_4.1,24514,2378,3344,14,22,2,5758,0.86569614708738,True,False,False,False,False,True,1.0
NORT_ARTIC_4.1,24849,1122,567,11,8,1,1708,0.4675741011186917,True,False,False,False,False,True,1.0
NORT_ARTIC_4.1,26528,495,1295,5,8,1,1803,0.3658416404402721,True,False,False,True,False,True,1.0
NORT_ARTIC_4.1,26739,1428,567,11,4,1,2010,1.0,True,False,False,True,False,True,1.0
NORT_ARTIC_4.1,26881,263,1955,3,19,2,2240,0.7392544335091443,True,False,False,True,False,True,1.0
NORT_ARTIC_4.1,1366,344,100,6,3,1,453,0.43137878717077094,True,True,False,True,False,True,1.0
NORT_ARTIC_4.1,1646,1157,388,9,6,1,1560,0.2290672170174386,True,False,False,True,False,True,1.0
NORT_ARTIC_4.1,5190,424,1310,6,9,1,1749,0.22301458880117053,True,False,False,True,False,True,1.0
NORT_ARTIC_4.1,5797,803,1875,0,0,1,2678,1.0,True,False,True,True,False,True,1.0
NORT_ARTIC_4.1,7200,2495,637,80,1,2,3213,5.877796945135436e-07,True,False,False,False,False,True,3.099017768659339e-05
NORT_ARTIC_4.1,8040,1429,1436,9,14,2,2888,0.40307038539778167,True,False,False,False,False,True,1.0
NORT_ARTIC_4.1,8282,210,911,6,7,1,1134,0.023247612547567537,True,False,False,True,False,True,0.4771221420836344
NORT_ARTIC_4.1,9708,686,1596,5,10,1,2297,0.7812026080293906,True,False,False,True,False,True,1.0
NORT_ARTIC_4.1,11752,1186,554,6,2,1,1748,1.0,True,False,False,True,False,True,1.0
NORT_ARTIC_4.1,12030,1293,311,10,3,1,1617,0.7256220352951224,True,False,False,True,False,True,1.0
NORT_ARTIC_4.1,12864,817,932,6,8,1,1763,0.796132842129309,True,False,False,False,False,True,1.0
NORT_ARTIC_4.1,13081,1170,2155,8,19,2,3352,0.6866876824953851,True,False,False,False,False,True,1.0
NORT_ARTIC_4.1,16460,2148,2506,15,19,2,4688,0.8642307868698287,True,False,False,False,False,True,1.0
NORT_ARTIC_4.1,16730,8371,5629,51,40,5,14091,0.5201284300868139,True,False,False,False,False,True,1.0
NORT_ARTIC_4.1,16734,1317,886,12,5,1,2220,0.4606755324185612,True,False,False,False,False,True,1.0
NORT_ARTIC_4.1,16739,8741,4588,47,27,4,13403,0.7139122834311358,True,False,False,False,False,True,1.0
NORT_ARTIC_4.1,17687,1298,1012,10,8,1,2328,1.0,True,False,False,False,False,True,1.0
NORT_ARTIC_4.1,18468,6299,9065,38,50,5,15452,0.7445827822244285,True,False,False,False,False,True,1.0
NORT_ARTIC_4.1,18471,842,1231,133,166,1,2372,0.20907229511255998,True,False,False,False,False,True,1.0
NORT_ARTIC_4.1,18510,908,2011,10,11,1,2940,0.1531703513007141,True,False,False,False,False,True,1.0
NORT_ARTIC_4.1,19218,3249,6019,19,33,3,9320,0.8842935603715488,True,False,False,False,False,True,1.0
NORT_ARTIC_4.1,19871,627,707,3,9,1,1346,0.15407322156203404,True,False,False,False,False,True,1.0
NORT_ARTIC_4.1,22473,1440,387,18,6,2,1851,0.6187535745645937,True,False,False,False,False,True,1.0
NORT_ARTIC_4.1,27805,2763,1276,18,10,2,4067,0.6844075563791336,True,False,False,False,False,True,1.0
NORT_ARTIC_4.1,1269,418,772,4,13,1,1207,0.4443367886578781,True,False,False,False,False,True,1.0
NORT_ARTIC_4.1,1271,413,773,8,16,1,1210,1.0,True,False,False,False,False,True,1.0
NORT_ARTIC_4.1,2278,489,264,7,3,1,763,1.0,True,True,False,True,False,True,1.0
NORT_ARTIC_4.1,2590,309,122,7,5,1,443,0.3374346897347535,True,True,False,True,False,True,1.0
NORT_ARTIC_4.1,3465,844,719,9,6,1,1578,0.7963081943746959,True,False,False,False,False,True,1.0
NORT_ARTIC_4.1,3604,339,398,4,7,1,748,0.5613382817119301,True,True,False,False,False,True,1.0
NORT_ARTIC_4.1,4074,489,227,12,5,1,733,1.0,True,True,False,False,False,True,1.0
NORT_ARTIC_4.1,4907,349,646,7,10,1,1012,0.6146404114825311,True,False,False,False,False,True,1.0
NORT_ARTIC_4.1,5300,1072,864,87,57,2,2080,0.2587741077682341,True,False,False,False,False,True,1.0
NORT_ARTIC_4.1,5401,482,350,10,6,1,848,0.8022917088653727,True,True,False,False,False,True,1.0
NORT_ARTIC_4.1,5449,398,388,4,9,1,799,0.17362609114388428,True,True,False,False,False,True,1.0
NORT_ARTIC_4.1,6554,670,424,10,6,1,1110,1.0,True,False,False,False,False,True,1.0
NORT_ARTIC_4.1,6914,411,271,9,7,1,698,0.7989305680470244,True,True,False,False,False,True,1.0
NORT_ARTIC_4.1,7773,516,195,8,4,1,723,0.7449727804058328,True,True,False,True,False,True,1.0
NORT_ARTIC_4.1,7778,519,196,10,4,1,729,1.0,True,True,False,True,False,True,1.0
NORT_ARTIC_4.1,8388,827,268,18,4,1,1117,0.6212525193147915,True,False,False,False,False,True,1.0
NORT_ARTIC_4.1,9076,381,173,9,3,1,566,0.762273476148909,True,True,False,True,False,True,1.0
NORT_ARTIC_4.1,9502,668,417,1,1,1,1087,1.0,True,False,False,True,False,True,1.0
NORT_ARTIC_4.1,9511,5912,3206,59,23,4,9200,0.20165053197484267,True,False,False,False,False,True,1.0
NORT_ARTIC_4.1,9621,3036,1115,21,14,2,4186,0.08695279205929644,True,False,False,False,False,True,0.9256129653132135
NORT_ARTIC_4.1,9892,258,101,0,0,1,359,1.0,True,True,True,True,False,True,1.0
NORT_ARTIC_4.1,10534,1334,425,14,8,2,1781,0.2099847830427718,True,False,False,False,False,True,1.0
NORT_ARTIC_4.1,10535,373,141,14,5,1,533,1.0,True,True,False,False,False,True,1.0
NORT_ARTIC_4.1,10538,381,146,8,2,1,537,0.734508552458925,True,True,False,True,False,True,1.0
NORT_ARTIC_4.1,11393,809,610,10,9,1,1438,0.8165577223052611,True,False,False,False,False,True,1.0
NORT_ARTIC_4.1,11883,250,624,6,12,1,892,0.6095239133665638,True,True,False,False,False,True,1.0
NORT_ARTIC_4.1,12300,711,851,8,16,2,1586,0.3024727293105132,True,False,False,False,False,True,1.0
NORT_ARTIC_4.1,12413,341,228,0,0,1,569,1.0,True,True,True,True,False,True,1.0
NORT_ARTIC_4.1,12715,257,343,5,6,1,611,1.0,True,True,False,True,False,True,1.0
NORT_ARTIC_4.1,13565,155,95,5,5,1,260,0.5145462624118886,True,True,False,True,False,True,1.0
NORT_ARTIC_4.1,14370,411,414,6,6,1,837,1.0,True,True,False,False,False,True,1.0
NORT_ARTIC_4.1,14998,633,362,7,3,1,1005,1.0,True,False,False,True,False,True,1.0
NORT_ARTIC_4.1,15672,1043,340,0,0,1,1383,1.0,True,False,True,True,False,True,1.0
NORT_ARTIC_4.1,15838,398,1105,6,10,1,1519,0.3917976595687095,True,False,False,True,False,True,1.0
NORT_ARTIC_4.1,15882,2374,5986,21,45,3,8426,0.5836858895243429,True,False,False,False,False,True,1.0
NORT_ARTIC_4.1,15948,617,276,11,4,1,908,1.0,True,True,False,True,False,True,1.0
NORT_ARTIC_4.1,16456,8548,8974,51,44,6,17617,0.3557658007088129,True,False,False,False,False,True,1.0
NORT_ARTIC_4.1,16950,3532,6932,19,38,3,10521,1.0,True,False,False,False,False,True,1.0
NORT_ARTIC_4.1,17634,679,1003,4,12,1,1698,0.30629000681531393,True,False,False,False,False,True,1.0
NORT_ARTIC_4.1,17978,1502,1517,12,18,2,3049,0.35955165996447447,True,False,False,False,False,True,1.0
NORT_ARTIC_4.1,19629,570,278,7,5,1,860,0.5432052550149438,True,True,False,True,False,True,1.0
NORT_ARTIC_4.1,19662,217,269,4,9,1,499,0.40305422367422256,True,True,False,False,False,True,1.0
NORT_ARTIC_4.1,20176,724,322,0,0,1,1046,1.0,True,False,True,True,False,True,1.0
NORT_ARTIC_4.1,20347,233,654,1,2,1,890,1.0,True,True,False,True,False,True,1.0
NORT_ARTIC_4.1,21849,230,620,4,8,1,862,0.7438913707304058,True,True,False,True,False,True,1.0
NORT_ARTIC_4.1,21953,554,158,8,2,1,722,1.0,True,True,False,True,False,True,1.0
NORT_ARTIC_4.1,22266,194,153,4,5,1,356,0.51771339098933,True,True,False,True,False,True,1.0
NORT_ARTIC_4.1,22609,122,217,4,4,1,347,0.46814256658681386,True,True,False,True,False,True,1.0
NORT_ARTIC_4.1,23283,742,718,7,10,1,1477,0.47257709414206006,True,False,False,False,False,True,1.0
NORT_ARTIC_4.1,23969,765,327,6,4,1,1102,0.4985368173062246,True,False,False,True,False,True,1.0
NORT_ARTIC_4.1,24134,302,795,0,1,1,1098,1.0,True,False,True,True,False,True,1.0
NORT_ARTIC_4.1,24838,467,174,5,5,1,651,0.1480948370947418,True,True,False,True,False,True,1.0
NORT_ARTIC_4.1,25564,222,335,8,6,1,571,0.2694473360259081,True,True,False,False,False,True,1.0
NORT_ARTIC_4.1,27092,21,28,0,0,1,49,1.0,True,True,True,True,False,True,1.0
NORT_ARTIC_4.1,27447,2080,5661,16,38,3,7795,0.6454010076655718,True,False,False,False,False,True,1.0
NORT_ARTIC_4.1,27466,542,1032,4,10,1,1588,0.7820954357545667,True,False,False,True,False,True,1.0
NORT_ARTIC_4.1,28108,2017,1098,9,9,1,3133,0.21887298091901,True,False,False,False,False,True,1.0
NORT_ARTIC_4.1,29188,1030,681,14,8,1,1733,0.8289979684154996,True,False,False,False,False,True,1.0
NORT_ARTIC_4.1,1239,7,22,4,8,1,41,0.7011288917024876,True,True,False,True,False,True,1.0
NORT_ARTIC_4.1,1652,60,18,2,2,1,82,0.24859924759585147,True,True,False,True,False,True,1.0
NORT_ARTIC_4.1,2570,20,5,5,0,1,30,0.5561590389176596,True,True,True,True,False,True,1.0
NORT_ARTIC_4.1,2734,11,26,0,5,1,42,0.3025010932584745,True,True,True,True,False,True,1.0
NORT_ARTIC_4.1,2942,41,15,0,0,1,56,1.0,True,True,True,True,False,True,1.0
NORT_ARTIC_4.1,7695,39,72,2,2,1,115,0.6155571691830574,True,True,False,True,False,True,1.0
NORT_ARTIC_4.1,8050,27,25,0,5,1,57,0.0533151059466849,True,True,True,True,False,True,0.7563109734011223
NORT_ARTIC_4.1,10220,31,14,6,1,1,52,0.6578888849356008,True,True,False,True,False,True,1.0
NORT_ARTIC_4.1,11148,41,13,2,2,1,58,0.27280976736512136,True,True,False,True,False,True,1.0
NORT_ARTIC_4.1,14389,7,23,4,1,1,35,0.025820005421523445,True,True,False,True,False,True,0.506138311403966
NORT_ARTIC_4.1,15259,8,21,2,3,1,34,0.6181214421252372,True,True,False,True,False,True,1.0
NORT_ARTIC_4.1,15753,15,12,2,1,1,30,1.0,True,True,False,True,False,True,1.0
NORT_ARTIC_4.1,15810,10,26,0,1,1,37,1.0,True,True,True,True,False,True,1.0
NORT_ARTIC_4.1,17222,16,21,3,1,1,41,0.32101313320825514,True,True,False,True,False,True,1.0
NORT_ARTIC_4.1,21662,33,18,10,2,1,63,0.3085657771402774,True,True,False,True,False,True,1.0
NORT_ARTIC_4.1,21732,19,18,7,3,1,47,0.4753864906288846,True,True,False,True,False,True,1.0
NORT_ARTIC_4.1,24904,481,229,172,88,2,970,0.643566801528087,True,True,False,False,False,True,1.0
NORT_ARTIC_4.1,25323,75,49,0,28,3,152,3.843124078749966e-10,True,True,True,False,False,True,2.448390298503624e-08
NORT_ARTIC_4.1,25337,106,133,0,77,5,316,8.605197496600018e-17,True,True,True,False,False,True,7.974149680182683e-15
NORT_ARTIC_4.1,25622,15,33,7,16,1,71,1.0,True,True,False,False,False,True,1.0
NORT_ARTIC_4.1,25886,575,953,0,3,2,1531,0.2959875001600901,True,False,True,True,False,True,1.0
NORT_ARTIC_4.1,27832,27,17,1,2,1,47,0.5570767807585569,True,True,False,True,False,True,1.0
NORT_ARTIC_4.1,29242,737,209,9,4,2,959,0.5004190022746,True,True,False,True,False,True,1.0
NORT_ARTIC_4.1,879,467,840,4,7,1,1318,1.0,True,False,False,True,False,True,1.0
NORT_ARTIC_4.1,1778,275,704,3,7,1,989,1.0,True,True,False,True,False,True,1.0
NORT_ARTIC_4.1,1807,469,2750,6,24,2,3249,0.43174123338436665,True,False,False,True,False,True,1.0
NORT_ARTIC_4.1,1982,1361,512,12,8,1,1893,0.2130749171198555,True,False,False,False,False,True,1.0
NORT_ARTIC_4.1,1989,8661,3454,46,29,4,12190,0.055207385607396575,True,False,False,False,False,True,0.7639103402145644
NORT_ARTIC_4.1,4992,1101,454,8,6,1,1569,0.25379271651332563,True,False,False,True,False,True,1.0
NORT_ARTIC_4.1,5261,4077,7236,23,46,4,11382,0.7068073910818241,True,False,False,False,False,True,1.0
NORT_ARTIC_4.1,5352,3309,782,26,7,2,4124,0.8235797254712353,True,False,False,False,False,True,1.0
NORT_ARTIC_4.1,6409,66,104,3,3,1,176,0.6803380689920433,True,True,False,True,False,True,1.0
NORT_ARTIC_4.1,7632,3468,7854,25,47,3,11394,0.44417379406341584,True,False,False,False,False,True,1.0
NORT_ARTIC_4.1,7676,1346,4677,9,29,2,6061,0.845479232582522,True,False,False,False,False,True,1.0
NORT_ARTIC_4.1,8569,534,1447,5,10,1,1996,0.5661487746349878,True,False,False,True,False,True,1.0
NORT_ARTIC_4.1,8885,96,293,4,5,1,398,0.23741618982328339,True,True,False,True,False,True,1.0
NORT_ARTIC_4.1,8991,672,249,2,16,2,939,9.880733224373059e-08,True,True,False,False,False,True,5.300926701777687e-06
NORT_ARTIC_4.1,9370,249,259,5,4,1,517,0.7479057575670286,True,True,False,True,False,True,1.0
NORT_ARTIC_4.1,9560,4274,906,25,7,2,5212,0.48629701884782817,True,False,False,False,False,True,1.0
NORT_ARTIC_4.1,9764,347,1552,8,10,1,1917,0.009921291776872307,True,False,False,True,False,True,0.2511920758843013
NORT_ARTIC_4.1,9804,458,1370,5,14,1,1847,1.0,True,False,False,True,False,True,1.0
NORT_ARTIC_4.1,10803,795,351,10,5,1,1161,0.7839769822929652,True,False,False,True,False,True,1.0
NORT_ARTIC_4.1,11196,998,917,9,6,1,1930,0.6110365440832769,True,False,False,False,False,True,1.0
NORT_ARTIC_4.1,11364,1500,1733,12,14,1,3259,1.0,True,False,False,False,False,True,1.0
NORT_ARTIC_4.1,12617,1134,1085,10,5,1,2234,0.302263589867997,True,False,False,False,False,True,1.0
NORT_ARTIC_4.1,13786,16887,5056,264,69,13,22276,0.3582809711121322,False,False,False,False,False,False,1.0
NORT_ARTIC_4.1,15667,11532,2474,71,17,5,14094,0.6742690680013389,True,False,False,False,False,True,1.0
NORT_ARTIC_4.1,16584,626,535,6,6,1,1173,0.7811529011306657,True,False,False,False,False,True,1.0
NORT_ARTIC_4.1,17144,2390,1253,19,19,2,3681,0.05788340523292304,True,False,False,False,False,True,0.772958310926981
NORT_ARTIC_4.1,17284,866,1500,7,9,1,2382,0.6063156172968757,True,False,False,False,False,True,1.0
NORT_ARTIC_4.1,17361,4230,3459,29,24,3,7742,1.0,True,False,False,False,False,True,1.0
NORT_ARTIC_4.1,17384,1426,1189,10,4,1,2629,0.2835643065304627,True,False,False,False,False,True,1.0
NORT_ARTIC_4.1,18357,10373,3566,74,31,5,14044,0.3694688599307021,True,False,False,False,False,True,1.0
NORT_ARTIC_4.1,18432,2041,1947,14,13,2,4015,1.0,True,False,False,False,False,True,1.0
NORT_ARTIC_4.1,18996,13720,5296,83,37,7,19136,0.4751509481315597,True,False,False,False,False,True,1.0
NORT_ARTIC_4.1,21735,589,389,4,7,1,989,0.12798787813687418,True,True,False,True,False,True,1.0
NORT_ARTIC_4.1,21842,508,1979,9,20,2,2516,0.16660425104843252,True,False,False,False,False,True,1.0
NORT_ARTIC_4.1,24818,785,533,9,8,1,1335,0.6239932278045188,True,False,False,False,False,True,1.0
NORT_ARTIC_4.1,26248,365,1753,5,11,1,2134,0.17533026888626452,True,False,False,True,False,True,1.0
NORT_ARTIC_4.1,27270,3737,1025,20,12,2,4794,0.048758260840009525,True,False,False,False,False,True,0.7268703356140727
NORT_ARTIC_4.1,27811,2045,706,9,8,1,2768,0.053421573006750295,True,False,False,True,False,True,0.7563109734011223
NORT_ARTIC_4.1,380,340,717,2,14,1,1073,0.11002495750446908,True,False,False,False,False,True,0.9748917504320357
NORT_ARTIC_4.1,1265,355,579,2,11,1,947,0.14751397778182823,True,True,False,True,False,True,1.0
NORT_ARTIC_4.1,1374,461,140,8,2,1,611,1.0,True,True,False,True,False,True,1.0
NORT_ARTIC_4.1,1967,846,299,12,4,1,1161,1.0,True,False,False,True,False,True,1.0
NORT_ARTIC_4.1,2961,2280,983,21,9,2,3293,1.0,True,False,False,False,False,True,1.0
NORT_ARTIC_4.1,3210,592,187,7,2,1,788,1.0,True,True,False,True,False,True,1.0
NORT_ARTIC_4.1,3241,995,427,1,1,2,1424,0.5109339344793007,True,False,False,True,False,True,1.0
NORT_ARTIC_4.1,5628,1729,941,30,14,2,2714,0.7508273786444346,True,False,False,False,False,True,1.0
NORT_ARTIC_4.1,5653,7346,2243,40,18,3,9647,0.16506164692374437,True,False,False,False,False,True,1.0
NORT_ARTIC_4.1,5924,827,1267,0,2,2,2096,0.522006686221283,True,False,True,True,False,True,1.0
NORT_ARTIC_4.1,5978,569,146,10,0,1,725,0.2257273589257595,True,True,True,True,False,True,1.0
NORT_ARTIC_4.1,6312,116,30,0,0,1,146,1.0,True,True,True,True,False,True,1.0
NORT_ARTIC_4.1,6803,642,471,5,6,1,1124,0.5425550893267486,True,False,False,True,False,True,1.0
NORT_ARTIC_4.1,6870,741,467,13,4,1,1225,0.3150031956338315,True,False,False,False,False,True,1.0
NORT_ARTIC_4.1,7010,231,694,4,11,1,940,1.0,True,True,False,True,False,True,1.0
NORT_ARTIC_4.1,7327,135,332,4,6,1,477,0.48684900894066885,True,True,False,True,False,True,1.0
NORT_ARTIC_4.1,7669,5586,17340,53,153,8,23132,0.6258264453922933,True,False,False,False,False,True,1.0
NORT_ARTIC_4.1,8134,857,394,5,5,1,1261,0.3033818184237486,True,False,False,True,False,True,1.0
NORT_ARTIC_4.1,10743,374,757,6,6,1,1143,0.22852260442449138,True,False,False,True,False,True,1.0
NORT_ARTIC_4.1,10935,131,212,3,5,1,351,1.0,True,True,False,True,False,True,1.0
NORT_ARTIC_4.1,12346,3115,746,23,11,2,3895,0.07762525634748149,True,False,False,False,False,True,0.8890563067812675
NORT_ARTIC_4.1,16019,624,372,18,10,1,1024,1.0,True,False,False,False,False,True,1.0
NORT_ARTIC_4.1,16264,9142,3053,58,25,4,12278,0.3089796935272924,True,False,False,False,False,True,1.0
NORT_ARTIC_4.1,16348,3387,9157,33,55,6,12632,0.030376866877980524,True,False,False,False,False,True,0.5664174323955149
NORT_ARTIC_4.1,17363,756,690,5,9,1,1460,0.2845516913942748,True,False,False,False,False,True,1.0
NORT_ARTIC_4.1,17365,6148,4335,39,32,4,10554,0.5468558777024939,True,False,False,False,False,True,1.0
NORT_ARTIC_4.1,17417,761,201,10,2,1,974,1.0,True,True,False,True,False,True,1.0
NORT_ARTIC_4.1,17863,275,1040,8,14,2,1337,0.10883307461683793,True,False,False,True,False,True,0.9731331642640071
NORT_ARTIC_4.1,17864,278,1061,7,15,2,1361,0.195524264878771,True,False,False,True,False,True,1.0
NORT_ARTIC_4.1,17865,277,1096,7,15,2,1395,0.18414874916580407,True,False,False,True,False,True,1.0
NORT_ARTIC_4.1,17876,169,683,2,6,1,860,0.6622965627207484,True,True,False,True,False,True,1.0
NORT_ARTIC_4.1,20787,990,302,24,3,2,1319,0.16844102086257953,True,False,False,False,False,True,1.0
NORT_ARTIC_4.1,20820,940,276,18,2,1,1236,0.2781292237605323,True,False,False,True,False,True,1.0
NORT_ARTIC_4.1,21022,483,752,4,18,1,1257,0.04854586404257053,True,False,False,False,False,True,0.7268703356140727
NORT_ARTIC_4.1,21489,1122,601,14,7,2,1744,1.0,True,False,False,False,False,True,1.0
NORT_ARTIC_4.1,21946,544,82,5,4,1,635,0.023128939019229657,True,True,False,True,False,True,0.4771221420836344
NORT_ARTIC_4.1,22010,1891,417,17,6,2,2331,0.2870852320226368,True,False,False,True,False,True,1.0
NORT_ARTIC_4.1,22023,1425,508,13,9,2,1955,0.1435448786738762,True,False,False,False,False,True,1.0
NORT_ARTIC_4.1,22088,300,266,1,0,1,567,1.0,True,True,True,True,False,True,1.0
NORT_ARTIC_4.1,23664,262,101,0,0,2,363,1.0,True,True,True,True,False,True,1.0
NORT_ARTIC_4.1,23785,330,475,28,30,6,863,0.334127810214107,True,True,False,False,False,True,1.0
NORT_ARTIC_4.1,23935,1581,560,18,5,2,2164,0.8124101472552434,True,False,False,False,False,True,1.0
NORT_ARTIC_4.1,24779,478,416,5,5,1,904,1.0,True,True,False,True,False,True,1.0
NORT_ARTIC_4.1,24780,1714,959,17,10,2,2700,1.0,True,False,False,False,False,True,1.0
NORT_ARTIC_4.1,25603,186,670,3,12,1,871,1.0,True,True,False,True,False,True,1.0
NORT_ARTIC_4.1,26267,1136,4519,7,31,2,5693,1.0,True,False,False,False,False,True,1.0
NORT_ARTIC_4.1,27213,1609,565,18,7,2,2199,0.8198836207782371,True,False,False,False,False,True,1.0
NORT_ARTIC_4.1,27333,482,442,5,5,1,934,1.0,True,True,False,True,False,True,1.0
NORT_ARTIC_4.1,27353,394,376,9,11,1,790,0.6543022916311899,True,True,False,False,False,True,1.0
NORT_ARTIC_4.1,27494,321,842,3,13,1,1179,0.578014922232915,True,False,False,True,False,True,1.0
NORT_ARTIC_4.1,27922,1560,3743,11,31,3,5345,0.7356901385088243,True,False,False,False,False,True,1.0
NORT_ARTIC_4.1,28081,4176,3349,34,22,3,7581,0.500470518119978,True,False,False,False,False,True,1.0
NORT_ARTIC_4.1,28250,899,901,12,25,1,1837,0.04510725453865601,True,False,False,False,False,True,0.7147355080702539
NORT_ARTIC_4.1,28822,114,620,0,4,1,738,1.0,True,True,True,True,False,True,1.0
NORT_ARTIC_4.1,29500,97,314,2,9,1,422,1.0,True,True,False,True,False,True,1.0
NORT_ARTIC_4.1,833,278,275,3,5,1,561,0.5042747214657022,True,True,False,True,False,True,1.0
NORT_ARTIC_4.1,5593,843,788,6,8,1,1645,0.5964076123153892,True,False,False,False,False,True,1.0
NORT_ARTIC_4.1,7077,617,1442,10,13,2,2082,0.17298735084505168,True,False,False,False,False,True,1.0
NORT_ARTIC_4.1,8949,229,154,5,3,1,391,1.0,True,True,False,True,False,True,1.0
NORT_ARTIC_4.1,12247,564,963,5,9,1,1541,1.0,True,False,False,False,False,True,1.0
NORT_ARTIC_4.1,14107,436,642,164,215,2,1457,0.3628200482007948,True,False,False,False,False,True,1.0
NORT_ARTIC_4.1,16291,779,582,10,7,1,1378,1.0,True,False,False,False,False,True,1.0
NORT_ARTIC_4.1,17031,3077,5585,17,31,2,8710,1.0,True,False,False,False,False,True,1.0
NORT_ARTIC_4.1,20580,362,328,108,119,1,917,0.22078847711659866,True,True,False,False,False,True,1.0
NORT_ARTIC_4.1,20588,390,446,2,9,1,847,0.07174394678185539,True,True,False,False,False,True,0.8506592604695657
NORT_ARTIC_4.1,26717,1681,510,15,7,2,2213,0.32096825289184183,True,False,False,False,False,True,1.0
NORT_ARTIC_4.1,28262,818,1182,7,13,1,2020,0.6542747009419442,True,False,False,False,False,True,1.0
NORT_ARTIC_4.1,29221,794,170,7,2,1,973,0.6637192303396784,True,True,False,True,False,True,1.0
NORT_ARTIC_4.1,527,72,65,1,0,1,138,1.0,True,True,True,True,False,True,1.0
NORT_ARTIC_4.1,783,548,89,7,2,1,646,0.36904090318941674,True,True,False,True,False,True,1.0
NORT_ARTIC_4.1,3936,24,118,0,0,2,142,1.0,True,True,True,True,False,True,1.0
NORT_ARTIC_4.1,4396,771,208,9,2,1,990,1.0,True,True,False,True,False,True,1.0
NORT_ARTIC_4.1,5803,218,895,3,11,1,1127,0.7442027011259772,True,False,False,True,False,True,1.0
NORT_ARTIC_4.1,7806,2184,638,20,10,2,2852,0.18693629314646246,True,False,False,False,False,True,1.0
NORT_ARTIC_4.1,8017,313,225,4,5,1,547,0.50256702156053,True,True,False,True,False,True,1.0
NORT_ARTIC_4.1,8560,1769,4682,18,36,3,6505,0.35835565388962587,True,False,False,False,False,True,1.0
NORT_ARTIC_4.1,8646,197,493,3,8,1,701,1.0,True,True,False,True,False,True,1.0
NORT_ARTIC_4.1,10832,335,90,10,2,1,437,1.0,True,True,False,True,False,True,1.0
NORT_ARTIC_4.1,12214,91,471,2,7,1,571,0.644886092268043,True,True,False,True,False,True,1.0
NORT_ARTIC_4.1,12826,40,404,2,6,1,452,0.16494638770479034,True,True,False,True,False,True,1.0
NORT_ARTIC_4.1,13093,193,719,0,2,1,914,1.0,True,True,True,True,False,True,1.0
NORT_ARTIC_4.1,13288,295,177,5,4,1,481,0.7343228933666679,True,True,False,True,False,True,1.0
NORT_ARTIC_4.1,13794,333,70,6,2,1,411,0.6337500393519384,True,True,False,True,False,True,1.0
NORT_ARTIC_4.1,16838,3976,1004,23,8,2,5011,0.49886637612070683,True,False,False,False,False,True,1.0
NORT_ARTIC_4.1,17494,276,158,4,4,1,442,0.47215985188622234,True,True,False,True,False,True,1.0
NORT_ARTIC_4.1,17844,146,607,3,9,1,765,0.7111787673102121,True,True,False,True,False,True,1.0
NORT_ARTIC_4.1,19144,1732,3171,13,17,2,4933,0.443729629403507,True,False,False,False,False,True,1.0
NORT_ARTIC_4.1,25054,364,1127,8,10,2,1509,0.05772751419310912,True,False,False,True,False,True,0.772958310926981
NORT_ARTIC_4.1,25655,235,665,4,7,1,911,0.49178198460002476,True,True,False,True,False,True,1.0
NORT_ARTIC_4.1,26522,1745,3783,3,5,5,5536,0.7133443410468933,True,False,False,True,False,True,1.0
NORT_ARTIC_4.1,26598,136,342,21,4,1,503,3.2558146631381475e-08,True,True,False,False,False,True,1.8437557851623066e-06
NORT_ARTIC_4.1,28014,2229,3616,10,26,2,5881,0.2309319081021346,True,False,False,False,False,True,1.0
NORT_ARTIC_4.1,28254,1285,1497,14,6,1,2802,0.04186218572733195,True,False,False,False,False,True,0.6957313258379407
NORT_ARTIC_4.1,29287,1102,279,9,4,1,1394,0.3129443296182452,True,False,False,True,False,True,1.0
NORT_ARTIC_4.1,29665,678,745,8,7,1,1438,0.7965611992224817,True,False,False,False,False,True,1.0
NORT_ARTIC_4.1,610,137,565,4,12,1,718,0.5327611297870877,True,True,False,True,False,True,1.0
NORT_ARTIC_4.1,1498,202,581,4,9,1,796,0.7501121412276822,True,True,False,True,False,True,1.0
NORT_ARTIC_4.1,2605,763,140,0,0,1,903,1.0,True,True,True,True,False,True,1.0
NORT_ARTIC_4.1,8345,4152,1973,30,16,3,6171,0.7519409873325957,True,False,False,False,False,True,1.0
NORT_ARTIC_4.1,9081,853,314,6,5,1,1178,0.1802013168884511,True,False,False,True,False,True,1.0
NORT_ARTIC_4.1,9172,333,811,6,8,1,1158,0.25249732309327066,True,False,False,True,False,True,1.0
NORT_ARTIC_4.1,9274,1220,988,8,10,1,2226,0.4764415894735082,True,False,False,False,False,True,1.0
NORT_ARTIC_4.1,9806,1066,3030,7,27,2,4130,0.5596555858076244,True,False,False,False,False,True,1.0
NORT_ARTIC_4.1,10168,4441,1192,31,15,3,5679,0.0693507436303765,True,False,False,False,False,True,0.8506592604695657
NORT_ARTIC_4.1,10171,1334,232,17,6,2,1589,0.13994804170519068,True,False,False,True,False,True,1.0
NORT_ARTIC_4.1,11515,397,595,7,6,1,1005,0.39534459142274614,True,False,False,False,False,True,1.0
NORT_ARTIC_4.1,12215,242,1337,7,8,1,1594,0.004360752119017377,True,False,False,True,False,True,0.1333517997995514
NORT_ARTIC_4.1,14041,3215,16150,2,583,14,19950,6.373910987954815e-42,False,False,False,False,False,False,8.121424917152427e-40
NORT_ARTIC_4.1,14642,593,2138,5,14,2,2750,0.5829033758797573,True,False,False,True,False,True,1.0
NORT_ARTIC_4.1,16403,727,1641,8,9,1,2385,0.185523835249285,True,False,False,False,False,True,1.0
NORT_ARTIC_4.1,16985,646,2393,4,16,1,3059,1.0,True,False,False,True,False,True,1.0
NORT_ARTIC_4.1,17440,1483,248,20,4,1,1755,0.7675331454393106,True,False,False,True,False,True,1.0
NORT_ARTIC_4.1,17773,4483,2166,24,16,2,6689,0.31472137532561084,True,False,False,False,False,True,1.0
NORT_ARTIC_4.1,18517,1604,4857,14,31,2,6506,0.38588120543969456,True,False,False,False,False,True,1.0
NORT_ARTIC_4.1,19098,4345,3570,35,27,3,7977,0.8982152422086211,True,False,False,False,False,True,1.0
NORT_ARTIC_4.1,19163,535,1641,7,13,1,2196,0.29883907383762676,True,False,False,True,False,True,1.0
NORT_ARTIC_4.1,19242,1205,2396,12,17,2,3630,0.42975895071476156,True,False,False,False,False,True,1.0
NORT_ARTIC_4.1,25612,351,1324,3,8,1,1686,0.7084724856789237,True,False,False,True,False,True,1.0
NORT_ARTIC_4.1,27432,1824,4522,15,24,2,6385,0.21333205066157349,True,False,False,False,False,True,1.0
NORT_ARTIC_4.1,27752,1736,520,3,0,1,2259,1.0,True,False,True,True,False,True,1.0
NORT_ARTIC_4.1,27755,1741,513,10,6,1,2270,0.22608085173332,True,False,False,True,False,True,1.0
NORT_ARTIC_4.1,28007,433,1588,5,8,1,2034,0.16923961988826672,True,False,False,True,False,True,1.0
NORT_ARTIC_4.1,29642,314,140,0,0,1,454,1.0,True,True,True,True,False,True,1.0
NORT_ARTIC_4.1,1739,1827,3274,20,28,3,5149,0.4500075988370842,True,False,False,False,False,True,1.0
NORT_ARTIC_4.1,1969,7087,2500,41,24,4,9652,0.0641775841605504,True,False,False,False,False,True,0.8143363168587682
NORT_ARTIC_4.1,2283,1861,608,10,6,1,2485,0.2473990413623694,True,False,False,True,False,True,1.0
NORT_ARTIC_4.1,2395,395,1134,153,458,1,2140,0.742223922861148,True,False,False,False,False,True,1.0
NORT_ARTIC_4.1,3469,5075,4609,34,23,3,9741,0.2901055838361291,True,False,False,False,False,True,1.0
NORT_ARTIC_4.1,3649,499,1553,6,11,1,2069,0.27112007522448006,True,False,False,True,False,True,1.0
NORT_ARTIC_4.1,3864,567,339,9,4,1,919,0.7764188564330923,True,True,False,True,False,True,1.0
NORT_ARTIC_4.1,4049,639,557,6,6,1,1208,1.0,True,False,False,False,False,True,1.0
NORT_ARTIC_4.1,4089,683,233,7,4,1,927,0.4857285115414738,True,True,False,True,False,True,1.0
NORT_ARTIC_4.1,4362,878,409,7,4,1,1298,0.7509019410297088,True,False,False,True,False,True,1.0
NORT_ARTIC_4.1,5636,4520,1434,25,11,2,5990,0.4333200721959964,True,False,False,False,False,True,1.0
NORT_ARTIC_4.1,6004,3081,1872,22,18,3,4993,0.41334401493708106,True,False,False,False,False,True,1.0
NORT_ARTIC_4.1,6126,369,1788,3,12,1,2172,0.7315088138031507,True,False,False,True,False,True,1.0
NORT_ARTIC_4.1,6834,739,1005,5,8,1,1757,1.0,True,False,False,False,False,True,1.0
NORT_ARTIC_4.1,7001,803,2261,10,20,2,3094,0.404870284017109,True,False,False,False,False,True,1.0
NORT_ARTIC_4.1,7040,265,782,4,8,1,1059,0.5129172115305214,True,False,False,True,False,True,1.0
NORT_ARTIC_4.1,7399,662,1809,7,10,1,2488,0.18010515429797566,True,False,False,True,False,True,1.0
NORT_ARTIC_4.1,7559,1489,749,10,9,1,2257,0.2253230803547788,True,False,False,False,False,True,1.0
NORT_ARTIC_4.1,8038,1818,1772,11,17,2,3618,0.25859521296890725,True,False,False,False,False,True,1.0
NORT_ARTIC_4.1,8693,736,1474,6,11,1,2227,1.0,True,False,False,False,False,True,1.0
NORT_ARTIC_4.1,9642,2186,1843,11,9,1,4049,1.0,True,False,False,False,False,True,1.0
NORT_ARTIC_4.1,10761,5046,10107,24,71,5,15248,0.10212764890812992,True,False,False,False,False,True,0.9579949397578568
NORT_ARTIC_4.1,11059,5421,4266,31,34,3,9752,0.20999445675826553,True,False,False,False,False,True,1.0
NORT_ARTIC_4.1,11164,1602,751,11,8,1,2372,0.3341393670719245,True,False,False,False,False,True,1.0
NORT_ARTIC_4.1,11751,3743,1426,28,16,2,5213,0.23484107554965994,True,False,False,False,False,True,1.0
NORT_ARTIC_4.1,11763,3039,1690,20,12,2,4761,0.8543015164006076,True,False,False,False,False,True,1.0
NORT_ARTIC_4.1,12065,1827,507,14,7,1,2355,0.1924451690774001,True,False,False,True,False,True,1.0
NORT_ARTIC_4.1,12117,1158,684,6,10,1,1858,0.06521866892320977,True,False,False,False,False,True,0.8241268163932871
NORT_ARTIC_4.1,12276,1340,1595,10,11,1,2956,1.0,True,False,False,False,False,True,1.0
NORT_ARTIC_4.1,12519,650,2056,7,10,1,2723,0.1489124499544755,True,False,False,True,False,True,1.0
NORT_ARTIC_4.1,12555,6501,8537,36,51,4,15125,0.7461799803089731,True,False,False,False,False,True,1.0
NORT_ARTIC_4.1,14556,553,794,4,7,1,1358,1.0,True,False,False,True,False,True,1.0
NORT_ARTIC_4.1,14801,475,177,6,6,1,664,0.1011812385677706,True,True,False,True,False,True,0.9520376232007461
NORT_ARTIC_4.1,15764,2678,2937,16,19,2,5650,0.8663704055904484,True,False,False,False,False,True,1.0
NORT_ARTIC_4.1,16350,860,2223,9,11,1,3103,0.12976287624626584,True,False,False,False,False,True,1.0
NORT_ARTIC_4.1,17034,1811,3270,11,15,1,5107,0.5392562471134487,True,False,False,False,False,True,1.0
NORT_ARTIC_4.1,17445,4338,1026,29,8,2,5401,0.6761510882511665,True,False,False,False,False,True,1.0
NORT_ARTIC_4.1,17589,1508,5841,13,37,3,7399,0.37844944577862927,True,False,False,False,False,True,1.0
NORT_ARTIC_4.1,17757,1653,640,14,4,1,2311,0.79309710275547,True,False,False,False,False,True,1.0
NORT_ARTIC_4.1,17842,1055,2850,11,18,2,3934,0.20834199469987302,True,False,False,False,False,True,1.0
NORT_ARTIC_4.1,18335,1941,446,15,4,1,2406,0.7684863204251005,True,False,False,True,False,True,1.0
NORT_ARTIC_4.1,19236,1219,1882,2,14,1,3117,0.03709219698785646,True,False,False,False,False,True,0.6408358101065822
NORT_ARTIC_4.1,20116,1456,1200,11,11,1,2678,0.6726274165792074,True,False,False,False,False,True,1.0
NORT_ARTIC_4.1,21529,1914,2553,15,19,2,4501,1.0,True,False,False,False,False,True,1.0
NORT_ARTIC_4.1,21655,1466,1337,12,6,1,2821,0.24610552418072928,True,False,False,False,False,True,1.0
NORT_ARTIC_4.1,21656,1467,1335,9,9,1,2820,1.0,True,False,False,False,False,True,1.0
NORT_ARTIC_4.1,24166,218,1159,4,10,1,1391,0.25863319646068006,True,False,False,True,False,True,1.0
NORT_ARTIC_4.1,24292,12358,4600,66,28,5,17052,0.5617926965522455,True,False,False,False,False,True,1.0
NORT_ARTIC_4.1,24367,1119,1037,7,9,1,2172,0.6185559045876595,True,False,False,False,False,True,1.0
NORT_ARTIC_4.1,25629,805,1759,9,17,2,2590,0.6780697124443809,True,False,False,False,False,True,1.0
NORT_ARTIC_4.1,25739,1340,434,11,3,1,1788,1.0,True,False,False,True,False,True,1.0
NORT_ARTIC_4.1,27687,205,380,3,6,1,594,1.0,True,True,False,True,False,True,1.0
NORT_ARTIC_4.1,27798,1820,798,19,4,1,2641,0.25379095034475174,True,False,False,False,False,True,1.0
NORT_ARTIC_4.1,28089,1353,860,18,5,1,2236,0.13048838890159956,True,False,False,False,False,True,1.0
NORT_ARTIC_4.1,312,108,464,0,0,1,572,1.0,True,True,True,True,False,True,1.0
NORT_ARTIC_4.1,967,530,714,19,26,1,1289,1.0,True,False,False,False,False,True,1.0
NORT_ARTIC_4.1,1556,566,400,6,6,1,978,0.5679479235453956,True,True,False,True,False,True,1.0
NORT_ARTIC_4.1,3126,777,476,12,4,1,1269,0.4371035588971928,True,False,False,False,False,True,1.0
NORT_ARTIC_4.1,3366,244,867,4,6,1,1121,0.24135873373488803,True,False,False,True,False,True,1.0
NORT_ARTIC_4.1,3694,227,869,5,10,1,1111,0.2154315491652399,True,False,False,True,False,True,1.0
NORT_ARTIC_4.1,3805,307,192,8,5,1,512,1.0,True,True,False,False,False,True,1.0
NORT_ARTIC_4.1,5645,1243,354,8,4,1,1609,0.3159805362720962,True,False,False,True,False,True,1.0
NORT_ARTIC_4.1,5863,1270,3560,13,24,2,4867,0.2598516753537894,True,False,False,False,False,True,1.0
NORT_ARTIC_4.1,6144,331,1388,7,35,2,1761,0.8431062907590973,True,False,False,False,False,True,1.0
NORT_ARTIC_4.1,12551,789,1046,4,11,1,1850,0.29539275704564544,True,False,False,False,False,True,1.0
NORT_ARTIC_4.1,13445,154,590,3,6,1,753,0.40426187940999453,True,True,False,True,False,True,1.0
NORT_ARTIC_4.1,13671,158,137,4,2,1,301,0.6899141422319197,True,True,False,True,False,True,1.0
NORT_ARTIC_4.1,14299,224,554,3,8,1,789,1.0,True,True,False,True,False,True,1.0
NORT_ARTIC_4.1,14711,613,1304,11,14,2,1942,0.202423342703068,True,False,False,False,False,True,1.0
NORT_ARTIC_4.1,15854,632,3236,14,52,3,3934,0.3129039503305352,True,False,False,False,False,True,1.0
NORT_ARTIC_4.1,15901,960,1033,12,3,1,2008,0.017749945431802236,True,False,False,False,False,True,0.38495980943582436
NORT_ARTIC_4.1,16695,248,1015,3,18,1,1284,0.7816790933630908,True,False,False,True,False,True,1.0
NORT_ARTIC_4.1,16729,1042,1040,20,22,1,2124,0.8763863481916128,True,False,False,False,False,True,1.0
NORT_ARTIC_4.1,16794,1181,263,9,4,1,1457,0.27335485044175556,True,False,False,True,False,True,1.0
NORT_ARTIC_4.1,19022,935,355,11,6,1,1307,0.5847038671606402,True,False,False,True,False,True,1.0
NORT_ARTIC_4.1,19258,458,740,5,6,1,1209,0.7572096240468231,True,False,False,True,False,True,1.0
NORT_ARTIC_4.1,20112,893,207,8,3,1,1111,0.44464520537371477,True,False,False,True,False,True,1.0
NORT_ARTIC_4.1,20725,1080,1046,11,3,1,2140,0.05723204691764771,True,False,False,False,False,True,0.772958310926981
NORT_ARTIC_4.1,20739,1110,1068,10,25,2,2213,0.009967333301399121,True,False,False,False,False,True,0.2511920758843013
NORT_ARTIC_4.1,21330,669,545,2,12,1,1228,0.0024261934714038752,True,False,False,False,False,True,0.08336291725340506
NORT_ARTIC_4.1,21352,2197,1625,17,10,2,3849,0.6969567759855613,True,False,False,False,False,True,1.0
NORT_ARTIC_4.1,24879,625,222,8,4,1,859,0.5255505541718768,True,True,False,True,False,True,1.0
NORT_ARTIC_4.1,26115,1734,483,17,8,1,2242,0.22579367888806007,True,False,False,False,False,True,1.0
NORT_ARTIC_4.1,27264,7989,2984,62,30,4,11065,0.24146133385593632,True,False,False,False,False,True,1.0
NORT_ARTIC_4.1,27577,243,54,4,2,1,303,0.307057323962502,True,True,False,True,False,True,1.0
NORT_ARTIC_4.1,27972,1292,5349,27,74,3,6742,0.07619943961137836,True,False,False,False,False,True,0.8793127786097925
NORT_ARTIC_4.1,28821,154,723,4,6,1,887,0.08441890553226282,True,True,False,True,False,True,0.918693996859999
NORT_ARTIC_4.1,29284,673,232,1,0,1,906,1.0,True,True,True,True,False,True,1.0
NORT_ARTIC_4.1,1956,2123,705,13,5,1,2846,0.7861436189959312,True,False,False,True,False,True,1.0
NORT_ARTIC_4.1,2004,8224,3777,42,29,3,12072,0.0963287329781522,True,False,False,False,False,True,0.951670477089875
NORT_ARTIC_4.1,2580,1976,736,18,10,2,2740,0.2942214418792473,True,False,False,False,False,True,1.0
NORT_ARTIC_4.1,2966,1771,847,11,8,2,2637,0.4604939848415032,True,False,False,False,False,True,1.0
NORT_ARTIC_4.1,3481,2876,1456,17,11,2,4360,0.5498863467036972,True,False,False,False,False,True,1.0
NORT_ARTIC_4.1,4359,560,302,6,5,1,873,0.5305722596613426,True,True,False,True,False,True,1.0
NORT_ARTIC_4.1,4687,1978,652,16,11,2,2657,0.07176915932019227,True,False,False,False,False,True,0.8506592604695657
NORT_ARTIC_4.1,4885,519,1306,4,8,1,1837,0.7504297317003348,True,False,False,True,False,True,1.0
NORT_ARTIC_4.1,6285,246,56,1,0,1,303,1.0,True,True,True,True,False,True,1.0
NORT_ARTIC_4.1,7630,879,1994,7,11,1,2891,0.44861275297262415,True,False,False,False,False,True,1.0
NORT_ARTIC_4.1,7782,1180,290,8,3,1,1481,0.46307113131130867,True,False,False,True,False,True,1.0
NORT_ARTIC_4.1,8418,7338,1960,48,22,4,9368,0.03977253895375972,True,False,False,False,False,True,0.6832832815763888
NORT_ARTIC_4.1,8915,172,473,4,5,1,654,0.260170029176502,True,True,False,True,False,True,1.0
NORT_ARTIC_4.1,9086,650,217,13,5,1,885,0.7856579145976073,True,True,False,True,False,True,1.0
NORT_ARTIC_4.1,9657,1530,1520,7,10,1,3067,0.47851367952322044,True,False,False,False,False,True,1.0
NORT_ARTIC_4.1,9966,1071,715,8,5,1,1799,1.0,True,False,False,False,False,True,1.0
NORT_ARTIC_4.1,10369,482,1344,1,3,1,1830,1.0,True,False,False,True,False,True,1.0
NORT_ARTIC_4.1,12103,987,454,8,4,1,1453,1.0,True,False,False,True,False,True,1.0
NORT_ARTIC_4.1,12354,2927,760,20,7,2,3714,0.47721704035286466,True,False,False,False,False,True,1.0
NORT_ARTIC_4.1,13884,1867,632,10,5,1,2514,0.5506914313746709,True,False,False,True,False,True,1.0
NORT_ARTIC_4.1,13899,1923,659,10,8,1,2600,0.0988095372872849,True,False,False,True,False,True,0.951670477089875
NORT_ARTIC_4.1,14714,429,860,2,11,1,1302,0.24043116960957647,True,False,False,True,False,True,1.0
NORT_ARTIC_4.1,15565,1406,549,11,6,1,1972,0.5881227131710041,True,False,False,True,False,True,1.0
NORT_ARTIC_4.1,16149,3172,3992,24,20,2,7208,0.17474120894107387,True,False,False,False,False,True,1.0
NORT_ARTIC_4.1,16980,3858,10497,26,56,4,14437,0.31970712844279237,True,False,False,False,False,True,1.0
NORT_ARTIC_4.1,17142,833,441,7,5,1,1286,0.7616225126150251,True,False,False,True,False,True,1.0
NORT_ARTIC_4.1,17305,2253,4906,18,38,4,7215,0.8861493115316316,True,False,False,False,False,True,1.0
NORT_ARTIC_4.1,17357,7249,4998,48,29,4,12324,0.6422783145526367,True,False,False,False,False,True,1.0
NORT_ARTIC_4.1,17681,2769,2515,18,16,2,5318,1.0,True,False,False,False,False,True,1.0
NORT_ARTIC_4.1,18494,1067,2153,7,12,1,3239,0.8077477805738446,True,False,False,False,False,True,1.0
NORT_ARTIC_4.1,18997,1710,690,18,4,1,2422,0.34849855381265393,True,False,False,False,False,True,1.0
NORT_ARTIC_4.1,19008,2063,752,15,3,1,2833,0.43084831094432174,True,False,False,True,False,True,1.0
NORT_ARTIC_4.1,19671,1332,1645,15,13,2,3005,0.4456850802154308,True,False,False,False,False,True,1.0
NORT_ARTIC_4.1,19697,866,1198,14,12,2,2090,0.2358253100162126,True,False,False,False,False,True,1.0
NORT_ARTIC_4.1,19770,810,2751,11,15,2,3587,0.031197570392699936,True,False,False,False,False,True,0.5781949712780389
NORT_ARTIC_4.1,20718,1095,1401,13,9,1,2518,0.19540405481400813,True,False,False,False,False,True,1.0
NORT_ARTIC_4.1,25011,345,843,4,7,1,1199,0.7392704699587811,True,False,False,True,False,True,1.0
NORT_ARTIC_4.1,25042,314,799,4,6,1,1123,0.4816957007825342,True,False,False,True,False,True,1.0
NORT_ARTIC_4.1,25980,4120,5497,49,35,5,9701,0.005384855658666242,True,False,False,False,False,True,0.15987270489515892
NORT_ARTIC_4.1,26324,1341,2062,10,12,1,3425,0.6626426061515869,True,False,False,False,False,True,1.0
NORT_ARTIC_4.1,27477,3098,5275,25,40,3,8438,0.79788014983688,True,False,False,False,False,True,1.0
NORT_ARTIC_4.1,375,692,526,7,4,1,1229,0.7657157800812247,True,False,False,True,False,True,1.0
NORT_ARTIC_4.1,1134,1941,1107,21,14,2,3083,0.7243094020752259,True,False,False,False,False,True,1.0
NORT_ARTIC_4.1,1964,1618,400,12,1,1,2031,0.48403561000938855,True,False,False,True,False,True,1.0
NORT_ARTIC_4.1,2269,1660,367,15,2,1,2044,0.7526011988645893,True,False,False,True,False,True,1.0
NORT_ARTIC_4.1,2412,310,1590,5,13,1,1918,0.1988144853372727,True,False,False,True,False,True,1.0
NORT_ARTIC_4.1,2643,921,341,9,4,1,1275,0.7574482227496542,True,False,False,True,False,True,1.0
NORT_ARTIC_4.1,2839,259,678,3,8,1,948,1.0,True,True,False,True,False,True,1.0
NORT_ARTIC_4.1,3749,203,1047,3,8,1,1261,0.40161353487131746,True,False,False,True,False,True,1.0
NORT_ARTIC_4.1,5021,5765,1134,33,9,3,6941,0.4018540988917547,True,False,False,False,False,True,1.0
NORT_ARTIC_4.1,5282,1647,1387,7,10,1,3051,0.332785727593208,True,False,False,False,False,True,1.0
NORT_ARTIC_4.1,5606,1771,1521,11,9,1,3312,1.0,True,False,False,False,False,True,1.0
NORT_ARTIC_4.1,5611,1889,1421,13,9,1,3332,1.0,True,False,False,False,False,True,1.0
NORT_ARTIC_4.1,5627,2114,1119,9,7,1,3249,0.4405115444233568,True,False,False,False,False,True,1.0
NORT_ARTIC_4.1,6817,3056,3153,15,18,2,6242,0.7287551938355559,True,False,False,False,False,True,1.0
NORT_ARTIC_4.1,7412,1281,2210,8,11,1,3510,0.6386501887054317,True,False,False,False,False,True,1.0
NORT_ARTIC_4.1,7421,3660,3176,28,18,2,6882,0.3743521099536582,True,False,False,False,False,True,1.0
NORT_ARTIC_4.1,7663,519,2385,5,13,1,2922,0.34863900644766455,True,False,False,True,False,True,1.0
NORT_ARTIC_4.1,7740,1262,1925,9,10,1,3206,0.49047415756211377,True,False,False,False,False,True,1.0
NORT_ARTIC_4.1,8358,1803,388,10,2,1,2203,1.0,True,False,False,True,False,True,1.0
NORT_ARTIC_4.1,8622,467,2245,3,12,1,2727,0.7328173255594851,True,False,False,True,False,True,1.0
NORT_ARTIC_4.1,8752,257,108,0,0,1,365,1.0,True,True,True,True,False,True,1.0
NORT_ARTIC_4.1,9722,657,3229,3,18,1,3907,1.0,True,False,False,True,False,True,1.0
NORT_ARTIC_4.1,9776,592,3556,2,24,2,4174,0.5700878228192845,True,False,False,True,False,True,1.0
NORT_ARTIC_4.1,11250,719,2167,2,12,1,2900,0.5385413444930751,True,False,False,True,False,True,1.0
NORT_ARTIC_4.1,12321,3857,2247,21,18,2,6143,0.24563822624142284,True,False,False,False,False,True,1.0
NORT_ARTIC_4.1,13422,234,1898,1,13,1,2146,1.0,True,False,False,True,False,True,1.0
NORT_ARTIC_4.1,13838,2164,321,11,3,1,2499,0.41147853399621614,True,False,False,True,False,True,1.0
NORT_ARTIC_4.1,13871,5100,1385,38,12,3,6535,0.6066747722321421,True,False,False,False,False,True,1.0
NORT_ARTIC_4.1,13894,2405,518,17,9,1,2949,0.036460036393309365,True,False,False,True,False,True,0.6372546254900614
NORT_ARTIC_4.1,14030,3293,14981,3,425,10,18702,6.48158206375948e-32,False,False,False,False,False,False,7.340991833694997e-30
NORT_ARTIC_4.1,14628,1099,4622,11,33,3,5765,0.3372008380511094,True,False,False,False,False,True,1.0
NORT_ARTIC_4.1,14795,227,72,6,3,1,308,0.4589555816753196,True,True,False,True,False,True,1.0
NORT_ARTIC_4.1,15648,2804,402,13,4,1,3223,0.2577012398544208,True,False,False,True,False,True,1.0
NORT_ARTIC_4.1,16107,691,3022,10,24,2,3747,0.12062151547082103,True,False,False,False,False,True,0.9929204376157392
NORT_ARTIC_4.1,16721,2371,1304,12,6,1,3693,1.0,True,False,False,False,False,True,1.0
NORT_ARTIC_4.1,17009,3616,6154,20,32,2,9822,0.8857139945346029,True,False,False,False,False,True,1.0
NORT_ARTIC_4.1,17060,10927,20894,69,104,6,31994,0.12781438276220325,True,False,False,False,False,True,1.0
NORT_ARTIC_4.1,17068,10073,19225,47,87,5,29432,0.855825813310294,True,False,False,False,False,True,1.0
NORT_ARTIC_4.1,17618,277,2167,3,15,1,2462,0.44938186870156743,True,False,False,True,False,True,1.0
NORT_ARTIC_4.1,18033,731,174,8,3,1,916,0.45288276423248286,True,True,False,True,False,True,1.0
NORT_ARTIC_4.1,19186,476,2032,4,10,1,2522,0.3202304598015398,True,False,False,True,False,True,1.0
NORT_ARTIC_4.1,19689,526,770,4,6,1,1306,1.0,True,False,False,True,False,True,1.0
NORT_ARTIC_4.1,20417,912,2042,8,11,1,2973,0.3214931994009443,True,False,False,False,False,True,1.0
NORT_ARTIC_4.1,20973,328,1728,5,8,1,2069,0.04428899616209791,True,False,False,True,False,True,0.7147355080702539
NORT_ARTIC_4.1,21328,807,1049,4,8,1,1868,0.5687410741225539,True,False,False,False,False,True,1.0
NORT_ARTIC_4.1,21543,979,1588,9,7,1,2583,0.19517493784731524,True,False,False,False,False,True,1.0
NORT_ARTIC_4.1,21577,1315,1609,7,9,1,2940,1.0,True,False,False,False,False,True,1.0
NORT_ARTIC_4.1,21823,205,1500,5,7,1,1717,0.010021397402840013,True,False,False,True,False,True,0.2511920758843013
NORT_ARTIC_4.1,23440,1374,1274,12,13,2,2673,0.8411606175762434,True,False,False,False,False,True,1.0
NORT_ARTIC_4.1,25129,1147,430,11,4,1,1592,1.0,True,False,False,True,False,True,1.0
NORT_ARTIC_4.1,25216,1202,334,4,21,1,1561,9.752196442320574e-11,True,False,False,False,False,True,6.345152493748152e-09
NORT_ARTIC_4.1,25438,1156,770,8,9,1,1943,0.3235251214632374,True,False,False,False,False,True,1.0
NORT_ARTIC_4.1,25493,692,467,2,1,1,1162,1.0,True,False,False,True,False,True,1.0
NORT_ARTIC_4.1,26374,1785,391,13,10,2,2199,0.004326347087951892,True,False,False,True,False,True,0.1333517997995514
NORT_ARTIC_4.1,27338,963,915,5,8,1,1891,0.4127903379939658,True,False,False,False,False,True,1.0
NORT_ARTIC_4.1,27436,454,2022,3,13,1,2492,1.0,True,False,False,True,False,True,1.0
NORT_ARTIC_4.1,28010,1802,3021,9,20,2,4852,0.5663793213789483,True,False,False,False,False,True,1.0
NORT_ARTIC_4.1,29406,146,896,3,7,1,1052,0.1577018784656847,True,False,False,True,False,True,1.0
NORT_ARTIC_4.1,1034,1117,273,9,1,1,1400,0.6970854923288744,True,False,False,True,False,True,1.0
NORT_ARTIC_4.1,1274,474,1205,31,80,1,1790,1.0,True,False,False,False,False,True,1.0
NORT_ARTIC_4.1,1901,1733,1452,1,3,1,3189,0.33705145543491766,True,False,False,True,False,True,1.0
NORT_ARTIC_4.1,2515,780,600,8,5,1,1393,0.785536493431171,True,False,False,False,False,True,1.0
NORT_ARTIC_4.1,4395,3303,1464,22,8,2,4797,0.6965704189760772,True,False,False,False,False,True,1.0
NORT_ARTIC_4.1,4586,261,1440,0,2,1,1703,1.0,True,False,True,True,False,True,1.0
NORT_ARTIC_4.1,6184,99,1025,0,0,1,1124,1.0,True,False,True,True,False,True,1.0
NORT_ARTIC_4.1,7640,2504,7874,15,35,2,10428,0.3233987925200379,True,False,False,False,False,True,1.0
NORT_ARTIC_4.1,7987,204,1139,3,42,1,1388,0.13716639142328324,True,False,False,False,False,True,1.0
NORT_ARTIC_4.1,8023,1754,2196,17,21,2,3988,1.0,True,False,False,False,False,True,1.0
NORT_ARTIC_4.1,8426,2264,374,15,3,1,2656,0.7332049625225715,True,False,False,True,False,True,1.0
NORT_ARTIC_4.1,9542,3105,1075,13,8,1,4201,0.21227381338141127,True,False,False,False,False,True,1.0
NORT_ARTIC_4.1,11408,2256,410,13,4,1,2683,0.31823646180268583,True,False,False,True,False,True,1.0
NORT_ARTIC_4.1,11668,1202,1875,7,6,1,3090,0.39345478192944583,True,False,False,False,False,True,1.0
NORT_ARTIC_4.1,12291,1606,1903,6,13,1,3528,0.2536053110193478,True,False,False,False,False,True,1.0
NORT_ARTIC_4.1,13570,447,206,2,0,2,655,1.0,True,True,True,True,False,True,1.0
NORT_ARTIC_4.1,14117,1482,2407,4,7,2,3900,1.0,True,False,False,True,False,True,1.0
NORT_ARTIC_4.1,16474,1738,1948,26,38,1,3750,0.3149149767032825,True,False,False,False,False,True,1.0
NORT_ARTIC_4.1,16717,1835,1790,9,9,1,3643,1.0,True,False,False,False,False,True,1.0
NORT_ARTIC_4.1,17557,1557,5010,14,26,2,6607,0.09648316583328817,True,False,False,False,False,True,0.951670477089875
NORT_ARTIC_4.1,18294,1997,465,12,6,1,2480,0.13094062149389882,True,False,False,True,False,True,1.0
NORT_ARTIC_4.1,18987,2141,586,15,3,1,2745,0.7787112835778924,True,False,False,True,False,True,1.0
NORT_ARTIC_4.1,19329,602,204,7,4,1,817,0.48452419514449396,True,True,False,True,False,True,1.0
NORT_ARTIC_4.1,20442,3719,3922,19,21,2,7681,1.0,True,False,False,False,False,True,1.0
NORT_ARTIC_4.1,20622,5440,10062,53,88,8,15643,0.5360480980610512,True,False,False,False,False,True,1.0
NORT_ARTIC_4.1,20663,533,2330,4,28,1,2895,0.495278431293155,True,False,False,False,False,True,1.0
NORT_ARTIC_4.1,21006,933,5204,9,37,2,6183,0.40917073210045507,True,False,False,False,False,True,1.0
NORT_ARTIC_4.1,23301,1326,916,8,7,1,2257,0.793236442587917,True,False,False,False,False,True,1.0
NORT_ARTIC_4.1,23817,47,172,3,3,1,225,0.12523865781581422,True,True,False,True,False,True,0.9972307745090834
NORT_ARTIC_4.1,24241,9742,4888,60,24,4,14714,0.4167374531331397,True,False,False,False,False,True,1.0
NORT_ARTIC_4.1,24246,1971,1146,11,8,1,3136,0.6390932186897618,True,False,False,False,False,True,1.0
NORT_ARTIC_4.1,24900,4036,2356,28,19,3,6439,0.6499902364768358,True,False,False,False,False,True,1.0
NORT_ARTIC_4.1,26005,2293,1019,12,6,1,3330,0.8012772379041337,True,False,False,False,False,True,1.0
NORT_ARTIC_4.1,27966,839,4644,8,31,2,5522,0.3708192491361951,True,False,False,False,False,True,1.0
NORT_ARTIC_4.1,28439,287,739,2,5,1,1033,1.0,True,False,False,True,False,True,1.0
NORT_ARTIC_4.1,29567,324,60,9,0,1,393,0.3658215026188059,True,True,True,True,False,True,1.0
NORT_ARTIC_4.1,1812,260,1208,4,12,1,1484,0.5063690582358046,True,False,False,True,False,True,1.0
NORT_ARTIC_4.1,2338,227,450,0,0,1,677,1.0,True,True,True,True,False,True,1.0
NORT_ARTIC_4.1,3617,433,619,6,10,1,1068,1.0,True,False,False,False,False,True,1.0
NORT_ARTIC_4.1,4918,232,680,0,3,1,915,0.5754036557320865,True,True,True,True,False,True,1.0
NORT_ARTIC_4.1,4994,926,355,8,4,1,1293,0.7468069822122803,True,False,False,True,False,True,1.0
NORT_ARTIC_4.1,5667,8175,2374,46,19,3,10614,0.23216990932688364,True,False,False,False,False,True,1.0
NORT_ARTIC_4.1,5820,419,1391,4,10,1,1824,0.7498867360217261,True,False,False,True,False,True,1.0
NORT_ARTIC_4.1,8807,31,50,2,2,1,85,0.6398136098400571,True,True,False,True,False,True,1.0
NORT_ARTIC_4.1,9444,183,623,4,7,1,817,0.2854755640658831,True,True,False,True,False,True,1.0
NORT_ARTIC_4.1,11384,3426,2746,20,21,2,6213,0.43198459221070107,True,False,False,False,False,True,1.0
NORT_ARTIC_4.1,13078,449,889,4,13,1,1355,0.4497525130463762,True,False,False,False,False,True,1.0
NORT_ARTIC_4.1,21519,521,774,7,9,2,1311,0.8014956081772928,True,False,False,False,False,True,1.0
NORT_ARTIC_4.1,22072,494,418,6,4,1,922,0.7613655209528879,True,True,False,True,False,True,1.0
NORT_ARTIC_4.1,22478,698,341,6,5,1,1050,0.5196960127357045,True,False,False,True,False,True,1.0
NORT_ARTIC_4.1,24303,3173,1025,21,9,2,4228,0.5220687467706686,True,False,False,False,False,True,1.0
NORT_ARTIC_4.1,24487,955,1150,10,5,1,2120,0.12071444309498747,True,False,False,False,False,True,0.9929204376157392
NORT_ARTIC_4.1,24908,392,266,5,4,1,667,1.0,True,True,False,True,False,True,1.0
NORT_ARTIC_4.1,26053,1535,209,11,3,1,1758,0.23332416739760523,True,False,False,True,False,True,1.0
NORT_ARTIC_4.1,27391,466,798,21,41,1,1326,0.6871377972174475,True,False,False,False,False,True,1.0
NORT_ARTIC_4.1,27408,1395,3495,11,34,2,4935,0.6213237420256522,True,False,False,False,False,True,1.0
NORT_ARTIC_4.1,546,256,241,7,5,1,509,0.7732638175299026,True,True,False,False,False,True,1.0
NORT_ARTIC_4.1,1132,480,254,8,5,1,747,0.7743753684052177,True,True,False,True,False,True,1.0
NORT_ARTIC_4.1,1209,409,1071,6,10,1,1496,0.4030717489576921,True,False,False,True,False,True,1.0
NORT_ARTIC_4.1,3140,1180,762,14,12,1,1968,0.5455369872676531,True,False,False,False,False,True,1.0
NORT_ARTIC_4.1,5236,268,1015,5,11,1,1299,0.3512014607591216,True,False,False,True,False,True,1.0
NORT_ARTIC_4.1,7109,451,737,7,7,1,1202,0.4107864464154791,True,False,False,False,False,True,1.0
NORT_ARTIC_4.1,8026,1431,2060,14,12,2,3517,0.22986862002409322,True,False,False,False,False,True,1.0
NORT_ARTIC_4.1,8417,1427,357,14,5,1,1803,0.5623453928449567,True,False,False,True,False,True,1.0
NORT_ARTIC_4.1,8471,971,443,10,4,1,1428,1.0,True,False,False,True,False,True,1.0
NORT_ARTIC_4.1,8617,523,1649,6,12,1,2190,0.40566282710932255,True,False,False,True,False,True,1.0
NORT_ARTIC_4.1,10480,1193,270,30,235,1,1728,1.2938732955308527e-110,True,False,False,False,False,True,2.8261889555238198e-108
NORT_ARTIC_4.1,10565,1199,673,25,14,2,1911,1.0,True,False,False,False,False,True,1.0
NORT_ARTIC_4.1,12216,1174,4713,10,34,3,5931,0.7043019386793796,True,False,False,False,False,True,1.0
NORT_ARTIC_4.1,12424,1337,796,15,10,2,2158,0.8362947794634352,True,False,False,False,False,True,1.0
NORT_ARTIC_4.1,15626,1526,350,18,4,1,1898,1.0,True,False,False,True,False,True,1.0
NORT_ARTIC_4.1,16231,1662,1041,17,5,1,2725,0.1854911318489626,True,False,False,False,False,True,1.0
NORT_ARTIC_4.1,17398,1336,477,13,7,1,1833,0.44329609089246497,True,False,False,False,False,True,1.0
NORT_ARTIC_4.1,17609,1793,6245,17,40,3,8095,0.2003602626086169,True,False,False,False,False,True,1.0
NORT_ARTIC_4.1,18949,2339,1085,18,10,2,3452,0.6847619872721236,True,False,False,False,False,True,1.0
NORT_ARTIC_4.1,19554,2235,857,28,5,2,3125,0.12021426549394679,True,False,False,False,False,True,0.9929204376157392
NORT_ARTIC_4.1,20711,8931,11819,47,81,6,20878,0.15315950982318105,True,False,False,False,False,True,1.0
NORT_ARTIC_4.1,22736,191,958,4,14,2,1167,0.5231585340632232,True,False,False,True,False,True,1.0
NORT_ARTIC_4.1,24537,1761,2395,16,17,2,4189,0.48501965656973145,True,False,False,False,False,True,1.0
NORT_ARTIC_4.1,25533,390,492,4,7,1,893,0.7633829971671378,True,True,False,True,False,True,1.0
NORT_ARTIC_4.1,26680,739,223,8,4,1,974,0.4895014764818433,True,True,False,True,False,True,1.0
NORT_ARTIC_4.1,28252,6147,7543,45,51,3,13786,0.7576292309598796,True,False,False,False,False,True,1.0
NORT_ARTIC_4.1,28877,503,581,0,1,1,1085,1.0,True,False,True,True,False,True,1.0
NORT_ARTIC_4.1,28878,499,585,0,0,1,1084,1.0,True,False,True,True,False,True,1.0
NORT_ARTIC_4.1,4131,2906,1355,26,15,3,4302,0.5043729125316065,True,False,False,False,False,True,1.0
NORT_ARTIC_4.1,4356,1608,609,9,6,1,2232,0.3825287198221081,True,False,False,True,False,True,1.0
NORT_ARTIC_4.1,4912,1167,3533,12,31,3,4743,0.5993677005190543,True,False,False,False,False,True,1.0
NORT_ARTIC_4.1,5507,536,1786,7,18,1,2347,0.6326624207678763,True,False,False,False,False,True,1.0
NORT_ARTIC_4.1,5538,460,1688,6,13,1,2167,0.2695674972443598,True,False,False,True,False,True,1.0
NORT_ARTIC_4.1,7397,702,883,6,12,1,1603,0.47550151821093384,True,False,False,False,False,True,1.0
NORT_ARTIC_4.1,8682,422,1769,3,14,1,2208,1.0,True,False,False,True,False,True,1.0
NORT_ARTIC_4.1,8951,680,214,9,4,1,907,0.5247236623394457,True,True,False,True,False,True,1.0
NORT_ARTIC_4.1,9285,1124,1289,6,11,1,2430,0.46613953277470377,True,False,False,False,False,True,1.0
NORT_ARTIC_4.1,9653,2687,1817,36,20,2,4560,0.5838163473766849,True,False,False,False,False,True,1.0
NORT_ARTIC_4.1,9667,1344,1278,13,6,1,2641,0.16862855880765076,True,False,False,False,False,True,1.0
NORT_ARTIC_4.1,10050,341,1006,6,10,1,1363,0.2584671973325649,True,False,False,True,False,True,1.0
NORT_ARTIC_4.1,10333,800,1188,8,14,1,2010,0.8285007039665869,True,False,False,False,False,True,1.0
NORT_ARTIC_4.1,10606,910,868,10,7,1,1795,0.629278922747925,True,False,False,False,False,True,1.0
NORT_ARTIC_4.1,12249,434,1896,395,45,1,2770,2.2015142911700714e-186,True,False,False,False,False,True,6.120209729452798e-184
NORT_ARTIC_4.1,14130,851,912,11,6,1,1780,0.22461701727515673,True,False,False,False,False,True,1.0
NORT_ARTIC_4.1,14695,663,2371,5,17,2,3056,1.0,True,False,False,True,False,True,1.0
NORT_ARTIC_4.1,14880,88,129,3,2,1,222,0.4025549956879383,True,True,False,True,False,True,1.0
NORT_ARTIC_4.1,16592,770,706,4,8,1,1488,0.24987719540747047,True,False,False,False,False,True,1.0
NORT_ARTIC_4.1,17873,285,1348,7,13,1,1653,0.06805926436993565,True,False,False,True,False,True,0.8435460715707249
NORT_ARTIC_4.1,18947,3711,1304,21,8,2,5044,0.8331815220899336,True,False,False,False,False,True,1.0
NORT_ARTIC_4.1,20764,1559,1754,11,11,1,3335,0.8325484367076827,True,False,False,False,False,True,1.0
NORT_ARTIC_4.1,21628,1438,1647,8,9,1,3102,1.0,True,False,False,False,False,True,1.0
NORT_ARTIC_4.1,26760,734,417,6,7,1,1164,0.24636330669822726,True,False,False,True,False,True,1.0
NORT_ARTIC_4.1,27846,10154,3186,64,24,5,13428,0.452885922879951,True,False,False,False,False,True,1.0
NORT_ARTIC_4.1,440,1127,227,1,0,1,1355,1.0,True,False,True,True,False,True,1.0
NORT_ARTIC_4.1,1856,219,1264,5,9,1,1497,0.045507268918269006,True,False,False,True,False,True,0.7147355080702539
NORT_ARTIC_4.1,4579,156,643,0,4,1,803,1.0,True,True,True,True,False,True,1.0
NORT_ARTIC_4.1,4813,958,1271,12,9,1,2250,0.2679144121287076,True,False,False,False,False,True,1.0
NORT_ARTIC_4.1,6801,1254,1615,7,13,1,2889,0.5028487681257461,True,False,False,False,False,True,1.0
NORT_ARTIC_4.1,7191,4160,799,95,1,2,5055,1.6078689941780305e-06,True,False,False,False,False,True,7.930424813220028e-05
NORT_ARTIC_4.1,10776,2161,3299,23,36,2,5519,1.0,True,False,False,False,False,True,1.0
NORT_ARTIC_4.1,13152,1424,2051,13,24,1,3512,0.5063816106147206,True,False,False,False,False,True,1.0
NORT_ARTIC_4.1,15121,3238,2010,81,2,5,5331,1.3179798897785146e-14,True,False,False,False,False,True,1.151537857983628e-12
NORT_ARTIC_4.1,17571,800,2966,8,15,1,3789,0.1255506370784817,True,False,False,True,False,True,0.9972307745090834
NORT_ARTIC_4.1,19392,254,328,16,24,1,622,0.7424482225479896,True,True,False,False,False,True,1.0
NORT_ARTIC_4.1,21400,4548,1637,28,14,3,6227,0.29833256833252386,True,False,False,False,False,True,1.0
NORT_ARTIC_4.1,23118,4814,2795,266,73,5,7948,4.054497122222259e-09,True,False,False,False,False,True,2.4797304399511335e-07
NORT_ARTIC_4.1,25201,1724,481,5,27,1,2237,1.488367971587744e-13,True,False,False,False,False,True,1.1670331428500822e-11
NORT_ARTIC_4.1,26125,7856,2141,39,105,3,10141,6.240686675185014e-39,True,False,False,False,False,True,7.63360794108631e-37
NORT_ARTIC_4.1,29667,286,550,3,6,1,845,1.0,True,True,False,True,False,True,1.0
NORT_ARTIC_4.1,4640,3287,3107,99,17,7,6510,2.871037369182475e-14,True,False,False,False,False,True,2.372873587827029e-12
NORT_ARTIC_4.1,5849,564,3499,4,13,1,4080,0.2810894828707915,True,False,False,True,False,True,1.0
NORT_ARTIC_4.1,7980,242,1896,1,14,1,2153,1.0,True,False,False,True,False,True,1.0
NORT_ARTIC_4.1,9553,3589,422,17,3,1,4031,0.4612346621813835,True,False,False,True,False,True,1.0
NORT_ARTIC_4.1,11653,1209,2431,9,29,1,3678,0.29793422892555627,True,False,False,False,False,True,1.0
NORT_ARTIC_4.1,12163,550,1365,0,0,1,1915,1.0,True,False,True,True,False,True,1.0
NORT_ARTIC_4.1,16461,1581,2607,0,3,1,4191,0.2950441023468291,True,False,True,True,False,True,1.0
NORT_ARTIC_4.1,17676,4655,3642,6,5,2,8308,1.0,True,False,False,True,False,True,1.0
NORT_ARTIC_4.1,25161,3697,1000,27,13,3,4737,0.11811301889353591,True,False,False,False,False,True,0.9929204376157392
NORT_ARTIC_4.1,26328,3429,5834,14,25,2,9302,1.0,True,False,False,False,False,True,1.0
NORT_ARTIC_4.1,29315,654,847,6,9,2,1516,1.0,True,False,False,False,False,True,1.0
NORT_ARTIC_4.1,443,25,5,5,1,1,36,1.0,True,True,False,True,False,True,1.0
NORT_ARTIC_4.1,1258,13,40,1,5,1,59,1.0,True,True,False,True,False,True,1.0
NORT_ARTIC_4.1,5455,12,25,1,2,1,40,1.0,True,True,False,True,False,True,1.0
NORT_ARTIC_4.1,7793,44,3,7,1,1,55,0.4770198355104015,True,True,False,True,False,True,1.0
NORT_ARTIC_4.1,8637,5,36,0,11,1,52,0.5713785514205683,True,True,True,True,False,True,1.0
NORT_ARTIC_4.1,10082,3,11,1,5,1,20,1.0,True,True,False,True,False,True,1.0
NORT_ARTIC_4.1,11124,25,5,0,0,1,30,1.0,True,True,True,True,False,True,1.0
NORT_ARTIC_4.1,11979,64,30,5,0,1,99,0.3187321295607475,True,True,True,True,False,True,1.0
NORT_ARTIC_4.1,12014,187,137,19,1,2,344,0.0005991515002316783,True,True,False,False,False,True,0.023192471996309773
NORT_ARTIC_4.1,19549,10,2,4,0,1,16,1.0,True,True,True,True,False,True,1.0
NORT_ARTIC_4.1,25123,27,30,9,2,1,68,0.04928193154814976,True,True,False,False,False,True,0.7280393559142124
NORT_ARTIC_4.1,25324,43,25,4,28,4,100,1.431554618050719e-06,True,True,False,False,False,True,7.176547577047703e-05
NORT_ARTIC_4.1,25336,48,40,0,57,5,145,4.1053694787683726e-14,True,True,True,False,False,True,3.3037420700193902e-12
NORT_ARTIC_4.1,25998,90,15,4,1,1,110,0.5515129062615954,True,True,False,True,False,True,1.0
NORT_ARTIC_4.1,28267,40,52,3,2,1,97,0.6524531598722058,True,True,False,True,False,True,1.0
NORT_ARTIC_4.1,966,29,56,2,2,1,89,0.6082381167304083,True,True,False,True,False,True,1.0
NORT_ARTIC_4.1,5270,86,88,0,8,1,182,0.007268128581910194,True,True,True,True,False,True,0.20014116484062094
NORT_ARTIC_4.1,5837,27,109,0,8,1,144,0.3522615863600199,True,True,True,True,False,True,1.0
NORT_ARTIC_4.1,7363,4,20,1,4,1,29,1.0,True,True,False,True,False,True,1.0
NORT_ARTIC_4.1,9925,20,3,2,2,1,27,0.14444444444444446,True,True,False,True,False,True,1.0
NORT_ARTIC_4.1,10466,26,48,7,2,1,83,0.025773147031714384,True,True,False,True,False,True,0.506138311403966
NORT_ARTIC_4.1,10887,4,7,6,5,1,22,0.6699214098594903,True,True,False,False,False,True,1.0
NORT_ARTIC_4.1,11562,12,40,0,9,1,61,0.18361158299050392,True,True,True,True,False,True,1.0
NORT_ARTIC_4.1,12362,454,125,11,4,2,594,0.7502538188627519,True,True,False,True,False,True,1.0
NORT_ARTIC_4.1,12802,7,56,1,5,1,69,0.5368156245403641,True,True,False,True,False,True,1.0
NORT_ARTIC_4.1,15761,732,904,10,15,2,1661,0.6894977103285644,True,False,False,False,False,True,1.0
NORT_ARTIC_4.1,15765,57,90,2,6,1,155,0.7110433273195016,True,True,False,True,False,True,1.0
NORT_ARTIC_4.1,16188,67,29,10,0,1,106,0.058622970166077384,True,True,True,True,False,True,0.7794306207298464
NORT_ARTIC_4.1,16325,28,33,0,6,1,67,0.03646813586028801,True,True,True,True,False,True,0.6372546254900614
NORT_ARTIC_4.1,17001,61,120,3,4,1,188,0.6914193903909309,True,True,False,True,False,True,1.0
NORT_ARTIC_4.1,17561,993,2855,28,102,2,3978,0.3077440083069522,True,False,False,False,False,True,1.0
NORT_ARTIC_4.1,20860,48,14,0,0,1,62,1.0,True,True,True,True,False,True,1.0
NORT_ARTIC_4.1,21305,11,36,1,4,1,52,1.0,True,True,False,True,False,True,1.0
NORT_ARTIC_4.1,23900,78,15,10,1,1,104,1.0,True,True,False,True,False,True,1.0
NORT_ARTIC_4.1,24942,3866,5253,66,96,10,9281,0.6892425492625016,False,False,False,False,False,False,1.0
NORT_ARTIC_4.1,26046,118,8,0,0,1,126,1.0,True,True,True,True,False,True,1.0
NORT_ARTIC_4.1,2948,1669,309,16,9,1,2003,0.011049067498683823,True,False,False,True,False,True,0.2639691282107432
NORT_ARTIC_4.1,5550,251,2463,4,27,1,2745,0.5256043213708083,True,False,False,True,False,True,1.0
NORT_ARTIC_4.1,5956,1324,136,172,10,2,1642,0.09727435749718419,True,False,False,False,False,True,0.951670477089875
NORT_ARTIC_4.1,6006,1553,383,15,5,1,1956,0.5727055852579377,True,False,False,True,False,True,1.0
NORT_ARTIC_4.1,8604,2025,7550,21,55,4,9651,0.20329735826359574,True,False,False,False,False,True,1.0
NORT_ARTIC_4.1,8665,1495,4531,8,26,2,6060,1.0,True,False,False,False,False,True,1.0
NORT_ARTIC_4.1,11785,2046,691,19,8,1,2764,0.6562359685567656,True,False,False,False,False,True,1.0
NORT_ARTIC_4.1,15811,515,4022,0,51,1,4588,0.00549874045419935,True,False,True,False,False,True,0.16168411835520782
NORT_ARTIC_4.1,19586,2366,330,16,3,1,2715,0.7210517080367866,True,False,False,True,False,True,1.0
NORT_ARTIC_4.1,21091,1630,151,15,1,1,1797,1.0,True,False,False,True,False,True,1.0
NORT_ARTIC_4.1,21097,1659,184,19,3,1,1865,0.47828946559839897,True,False,False,True,False,True,1.0
NORT_ARTIC_4.1,22662,187,943,4,13,2,1147,0.5066699950391284,True,False,False,True,False,True,1.0
NORT_ARTIC_4.1,23457,777,737,0,1,1,1515,0.48712871287128723,True,False,True,True,False,True,1.0
NORT_ARTIC_4.1,24441,1206,2836,6,34,1,4082,0.05384435680040099,True,False,False,False,False,True,0.7587836087356047
NORT_ARTIC_4.1,25986,6696,5060,51,40,4,11847,0.9154634788463145,True,False,False,False,False,True,1.0
NORT_ARTIC_4.1,27482,1203,3512,11,22,2,4748,0.317931742585103,True,False,False,False,False,True,1.0
NORT_ARTIC_4.1,738,1891,578,29,11,3,2509,0.5726727913634796,True,False,False,False,False,True,1.0
NORT_ARTIC_4.1,1513,7,25,1,3,1,36,1.0,True,True,False,True,False,True,1.0
NORT_ARTIC_4.1,1627,85,30,19,3,1,137,0.28150331247008153,True,True,False,False,False,True,1.0
NORT_ARTIC_4.1,3502,46,9,39,4,1,98,0.37785101378259256,True,True,False,False,False,True,1.0
NORT_ARTIC_4.1,4738,1395,444,12,7,2,1858,0.27845768692969075,True,False,False,True,False,True,1.0
NORT_ARTIC_4.1,5303,80,58,79,51,1,268,0.7092130495800656,True,True,False,False,False,True,1.0
NORT_ARTIC_4.1,7464,159,15,4,2,1,180,0.10060715417673229,True,True,False,True,False,True,0.951670477089875
NORT_ARTIC_4.1,8080,212,100,7,6,2,325,0.3654012716888643,True,True,False,True,False,True,1.0
NORT_ARTIC_4.1,11889,45,151,3,8,1,207,0.7195437748201012,True,True,False,True,False,True,1.0
NORT_ARTIC_4.1,13259,92,39,3,3,1,137,0.37037765813968526,True,True,False,True,False,True,1.0
NORT_ARTIC_4.1,13371,12,44,0,7,1,63,0.3291683448009844,True,True,True,True,False,True,1.0
NORT_ARTIC_4.1,14353,9,45,2,7,1,63,0.650243867707204,True,True,False,True,False,True,1.0
NORT_ARTIC_4.1,14396,27,48,1,4,1,80,0.6525043910120526,True,True,False,True,False,True,1.0
NORT_ARTIC_4.1,14705,17,27,3,1,1,48,0.294172062904718,True,True,False,True,False,True,1.0
NORT_ARTIC_4.1,15022,28,17,2,2,1,49,0.6359191225056164,True,True,False,True,False,True,1.0
NORT_ARTIC_4.1,15594,112,22,9,0,1,143,0.354926804691702,True,True,True,True,False,True,1.0
NORT_ARTIC_4.1,15699,70,16,38,19,1,143,0.04980069254086673,True,True,False,False,False,True,0.7321659509133195
NORT_ARTIC_4.1,17166,51,47,3,3,1,104,1.0,True,True,False,True,False,True,1.0
NORT_ARTIC_4.1,20696,135,198,3,4,1,340,1.0,True,True,False,True,False,True,1.0
NORT_ARTIC_4.1,25500,46,41,4,4,1,95,1.0,True,True,False,True,False,True,1.0
NORT_ARTIC_4.1,26081,118,12,10,1,1,141,1.0,True,True,False,True,False,True,1.0
NORT_ARTIC_4.1,26102,121,18,8,0,1,147,0.5961677184054008,True,True,True,True,False,True,1.0
NORT_ARTIC_4.1,27608,26,4,2,1,1,33,0.3995601173020528,True,True,False,True,False,True,1.0
NORT_ARTIC_4.1,27942,23,81,2,14,1,120,0.5187261718822092,True,True,False,True,False,True,1.0
NORT_ARTIC_4.1,28317,160,177,6,3,1,346,0.32098329268945186,True,True,False,True,False,True,1.0
NORT_ARTIC_4.1,28929,54,14,3,1,1,72,1.0,True,True,False,True,False,True,1.0
NORT_ARTIC_4.1,29124,9,41,4,7,1,61,0.22561596560818803,True,True,False,True,False,True,1.0
NORT_ARTIC_4.1,755,803,172,8,4,1,987,0.24330951659849398,True,True,False,True,False,True,1.0
NORT_ARTIC_4.1,3237,3599,1579,23,11,2,5212,0.8522100440258406,True,False,False,False,False,True,1.0
NORT_ARTIC_4.1,5890,1002,1569,5,13,1,2589,0.4678884234712804,True,False,False,False,False,True,1.0
NORT_ARTIC_4.1,6787,1630,2049,12,16,2,3707,1.0,True,False,False,False,False,True,1.0
NORT_ARTIC_4.1,7665,574,2148,4,14,1,2740,1.0,True,False,False,True,False,True,1.0
NORT_ARTIC_4.1,7767,1013,214,16,8,1,1251,0.05636604930209431,True,False,False,True,False,True,0.7729478868421722
NORT_ARTIC_4.1,7915,386,864,2,10,1,1262,0.3630423709491538,True,False,False,True,False,True,1.0
NORT_ARTIC_4.1,9961,1015,610,12,6,1,1643,0.810325204907678,True,False,False,False,False,True,1.0
NORT_ARTIC_4.1,10484,2940,392,16,5,1,3353,0.09335264666193503,True,False,False,True,False,True,0.9509440682385101
NORT_ARTIC_4.1,11192,1228,940,10,7,1,2185,1.0,True,False,False,False,False,True,1.0
NORT_ARTIC_4.1,11784,5130,3239,39,31,3,8439,0.3885854825028127,True,False,False,False,False,True,1.0
NORT_ARTIC_4.1,11825,603,1004,3,10,1,1620,0.39250995037248115,True,False,False,True,False,True,1.0
NORT_ARTIC_4.1,12399,2109,1202,16,9,2,3336,1.0,True,False,False,False,False,True,1.0
NORT_ARTIC_4.1,12603,2898,2881,18,18,2,5815,1.0,True,False,False,False,False,True,1.0
NORT_ARTIC_4.1,12635,1212,505,10,4,1,1731,1.0,True,False,False,True,False,True,1.0
NORT_ARTIC_4.1,13301,1920,1517,15,15,2,3467,0.5814377196914623,True,False,False,False,False,True,1.0
NORT_ARTIC_4.1,16627,523,824,8,6,1,1361,0.1771588002424491,True,False,False,False,False,True,1.0
NORT_ARTIC_4.1,18502,897,2332,8,15,1,3252,0.4850467889365252,True,False,False,False,False,True,1.0
NORT_ARTIC_4.1,19012,8292,3166,50,26,4,11534,0.20021677106167107,True,False,False,False,False,True,1.0
NORT_ARTIC_4.1,19644,1790,794,11,6,1,2601,0.7924383927391685,True,False,False,False,False,True,1.0
NORT_ARTIC_4.1,19693,709,957,7,8,1,1681,0.7967892141117016,True,False,False,False,False,True,1.0
NORT_ARTIC_4.1,19719,726,966,6,8,1,1706,1.0,True,False,False,False,False,True,1.0
NORT_ARTIC_4.1,20452,1427,1268,1,1,1,2697,1.0,True,False,False,True,False,True,1.0
NORT_ARTIC_4.1,20979,325,1585,3,11,1,1924,0.7184386660274951,True,False,False,True,False,True,1.0
NORT_ARTIC_4.1,25150,843,210,10,1,1,1064,0.7027093066618332,True,False,False,True,False,True,1.0
NORT_ARTIC_4.1,26378,735,195,7,4,1,941,0.25844363690480954,True,True,False,True,False,True,1.0
NORT_ARTIC_4.1,26722,1392,365,10,2,1,1769,1.0,True,False,False,True,False,True,1.0
NORT_ARTIC_4.1,26729,1382,407,8,4,1,1801,0.4868391881855699,True,False,False,True,False,True,1.0
NORT_ARTIC_4.1,27413,1258,3290,14,20,2,4582,0.08543823246856828,True,False,False,False,False,True,0.9232159536709605
NORT_ARTIC_4.1,1223,301,1236,4,18,1,1559,1.0,True,False,False,True,False,True,1.0
NORT_ARTIC_4.1,1981,20670,6957,102,41,7,27770,0.3350770581852306,True,False,False,False,False,True,1.0
NORT_ARTIC_4.1,1994,5161,1875,31,16,2,7083,0.2500316641170692,True,False,False,False,False,True,1.0
NORT_ARTIC_4.1,2062,834,1786,2,3,1,2625,0.6563083298536488,True,False,False,True,False,True,1.0
NORT_ARTIC_4.1,2657,766,457,6,5,1,1234,0.7557432594536866,True,False,False,True,False,True,1.0
NORT_ARTIC_4.1,3108,1193,1364,9,9,1,2575,0.8161485705847481,True,False,False,False,False,True,1.0
NORT_ARTIC_4.1,3610,650,1001,6,12,1,1669,0.8090527367170612,True,False,False,False,False,True,1.0
NORT_ARTIC_4.1,3631,606,1270,5,10,1,1891,1.0,True,False,False,True,False,True,1.0
NORT_ARTIC_4.1,3733,400,1031,3,9,1,1443,1.0,True,False,False,True,False,True,1.0
NORT_ARTIC_4.1,4439,1961,719,14,8,2,2702,0.33594383202880934,True,False,False,False,False,True,1.0
NORT_ARTIC_4.1,4758,1987,737,18,8,2,2750,0.6606097602704692,True,False,False,False,False,True,1.0
NORT_ARTIC_4.1,5112,1064,539,9,6,1,1618,0.5925758138066392,True,False,False,False,False,True,1.0
NORT_ARTIC_4.1,5826,878,2909,2,4,1,3793,0.6278946175230161,True,False,False,True,False,True,1.0
NORT_ARTIC_4.1,7808,2056,637,24,8,2,2725,0.8355056263068938,True,False,False,False,False,True,1.0
NORT_ARTIC_4.1,8649,4064,9928,23,64,4,14079,0.6373701710782389,True,False,False,False,False,True,1.0
NORT_ARTIC_4.1,8680,802,1774,5,13,1,2594,1.0,True,False,False,False,False,True,1.0
NORT_ARTIC_4.1,8837,244,436,2,6,1,688,0.7181856806507776,True,True,False,True,False,True,1.0
NORT_ARTIC_4.1,9527,2198,1117,14,5,1,3334,0.6295553290552826,True,False,False,False,False,True,1.0
NORT_ARTIC_4.1,10604,1407,1684,6,9,1,3106,0.7973137243107371,True,False,False,False,False,True,1.0
NORT_ARTIC_4.1,11721,7563,2131,45,23,4,9762,0.02657325052420707,True,False,False,False,False,True,0.5136404616108855
NORT_ARTIC_4.1,12421,5096,3497,41,36,4,8670,0.29569002314581694,True,False,False,False,False,True,1.0
NORT_ARTIC_4.1,12592,1641,1675,9,9,1,3334,1.0,True,False,False,False,False,True,1.0
NORT_ARTIC_4.1,12684,1581,860,15,7,2,2463,0.8257448048897909,True,False,False,False,False,True,1.0
NORT_ARTIC_4.1,13006,1329,761,6,9,1,2105,0.10256472099532485,True,False,False,False,False,True,0.9591526507758513
NORT_ARTIC_4.1,14392,1408,872,10,5,1,2295,0.794804667838624,True,False,False,False,False,True,1.0
NORT_ARTIC_4.1,14487,1733,690,11,5,1,2439,0.7850362827050763,True,False,False,True,False,True,1.0
NORT_ARTIC_4.1,14818,410,219,5,5,1,639,0.3319549650340505,True,True,False,True,False,True,1.0
NORT_ARTIC_4.1,15604,2180,470,15,2,1,2667,0.7525930636292966,True,False,False,True,False,True,1.0
NORT_ARTIC_4.1,15605,2252,470,12,3,1,2737,0.7333360375257794,True,False,False,True,False,True,1.0
NORT_ARTIC_4.1,16247,2513,1155,14,7,1,3689,0.8176864945290507,True,False,False,False,False,True,1.0
NORT_ARTIC_4.1,16253,2475,802,12,7,1,3296,0.28123389030899143,True,False,False,True,False,True,1.0
NORT_ARTIC_4.1,16263,4045,1419,25,11,2,5500,0.5675532734281781,True,False,False,False,False,True,1.0
NORT_ARTIC_4.1,16842,5572,1477,39,17,2,7105,0.0985048108311449,True,False,False,False,False,True,0.951670477089875
NORT_ARTIC_4.1,17431,2077,455,10,4,1,2546,0.2969777419628238,True,False,False,True,False,True,1.0
NORT_ARTIC_4.1,17585,560,2227,5,15,1,2807,0.5769877413175106,True,False,False,True,False,True,1.0
NORT_ARTIC_4.1,17755,7720,2904,42,16,3,10682,1.0,True,False,False,False,False,True,1.0
NORT_ARTIC_4.1,17796,884,1091,7,9,1,1991,1.0,True,False,False,False,False,True,1.0
NORT_ARTIC_4.1,18308,2333,928,12,6,1,3279,0.6091308231906414,True,False,False,False,False,True,1.0
NORT_ARTIC_4.1,18514,1254,3049,7,15,1,4325,0.8150502120245895,True,False,False,False,False,True,1.0
NORT_ARTIC_4.1,18567,1124,2395,8,15,1,3542,0.823286880506047,True,False,False,False,False,True,1.0
NORT_ARTIC_4.1,19033,1963,972,16,4,1,2955,0.24370668613975704,True,False,False,False,False,True,1.0
NORT_ARTIC_4.1,19112,2323,2638,17,18,2,4996,0.8663357172561446,True,False,False,False,False,True,1.0
NORT_ARTIC_4.1,19155,962,2889,10,20,1,3881,0.2934682859072479,True,False,False,False,False,True,1.0
NORT_ARTIC_4.1,19248,1304,2247,8,11,1,3570,0.6388596137338098,True,False,False,False,False,True,1.0
NORT_ARTIC_4.1,19876,683,900,6,7,1,1596,1.0,True,False,False,False,False,True,1.0
NORT_ARTIC_4.1,19931,855,242,8,3,1,1108,0.7152075877541257,True,False,False,True,False,True,1.0
NORT_ARTIC_4.1,20760,9041,7065,81,55,5,16242,0.43619971828242887,True,False,False,False,False,True,1.0
NORT_ARTIC_4.1,21150,5355,2564,41,26,4,7986,0.2942800605716437,True,False,False,False,False,True,1.0
NORT_ARTIC_4.1,21595,3154,3681,8,8,3,6851,0.8055721392374195,True,False,False,False,False,True,1.0
NORT_ARTIC_4.1,23317,1538,809,8,8,1,2363,0.19766955651662982,True,False,False,False,False,True,1.0
NORT_ARTIC_4.1,24238,4845,2940,29,19,2,7833,0.8814609419799124,True,False,False,False,False,True,1.0
NORT_ARTIC_4.1,25408,2368,2104,18,12,2,4502,0.46884184452966315,True,False,False,False,False,True,1.0
NORT_ARTIC_4.1,25448,2244,1281,20,9,2,3554,0.6988965212654499,True,False,False,False,False,True,1.0
NORT_ARTIC_4.1,26038,2040,606,13,6,1,2665,0.4101698794296474,True,False,False,True,False,True,1.0
NORT_ARTIC_4.1,26782,812,945,7,7,1,1771,0.7944640001211618,True,False,False,False,False,True,1.0
NORT_ARTIC_4.1,27235,2876,629,13,12,2,3530,0.0005980469557304774,True,False,False,True,False,True,0.023192471996309773
NORT_ARTIC_4.1,28043,1340,1296,8,9,1,2653,0.8113332686559513,True,False,False,False,False,True,1.0
NORT_ARTIC_4.1,28354,873,1173,60,130,1,2236,0.0033836263851345165,True,False,False,False,False,True,0.1100758455929931
NORT_ARTIC_4.1,29433,151,849,0,0,1,1000,1.0,True,False,True,True,False,True,1.0
NORT_ARTIC_4.1,1817,10,51,2,3,1,66,0.22148617511520735,True,True,False,True,False,True,1.0
NORT_ARTIC_4.1,2001,81,28,3,2,1,114,0.6056965951004143,True,True,False,True,False,True,1.0
NORT_ARTIC_4.1,11106,50,14,2,2,1,68,0.23337856173677077,True,True,False,True,False,True,1.0
NORT_ARTIC_4.1,13887,70,25,1,0,1,96,1.0,True,True,True,True,False,True,1.0
NORT_ARTIC_4.1,14747,8,0,2,1,1,11,0.2727272727272727,True,True,True,True,False,True,1.0
NORT_ARTIC_4.1,16141,2144,2240,17,20,2,4421,0.7441147469715541,True,False,False,False,False,True,1.0
NORT_ARTIC_4.1,17354,40,24,2,3,1,69,0.37255133308116484,True,True,False,True,False,True,1.0
NORT_ARTIC_4.1,17359,40,25,2,2,1,69,0.6414579046178086,True,True,False,True,False,True,1.0
NORT_ARTIC_4.1,17386,45,19,2,2,1,68,0.5818746661591262,True,True,False,True,False,True,1.0
NORT_ARTIC_4.1,18067,643,325,29,16,2,1013,0.8719405257063579,True,False,False,False,False,True,1.0
NORT_ARTIC_4.1,19468,3,25,2,2,1,32,0.10525583982202448,True,True,False,True,False,True,0.9720780484920748
NORT_ARTIC_4.1,24040,20,11,3,1,1,35,1.0,True,True,False,True,False,True,1.0
NORT_ARTIC_4.1,24301,57,19,3,1,1,80,1.0,True,True,False,True,False,True,1.0
NORT_ARTIC_4.1,25133,28,13,2,2,1,45,0.5912614517265681,True,True,False,True,False,True,1.0
NORT_ARTIC_4.1,25724,37,34,2,2,1,75,1.0,True,True,False,True,False,True,1.0
NORT_ARTIC_4.1,25992,25,23,2,2,1,52,1.0,True,True,False,True,False,True,1.0
NORT_ARTIC_4.1,26443,33,43,2,2,1,80,1.0,True,True,False,True,False,True,1.0
NORT_ARTIC_4.1,1529,12,35,2,2,1,51,0.30042016806722693,True,True,False,True,False,True,1.0
NORT_ARTIC_4.1,1547,12,34,2,2,1,50,0.3101823708206687,True,True,False,True,False,True,1.0
NORT_ARTIC_4.1,3423,3,12,0,0,1,15,1.0,True,True,True,True,False,True,1.0
NORT_ARTIC_4.1,5034,132,43,2,3,1,180,0.10646256259781325,True,True,False,True,False,True,0.9731331642640071
NORT_ARTIC_4.1,8219,6,10,2,2,1,20,1.0,True,True,False,True,False,True,1.0
NORT_ARTIC_4.1,8279,6,14,2,2,1,24,0.5783926218708827,True,True,False,True,False,True,1.0
NORT_ARTIC_4.1,8286,5,13,2,2,1,22,0.5645933014354069,True,True,False,True,False,True,1.0
NORT_ARTIC_4.1,9298,23,6,0,0,1,29,1.0,True,True,True,True,False,True,1.0
NORT_ARTIC_4.1,10519,26,5,2,2,1,35,0.1709893048128342,True,True,False,True,False,True,1.0
NORT_ARTIC_4.1,12934,71,23,2,2,1,98,0.2682377888757239,True,True,False,True,False,True,1.0
NORT_ARTIC_4.1,13120,21,66,3,8,1,98,1.0,True,True,False,True,False,True,1.0
NORT_ARTIC_4.1,18350,48,18,3,3,1,72,0.34837447788613574,True,True,False,True,False,True,1.0
NORT_ARTIC_4.1,22059,32,19,3,3,1,57,0.6666921294528049,True,True,False,True,False,True,1.0
NORT_ARTIC_4.1,24858,5871,2960,92,54,7,8977,0.37810695901380503,True,False,False,False,False,True,1.0
NORT_ARTIC_4.1,26129,89,31,3,2,1,125,0.6068451211890611,True,True,False,True,False,True,1.0
NORT_ARTIC_4.1,29477,31,7,0,0,1,38,1.0,True,True,True,True,False,True,1.0
NORT_ARTIC_4.1,736,1234,336,12,1,1,1583,0.32176730433840445,True,False,False,True,False,True,1.0
NORT_ARTIC_4.1,1859,79,15,10,0,1,104,0.3505969292158623,True,True,True,True,False,True,1.0
NORT_ARTIC_4.1,1867,3945,1962,27,16,2,5950,0.6265580614934678,True,False,False,False,False,True,1.0
NORT_ARTIC_4.1,1953,6305,2024,37,8,2,8374,0.3843909518922164,True,False,False,False,False,True,1.0
NORT_ARTIC_4.1,1993,4357,1732,28,11,1,6128,1.0,True,False,False,False,False,True,1.0
NORT_ARTIC_4.1,2190,425,2205,5,12,1,2647,0.17651911863474257,True,False,False,True,False,True,1.0
NORT_ARTIC_4.1,2581,1892,649,21,8,1,2570,0.8308530904243079,True,False,False,False,False,True,1.0
NORT_ARTIC_4.1,2799,383,1530,4,11,1,1928,0.518755070586931,True,False,False,True,False,True,1.0
NORT_ARTIC_4.1,3303,1252,1733,9,7,1,3001,0.31133584377759305,True,False,False,False,False,True,1.0
NORT_ARTIC_4.1,3324,1202,2211,10,20,1,3443,1.0,True,False,False,False,False,True,1.0
NORT_ARTIC_4.1,5071,3425,1017,18,8,1,4468,0.350594536958822,True,False,False,False,False,True,1.0
NORT_ARTIC_4.1,5204,2541,7300,19,42,3,9902,0.37829497423260283,True,False,False,False,False,True,1.0
NORT_ARTIC_4.1,5222,913,3326,7,15,1,4261,0.2948216846454905,True,False,False,True,False,True,1.0
NORT_ARTIC_4.1,5265,602,2936,4,14,1,3556,0.5306535326338614,True,False,False,True,False,True,1.0
NORT_ARTIC_4.1,5647,19791,6962,165,75,7,26993,0.075966545518745,True,False,False,False,False,True,0.8793127786097925
NORT_ARTIC_4.1,5648,15011,4794,142,58,6,20005,0.11577643948638044,True,False,False,False,False,True,0.9861959664327338
NORT_ARTIC_4.1,5834,1215,3889,11,19,1,5134,0.12946638704360328,True,False,False,False,False,True,1.0
NORT_ARTIC_4.1,6243,850,440,12,7,2,1309,0.8103522401102763,True,False,False,False,False,True,1.0
NORT_ARTIC_4.1,7499,5779,1355,33,17,2,7184,0.010932139537331005,True,False,False,False,False,True,0.2639691282107432
NORT_ARTIC_4.1,7598,2931,2945,25,24,2,5925,0.8870310874803888,True,False,False,False,False,True,1.0
NORT_ARTIC_4.1,7636,2807,7053,22,62,3,9944,0.716381586924207,True,False,False,False,False,True,1.0
NORT_ARTIC_4.1,8137,2182,1012,2,0,1,3196,1.0,True,False,True,True,False,True,1.0
NORT_ARTIC_4.1,8809,365,346,187,270,1,1168,0.0006130255477214319,True,False,False,False,False,True,0.023432901561651735
NORT_ARTIC_4.1,9304,3289,1680,33,18,4,5020,0.8819028566523841,True,False,False,False,False,True,1.0
NORT_ARTIC_4.1,10663,1059,4688,4,22,1,5773,1.0,True,False,False,True,False,True,1.0
NORT_ARTIC_4.1,10689,907,4522,7,25,1,5461,0.47319402747350264,True,False,False,False,False,True,1.0
NORT_ARTIC_4.1,11700,1943,447,10,6,1,2406,0.0982180784200895,True,False,False,True,False,True,0.951670477089875
NORT_ARTIC_4.1,11838,803,1696,4,12,1,2515,0.7887638480805762,True,False,False,False,False,True,1.0
NORT_ARTIC_4.1,12411,1808,1273,9,7,1,3097,1.0,True,False,False,False,False,True,1.0
NORT_ARTIC_4.1,12529,1058,3291,8,19,1,4376,0.5041643763435282,True,False,False,False,False,True,1.0
NORT_ARTIC_4.1,15353,2080,806,16,9,2,2911,0.3749507853818785,True,False,False,False,False,True,1.0
NORT_ARTIC_4.1,16053,1904,1984,17,16,1,3921,0.8617460410010837,True,False,False,False,False,True,1.0
NORT_ARTIC_4.1,16499,2021,552,14,5,1,2592,0.5791163945957347,True,False,False,True,False,True,1.0
NORT_ARTIC_4.1,16548,1820,919,12,7,1,2758,0.8088856614365134,True,False,False,False,False,True,1.0
NORT_ARTIC_4.1,16612,1063,1384,6,12,1,2465,0.47804237044090814,True,False,False,False,False,True,1.0
NORT_ARTIC_4.1,16676,1376,5410,12,39,4,6837,0.5994645762675493,True,False,False,False,False,True,1.0
NORT_ARTIC_4.1,16708,413,1793,1,3,1,2210,0.5641027574246946,True,False,False,True,False,True,1.0
NORT_ARTIC_4.1,16713,387,1765,4,13,1,2169,0.528278693871747,True,False,False,True,False,True,1.0
NORT_ARTIC_4.1,17870,772,2490,7,15,1,3284,0.44869820963910334,True,False,False,False,False,True,1.0
NORT_ARTIC_4.1,17902,569,2355,3,15,1,2942,1.0,True,False,False,True,False,True,1.0
NORT_ARTIC_4.1,18977,2951,1133,15,10,1,4109,0.18200552934234906,True,False,False,False,False,True,1.0
NORT_ARTIC_4.1,19159,1581,4179,6,19,1,5785,0.82459539785127,True,False,False,False,False,True,1.0
NORT_ARTIC_4.1,19198,2598,8743,16,50,3,11407,0.7700236145051975,True,False,False,False,False,True,1.0
NORT_ARTIC_4.1,19621,5578,2225,34,15,2,7852,0.7518573175120516,True,False,False,False,False,True,1.0
NORT_ARTIC_4.1,19791,970,2562,10,15,1,3557,0.17854035778273217,True,False,False,False,False,True,1.0
NORT_ARTIC_4.1,20127,2669,345,13,4,1,3031,0.122904840347543,True,False,False,True,False,True,0.9932539451400784
NORT_ARTIC_4.1,20177,3411,1182,19,9,1,4621,0.5148319526001527,True,False,False,False,False,True,1.0
NORT_ARTIC_4.1,20209,7141,2748,38,23,3,9950,0.08717349052001487,True,False,False,False,False,True,0.9256129653132135
NORT_ARTIC_4.1,20426,629,2869,5,15,1,3518,0.386194030920327,True,False,False,True,False,True,1.0
NORT_ARTIC_4.1,21001,902,4512,5,40,2,5459,0.42167465438648305,True,False,False,False,False,True,1.0
NORT_ARTIC_4.1,21041,181,1690,2,11,1,1884,0.36479744785908336,True,False,False,True,False,True,1.0
NORT_ARTIC_4.1,22514,1087,440,8,5,1,1540,0.5388374338506826,True,False,False,True,False,True,1.0
NORT_ARTIC_4.1,23111,2381,1307,42,14,2,3744,0.12126383385394818,True,False,False,False,False,True,0.9929204376157392
NORT_ARTIC_4.1,24313,3508,1555,18,7,1,5088,1.0,True,False,False,False,False,True,1.0
NORT_ARTIC_4.1,24505,1026,3751,9,26,2,4812,0.5370428890952379,True,False,False,False,False,True,1.0
NORT_ARTIC_4.1,24832,2099,710,12,7,1,2828,0.2882088993884952,True,False,False,True,False,True,1.0
NORT_ARTIC_4.1,24892,3372,1885,21,13,2,5291,0.8579113455027528,True,False,False,False,False,True,1.0
NORT_ARTIC_4.1,26327,273,2627,4,11,1,2915,0.04696083306860047,True,False,False,True,False,True,0.7229733258150512
NORT_ARTIC_4.1,26689,2975,975,16,4,1,3970,0.7972790603177159,True,False,False,True,False,True,1.0
NORT_ARTIC_4.1,26694,3064,988,11,8,1,4071,0.1032824748137389,True,False,False,True,False,True,0.9629201462817486
NORT_ARTIC_4.1,26705,3293,1062,16,9,1,4380,0.24014312825337525,True,False,False,False,False,True,1.0
NORT_ARTIC_4.1,27929,983,1973,6,13,1,2975,1.0,True,False,False,False,False,True,1.0
NORT_ARTIC_4.1,27941,1670,4936,13,32,2,6651,0.6059830793515406,True,False,False,False,False,True,1.0
NORT_ARTIC_4.1,823,462,438,2,1,1,903,1.0,True,True,False,True,False,True,1.0
NORT_ARTIC_4.1,1100,1175,402,14,4,1,1595,1.0,True,False,False,True,False,True,1.0
NORT_ARTIC_4.1,8370,2638,565,20,6,2,3229,0.4416978924021334,True,False,False,True,False,True,1.0
NORT_ARTIC_4.1,8436,4083,959,29,9,2,5080,0.5323190690754599,True,False,False,False,False,True,1.0
NORT_ARTIC_4.1,11777,1362,754,14,7,1,2137,1.0,True,False,False,False,False,True,1.0
NORT_ARTIC_4.1,13154,1137,1528,12,12,1,2689,0.5361888104143895,True,False,False,False,False,True,1.0
NORT_ARTIC_4.1,16925,1442,1233,9,8,1,2692,1.0,True,False,False,False,False,True,1.0
NORT_ARTIC_4.1,22001,682,237,6,4,1,929,0.29443964234876363,True,True,False,True,False,True,1.0
NORT_ARTIC_4.1,26543,584,1516,6,8,1,2114,0.2341532429735596,True,False,False,True,False,True,1.0
NORT_ARTIC_4.1,28226,1021,808,11,6,1,1846,0.6250613094010804,True,False,False,False,False,True,1.0
NORT_ARTIC_4.1,28573,831,679,10,6,1,1526,0.6205721282980442,True,False,False,False,False,True,1.0
NORT_ARTIC_4.1,28804,184,877,4,10,1,1075,0.2844109305549076,True,False,False,True,False,True,1.0
NORT_ARTIC_4.1,1382,399,112,6,3,1,520,0.421711457788461,True,True,False,True,False,True,1.0
NORT_ARTIC_4.1,5623,1963,1142,9,9,1,3123,0.32666878559829615,True,False,False,False,False,True,1.0
NORT_ARTIC_4.1,5955,2784,374,30,1,2,3189,0.16858281510003367,True,False,False,True,False,True,1.0
NORT_ARTIC_4.1,9589,2267,924,15,9,1,3215,0.3700053841239813,True,False,False,False,False,True,1.0
NORT_ARTIC_4.1,13524,301,140,5,4,1,450,0.47613131400235953,True,True,False,True,False,True,1.0
NORT_ARTIC_4.1,15012,849,368,8,4,1,1229,0.7613080965369946,True,False,False,True,False,True,1.0
NORT_ARTIC_4.1,15847,483,2452,6,18,1,2959,0.2678107390279951,True,False,False,True,False,True,1.0
NORT_ARTIC_4.1,17593,1177,5309,12,30,3,6528,0.10500652025464007,True,False,False,False,False,True,0.9720780484920748
NORT_ARTIC_4.1,18003,583,405,5,6,1,999,0.37440724099128697,True,True,False,True,False,True,1.0
NORT_ARTIC_4.1,19393,271,368,5,5,1,649,0.7506038281756775,True,True,False,True,False,True,1.0
NORT_ARTIC_4.1,21098,1449,396,12,5,1,1862,0.38604530501344014,True,False,False,True,False,True,1.0
NORT_ARTIC_4.1,21332,1445,1432,11,13,2,2901,0.6877604601814731,True,False,False,False,False,True,1.0
NORT_ARTIC_4.1,26334,1357,1796,7,14,1,3174,0.5080305170655934,True,False,False,False,False,True,1.0
NORT_ARTIC_4.1,27351,1486,1385,15,14,2,2900,1.0,True,False,False,False,False,True,1.0
NORT_ARTIC_4.1,27763,1710,788,15,5,1,2518,0.6345984751676741,True,False,False,False,False,True,1.0
NORT_ARTIC_4.1,28819,139,768,1,4,1,912,0.5662438714221631,True,True,False,True,False,True,1.0
NORT_ARTIC_4.1,3476,83,58,7,1,1,149,0.14702195066240142,True,True,False,True,False,True,1.0
NORT_ARTIC_4.1,5660,179,51,4,3,1,237,0.1964208389520205,True,True,False,True,False,True,1.0
NORT_ARTIC_4.1,5884,344,989,22,10,2,1365,6.408197100253211e-07,True,False,False,False,False,True,3.3214011411142916e-05
NORT_ARTIC_4.1,6196,48,173,4,8,2,233,0.4739141333533807,True,True,False,True,False,True,1.0
NORT_ARTIC_4.1,7545,138,55,7,1,1,201,0.44737381530461645,True,True,False,True,False,True,1.0
NORT_ARTIC_4.1,7578,1188,767,25,10,2,1990,0.22465701839008673,True,False,False,False,False,True,1.0
NORT_ARTIC_4.1,8084,59,27,4,3,1,93,0.6772566710280439,True,True,False,True,False,True,1.0
NORT_ARTIC_4.1,10182,83,18,7,2,1,110,0.6661210146810841,True,True,False,True,False,True,1.0
NORT_ARTIC_4.1,10195,95,18,3,2,1,118,0.19893855766597365,True,True,False,True,False,True,1.0
NORT_ARTIC_4.1,10661,16,67,1,6,1,90,1.0,True,True,False,True,False,True,1.0
NORT_ARTIC_4.1,11197,42,43,3,2,1,90,1.0,True,True,False,True,False,True,1.0
NORT_ARTIC_4.1,12398,74,27,4,2,1,107,0.6612405073514682,True,True,False,True,False,True,1.0
NORT_ARTIC_4.1,13444,22,116,2,4,1,144,0.26174736240103186,True,True,False,True,False,True,1.0
NORT_ARTIC_4.1,14648,14,53,2,2,1,71,0.21697448115804804,True,True,False,True,False,True,1.0
NORT_ARTIC_4.1,16578,69,64,2,3,1,138,0.6739778636515433,True,True,False,True,False,True,1.0
NORT_ARTIC_4.1,18433,27,20,10,9,1,66,0.78790789819574,True,True,False,False,False,True,1.0
NORT_ARTIC_4.1,18973,1388,498,20,8,2,1914,0.82951245589507,True,False,False,False,False,True,1.0
NORT_ARTIC_4.1,19205,21,66,4,11,1,102,1.0,True,True,False,True,False,True,1.0
NORT_ARTIC_4.1,20667,33,109,2,7,1,151,1.0,True,True,False,True,False,True,1.0
NORT_ARTIC_4.1,21932,653,135,14,5,2,807,0.35174402337180766,True,True,False,True,False,True,1.0
NORT_ARTIC_4.1,27743,190,61,7,3,1,261,0.7107084096821291,True,True,False,True,False,True,1.0
NORT_ARTIC_4.1,28140,309,136,7,2,1,454,0.7290081867586237,True,True,False,True,False,True,1.0
NORT_ARTIC_4.1,28378,80,240,4,4,1,328,0.21075616076277393,True,True,False,True,False,True,1.0
NORT_ARTIC_4.1,29222,128,36,3,2,1,169,0.3136129195576566,True,True,False,True,False,True,1.0
NORT_ARTIC_4.1,1441,219,195,0,0,1,414,1.0,True,True,True,True,False,True,1.0
NORT_ARTIC_4.1,2769,130,494,2,13,1,639,0.7474637036065777,True,True,False,True,False,True,1.0
NORT_ARTIC_4.1,2864,859,370,17,2,1,1248,0.07684559658426157,True,False,False,False,False,True,0.8834354674987664
NORT_ARTIC_4.1,4023,338,117,10,1,1,466,0.30443081237618086,True,True,False,True,False,True,1.0
NORT_ARTIC_4.1,4616,65,322,2,12,1,401,1.0,True,True,False,True,False,True,1.0
NORT_ARTIC_4.1,4754,735,318,88,38,1,1179,1.0,True,False,False,False,False,True,1.0
NORT_ARTIC_4.1,5285,4092,3602,21,29,3,7744,0.11986630638515403,True,False,False,False,False,True,0.9929204376157392
NORT_ARTIC_4.1,5333,955,239,23,8,1,1225,0.4945718993834499,True,False,False,False,False,True,1.0
NORT_ARTIC_4.1,6813,1282,813,14,11,1,2120,0.6807841667801613,True,False,False,False,False,True,1.0
NORT_ARTIC_4.1,7553,1453,581,21,7,1,2062,0.8339064636502019,True,False,False,False,False,True,1.0
NORT_ARTIC_4.1,7573,1034,639,16,7,1,1696,0.5217254310307424,True,False,False,False,False,True,1.0
NORT_ARTIC_4.1,9994,239,202,27,26,1,494,0.6646178027267962,True,True,False,False,False,True,1.0
NORT_ARTIC_4.1,10619,311,300,4,7,1,622,0.3778565384285082,True,True,False,False,False,True,1.0
NORT_ARTIC_4.1,10986,272,910,0,3,1,1185,1.0,True,False,True,True,False,True,1.0
NORT_ARTIC_4.1,11245,357,674,2,14,1,1047,0.06841053817839758,True,False,False,False,False,True,0.8435460715707249
NORT_ARTIC_4.1,12913,1130,280,15,4,1,1429,0.7794911995638726,True,False,False,True,False,True,1.0
NORT_ARTIC_4.1,12926,1179,347,7,6,1,1539,0.08804217452849902,True,False,False,True,False,True,0.9283895507177586
NORT_ARTIC_4.1,13143,531,1118,1,19,1,1669,0.006865942957773716,True,False,False,False,False,True,0.19262434463185343
NORT_ARTIC_4.1,13240,984,341,12,5,1,1342,0.7807484850913633,True,False,False,True,False,True,1.0
NORT_ARTIC_4.1,14363,589,669,8,5,1,1271,0.4037448357042932,True,False,False,False,False,True,1.0
NORT_ARTIC_4.1,14394,700,723,0,1,1,1424,1.0,True,False,True,True,False,True,1.0
NORT_ARTIC_4.1,16339,554,1125,6,13,2,1698,1.0,True,False,False,False,False,True,1.0
NORT_ARTIC_4.1,17638,1011,1537,7,19,1,2574,0.22836178971497412,True,False,False,False,False,True,1.0
NORT_ARTIC_4.1,17649,1068,1520,5,24,1,2617,0.007785017622122784,True,False,False,False,False,True,0.20882968323203047
NORT_ARTIC_4.1,17896,187,1051,4,11,1,1253,0.26623437229862146,True,False,False,True,False,True,1.0
NORT_ARTIC_4.1,18519,1407,3658,16,43,2,5124,1.0,True,False,False,False,False,True,1.0
NORT_ARTIC_4.1,18589,822,1122,66,14,1,2024,7.738350544804462e-13,True,False,False,False,False,True,5.634256182383821e-11
NORT_ARTIC_4.1,19168,2057,4324,15,24,2,6420,0.39573750144347764,True,False,False,False,False,True,1.0
NORT_ARTIC_4.1,20144,1239,251,9,2,1,1501,1.0,True,False,False,True,False,True,1.0
NORT_ARTIC_4.1,20270,506,530,26,23,1,1085,0.6613165494094102,True,False,False,False,False,True,1.0
NORT_ARTIC_4.1,20366,355,1361,8,22,1,1746,0.49423443481739043,True,False,False,False,False,True,1.0
NORT_ARTIC_4.1,20957,424,1423,4,11,1,1862,0.7586210912010036,True,False,False,True,False,True,1.0
NORT_ARTIC_4.1,21515,537,534,9,5,1,1085,0.42102608978291767,True,False,False,False,False,True,1.0
NORT_ARTIC_4.1,21733,485,320,12,6,1,823,0.6355342667275118,True,True,False,False,False,True,1.0
NORT_ARTIC_4.1,21890,554,784,10,4,1,1352,0.029171705054281915,True,False,False,False,False,True,0.5472826629202092
NORT_ARTIC_4.1,24778,609,594,5,7,1,1215,0.5753529571090292,True,False,False,False,False,True,1.0
NORT_ARTIC_4.1,24967,236,308,3,7,1,554,0.5265674709452773,True,True,False,True,False,True,1.0
NORT_ARTIC_4.1,25895,173,466,4,12,1,655,1.0,True,True,False,True,False,True,1.0
NORT_ARTIC_4.1,26246,2653,11110,20,75,4,13858,0.6951270775501631,True,False,False,False,False,True,1.0
NORT_ARTIC_4.1,26349,859,1176,12,8,1,2055,0.1171354086446705,True,False,False,False,False,True,0.9922439879097019
NORT_ARTIC_4.1,26801,427,667,8,17,2,1119,0.5391416731320564,True,False,False,False,False,True,1.0
NORT_ARTIC_4.1,27522,462,871,6,7,1,1346,0.39252852331946386,True,False,False,True,False,True,1.0
NORT_ARTIC_4.1,472,373,115,0,0,1,488,1.0,True,True,True,True,False,True,1.0
NORT_ARTIC_4.1,1047,703,211,8,4,1,926,0.48863540286918317,True,True,False,True,False,True,1.0
NORT_ARTIC_4.1,3052,671,2138,3,11,2,2823,1.0,True,False,False,True,False,True,1.0
NORT_ARTIC_4.1,3431,839,906,12,4,1,1761,0.04253245557316401,True,False,False,False,False,True,0.7028661960231882
NORT_ARTIC_4.1,3464,857,818,17,4,1,1696,0.007395667634725365,True,False,False,False,False,True,0.20014116484062094
NORT_ARTIC_4.1,4896,352,691,4,7,1,1054,1.0,True,False,False,True,False,True,1.0
NORT_ARTIC_4.1,5336,926,336,7,4,1,1273,0.49730243936419694,True,False,False,True,False,True,1.0
NORT_ARTIC_4.1,5346,929,343,11,5,1,1288,0.7772780019874999,True,False,False,True,False,True,1.0
NORT_ARTIC_4.1,5786,1553,2876,11,17,2,4457,0.6923884997984293,True,False,False,False,False,True,1.0
NORT_ARTIC_4.1,7231,247,122,1,2,1,372,0.2586581190354776,True,True,False,True,False,True,1.0
NORT_ARTIC_4.1,8308,124,485,6,7,1,622,0.03512407887174391,True,True,False,True,False,True,0.6318201952340757
NORT_ARTIC_4.1,8607,5109,15212,76,97,9,20494,8.870616164271383e-08,True,False,False,False,False,True,4.8439900411324805e-06
NORT_ARTIC_4.1,9151,271,490,4,5,1,770,0.7284122293299391,True,True,False,True,False,True,1.0
NORT_ARTIC_4.1,9414,320,717,3,11,1,1051,0.5688021060454733,True,False,False,True,False,True,1.0
NORT_ARTIC_4.1,9694,409,617,5,10,1,1041,0.7919305513828616,True,False,False,False,False,True,1.0
NORT_ARTIC_4.1,10472,1055,813,12,10,1,1890,1.0,True,False,False,False,False,True,1.0
NORT_ARTIC_4.1,12616,1367,1699,33,23,2,3122,0.04117386181883971,True,False,False,False,False,True,0.6949636219446051
NORT_ARTIC_4.1,13695,50,82,3,3,1,138,0.6752629365712706,True,True,False,True,False,True,1.0
NORT_ARTIC_4.1,14733,104,57,3,2,1,166,1.0,True,True,False,True,False,True,1.0
NORT_ARTIC_4.1,16646,404,1095,6,11,1,1516,0.42038797228509955,True,False,False,True,False,True,1.0
NORT_ARTIC_4.1,18322,1250,374,27,11,2,1662,0.4356442653211444,True,False,False,False,False,True,1.0
NORT_ARTIC_4.1,18535,428,955,8,8,1,1399,0.10972247604403183,True,False,False,True,False,True,0.9748917504320357
NORT_ARTIC_4.1,18849,278,918,1,12,1,1209,0.31942510900958654,True,False,False,True,False,True,1.0
NORT_ARTIC_4.1,19161,3515,8924,29,54,4,12522,0.1800029989508732,True,False,False,False,False,True,1.0
NORT_ARTIC_4.1,20627,393,675,8,12,1,1088,0.8167241341763237,True,False,False,False,False,True,1.0
NORT_ARTIC_4.1,20720,970,1090,8,5,1,2073,0.40520444892725815,True,False,False,False,False,True,1.0
NORT_ARTIC_4.1,20802,2273,663,18,10,2,2964,0.1120153657826041,True,False,False,False,False,True,0.9761073099427413
NORT_ARTIC_4.1,20831,1013,336,20,5,1,1374,0.8151399540970239,True,False,False,False,False,True,1.0
NORT_ARTIC_4.1,21378,753,412,16,6,1,1187,0.5055364389230694,True,False,False,False,False,True,1.0
NORT_ARTIC_4.1,21993,788,242,8,2,1,1040,1.0,True,False,False,True,False,True,1.0
NORT_ARTIC_4.1,22025,718,308,7,5,1,1038,0.3616307858281483,True,False,False,True,False,True,1.0
NORT_ARTIC_4.1,22643,130,309,4,5,1,448,0.461521762912266,True,True,False,True,False,True,1.0
NORT_ARTIC_4.1,23321,803,719,8,7,1,1537,1.0,True,False,False,False,False,True,1.0
NORT_ARTIC_4.1,25020,202,653,7,18,1,880,0.6343664736614707,True,True,False,False,False,True,1.0
NORT_ARTIC_4.1,25153,1453,576,4,3,2,2036,0.4133539690648651,True,False,False,True,False,True,1.0
NORT_ARTIC_4.1,25525,195,252,89,107,1,643,0.7301315393069419,True,True,False,False,False,True,1.0
NORT_ARTIC_4.1,27741,1130,461,8,4,1,1603,0.7532803556063434,True,False,False,True,False,True,1.0
NORT_ARTIC_4.1,1064,297,86,3,3,1,389,0.13575377821428486,True,True,False,True,False,True,1.0
NORT_ARTIC_4.1,1684,925,330,23,10,2,1288,0.6889484472727154,True,False,False,False,False,True,1.0
NORT_ARTIC_4.1,2105,107,313,3,10,1,433,1.0,True,True,False,True,False,True,1.0
NORT_ARTIC_4.1,4399,161,89,8,4,1,262,1.0,True,True,False,True,False,True,1.0
NORT_ARTIC_4.1,5179,477,1440,10,16,2,1943,0.11543537573267915,True,False,False,False,False,True,0.9861959664327338
NORT_ARTIC_4.1,5184,137,348,2,6,1,493,1.0,True,True,False,True,False,True,1.0
NORT_ARTIC_4.1,6098,80,156,3,5,1,244,1.0,True,True,False,True,False,True,1.0
NORT_ARTIC_4.1,6208,69,197,2,4,1,272,0.6530076896493257,True,True,False,True,False,True,1.0
NORT_ARTIC_4.1,7024,131,457,3,9,1,600,0.7355163275964871,True,True,False,True,False,True,1.0
NORT_ARTIC_4.1,8120,313,170,9,4,1,496,1.0,True,True,False,True,False,True,1.0
NORT_ARTIC_4.1,8484,186,120,2,6,1,314,0.06394255998282622,True,True,False,True,False,True,0.8143363168587682
NORT_ARTIC_4.1,9020,184,58,4,3,1,249,0.36701826428813117,True,True,False,True,False,True,1.0
NORT_ARTIC_4.1,9221,315,304,9,6,1,634,0.6042124514056998,True,True,False,False,False,True,1.0
NORT_ARTIC_4.1,9478,81,232,3,9,1,325,1.0,True,True,False,True,False,True,1.0
NORT_ARTIC_4.1,9644,306,200,7,3,1,516,0.7469332663849227,True,True,False,True,False,True,1.0
NORT_ARTIC_4.1,9756,128,441,8,16,1,593,0.21952388912701865,True,True,False,False,False,True,1.0
NORT_ARTIC_4.1,9797,171,431,6,9,1,617,0.38601402955286535,True,True,False,True,False,True,1.0
NORT_ARTIC_4.1,9838,179,342,1,10,1,532,0.10868473941627,True,True,False,True,False,True,0.9731331642640071
NORT_ARTIC_4.1,10635,88,136,4,4,1,232,0.715798602348217,True,True,False,True,False,True,1.0
NORT_ARTIC_4.1,10799,1000,558,10,10,2,1578,0.24048727542835135,True,False,False,False,False,True,1.0
NORT_ARTIC_4.1,10925,123,145,2,5,1,275,0.46086660458554063,True,True,False,True,False,True,1.0
NORT_ARTIC_4.1,11306,120,311,2,9,1,442,0.7348214845698952,True,True,False,True,False,True,1.0
NORT_ARTIC_4.1,11622,87,326,2,5,1,420,0.6429346925152191,True,True,False,True,False,True,1.0
NORT_ARTIC_4.1,13878,309,107,10,1,1,427,0.3039858521258634,True,True,False,True,False,True,1.0
NORT_ARTIC_4.1,14773,59,26,4,2,1,91,1.0,True,True,False,True,False,True,1.0
NORT_ARTIC_4.1,16690,129,384,4,5,1,522,0.24220773130210854,True,True,False,True,False,True,1.0
NORT_ARTIC_4.1,17083,491,548,10,6,1,1055,0.3135379395713275,True,False,False,False,False,True,1.0
NORT_ARTIC_4.1,17610,117,439,2,15,1,573,0.5451393653480334,True,True,False,True,False,True,1.0
NORT_ARTIC_4.1,19605,4396,1617,33,12,3,6058,1.0,True,False,False,False,False,True,1.0
NORT_ARTIC_4.1,19786,105,269,2,8,1,384,0.7325517678103617,True,True,False,True,False,True,1.0
NORT_ARTIC_4.1,20812,367,118,8,3,1,496,0.7340484657327176,True,True,False,True,False,True,1.0
NORT_ARTIC_4.1,21387,301,104,11,5,1,421,0.5721379477030082,True,True,False,True,False,True,1.0
NORT_ARTIC_4.1,23294,299,347,8,5,1,659,0.400772607624588,True,True,False,False,False,True,1.0
NORT_ARTIC_4.1,25673,280,310,6,13,1,609,0.24282117059932296,True,True,False,False,False,True,1.0
NORT_ARTIC_4.1,27231,468,181,10,1,1,660,0.305314969400831,True,True,False,True,False,True,1.0
NORT_ARTIC_4.1,27452,169,494,3,14,1,680,0.5815399069301559,True,True,False,True,False,True,1.0
NORT_ARTIC_4.1,28000,93,439,13,14,1,559,0.00039056419448624404,True,True,False,False,False,True,0.015924604089852457
NORT_ARTIC_4.1,1933,1549,726,10,6,1,2291,0.6011760915159223,True,False,False,False,False,True,1.0
NORT_ARTIC_4.1,2615,768,335,8,3,1,1114,1.0,True,False,False,True,False,True,1.0
NORT_ARTIC_4.1,2853,915,497,6,8,1,1426,0.09788927867363434,True,False,False,True,False,True,0.951670477089875
NORT_ARTIC_4.1,5218,1084,3726,10,26,3,4846,0.428157667190179,True,False,False,False,False,True,1.0
NORT_ARTIC_4.1,5292,1090,1023,3,9,1,2125,0.08366256630308025,True,False,False,False,False,True,0.918693996859999
NORT_ARTIC_4.1,5885,773,1278,8,13,2,2072,1.0,True,False,False,False,False,True,1.0
NORT_ARTIC_4.1,6764,324,711,4,6,1,1045,0.515181515788198,True,False,False,True,False,True,1.0
NORT_ARTIC_4.1,7798,730,236,0,0,1,966,1.0,True,True,True,True,False,True,1.0
NORT_ARTIC_4.1,8641,598,1191,4,9,1,1802,1.0,True,False,False,True,False,True,1.0
NORT_ARTIC_4.1,8701,505,701,6,5,1,1217,0.5415326717111245,True,False,False,True,False,True,1.0
NORT_ARTIC_4.1,10536,2060,586,19,8,1,2673,0.3540349811709228,True,False,False,False,False,True,1.0
NORT_ARTIC_4.1,12258,770,1019,11,8,1,1808,0.24509945263846544,True,False,False,False,False,True,1.0
NORT_ARTIC_4.1,15641,1455,381,10,4,1,1850,0.5070488246647347,True,False,False,True,False,True,1.0
NORT_ARTIC_4.1,17763,856,492,7,6,1,1361,0.5651491523305916,True,False,False,True,False,True,1.0
NORT_ARTIC_4.1,18393,1479,786,11,7,1,2283,0.8045217455637648,True,False,False,False,False,True,1.0
NORT_ARTIC_4.1,21317,368,697,4,7,1,1076,1.0,True,False,False,True,False,True,1.0
NORT_ARTIC_4.1,24532,4868,5968,40,37,4,10913,0.25031172765621246,True,False,False,False,False,True,1.0
NORT_ARTIC_4.1,24871,939,582,8,7,1,1536,0.5958149183800963,True,False,False,False,False,True,1.0
NORT_ARTIC_4.1,25174,847,386,8,5,1,1246,0.5598865012356117,True,False,False,True,False,True,1.0
NORT_ARTIC_4.1,27526,554,820,3,2,1,1379,0.39887091098260274,True,False,False,True,False,True,1.0
NORT_ARTIC_4.1,27581,481,178,6,4,1,669,0.4725078452356982,True,True,False,True,False,True,1.0
NORT_ARTIC_4.1,28015,188,950,436,101,1,1675,6.187944031608999e-148,True,False,False,False,False,True,1.5768944040550266e-145
NORT_ARTIC_4.1,4548,165,477,4,5,1,651,0.2482804315758807,True,True,False,True,False,True,1.0
NORT_ARTIC_4.1,8923,61,341,3,4,1,409,0.08027019202606428,True,True,False,True,False,True,0.9022964581235378
NORT_ARTIC_4.1,11852,306,535,4,8,1,853,1.0,True,True,False,True,False,True,1.0
NORT_ARTIC_4.1,12547,880,1067,2,0,1,1949,0.20466505752963401,True,False,True,True,False,True,1.0
NORT_ARTIC_4.1,14054,275,1198,4,9,1,1486,0.28142821343864977,True,False,False,True,False,True,1.0
NORT_ARTIC_4.1,16083,472,922,4,10,1,1408,0.7832373284628732,True,False,False,True,False,True,1.0
NORT_ARTIC_4.1,17733,979,356,126,42,1,1503,0.7107586506661383,True,False,False,False,False,True,1.0
NORT_ARTIC_4.1,19084,1894,1830,21,13,2,3758,0.2302905990241601,True,False,False,False,False,True,1.0
NORT_ARTIC_4.1,19183,1446,3434,12,25,2,4917,0.7192585773059662,True,False,False,False,False,True,1.0
NORT_ARTIC_4.1,21776,333,747,1,2,1,1083,1.0,True,False,False,True,False,True,1.0
NORT_ARTIC_4.1,26251,920,5338,10,34,2,6302,0.13626445983721364,True,False,False,False,False,True,1.0
NORT_ARTIC_4.1,27792,5114,1905,45,17,3,7081,1.0,True,False,False,False,False,True,1.0
NORT_ARTIC_4.1,933,275,917,4,12,1,1208,0.7718874829221245,True,False,False,True,False,True,1.0
NORT_ARTIC_4.1,1020,1742,1325,16,12,2,3095,1.0,True,False,False,False,False,True,1.0
NORT_ARTIC_4.1,2314,551,255,7,4,1,817,0.7497124857643647,True,True,False,True,False,True,1.0
NORT_ARTIC_4.1,2645,1496,694,16,9,2,2215,0.6678906442454241,True,False,False,False,False,True,1.0
NORT_ARTIC_4.1,2800,143,526,4,7,1,680,0.2642649452994152,True,True,False,True,False,True,1.0
NORT_ARTIC_4.1,3605,1107,1408,10,11,2,2536,0.8265596974900578,True,False,False,False,False,True,1.0
NORT_ARTIC_4.1,4472,318,187,6,4,1,515,1.0,True,True,False,True,False,True,1.0
NORT_ARTIC_4.1,5024,936,176,8,4,1,1124,0.11053797120501231,True,False,False,True,False,True,0.9748917504320357
NORT_ARTIC_4.1,5284,1076,1143,2,4,1,2225,0.6879814567989013,True,False,False,True,False,True,1.0
NORT_ARTIC_4.1,5887,555,1092,4,11,1,1662,0.7847900720945291,True,False,False,False,False,True,1.0
NORT_ARTIC_4.1,6614,1164,445,10,5,1,1624,0.574697741621364,True,False,False,True,False,True,1.0
NORT_ARTIC_4.1,6990,379,846,8,15,1,1248,0.656216742948166,True,False,False,False,False,True,1.0
NORT_ARTIC_4.1,7631,609,1635,5,13,1,2262,1.0,True,False,False,True,False,True,1.0
NORT_ARTIC_4.1,8482,675,344,9,1,1,1029,0.1782282308336794,True,False,False,True,False,True,1.0
NORT_ARTIC_4.1,10296,511,392,3,6,1,912,0.18935220144142623,True,True,False,True,False,True,1.0
NORT_ARTIC_4.1,11366,1317,1319,14,10,1,2660,0.5394023818591276,True,False,False,False,False,True,1.0
NORT_ARTIC_4.1,11633,259,1022,4,10,1,1295,0.5007494453174788,True,False,False,True,False,True,1.0
NORT_ARTIC_4.1,11675,973,1060,15,6,1,2054,0.045856167518679054,True,False,False,False,False,True,0.7154497973067375
NORT_ARTIC_4.1,12009,1274,783,14,8,1,2079,1.0,True,False,False,False,False,True,1.0
NORT_ARTIC_4.1,12039,1253,305,13,2,1,1573,0.7489188427341043,True,False,False,True,False,True,1.0
NORT_ARTIC_4.1,13114,366,1318,3,11,1,1698,1.0,True,False,False,True,False,True,1.0
NORT_ARTIC_4.1,13973,401,457,7,2,1,867,0.09194206227156593,True,True,False,True,False,True,0.9498609000893534
NORT_ARTIC_4.1,17810,443,617,6,7,1,1073,0.7827733249312381,True,False,False,False,False,True,1.0
NORT_ARTIC_4.1,18976,978,358,11,5,1,1352,0.7767330229946456,True,False,False,True,False,True,1.0
NORT_ARTIC_4.1,19165,392,986,3,10,1,1391,1.0,True,False,False,True,False,True,1.0
NORT_ARTIC_4.1,19185,1205,2613,61,119,2,3998,0.5126195825193989,True,False,False,False,False,True,1.0
NORT_ARTIC_4.1,20660,250,871,6,13,1,1140,0.40278502350715073,True,False,False,True,False,True,1.0
NORT_ARTIC_4.1,20665,247,864,0,13,1,1124,0.08394861495709736,True,False,True,True,False,True,0.918693996859999
NORT_ARTIC_4.1,20755,1152,887,9,4,1,2052,0.4126598077560504,True,False,False,False,False,True,1.0
NORT_ARTIC_4.1,21077,652,124,10,2,1,788,1.0,True,True,False,True,False,True,1.0
NORT_ARTIC_4.1,21335,732,583,7,5,1,1327,1.0,True,False,False,False,False,True,1.0
NORT_ARTIC_4.1,25443,1065,690,9,7,1,1771,0.7989249295838586,True,False,False,False,False,True,1.0
NORT_ARTIC_4.1,25546,343,482,0,1,1,826,1.0,True,True,True,True,False,True,1.0
NORT_ARTIC_4.1,25640,788,1863,19,30,2,2700,0.20665737147024088,True,False,False,False,False,True,1.0
NORT_ARTIC_4.1,26114,2059,570,17,4,1,2650,1.0,True,False,False,True,False,True,1.0
NORT_ARTIC_4.1,27499,613,1215,11,18,1,1857,0.69245897169424,True,False,False,False,False,True,1.0
NORT_ARTIC_4.1,27881,760,818,7,6,1,1591,0.7838256977972318,True,False,False,False,False,True,1.0
NORT_ARTIC_4.1,27994,648,3815,6,30,2,4499,0.6385295797587653,True,False,False,False,False,True,1.0
NORT_ARTIC_4.1,28072,1752,1635,1,3,1,3391,0.3586895134475048,True,False,False,True,False,True,1.0
NORT_ARTIC_4.1,28236,1350,740,26,15,1,2131,0.8702540973349424,True,False,False,False,False,True,1.0
NORT_ARTIC_4.1,1003,2003,1530,18,11,2,3562,0.7073285407675904,True,False,False,False,False,True,1.0
NORT_ARTIC_4.1,1870,1950,2544,14,15,2,4523,0.7077076319245424,True,False,False,False,False,True,1.0
NORT_ARTIC_4.1,1918,1046,1602,4,12,1,2664,0.3087426573113847,True,False,False,False,False,True,1.0
NORT_ARTIC_4.1,3609,1161,1603,13,20,2,2797,0.8599400852521892,True,False,False,False,False,True,1.0
NORT_ARTIC_4.1,3840,273,135,7,5,2,420,0.5446054123086659,True,True,False,True,False,True,1.0
NORT_ARTIC_4.1,4156,732,516,6,6,1,1260,0.56776004953019,True,False,False,True,False,True,1.0
NORT_ARTIC_4.1,4197,420,637,9,6,1,1072,0.11998483646732543,True,False,False,False,False,True,0.9929204376157392
NORT_ARTIC_4.1,5590,933,1706,8,6,1,2653,0.09905313448643083,True,False,False,True,False,True,0.951670477089875
NORT_ARTIC_4.1,5595,935,1650,4,15,1,2604,0.2317007711532326,True,False,False,False,False,True,1.0
NORT_ARTIC_4.1,5804,2130,4641,18,29,2,6818,0.3447662404033438,True,False,False,False,False,True,1.0
NORT_ARTIC_4.1,5894,1182,988,9,5,1,2184,0.5935818714609937,True,False,False,False,False,True,1.0
NORT_ARTIC_4.1,6063,546,789,3,8,1,1346,0.5404297131803316,True,False,False,True,False,True,1.0
NORT_ARTIC_4.1,6199,454,1730,4,20,2,2208,0.8019010532020269,True,False,False,True,False,True,1.0
NORT_ARTIC_4.1,6600,3020,1195,19,9,2,4243,0.6755438645651733,True,False,False,False,False,True,1.0
NORT_ARTIC_4.1,6780,977,1776,5,12,1,2770,0.8002579997093383,True,False,False,False,False,True,1.0
NORT_ARTIC_4.1,7411,923,1368,7,8,1,2306,0.6090748052455686,True,False,False,False,False,True,1.0
NORT_ARTIC_4.1,7653,444,1560,6,12,1,2022,0.25863540819503666,True,False,False,True,False,True,1.0
NORT_ARTIC_4.1,8416,3910,856,37,9,2,4812,0.7032298050020875,True,False,False,False,False,True,1.0
NORT_ARTIC_4.1,8423,2159,472,13,4,1,2648,0.5276151702087416,True,False,False,True,False,True,1.0
NORT_ARTIC_4.1,8576,1620,5490,15,36,2,7161,0.24594837955624477,True,False,False,False,False,True,1.0
NORT_ARTIC_4.1,8612,667,2366,5,12,1,3050,0.5552044257444453,True,False,False,True,False,True,1.0
NORT_ARTIC_4.1,9843,333,1742,5,9,1,2089,0.06128564439815898,True,False,False,True,False,True,0.8054526310563593
NORT_ARTIC_4.1,10184,2122,523,13,3,1,2661,1.0,True,False,False,True,False,True,1.0
NORT_ARTIC_4.1,11370,3277,2263,23,18,2,5581,0.7505622946839059,True,False,False,False,False,True,1.0
NORT_ARTIC_4.1,11482,1021,870,7,6,1,1904,1.0,True,False,False,False,False,True,1.0
NORT_ARTIC_4.1,11547,604,1692,4,11,1,2311,1.0,True,False,False,True,False,True,1.0
NORT_ARTIC_4.1,11768,752,239,6,5,1,1002,0.14889578741367807,True,False,False,True,False,True,1.0
NORT_ARTIC_4.1,12007,2072,675,15,2,1,2764,0.27187804555897277,True,False,False,True,False,True,1.0
NORT_ARTIC_4.1,12040,2141,421,11,3,1,2576,0.7144787971067412,True,False,False,True,False,True,1.0
NORT_ARTIC_4.1,12086,2164,586,13,5,1,2768,0.5620537650871419,True,False,False,True,False,True,1.0
NORT_ARTIC_4.1,12604,3254,2404,27,17,2,5702,0.6487726130564143,True,False,False,False,False,True,1.0
NORT_ARTIC_4.1,13073,342,506,5,6,1,859,0.7637922006816736,True,True,False,True,False,True,1.0
NORT_ARTIC_4.1,13331,461,828,4,10,1,1303,0.7806949074041529,True,False,False,True,False,True,1.0
NORT_ARTIC_4.1,13877,2063,602,9,6,1,2680,0.12248281988702393,True,False,False,True,False,True,0.9932539451400784
NORT_ARTIC_4.1,15624,2420,420,14,2,1,2856,1.0,True,False,False,True,False,True,1.0
NORT_ARTIC_4.1,16410,1996,3649,13,25,2,5683,1.0,True,False,False,False,False,True,1.0
NORT_ARTIC_4.1,17404,2018,409,13,2,1,2442,1.0,True,False,False,True,False,True,1.0
NORT_ARTIC_4.1,17454,2349,548,17,3,1,2917,1.0,True,False,False,True,False,True,1.0
NORT_ARTIC_4.1,17627,851,2204,7,15,1,3077,0.6399522242476638,True,False,False,False,False,True,1.0
NORT_ARTIC_4.1,17982,1057,688,10,4,1,1759,0.5846225233835025,True,False,False,False,False,True,1.0
NORT_ARTIC_4.1,18820,1249,4940,11,32,2,6232,0.34681320655751113,True,False,False,False,False,True,1.0
NORT_ARTIC_4.1,20675,639,2099,7,14,1,2759,0.300987577653069,True,False,False,True,False,True,1.0
NORT_ARTIC_4.1,21992,526,139,6,3,1,674,0.40696201638017415,True,True,False,True,False,True,1.0
NORT_ARTIC_4.1,24049,514,547,8,5,1,1074,0.4102398241058638,True,False,False,False,False,True,1.0
NORT_ARTIC_4.1,25910,939,2524,24,74,3,3561,0.6449252821230724,True,False,False,False,False,True,1.0
NORT_ARTIC_4.1,27197,592,279,6,5,1,882,0.3453117455346674,True,True,False,True,False,True,1.0
NORT_ARTIC_4.1,27815,1161,496,9,5,1,1671,0.7700010124329013,True,False,False,True,False,True,1.0
NORT_ARTIC_4.1,27835,3313,1145,21,7,2,4486,1.0,True,False,False,False,False,True,1.0
NORT_ARTIC_4.1,28137,5140,2247,27,14,2,7428,0.6115622603112629,True,False,False,False,False,True,1.0
NORT_ARTIC_4.1,2271,1561,456,12,3,1,2032,1.0,True,False,False,True,False,True,1.0
NORT_ARTIC_4.1,2499,467,822,7,10,1,1306,0.8003074405530293,True,False,False,False,False,True,1.0
NORT_ARTIC_4.1,4773,2300,976,18,11,2,3305,0.4144177431350681,True,False,False,False,False,True,1.0
NORT_ARTIC_4.1,5479,486,1045,3,9,1,1543,0.7623756496000735,True,False,False,True,False,True,1.0
NORT_ARTIC_4.1,6544,1005,441,8,4,1,1458,0.7633000793192878,True,False,False,True,False,True,1.0
NORT_ARTIC_4.1,7415,1219,1543,6,13,1,2781,0.35558276573819636,True,False,False,False,False,True,1.0
NORT_ARTIC_4.1,8087,1391,399,12,4,1,1806,0.7656568417726621,True,False,False,True,False,True,1.0
NORT_ARTIC_4.1,9254,654,956,6,11,1,1627,0.8056234531564763,True,False,False,False,False,True,1.0
NORT_ARTIC_4.1,11716,1363,328,13,4,1,1708,0.7566507034037919,True,False,False,True,False,True,1.0
NORT_ARTIC_4.1,13124,402,1617,4,13,1,2036,0.7595354425937741,True,False,False,True,False,True,1.0
NORT_ARTIC_4.1,14348,512,1457,4,16,2,1989,0.7976239430705889,True,False,False,False,False,True,1.0
NORT_ARTIC_4.1,14367,635,666,6,5,1,1312,0.7689407102616053,True,False,False,False,False,True,1.0
NORT_ARTIC_4.1,14582,353,1252,5,16,1,1626,0.793779064713009,True,False,False,True,False,True,1.0
NORT_ARTIC_4.1,15927,1954,993,13,7,1,2967,1.0,True,False,False,False,False,True,1.0
NORT_ARTIC_4.1,16384,2707,10564,22,71,4,13364,0.4389070909769356,True,False,False,False,False,True,1.0
NORT_ARTIC_4.1,19616,3039,1018,21,10,2,4088,0.4049606256869678,True,False,False,False,False,True,1.0
NORT_ARTIC_4.1,25175,1079,358,11,5,1,1453,0.5649082943280856,True,False,False,True,False,True,1.0
NORT_ARTIC_4.1,1776,226,337,1,7,1,571,0.15442210423065433,True,True,False,True,False,True,1.0
NORT_ARTIC_4.1,3656,271,934,5,8,1,1218,0.18468114823268494,True,False,False,True,False,True,1.0
NORT_ARTIC_4.1,3673,252,863,3,12,1,1130,1.0,True,False,False,True,False,True,1.0
NORT_ARTIC_4.1,3862,649,563,27,25,3,1264,0.8873839139685896,True,False,False,False,False,True,1.0
NORT_ARTIC_4.1,4409,499,186,12,3,1,700,0.769963191300262,True,True,False,True,False,True,1.0
NORT_ARTIC_4.1,5562,136,680,5,9,1,830,0.07218902864129985,True,True,False,True,False,True,0.8523322377802893
NORT_ARTIC_4.1,7637,4504,12581,33,67,5,17185,0.13943416313059648,True,False,False,False,False,True,1.0
NORT_ARTIC_4.1,8399,838,141,6,5,1,990,0.01426832559832577,True,True,False,True,False,True,0.3261768252836464
NORT_ARTIC_4.1,8575,297,970,4,7,1,1278,0.298445084557949,True,False,False,True,False,True,1.0
NORT_ARTIC_4.1,10389,311,967,5,8,1,1291,0.3263043223918485,True,False,False,True,False,True,1.0
NORT_ARTIC_4.1,10391,310,965,2,10,1,1287,0.7411464113259507,True,False,False,True,False,True,1.0
NORT_ARTIC_4.1,11151,1277,367,10,5,1,1659,0.3484613374810607,True,False,False,True,False,True,1.0
NORT_ARTIC_4.1,11456,955,355,12,7,1,1329,0.43497858440090176,True,False,False,False,False,True,1.0
NORT_ARTIC_4.1,11718,907,203,8,3,1,1121,0.43453606474327655,True,False,False,True,False,True,1.0
NORT_ARTIC_4.1,14493,632,225,11,3,1,871,1.0,True,True,False,True,False,True,1.0
NORT_ARTIC_4.1,15169,278,344,3,6,1,631,0.7379480119649007,True,True,False,True,False,True,1.0
NORT_ARTIC_4.1,15978,1640,550,20,6,1,2216,1.0,True,False,False,False,False,True,1.0
NORT_ARTIC_4.1,17224,522,714,5,9,1,1250,0.7875610548520375,True,False,False,False,False,True,1.0
NORT_ARTIC_4.1,17242,525,842,0,1,1,1368,1.0,True,False,True,True,False,True,1.0
NORT_ARTIC_4.1,18060,599,257,6,4,2,866,0.49927768584101684,True,True,False,True,False,True,1.0
NORT_ARTIC_4.1,19540,4651,1817,33,16,3,6517,0.5234830918413202,True,False,False,False,False,True,1.0
NORT_ARTIC_4.1,20372,271,1277,4,14,2,1566,0.5397092646777225,True,False,False,True,False,True,1.0
NORT_ARTIC_4.1,20455,1004,1027,5,10,1,2046,0.30065065535165547,True,False,False,False,False,True,1.0
NORT_ARTIC_4.1,22651,94,372,3,6,1,475,0.3974301469783392,True,True,False,True,False,True,1.0
NORT_ARTIC_4.1,23293,689,846,9,16,1,1560,0.4226473400670697,True,False,False,False,False,True,1.0
NORT_ARTIC_4.1,23840,142,477,2,9,1,630,1.0,True,True,False,True,False,True,1.0
NORT_ARTIC_4.1,24377,481,414,2,8,1,905,0.05170762566774808,True,True,False,True,False,True,0.7493929824264153
NORT_ARTIC_4.1,25396,914,665,4,2,1,1585,1.0,True,False,False,True,False,True,1.0
NORT_ARTIC_4.1,25633,684,1657,9,16,2,2366,0.5080142926067736,True,False,False,False,False,True,1.0
NORT_ARTIC_4.1,25676,675,875,9,7,1,1566,0.3229764690863697,True,False,False,False,False,True,1.0
NORT_ARTIC_4.1,25709,673,829,8,9,1,1519,1.0,True,False,False,False,False,True,1.0
NORT_ARTIC_4.1,26715,747,197,11,4,1,959,0.5319120186591625,True,True,False,True,False,True,1.0
NORT_ARTIC_4.1,27239,1153,287,9,4,1,1453,0.3068798670856877,True,False,False,True,False,True,1.0
NORT_ARTIC_4.1,27483,343,1064,2,12,1,1421,0.5379364386682578,True,False,False,True,False,True,1.0
NORT_ARTIC_4.1,27639,108,90,0,0,1,198,1.0,True,True,True,True,False,True,1.0
NORT_ARTIC_4.1,27847,1517,398,15,2,1,1932,0.5493662777618761,True,False,False,True,False,True,1.0
NORT_ARTIC_4.1,29020,196,337,0,1,1,534,1.0,True,True,True,True,False,True,1.0
NORT_ARTIC_4.1,29306,289,244,6,4,1,543,0.7609120416232844,True,True,False,True,False,True,1.0
NORT_ARTIC_4.1,29399,165,649,0,0,1,814,1.0,True,True,True,True,False,True,1.0
NORT_ARTIC_4.1,2926,1190,425,9,5,1,1629,0.5415811772915456,True,False,False,True,False,True,1.0
NORT_ARTIC_4.1,4297,132,515,5,6,1,658,0.05720463726967104,True,True,False,True,False,True,0.772958310926981
NORT_ARTIC_4.1,5672,2086,717,27,12,1,2842,0.4623144363678144,True,False,False,False,False,True,1.0
NORT_ARTIC_4.1,5725,2744,2454,19,16,2,5233,1.0,True,False,False,False,False,True,1.0
NORT_ARTIC_4.1,7497,2347,505,20,6,1,2878,0.443060713531038,True,False,False,True,False,True,1.0
NORT_ARTIC_4.1,8223,215,602,2,8,1,827,1.0,True,True,False,True,False,True,1.0
NORT_ARTIC_4.1,9234,992,1292,7,9,1,2300,1.0,True,False,False,False,False,True,1.0
NORT_ARTIC_4.1,11309,737,2962,7,23,2,3729,0.6465528123958594,True,False,False,False,False,True,1.0
NORT_ARTIC_4.1,11356,1689,1766,16,10,1,3481,0.2388432227529519,True,False,False,False,False,True,1.0
NORT_ARTIC_4.1,12221,303,1526,4,10,1,1843,0.27000071484542054,True,False,False,True,False,True,1.0
NORT_ARTIC_4.1,13042,751,877,9,9,1,1646,0.8144381139039302,True,False,False,False,False,True,1.0
NORT_ARTIC_4.1,13308,832,986,7,7,1,1832,0.7928276706734623,True,False,False,False,False,True,1.0
NORT_ARTIC_4.1,15593,1824,435,13,4,1,2276,0.7562324613953666,True,False,False,True,False,True,1.0
NORT_ARTIC_4.1,15657,6823,1574,40,16,3,8453,0.0835302516390356,True,False,False,False,False,True,0.918693996859999
NORT_ARTIC_4.1,16915,1321,914,10,8,1,2253,0.8121595004403568,True,False,False,False,False,True,1.0
NORT_ARTIC_4.1,17859,320,1205,4,13,1,1542,0.7668620067093143,True,False,False,True,False,True,1.0
NORT_ARTIC_4.1,18923,3802,3544,29,20,3,7395,0.31851157969442356,True,False,False,False,False,True,1.0
NORT_ARTIC_4.1,19283,335,103,5,4,1,447,0.22733103694827708,True,True,False,True,False,True,1.0
NORT_ARTIC_4.1,22495,1343,381,8,6,1,1738,0.09782807879435679,True,False,False,True,False,True,0.951670477089875
NORT_ARTIC_4.1,22894,275,113,0,0,1,388,1.0,True,True,True,True,False,True,1.0
NORT_ARTIC_4.1,24808,716,612,6,6,1,1340,0.7812701828053081,True,False,False,False,False,True,1.0
NORT_ARTIC_4.1,24982,328,614,4,7,1,953,1.0,True,True,False,True,False,True,1.0
NORT_ARTIC_4.1,26204,553,2150,16,49,1,2768,0.4368180483444073,True,False,False,False,False,True,1.0
NORT_ARTIC_4.1,28253,1643,1948,17,31,2,3639,0.18899494174253434,True,False,False,False,False,True,1.0
NORT_ARTIC_4.1,28969,551,223,13,4,1,791,0.7897223407006903,True,True,False,True,False,True,1.0
NORT_ARTIC_4.1,1883,1673,859,11,8,1,2551,0.471324231723256,True,False,False,False,False,True,1.0
NORT_ARTIC_4.1,1907,1823,906,8,10,1,2747,0.07508518617035957,True,False,False,False,False,True,0.8793127786097925
NORT_ARTIC_4.1,2086,632,1539,3,13,1,2187,0.5804224212687195,True,False,False,True,False,True,1.0
NORT_ARTIC_4.1,2392,335,1033,5,10,1,1383,0.38354277387855923,True,False,False,True,False,True,1.0
NORT_ARTIC_4.1,2656,1965,1296,13,16,2,3290,0.12595218951658993,True,False,False,False,False,True,0.9978284858594094
NORT_ARTIC_4.1,3325,631,1410,4,11,1,2056,1.0,True,False,False,True,False,True,1.0
NORT_ARTIC_4.1,3528,1231,284,9,4,1,1528,0.2828328356149219,True,False,False,True,False,True,1.0
NORT_ARTIC_4.1,3563,1000,318,2,2,1,1322,0.24821592009241364,True,False,False,True,False,True,1.0
NORT_ARTIC_4.1,4771,1114,445,274,113,1,1946,0.8018847127420223,True,False,False,False,False,True,1.0
NORT_ARTIC_4.1,5043,1472,285,11,5,1,1773,0.1621541593791406,True,False,False,True,False,True,1.0
NORT_ARTIC_4.1,5630,2431,804,19,7,1,3261,0.8205003168657473,True,False,False,False,False,True,1.0
NORT_ARTIC_4.1,5765,2074,3198,18,39,2,5329,0.2757117978769189,True,False,False,False,False,True,1.0
NORT_ARTIC_4.1,5766,3147,4623,19,49,3,7838,0.035388969379926354,True,False,False,False,False,True,0.6328623880924842
NORT_ARTIC_4.1,5851,656,2314,3,12,1,2985,1.0,True,False,False,True,False,True,1.0
NORT_ARTIC_4.1,8432,1617,380,12,3,1,2012,1.0,True,False,False,True,False,True,1.0
NORT_ARTIC_4.1,8644,2637,6066,17,43,3,8763,0.8879455746593068,True,False,False,False,False,True,1.0
NORT_ARTIC_4.1,11778,1818,1159,11,9,1,2997,0.6476002901124831,True,False,False,False,False,True,1.0
NORT_ARTIC_4.1,11893,310,1307,1,14,1,1632,0.32857494223396894,True,False,False,True,False,True,1.0
NORT_ARTIC_4.1,13017,1062,755,12,5,1,1834,0.4590373723760279,True,False,False,False,False,True,1.0
NORT_ARTIC_4.1,13257,1769,551,15,5,1,2340,0.7981815392312985,True,False,False,True,False,True,1.0
NORT_ARTIC_4.1,15004,647,531,14,8,1,1200,0.5183280436588587,True,False,False,False,False,True,1.0
NORT_ARTIC_4.1,15717,1933,1362,14,12,2,3321,0.6907433190864909,True,False,False,False,False,True,1.0
NORT_ARTIC_4.1,16852,2278,714,22,5,1,3019,0.6525954092032384,True,False,False,False,False,True,1.0
NORT_ARTIC_4.1,17630,912,1709,8,10,1,2639,0.45797125415434325,True,False,False,False,False,True,1.0
NORT_ARTIC_4.1,19079,1545,1069,9,11,1,2634,0.2541769101906728,True,False,False,False,False,True,1.0
NORT_ARTIC_4.1,19110,1404,1327,10,15,1,2756,0.3160558439684292,True,False,False,False,False,True,1.0
NORT_ARTIC_4.1,19244,565,1813,9,10,1,2397,0.026874582687292894,True,False,False,True,False,True,0.5136404616108855
NORT_ARTIC_4.1,20772,3449,2125,25,16,2,5615,1.0,True,False,False,False,False,True,1.0
NORT_ARTIC_4.1,21031,762,1026,9,11,1,1808,0.824484238293796,True,False,False,False,False,True,1.0
NORT_ARTIC_4.1,21251,194,1026,7,9,1,1236,0.008361427790222423,True,False,False,True,False,True,0.22234127115217542
NORT_ARTIC_4.1,21437,1245,292,9,5,1,1551,0.16155598718901845,True,False,False,True,False,True,1.0
NORT_ARTIC_4.1,21472,1010,500,9,3,1,1522,0.7606575480490907,True,False,False,True,False,True,1.0
NORT_ARTIC_4.1,24340,1286,995,10,7,1,2298,1.0,True,False,False,False,False,True,1.0
NORT_ARTIC_4.1,24496,915,1616,8,7,1,2546,0.18431376329183707,True,False,False,False,False,True,1.0
NORT_ARTIC_4.1,24785,1368,561,13,3,1,1945,0.5801343429681208,True,False,False,True,False,True,1.0
NORT_ARTIC_4.1,25105,661,607,5,7,1,1280,0.5671539040497511,True,False,False,False,False,True,1.0
NORT_ARTIC_4.1,25624,294,767,0,4,1,1065,0.5803089114672926,True,False,True,True,False,True,1.0
NORT_ARTIC_4.1,28077,5881,4815,56,34,3,10786,0.2014597997045009,True,False,False,False,False,True,1.0
NORT_ARTIC_4.1,28410,313,400,193,292,1,1198,0.17061087007638187,True,False,False,False,False,True,1.0
NORT_ARTIC_4.1,526,157,99,4,3,1,263,1.0,True,True,False,True,False,True,1.0
NORT_ARTIC_4.1,1737,260,435,3,7,1,705,0.7512409408709423,True,True,False,True,False,True,1.0
NORT_ARTIC_4.1,4330,502,278,6,4,1,790,0.7506107942885608,True,True,False,True,False,True,1.0
NORT_ARTIC_4.1,6897,1230,448,10,5,1,1693,0.56312758302412,True,False,False,True,False,True,1.0
NORT_ARTIC_4.1,8237,581,1797,13,43,2,2434,1.0,True,False,False,False,False,True,1.0
NORT_ARTIC_4.1,9202,833,551,7,4,1,1395,1.0,True,False,False,True,False,True,1.0
NORT_ARTIC_4.1,970,97,63,4,5,1,169,0.48694319543919506,True,True,False,True,False,True,1.0
NORT_ARTIC_4.1,1705,59,36,3,1,1,99,1.0,True,True,False,True,False,True,1.0
NORT_ARTIC_4.1,2422,25,46,2,3,1,76,1.0,True,True,False,True,False,True,1.0
NORT_ARTIC_4.1,4256,38,76,4,11,1,129,0.7724413378398653,True,True,False,True,False,True,1.0
NORT_ARTIC_4.1,4582,4,17,2,3,1,26,0.5580723624201885,True,True,False,True,False,True,1.0
NORT_ARTIC_4.1,4897,37,72,3,7,1,119,1.0,True,True,False,True,False,True,1.0
NORT_ARTIC_4.1,7455,191,79,3,2,1,275,0.6332546977832871,True,True,False,True,False,True,1.0
NORT_ARTIC_4.1,7502,216,83,4,2,1,305,0.6722850864021943,True,True,False,True,False,True,1.0
NORT_ARTIC_4.1,7834,96,71,5,4,1,176,1.0,True,True,False,True,False,True,1.0
NORT_ARTIC_4.1,9220,120,149,9,5,1,283,0.17549657072409378,True,True,False,False,False,True,1.0
NORT_ARTIC_4.1,10602,36,36,3,2,1,77,1.0,True,True,False,True,False,True,1.0
NORT_ARTIC_4.1,10843,205,89,24,9,2,327,0.8422406858996581,True,True,False,False,False,True,1.0
NORT_ARTIC_4.1,12758,40,93,7,13,1,153,0.7952928744111478,True,True,False,False,False,True,1.0
NORT_ARTIC_4.1,12953,734,262,40,17,3,1053,0.5402143589329966,True,False,False,False,False,True,1.0
NORT_ARTIC_4.1,15823,86,236,6,20,1,348,0.8192470268611539,True,True,False,False,False,True,1.0
NORT_ARTIC_4.1,16853,210,67,16,2,1,295,0.26101220364067,True,True,False,True,False,True,1.0
NORT_ARTIC_4.1,17569,110,293,4,10,1,417,1.0,True,True,False,True,False,True,1.0
NORT_ARTIC_4.1,19710,31,28,2,2,1,63,1.0,True,True,False,True,False,True,1.0
NORT_ARTIC_4.1,19798,417,1701,7,13,2,2138,0.09429842367412704,True,False,False,True,False,True,0.951670477089875
NORT_ARTIC_4.1,19819,19,51,3,6,1,79,0.7032569898604673,True,True,False,True,False,True,1.0
NORT_ARTIC_4.1,25626,37,59,0,0,1,96,1.0,True,True,True,True,False,True,1.0
NORT_ARTIC_4.1,26353,75,38,8,5,1,126,0.7624185392900698,True,True,False,True,False,True,1.0
NORT_ARTIC_4.1,27488,41,50,2,2,1,95,1.0,True,True,False,True,False,True,1.0
NORT_ARTIC_4.1,28559,121,94,11,3,1,229,0.16123646807183994,True,True,False,False,False,True,1.0
NORT_ARTIC_4.1,28761,40,104,7,17,1,168,1.0,True,True,False,False,False,True,1.0
NORT_ARTIC_4.1,1180,64,72,3,2,1,141,0.6684536795732633,True,True,False,True,False,True,1.0
NORT_ARTIC_4.1,6745,33,133,3,7,1,176,0.42919118613397916,True,True,False,True,False,True,1.0
NORT_ARTIC_4.1,8579,108,290,1,7,1,406,0.6878197079456374,True,True,False,True,False,True,1.0
NORT_ARTIC_4.1,9535,174,112,14,10,1,310,0.830212123567621,True,True,False,False,False,True,1.0
NORT_ARTIC_4.1,10143,194,143,0,7,1,344,0.00276510459899249,True,True,True,True,False,True,0.0929196688320773
NORT_ARTIC_4.1,10267,98,62,3,3,1,166,0.6798136167576795,True,True,False,True,False,True,1.0
NORT_ARTIC_4.1,15974,242,93,4,4,1,343,0.22928334139858447,True,True,False,True,False,True,1.0
NORT_ARTIC_4.1,16142,1410,1763,15,15,2,3203,0.5827486635281347,True,False,False,False,False,True,1.0
NORT_ARTIC_4.1,16383,78,291,2,10,1,381,1.0,True,True,False,True,False,True,1.0
NORT_ARTIC_4.1,16776,335,208,8,2,1,553,0.33206545022061373,True,True,False,True,False,True,1.0
NORT_ARTIC_4.1,17764,310,131,9,4,1,454,1.0,True,True,False,True,False,True,1.0
NORT_ARTIC_4.1,18450,744,822,11,25,2,1602,0.06181296141508377,True,False,False,False,False,True,0.8054526310563593
NORT_ARTIC_4.1,20940,129,375,4,9,1,517,0.7483853272179818,True,True,False,True,False,True,1.0
NORT_ARTIC_4.1,23977,213,61,3,3,1,280,0.13480261637638424,True,True,False,True,False,True,1.0
NORT_ARTIC_4.1,27195,248,45,4,1,1,298,0.5702345207520956,True,True,False,True,False,True,1.0
NORT_ARTIC_4.1,27530,98,232,2,5,1,337,1.0,True,True,False,True,False,True,1.0
NORT_ARTIC_4.1,1731,377,697,6,7,1,1087,0.39788120035615593,True,False,False,True,False,True,1.0
NORT_ARTIC_4.1,2119,396,1595,3,15,1,2009,1.0,True,False,False,True,False,True,1.0
NORT_ARTIC_4.1,5570,162,883,488,31,1,1564,5.6075146011003666e-216,True,False,False,False,False,True,2.143472456270615e-213
NORT_ARTIC_4.1,5618,1562,1031,10,10,1,2613,0.3668681739852919,True,False,False,False,False,True,1.0
NORT_ARTIC_4.1,5791,908,1634,9,9,1,2560,0.22337710045948928,True,False,False,False,False,True,1.0
NORT_ARTIC_4.1,5823,675,1930,6,12,1,2623,0.4318067774858016,True,False,False,True,False,True,1.0
NORT_ARTIC_4.1,6246,248,209,3,5,1,465,0.47945344400718626,True,True,False,True,False,True,1.0
NORT_ARTIC_4.1,7048,263,754,3,6,1,1026,0.7028026248110257,True,False,False,True,False,True,1.0
NORT_ARTIC_4.1,7413,847,1452,8,9,1,2316,0.45125575824086206,True,False,False,False,False,True,1.0
NORT_ARTIC_4.1,10317,419,538,4,8,1,969,0.56651614509932,True,True,False,False,False,True,1.0
NORT_ARTIC_4.1,11229,998,1133,7,10,1,2148,0.8082779042462578,True,False,False,False,False,True,1.0
NORT_ARTIC_4.1,11854,468,1279,3,10,1,1760,1.0,True,False,False,True,False,True,1.0
NORT_ARTIC_4.1,12500,662,1797,9,13,1,2481,0.15096611388544218,True,False,False,False,False,True,1.0
NORT_ARTIC_4.1,12530,979,1754,6,10,1,2749,1.0,True,False,False,False,False,True,1.0
NORT_ARTIC_4.1,12544,1113,1478,8,9,1,2608,0.8079705818811462,True,False,False,False,False,True,1.0
NORT_ARTIC_4.1,12811,358,1604,7,24,2,1993,0.48820405482389956,True,False,False,False,False,True,1.0
NORT_ARTIC_4.1,15750,1019,1086,6,10,1,2121,0.45689182307173354,True,False,False,False,False,True,1.0
NORT_ARTIC_4.1,18712,1249,765,46,2,2,2062,8.006046611365612e-08,True,False,False,False,False,True,4.451361915919281e-06
NORT_ARTIC_4.1,19073,1637,928,12,4,1,2581,0.44074166305252876,True,False,False,False,False,True,1.0
NORT_ARTIC_4.1,21574,1108,1398,6,9,1,2521,0.8001209559824527,True,False,False,False,False,True,1.0
NORT_ARTIC_4.1,24364,934,998,8,7,1,1947,0.797982243559423,True,False,False,False,False,True,1.0
NORT_ARTIC_4.1,24884,2819,1685,20,15,2,4539,0.599390631538709,True,False,False,False,False,True,1.0
NORT_ARTIC_4.1,26857,241,1278,2,11,1,1532,1.0,True,False,False,True,False,True,1.0
NORT_ARTIC_4.1,1046,569,158,7,1,1,735,1.0,True,True,False,True,False,True,1.0
NORT_ARTIC_4.1,2478,98,323,5,10,1,436,0.36143848475883844,True,True,False,True,False,True,1.0
NORT_ARTIC_4.1,2985,522,285,4,7,1,818,0.06189711193533173,True,True,False,True,False,True,0.8054526310563593
NORT_ARTIC_4.1,5975,567,142,7,2,1,718,1.0,True,True,False,True,False,True,1.0
NORT_ARTIC_4.1,6239,81,274,3,4,1,362,0.20558631161174548,True,True,False,True,False,True,1.0
NORT_ARTIC_4.1,7052,130,508,3,10,1,651,0.7348209972061183,True,True,False,True,False,True,1.0
NORT_ARTIC_4.1,7698,509,820,2,16,1,1347,0.024732199730116602,True,False,False,False,False,True,0.4943206978738338
NORT_ARTIC_4.1,7922,175,373,3,8,1,559,1.0,True,True,False,True,False,True,1.0
NORT_ARTIC_4.1,8888,20,84,1,4,1,109,1.0,True,True,False,True,False,True,1.0
NORT_ARTIC_4.1,9059,585,180,10,2,1,777,0.7419426815547661,True,True,False,True,False,True,1.0
NORT_ARTIC_4.1,9199,502,658,9,15,1,1184,0.6790538425704329,True,False,False,False,False,True,1.0
NORT_ARTIC_4.1,9249,460,699,4,11,1,1174,0.42751714389182915,True,False,False,False,False,True,1.0
NORT_ARTIC_4.1,9659,2733,2195,24,25,2,4977,0.3883874945440111,True,False,False,False,False,True,1.0
NORT_ARTIC_4.1,10473,541,627,8,4,1,1180,0.24407697109043042,True,False,False,False,False,True,1.0
NORT_ARTIC_4.1,10966,177,538,6,10,1,731,0.24937427031082599,True,True,False,True,False,True,1.0
NORT_ARTIC_4.1,12459,185,162,63,54,1,464,1.0,True,True,False,False,False,True,1.0
NORT_ARTIC_4.1,12927,630,200,11,4,1,845,0.7659950502076251,True,True,False,True,False,True,1.0
NORT_ARTIC_4.1,14217,152,101,4,4,1,261,0.7177203208327192,True,True,False,True,False,True,1.0
NORT_ARTIC_4.1,15649,997,248,19,5,1,1269,0.8020280254843148,True,False,False,True,False,True,1.0
NORT_ARTIC_4.1,16824,1087,288,7,4,1,1386,0.25810139186862174,True,False,False,True,False,True,1.0
NORT_ARTIC_4.1,17550,483,861,14,28,1,1386,0.8704318805784481,True,False,False,False,False,True,1.0
NORT_ARTIC_4.1,17568,461,1375,8,12,1,1856,0.12833782603449798,True,False,False,False,False,True,1.0
NORT_ARTIC_4.1,19019,512,221,0,0,1,733,1.0,True,True,True,True,False,True,1.0
NORT_ARTIC_4.1,20420,386,475,3,6,1,870,0.7384982561649676,True,True,False,True,False,True,1.0
NORT_ARTIC_4.1,20797,643,177,17,6,1,843,0.6094722238699983,True,True,False,True,False,True,1.0
NORT_ARTIC_4.1,21047,511,431,5,6,1,953,0.7626222939995595,True,True,False,False,False,True,1.0
NORT_ARTIC_4.1,21369,326,296,3,6,1,631,0.3230228155652013,True,True,False,True,False,True,1.0
NORT_ARTIC_4.1,22926,356,380,59,49,2,844,0.25697425815180147,True,True,False,False,False,True,1.0
NORT_ARTIC_4.1,23416,376,226,10,7,1,619,0.8022660314434368,True,True,False,False,False,True,1.0
NORT_ARTIC_4.1,24565,550,234,7,4,1,795,0.7413141035615411,True,True,False,True,False,True,1.0
NORT_ARTIC_4.1,25510,185,188,4,3,1,380,0.722930159641105,True,True,False,True,False,True,1.0
NORT_ARTIC_4.1,26381,284,89,3,3,1,379,0.1565120572917645,True,True,False,True,False,True,1.0
NORT_ARTIC_4.1,26906,59,296,2,7,1,364,0.6500360515418739,True,True,False,True,False,True,1.0
NORT_ARTIC_4.1,27443,255,738,4,7,1,1004,0.4878941699139068,True,False,False,True,False,True,1.0
NORT_ARTIC_4.1,27508,1462,2832,15,27,2,4336,0.8703498609434401,True,False,False,False,False,True,1.0
NORT_ARTIC_4.1,27997,157,972,1,11,1,1141,1.0,True,False,False,True,False,True,1.0
NORT_ARTIC_4.1,28133,4481,1891,28,13,2,6413,0.735128271507347,True,False,False,False,False,True,1.0
NORT_ARTIC_4.1,29108,92,305,0,8,1,405,0.20724004951997066,True,True,True,True,False,True,1.0
NORT_ARTIC_4.1,553,492,759,0,1,1,1252,1.0,True,False,True,True,False,True,1.0
NORT_ARTIC_4.1,1890,1993,1251,6,2,1,3252,0.7185323988082074,True,False,False,True,False,True,1.0
NORT_ARTIC_4.1,2264,1076,370,9,6,1,1461,0.23435576037181055,True,False,False,True,False,True,1.0
NORT_ARTIC_4.1,2275,1087,376,9,6,1,1478,0.23573156813851948,True,False,False,True,False,True,1.0
NORT_ARTIC_4.1,2903,3915,1571,27,13,2,5526,0.6001360522288407,True,False,False,False,False,True,1.0
NORT_ARTIC_4.1,5016,1230,339,13,6,1,1588,0.27357600004440974,True,False,False,True,False,True,1.0
NORT_ARTIC_4.1,7516,1961,620,18,9,1,2608,0.2616620035001451,True,False,False,False,False,True,1.0
NORT_ARTIC_4.1,9260,881,754,7,10,1,1652,0.3347404591511248,True,False,False,False,False,True,1.0
NORT_ARTIC_4.1,9533,1412,966,11,9,1,2398,0.8198718196002095,True,False,False,False,False,True,1.0
NORT_ARTIC_4.1,9942,1623,634,9,6,1,2272,0.38605761377680115,True,False,False,True,False,True,1.0
NORT_ARTIC_4.1,12404,1356,1045,9,10,1,2420,0.48935501603719456,True,False,False,False,False,True,1.0
NORT_ARTIC_4.1,14180,973,523,10,7,1,1513,0.6144201538353642,True,False,False,False,False,True,1.0
NORT_ARTIC_4.1,16160,2186,2379,10,17,1,4592,0.3345827055469731,True,False,False,False,False,True,1.0
NORT_ARTIC_4.1,16995,1656,3147,58,108,1,4969,0.9338513244745208,True,False,False,False,False,True,1.0
NORT_ARTIC_4.1,17899,352,1303,2,10,1,1667,1.0,True,False,False,True,False,True,1.0
NORT_ARTIC_4.1,18349,2467,991,13,5,1,3476,1.0,True,False,False,False,False,True,1.0
NORT_ARTIC_4.1,18396,7776,3722,46,26,3,11570,0.5280812440187841,True,False,False,False,False,True,1.0
NORT_ARTIC_4.1,19600,1959,916,15,4,1,2894,0.45888541427549234,True,False,False,False,False,True,1.0
NORT_ARTIC_4.1,21475,967,551,9,8,1,1535,0.447818813464242,True,False,False,False,False,True,1.0
NORT_ARTIC_4.1,22344,82,219,0,0,1,301,1.0,True,True,True,True,False,True,1.0
NORT_ARTIC_4.1,24300,2398,1098,13,7,1,3516,0.8096619981717403,True,False,False,False,False,True,1.0
NORT_ARTIC_4.1,24573,888,437,11,5,1,1341,1.0,True,False,False,False,False,True,1.0
NORT_ARTIC_4.1,24851,1602,1043,12,8,1,2665,1.0,True,False,False,False,False,True,1.0
NORT_ARTIC_4.1,25547,449,407,2,1,1,859,1.0,True,True,False,True,False,True,1.0
NORT_ARTIC_4.1,27428,870,1811,9,11,1,2701,0.23817582950045518,True,False,False,False,False,True,1.0
NORT_ARTIC_4.1,27920,540,1125,5,9,1,1679,0.7797231809725578,True,False,False,True,False,True,1.0
NORT_ARTIC_4.1,3721,436,1111,13,5,1,1565,0.000149475644999095,True,False,False,False,False,True,0.006722007682459301
NORT_ARTIC_4.1,4314,103,293,2,6,1,404,1.0,True,True,False,True,False,True,1.0
NORT_ARTIC_4.1,6604,625,339,5,5,1,974,0.3363018011858632,True,True,False,True,False,True,1.0
NORT_ARTIC_4.1,7859,162,134,3,4,1,303,0.7059265653211093,True,True,False,True,False,True,1.0
NORT_ARTIC_4.1,8905,68,186,3,4,1,261,0.39405292267723874,True,True,False,True,False,True,1.0
NORT_ARTIC_4.1,9563,920,292,11,4,1,1227,0.76633338422598,True,False,False,True,False,True,1.0
NORT_ARTIC_4.1,9596,960,342,10,2,1,1314,0.7418839933316044,True,False,False,True,False,True,1.0
NORT_ARTIC_4.1,12272,2313,2277,17,17,2,4624,1.0,True,False,False,False,False,True,1.0
NORT_ARTIC_4.1,13440,291,817,5,7,1,1120,0.31957396337835864,True,False,False,True,False,True,1.0
NORT_ARTIC_4.1,13857,637,217,8,4,1,866,0.5141171324712832,True,True,False,True,False,True,1.0
NORT_ARTIC_4.1,18425,564,495,6,6,1,1071,1.0,True,False,False,False,False,True,1.0
NORT_ARTIC_4.1,18708,294,197,17,1,1,509,0.0022754388918936573,True,True,False,False,False,True,0.0790715014933046
NORT_ARTIC_4.1,18913,913,715,10,6,1,1644,0.8011704501565349,True,False,False,False,False,True,1.0
NORT_ARTIC_4.1,19250,541,1193,3,13,1,1750,0.4171575938447212,True,False,False,True,False,True,1.0
NORT_ARTIC_4.1,19252,699,1451,2,21,2,2173,0.012908915356412566,True,False,False,False,False,True,0.3033805154264568
NORT_ARTIC_4.1,19474,64,212,2,3,1,281,0.335076253504371,True,True,False,True,False,True,1.0
NORT_ARTIC_4.1,19740,383,690,7,6,1,1086,0.2432696415801836,True,False,False,True,False,True,1.0
NORT_ARTIC_4.1,20898,860,1110,10,8,1,1988,0.34598414201675465,True,False,False,False,False,True,1.0
NORT_ARTIC_4.1,20992,523,1901,1,15,1,2440,0.21912635922487783,True,False,False,True,False,True,1.0
NORT_ARTIC_4.1,23436,294,219,1,1,1,515,1.0,True,True,False,True,False,True,1.0
NORT_ARTIC_4.1,26691,896,286,10,4,1,1196,0.7541525802904789,True,False,False,True,False,True,1.0
NORT_ARTIC_4.1,27876,708,669,6,8,1,1391,0.5973816147343569,True,False,False,False,False,True,1.0
NORT_ARTIC_4.1,1605,1580,892,10,8,1,2490,0.468563130543566,True,False,False,False,False,True,1.0
NORT_ARTIC_4.1,1839,796,3760,8,29,2,4593,0.5138692001306494,True,False,False,False,False,True,1.0
NORT_ARTIC_4.1,2439,303,1012,4,6,1,1325,0.25322237132449854,True,False,False,True,False,True,1.0
NORT_ARTIC_4.1,2596,1360,548,2,0,1,1910,1.0,True,False,True,True,False,True,1.0
NORT_ARTIC_4.1,2653,1008,673,8,4,1,1693,0.7721835927094728,True,False,False,True,False,True,1.0
NORT_ARTIC_4.1,2866,1139,757,9,8,1,1913,0.6218538937236764,True,False,False,False,False,True,1.0
NORT_ARTIC_4.1,3207,2270,783,17,6,1,3076,1.0,True,False,False,False,False,True,1.0
NORT_ARTIC_4.1,4893,634,1291,0,1,1,1926,1.0,True,False,True,True,False,True,1.0
NORT_ARTIC_4.1,5445,1390,1526,14,14,2,2944,0.8508173803544595,True,False,False,False,False,True,1.0
NORT_ARTIC_4.1,5559,417,1472,4,10,1,1903,0.5254107495604357,True,False,False,True,False,True,1.0
NORT_ARTIC_4.1,7755,1074,1116,8,13,1,2211,0.38331553119925976,True,False,False,False,False,True,1.0
NORT_ARTIC_4.1,8657,758,1649,8,13,1,2428,0.48963388168255106,True,False,False,False,False,True,1.0
NORT_ARTIC_4.1,10673,864,3538,6,21,1,4429,0.8073208472050981,True,False,False,False,False,True,1.0
NORT_ARTIC_4.1,11134,2537,830,17,9,1,3393,0.2549449378209184,True,False,False,False,False,True,1.0
NORT_ARTIC_4.1,12073,1492,460,8,5,1,1965,0.20249470800856667,True,False,False,True,False,True,1.0
NORT_ARTIC_4.1,12365,3700,1202,35,14,2,4951,0.5064868160800682,True,False,False,False,False,True,1.0
NORT_ARTIC_4.1,13665,152,158,0,1,1,311,1.0,True,True,True,True,False,True,1.0
NORT_ARTIC_4.1,13869,3616,1326,23,8,2,4973,1.0,True,False,False,False,False,True,1.0
NORT_ARTIC_4.1,14154,1123,591,15,7,1,1736,1.0,True,False,False,False,False,True,1.0
NORT_ARTIC_4.1,15632,2724,633,17,6,1,3380,0.41949309154948017,True,False,False,True,False,True,1.0
NORT_ARTIC_4.1,15733,1373,1113,11,9,1,2506,1.0,True,False,False,False,False,True,1.0
NORT_ARTIC_4.1,16497,3291,1360,23,13,2,4687,0.36229703513377043,True,False,False,False,False,True,1.0
NORT_ARTIC_4.1,16983,1557,3666,9,13,1,5245,0.2514593692299016,True,False,False,False,False,True,1.0
NORT_ARTIC_4.1,16986,4057,12279,18,52,3,16406,0.8897938362390374,True,False,False,False,False,True,1.0
NORT_ARTIC_4.1,17029,2807,4075,14,17,1,6913,0.7147999764489175,True,False,False,False,False,True,1.0
NORT_ARTIC_4.1,17313,1587,2845,11,20,2,4463,1.0,True,False,False,False,False,True,1.0
NORT_ARTIC_4.1,17566,787,2154,8,13,1,2962,0.320738559136155,True,False,False,False,False,True,1.0
NORT_ARTIC_4.1,17785,1069,1101,8,8,1,2186,1.0,True,False,False,False,False,True,1.0
NORT_ARTIC_4.1,18023,460,153,6,2,1,621,1.0,True,True,False,True,False,True,1.0
NORT_ARTIC_4.1,18497,3771,8682,25,41,3,12519,0.18142478339942522,True,False,False,False,False,True,1.0
NORT_ARTIC_4.1,19187,2131,4684,16,24,2,6855,0.2352748545509168,True,False,False,False,False,True,1.0
NORT_ARTIC_4.1,19201,993,2688,8,14,1,3703,0.33802849198537566,True,False,False,False,False,True,1.0
NORT_ARTIC_4.1,21395,1512,569,15,8,2,2104,0.48069222194923944,True,False,False,False,False,True,1.0
NORT_ARTIC_4.1,26735,1702,732,21,9,1,2464,1.0,True,False,False,False,False,True,1.0
NORT_ARTIC_4.1,27241,2652,803,13,7,1,3475,0.2848295758650482,True,False,False,True,False,True,1.0
NORT_ARTIC_4.1,27405,1197,3057,8,16,1,4278,0.6490476101101355,True,False,False,False,False,True,1.0
NORT_ARTIC_4.1,27951,1083,4288,7,24,2,5402,0.6595778178451295,True,False,False,False,False,True,1.0
NORT_ARTIC_4.1,2733,5,8,2,6,1,21,0.6556587547299622,True,True,False,True,False,True,1.0
NORT_ARTIC_4.1,3374,10,35,1,2,1,48,0.5507631822386679,True,True,False,True,False,True,1.0
NORT_ARTIC_4.1,5639,21,10,2,2,1,35,0.5941176470588235,True,True,False,True,False,True,1.0
NORT_ARTIC_4.1,5640,3457,1516,18,11,2,5002,0.41958977734199043,True,False,False,False,False,True,1.0
NORT_ARTIC_4.1,7672,12,49,2,2,1,65,0.20026881720430106,True,True,False,True,False,True,1.0
NORT_ARTIC_4.1,8427,27,10,2,1,1,40,1.0,True,True,False,True,False,True,1.0
NORT_ARTIC_4.1,10690,8,32,1,6,1,47,1.0,True,True,False,True,False,True,1.0
NORT_ARTIC_4.1,11037,35,28,9,0,1,72,0.010017200389034978,True,True,True,True,False,True,0.2511920758843013
NORT_ARTIC_4.1,11866,9,22,0,0,1,31,1.0,True,True,True,True,False,True,1.0
NORT_ARTIC_4.1,13187,49,19,3,0,1,71,0.559198670282565,True,True,True,True,False,True,1.0
NORT_ARTIC_4.1,15384,8,5,2,2,1,17,1.0,True,True,False,True,False,True,1.0
NORT_ARTIC_4.1,15980,42,13,2,2,1,59,0.26523424282506386,True,True,False,True,False,True,1.0
NORT_ARTIC_4.1,17120,62,31,2,2,1,97,0.6031816764987705,True,True,False,True,False,True,1.0
NORT_ARTIC_4.1,18835,5,21,2,2,1,30,0.22452107279693484,True,True,False,True,False,True,1.0
NORT_ARTIC_4.1,20600,472,482,11,10,2,975,0.8286081484579816,True,True,False,False,False,True,1.0
NORT_ARTIC_4.1,21055,22,21,3,0,1,46,0.2391304347826087,True,True,True,True,False,True,1.0
NORT_ARTIC_4.1,21083,26,6,1,2,1,35,0.12406417112299464,True,True,False,True,False,True,0.9957696464412537
NORT_ARTIC_4.1,23393,13,7,6,2,1,28,1.0,True,True,False,True,False,True,1.0
NORT_ARTIC_4.1,26003,18,19,2,2,1,41,1.0,True,True,False,True,False,True,1.0
NORT_ARTIC_4.1,29109,50,236,3,19,2,308,0.7774301742141986,True,True,False,True,False,True,1.0
NORT_ARTIC_4.1,1005,2358,1803,23,14,3,4198,0.6177338261655965,True,False,False,False,False,True,1.0
NORT_ARTIC_4.1,1071,1432,351,9,4,1,1796,0.30148164440140407,True,False,False,True,False,True,1.0
NORT_ARTIC_4.1,1334,450,1217,2,9,1,1678,0.7372459262685076,True,False,False,True,False,True,1.0
NORT_ARTIC_4.1,1702,1119,790,11,8,1,1928,1.0,True,False,False,False,False,True,1.0
NORT_ARTIC_4.1,3516,1874,606,13,5,1,2498,0.7835165367501925,True,False,False,True,False,True,1.0
NORT_ARTIC_4.1,4952,764,1218,5,10,1,1997,0.7940727403944129,True,False,False,False,False,True,1.0
NORT_ARTIC_4.1,5853,465,1507,5,13,1,1990,0.7800010215798492,True,False,False,True,False,True,1.0
NORT_ARTIC_4.1,6506,1509,257,10,3,1,1779,0.4204444059999099,True,False,False,True,False,True,1.0
NORT_ARTIC_4.1,6991,434,1064,4,9,1,1511,1.0,True,False,False,True,False,True,1.0
NORT_ARTIC_4.1,7505,4430,1015,29,9,2,5483,0.40602257176011625,True,False,False,False,False,True,1.0
NORT_ARTIC_4.1,7523,1878,493,11,4,1,2386,0.5310329991685785,True,False,False,True,False,True,1.0
NORT_ARTIC_4.1,8060,1419,1454,9,13,2,2895,0.5227082578633667,True,False,False,False,False,True,1.0
NORT_ARTIC_4.1,8629,768,2639,4,12,1,3423,0.7679314608231218,True,False,False,True,False,True,1.0
NORT_ARTIC_4.1,8672,3250,8377,21,44,4,11692,0.4882150802775207,True,False,False,False,False,True,1.0
NORT_ARTIC_4.1,9034,1325,419,11,4,1,1759,0.7660540146159072,True,False,False,True,False,True,1.0
NORT_ARTIC_4.1,9593,3408,1064,17,6,1,4495,0.80680975247353,True,False,False,False,False,True,1.0
NORT_ARTIC_4.1,9706,1144,2562,4,13,1,3723,0.608095066743376,True,False,False,False,False,True,1.0
NORT_ARTIC_4.1,9900,678,212,7,3,1,900,0.7095051553937728,True,True,False,True,False,True,1.0
NORT_ARTIC_4.1,10339,1823,5021,12,26,2,6882,0.46699757623235927,True,False,False,False,False,True,1.0
NORT_ARTIC_4.1,10363,933,2566,9,12,1,3520,0.13383845446135206,True,False,False,False,False,True,1.0
NORT_ARTIC_4.1,10387,1796,4738,20,39,2,6593,0.3049805863863594,True,False,False,False,False,True,1.0
NORT_ARTIC_4.1,11773,1071,486,8,8,1,1573,0.1125790575594254,True,False,False,False,False,True,0.9761073099427413
NORT_ARTIC_4.1,12180,610,1651,5,11,1,2277,0.7777999876567029,True,False,False,True,False,True,1.0
NORT_ARTIC_4.1,12343,1117,237,6,3,1,1363,0.20027871590241245,True,False,False,True,False,True,1.0
NORT_ARTIC_4.1,12742,480,1090,8,7,1,1585,0.08701212143738761,True,False,False,True,False,True,0.9256129653132135
NORT_ARTIC_4.1,13019,778,586,2,1,1,1367,1.0,True,False,False,True,False,True,1.0
NORT_ARTIC_4.1,14199,653,262,6,4,1,925,0.48513226716675056,True,True,False,True,False,True,1.0
NORT_ARTIC_4.1,14671,440,1310,7,8,1,1765,0.07175151858462536,True,False,False,True,False,True,0.8506592604695657
NORT_ARTIC_4.1,14926,79,248,2,5,1,334,0.6781685962089778,True,True,False,True,False,True,1.0
NORT_ARTIC_4.1,15756,1149,1241,7,9,1,2406,0.8053704336441121,True,False,False,False,False,True,1.0
NORT_ARTIC_4.1,16074,434,755,5,8,1,1202,1.0,True,False,False,True,False,True,1.0
NORT_ARTIC_4.1,16337,935,1916,4,14,1,2869,0.4532120341597379,True,False,False,False,False,True,1.0
NORT_ARTIC_4.1,16434,1174,2393,8,10,1,3585,0.3196050988882285,True,False,False,False,False,True,1.0
NORT_ARTIC_4.1,16829,3136,768,13,7,1,3924,0.09360175426415682,True,False,False,True,False,True,0.9509440682385101
NORT_ARTIC_4.1,17006,1807,3580,15,17,1,5419,0.13266291528928514,True,False,False,False,False,True,1.0
NORT_ARTIC_4.1,17037,4987,8820,27,47,2,13881,1.0,True,False,False,False,False,True,1.0
NORT_ARTIC_4.1,17040,1709,3532,8,14,1,5263,0.8200850264663757,True,False,False,False,False,True,1.0
NORT_ARTIC_4.1,20519,2484,650,11,3,1,3148,1.0,True,False,False,True,False,True,1.0
NORT_ARTIC_4.1,20712,1340,2443,4,16,1,3803,0.16787914176478536,True,False,False,False,False,True,1.0
NORT_ARTIC_4.1,24993,314,585,5,8,1,912,0.7763072727495981,True,True,False,True,False,True,1.0
NORT_ARTIC_4.1,25758,1588,543,10,4,1,2145,0.7625767672278234,True,False,False,True,False,True,1.0
NORT_ARTIC_4.1,29168,1519,738,12,10,2,2279,0.2531364821331666,True,False,False,False,False,True,1.0
NORT_ARTIC_4.1,550,95,97,4,7,1,203,0.5387763566835538,True,True,False,False,False,True,1.0
NORT_ARTIC_4.1,1884,447,551,8,10,1,1016,1.0,True,False,False,False,False,True,1.0
NORT_ARTIC_4.1,3221,439,164,6,3,1,612,0.7102957576108133,True,True,False,True,False,True,1.0
NORT_ARTIC_4.1,3358,165,434,4,7,1,610,0.5074634089064101,True,True,False,True,False,True,1.0
NORT_ARTIC_4.1,4062,147,78,6,4,1,235,0.7426248689384972,True,True,False,True,False,True,1.0
NORT_ARTIC_4.1,4276,34,108,2,10,1,154,0.7332501579326554,True,True,False,True,False,True,1.0
NORT_ARTIC_4.1,4755,241,114,5,4,1,364,0.47902652848418725,True,True,False,True,False,True,1.0
NORT_ARTIC_4.1,4887,144,275,3,4,1,426,0.6966727420797504,True,True,False,True,False,True,1.0
NORT_ARTIC_4.1,5787,257,518,4,9,1,788,1.0,True,True,False,True,False,True,1.0
NORT_ARTIC_4.1,5816,256,699,4,21,1,980,0.2612594293408272,True,True,False,False,False,True,1.0
NORT_ARTIC_4.1,7649,1038,3618,10,21,2,4687,0.19488909429582668,True,False,False,False,False,True,1.0
NORT_ARTIC_4.1,8011,204,265,4,6,1,479,1.0,True,True,False,True,False,True,1.0
NORT_ARTIC_4.1,8590,175,410,3,7,1,595,1.0,True,True,False,True,False,True,1.0
NORT_ARTIC_4.1,9489,303,289,4,6,1,602,0.5381505367222514,True,True,False,True,False,True,1.0
NORT_ARTIC_4.1,9747,130,383,0,9,1,522,0.12091013159457037,True,True,True,True,False,True,0.9929204376157392
NORT_ARTIC_4.1,9748,133,381,0,12,1,526,0.043148614638105175,True,True,True,True,False,True,0.7048708070283655
NORT_ARTIC_4.1,10116,400,362,29,42,2,833,0.06349966509467928,True,True,False,False,False,True,0.8143363168587682
NORT_ARTIC_4.1,11083,1007,638,7,3,2,1655,0.7492610902377479,True,False,False,True,False,True,1.0
NORT_ARTIC_4.1,11429,417,181,11,6,1,615,0.6055719033326876,True,True,False,False,False,True,1.0
NORT_ARTIC_4.1,12255,376,396,8,4,1,784,0.25458593771227545,True,True,False,False,False,True,1.0
NORT_ARTIC_4.1,12510,207,483,6,17,1,713,0.8189788957268613,True,True,False,False,False,True,1.0
NORT_ARTIC_4.1,13047,186,207,8,3,1,404,0.12812193125725702,True,True,False,False,False,True,1.0
NORT_ARTIC_4.1,13125,143,439,1,10,1,593,0.31109428713417364,True,True,False,True,False,True,1.0
NORT_ARTIC_4.1,13424,94,278,3,10,1,385,1.0,True,True,False,True,False,True,1.0
NORT_ARTIC_4.1,13897,468,186,0,0,1,654,1.0,True,True,True,True,False,True,1.0
NORT_ARTIC_4.1,14139,197,100,11,4,1,312,0.7803581788528656,True,True,False,False,False,True,1.0
NORT_ARTIC_4.1,14809,58,29,3,3,1,93,0.4106717672596929,True,True,False,True,False,True,1.0
NORT_ARTIC_4.1,15020,464,298,15,11,1,788,0.8386784376797298,True,True,False,False,False,True,1.0
NORT_ARTIC_4.1,15386,59,50,5,1,1,115,0.2246746913521584,True,True,False,True,False,True,1.0
NORT_ARTIC_4.1,15684,768,242,10,3,1,1023,1.0,True,False,False,True,False,True,1.0
NORT_ARTIC_4.1,16289,227,176,2,7,1,412,0.08426794865754408,True,True,False,True,False,True,0.918693996859999
NORT_ARTIC_4.1,16402,313,454,3,8,1,778,0.5392128258067898,True,True,False,True,False,True,1.0
NORT_ARTIC_4.1,16613,181,233,7,6,1,427,0.5738936106737651,True,True,False,False,False,True,1.0
NORT_ARTIC_4.1,17523,269,241,4,6,1,520,0.5291499970005533,True,True,False,True,False,True,1.0
NORT_ARTIC_4.1,17732,590,239,12,5,1,846,1.0,True,True,False,True,False,True,1.0
NORT_ARTIC_4.1,17762,512,247,59,30,1,848,0.8122600963279072,True,True,False,False,False,True,1.0
NORT_ARTIC_4.1,17878,133,483,5,19,1,640,1.0,True,True,False,False,False,True,1.0
NORT_ARTIC_4.1,18881,95,167,2,6,1,270,0.7152841790123277,True,True,False,True,False,True,1.0
NORT_ARTIC_4.1,20405,191,346,7,16,1,560,0.6641674866216614,True,True,False,False,False,True,1.0
NORT_ARTIC_4.1,20438,311,377,10,17,1,715,0.4368101315623398,True,True,False,False,False,True,1.0
NORT_ARTIC_4.1,21119,1755,688,22,8,2,2473,1.0,True,False,False,False,False,True,1.0
NORT_ARTIC_4.1,24078,137,138,5,3,1,283,0.7226350224115365,True,True,False,True,False,True,1.0
NORT_ARTIC_4.1,24138,103,349,3,16,1,471,0.5858467127008014,True,True,False,True,False,True,1.0
NORT_ARTIC_4.1,26477,94,104,3,8,1,209,0.22765027294398715,True,True,False,False,False,True,1.0
NORT_ARTIC_4.1,26654,397,172,10,5,1,584,0.7806740150437395,True,True,False,True,False,True,1.0
NORT_ARTIC_4.1,27186,440,173,7,5,1,625,0.33677200884966607,True,True,False,True,False,True,1.0
NORT_ARTIC_4.1,27388,292,308,7,10,1,617,0.6270653225603597,True,True,False,False,False,True,1.0
NORT_ARTIC_4.1,27524,308,500,8,17,1,833,0.6766178613006384,True,True,False,False,False,True,1.0
NORT_ARTIC_4.1,27828,850,346,14,8,1,1218,0.4790593133108648,True,False,False,False,False,True,1.0
NORT_ARTIC_4.1,28758,176,457,8,10,1,651,0.18069005506302646,True,True,False,False,False,True,1.0
NORT_ARTIC_4.1,29189,784,425,11,6,1,1226,1.0,True,False,False,False,False,True,1.0
NORT_ARTIC_4.1,29296,2101,1069,36,14,3,3220,0.45269964997668255,True,False,False,False,False,True,1.0
NORT_ARTIC_4.1,29429,208,639,6,9,1,862,0.223161913664011,True,True,False,True,False,True,1.0
NORT_ARTIC_4.1,2074,378,729,0,1,1,1108,1.0,True,False,True,True,False,True,1.0
NORT_ARTIC_4.1,3376,443,1200,4,9,1,1656,0.7572566378283491,True,False,False,True,False,True,1.0
NORT_ARTIC_4.1,7490,1375,399,12,3,1,1789,1.0,True,False,False,True,False,True,1.0
NORT_ARTIC_4.1,7601,648,676,6,7,1,1337,1.0,True,False,False,False,False,True,1.0
NORT_ARTIC_4.1,7660,609,1622,6,15,1,2252,1.0,True,False,False,False,False,True,1.0
NORT_ARTIC_4.1,7668,1181,4460,15,26,2,5682,0.020134095723893214,True,False,False,False,False,True,0.4335920050962355
NORT_ARTIC_4.1,8914,56,165,3,3,1,227,0.1828332744324184,True,True,False,True,False,True,1.0
NORT_ARTIC_4.1,9750,457,1574,0,1,1,2032,1.0,True,False,True,True,False,True,1.0
NORT_ARTIC_4.1,11149,1103,367,10,4,1,1484,0.7588656575109141,True,False,False,True,False,True,1.0
NORT_ARTIC_4.1,11194,632,475,6,7,1,1120,0.5749135247767934,True,False,False,False,False,True,1.0
NORT_ARTIC_4.1,11618,417,1196,6,11,1,1630,0.40550318751097314,True,False,False,True,False,True,1.0
NORT_ARTIC_4.1,12591,1763,1661,14,21,1,3459,0.23374665033376063,True,False,False,False,False,True,1.0
NORT_ARTIC_4.1,12673,2500,1344,23,12,2,3879,1.0,True,False,False,False,False,True,1.0
NORT_ARTIC_4.1,12969,1580,641,1,1,1,2223,0.4942854609347575,True,False,False,True,False,True,1.0
NORT_ARTIC_4.1,14827,348,219,8,9,2,584,0.31280391031904486,True,True,False,False,False,True,1.0
NORT_ARTIC_4.1,15005,1046,571,8,6,1,1631,0.581313398739949,True,False,False,True,False,True,1.0
NORT_ARTIC_4.1,15044,1097,470,12,6,1,1585,0.7973430704994005,True,False,False,False,False,True,1.0
NORT_ARTIC_4.1,16807,2025,529,13,4,1,2571,0.7650621121090375,True,False,False,True,False,True,1.0
NORT_ARTIC_4.1,17362,1813,1237,15,8,1,3073,0.6726992890135138,True,False,False,False,False,True,1.0
NORT_ARTIC_4.1,20976,506,1525,8,11,1,2050,0.10764329305633707,True,False,False,True,False,True,0.9731331642640071
NORT_ARTIC_4.1,21477,549,409,9,5,1,972,0.786962640395652,True,True,False,False,False,True,1.0
NORT_ARTIC_4.1,26879,558,2302,6,20,2,2886,0.6213385084135332,True,False,False,False,False,True,1.0
NORT_ARTIC_4.1,1621,3211,1755,17,13,1,4996,0.44378853993412565,True,False,False,False,False,True,1.0
NORT_ARTIC_4.1,1639,3027,1456,19,12,1,4514,0.4478940947243941,True,False,False,False,False,True,1.0
NORT_ARTIC_4.1,1985,4435,1926,27,15,2,6403,0.5004613817725767,True,False,False,False,False,True,1.0
NORT_ARTIC_4.1,2241,1690,840,11,8,1,2549,0.46519487277982063,True,False,False,False,False,True,1.0
NORT_ARTIC_4.1,3007,911,1319,12,14,1,2256,0.6890431934747409,True,False,False,False,False,True,1.0
NORT_ARTIC_4.1,3892,95,166,0,0,1,261,1.0,True,True,True,True,False,True,1.0
NORT_ARTIC_4.1,4527,404,807,0,1,1,1212,1.0,True,False,True,True,False,True,1.0
NORT_ARTIC_4.1,5495,906,2309,6,18,1,3239,0.8236089094311079,True,False,False,False,False,True,1.0
NORT_ARTIC_4.1,5829,1362,3416,12,18,1,4808,0.1619781674214478,True,False,False,False,False,True,1.0
NORT_ARTIC_4.1,6631,1911,1210,15,11,1,3147,0.6922102588484096,True,False,False,False,False,True,1.0
NORT_ARTIC_4.1,8425,5704,1725,35,10,2,7474,1.0,True,False,False,False,False,True,1.0
NORT_ARTIC_4.1,8469,3733,1866,29,11,2,5639,0.5032895388773146,True,False,False,False,False,True,1.0
NORT_ARTIC_4.1,12687,1064,739,7,7,1,1817,0.588419330743599,True,False,False,False,False,True,1.0
NORT_ARTIC_4.1,13253,3003,1352,15,10,1,4380,0.3861893443010557,True,False,False,False,False,True,1.0
NORT_ARTIC_4.1,13848,4867,1396,36,11,2,6310,0.8605743283207481,True,False,False,False,False,True,1.0
NORT_ARTIC_4.1,14637,678,1598,8,13,1,2297,0.4724999807827065,True,False,False,False,False,True,1.0
NORT_ARTIC_4.1,16272,2289,1270,11,11,1,3581,0.18292001706094418,True,False,False,False,False,True,1.0
NORT_ARTIC_4.1,18378,7363,3376,42,24,3,10805,0.425145714859971,True,False,False,False,False,True,1.0
NORT_ARTIC_4.1,20516,4565,1330,26,8,2,5929,0.8388808584632612,True,False,False,False,False,True,1.0
NORT_ARTIC_4.1,20631,1169,2269,7,15,1,3460,1.0,True,False,False,False,False,True,1.0
NORT_ARTIC_4.1,21061,1820,982,14,8,1,2824,1.0,True,False,False,False,False,True,1.0
NORT_ARTIC_4.1,21379,1883,915,14,8,1,2820,0.8199307095892412,True,False,False,False,False,True,1.0
NORT_ARTIC_4.1,24371,1300,1404,9,9,1,2722,1.0,True,False,False,False,False,True,1.0
NORT_ARTIC_4.1,977,1320,1427,14,11,1,2772,0.547322080355708,True,False,False,False,False,True,1.0
NORT_ARTIC_4.1,1186,666,821,0,0,1,1487,1.0,True,False,True,True,False,True,1.0
NORT_ARTIC_4.1,1588,2137,656,15,7,1,2815,0.4473677801915215,True,False,False,False,False,True,1.0
NORT_ARTIC_4.1,1625,2361,978,9,6,1,3354,0.3966640059303581,True,False,False,True,False,True,1.0
NORT_ARTIC_4.1,4122,1099,559,10,8,1,1676,0.3291610945171551,True,False,False,False,False,True,1.0
NORT_ARTIC_4.1,5032,1791,624,13,3,1,2431,0.7746706518406071,True,False,False,True,False,True,1.0
NORT_ARTIC_4.1,7530,2931,1023,15,8,1,3977,0.3422989771659866,True,False,False,False,False,True,1.0
NORT_ARTIC_4.1,9171,604,1063,7,9,1,1683,0.6039030802288323,True,False,False,False,False,True,1.0
NORT_ARTIC_4.1,9699,1209,2053,7,14,1,3283,0.8233372720663417,True,False,False,False,False,True,1.0
NORT_ARTIC_4.1,10508,3770,1193,18,11,1,4992,0.08506873587145458,True,False,False,False,False,True,0.9224829584925819
NORT_ARTIC_4.1,11728,1685,765,11,7,1,2468,0.45672990859131946,True,False,False,False,False,True,1.0
NORT_ARTIC_4.1,15451,197,391,0,2,1,590,0.5544243331127162,True,True,True,True,False,True,1.0
NORT_ARTIC_4.1,15804,1282,3499,8,18,1,4807,0.6589924843795982,True,False,False,False,False,True,1.0
NORT_ARTIC_4.1,16088,1000,2131,8,13,1,3152,0.6391586422563349,True,False,False,False,False,True,1.0
NORT_ARTIC_4.1,16672,666,1855,11,15,1,2547,0.07588009442202584,True,False,False,False,False,True,0.8793127786097925
NORT_ARTIC_4.1,16938,3432,3662,20,19,2,7133,0.7500420841082794,True,False,False,False,False,True,1.0
NORT_ARTIC_4.1,16946,1928,3179,17,31,1,5155,0.8812429244769939,True,False,False,False,False,True,1.0
NORT_ARTIC_4.1,17061,3078,5184,20,33,1,8315,1.0,True,False,False,False,False,True,1.0
NORT_ARTIC_4.1,17067,3058,5128,14,24,1,8224,1.0,True,False,False,False,False,True,1.0
NORT_ARTIC_4.1,17577,952,2660,9,15,1,3636,0.24501290384479926,True,False,False,False,False,True,1.0
NORT_ARTIC_4.1,17979,476,720,8,8,1,1212,0.44710615528352626,True,False,False,False,False,True,1.0
NORT_ARTIC_4.1,18048,299,168,4,3,1,474,0.706671747661311,True,True,False,True,False,True,1.0
NORT_ARTIC_4.1,18810,1042,2846,10,19,2,3917,0.39964112731323365,True,False,False,False,False,True,1.0
NORT_ARTIC_4.1,20249,3109,1796,20,12,1,4937,1.0,True,False,False,False,False,True,1.0
NORT_ARTIC_4.1,20599,1286,1784,41,55,1,3166,0.9164626296738798,True,False,False,False,False,True,1.0
NORT_ARTIC_4.1,21403,1635,681,13,5,1,2334,1.0,True,False,False,False,False,True,1.0
NORT_ARTIC_4.1,24018,1480,772,11,6,1,2269,1.0,True,False,False,False,False,True,1.0
NORT_ARTIC_4.1,24966,1132,2176,29,33,2,3370,0.04333411109265295,True,False,False,False,False,True,0.7048708070283655
NORT_ARTIC_4.1,25182,1837,945,13,8,1,2803,0.6525253212756991,True,False,False,False,False,True,1.0
NORT_ARTIC_4.1,25397,1776,1758,15,11,1,3560,0.5559344883947379,True,False,False,False,False,True,1.0
NORT_ARTIC_4.1,25795,775,312,11,4,1,1102,1.0,True,False,False,True,False,True,1.0
NORT_ARTIC_4.1,2165,649,1751,8,15,1,2423,0.4788292255268807,True,False,False,False,False,True,1.0
NORT_ARTIC_4.1,3095,990,1633,34,72,1,2729,0.2610828437262574,True,False,False,False,False,True,1.0
NORT_ARTIC_4.1,3893,77,140,2,2,1,221,0.6184011894041539,True,True,False,True,False,True,1.0
NORT_ARTIC_4.1,4096,1001,530,9,6,1,1546,0.7859558289035622,True,False,False,False,False,True,1.0
NORT_ARTIC_4.1,4451,2311,1186,14,11,2,3522,0.29513003642811186,True,False,False,False,False,True,1.0
NORT_ARTIC_4.1,6093,446,944,5,8,1,1403,0.7661448372944153,True,False,False,True,False,True,1.0
NORT_ARTIC_4.1,7461,2696,824,15,7,1,3542,0.3237053652988217,True,False,False,False,False,True,1.0
NORT_ARTIC_4.1,7469,2867,892,21,4,1,3784,0.4818719038756276,True,False,False,False,False,True,1.0
NORT_ARTIC_4.1,7577,1857,1105,13,8,1,2983,1.0,True,False,False,False,False,True,1.0
NORT_ARTIC_4.1,7728,2111,3722,47,65,1,5945,0.23373145568106524,True,False,False,False,False,True,1.0
NORT_ARTIC_4.1,9475,519,1156,4,11,2,1690,1.0,True,False,False,True,False,True,1.0
NORT_ARTIC_4.1,11574,1385,3865,13,24,2,5287,0.2607394744303871,True,False,False,False,False,True,1.0
NORT_ARTIC_4.1,11590,792,2021,9,15,1,2837,0.3616883971083842,True,False,False,False,False,True,1.0
NORT_ARTIC_4.1,12498,1177,2448,18,37,1,3680,1.0,True,False,False,False,False,True,1.0
NORT_ARTIC_4.1,13248,5737,2412,30,14,2,8193,0.7421102833129505,True,False,False,False,False,True,1.0
NORT_ARTIC_4.1,14753,131,71,5,3,1,210,1.0,True,True,False,True,False,True,1.0
NORT_ARTIC_4.1,15843,934,2610,6,12,1,3562,0.5912838501664801,True,False,False,True,False,True,1.0
NORT_ARTIC_4.1,16368,893,2378,7,16,1,3294,0.8144472329137011,True,False,False,False,False,True,1.0
NORT_ARTIC_4.1,16904,1242,876,4,10,1,2132,0.028951908760857913,True,False,False,False,False,True,0.5465119567327377
NORT_ARTIC_4.1,17058,2335,3763,21,26,1,6145,0.370319144617849,True,False,False,False,False,True,1.0
NORT_ARTIC_4.1,17295,817,1199,14,17,1,2047,0.7130230398713526,True,False,False,False,False,True,1.0
NORT_ARTIC_4.1,18394,1894,998,19,9,1,2920,0.8449152354036624,True,False,False,False,False,True,1.0
NORT_ARTIC_4.1,18859,576,1527,8,13,1,2124,0.32467753906215796,True,False,False,False,False,True,1.0
NORT_ARTIC_4.1,19158,1202,2241,9,14,1,3466,0.6659429950628588,True,False,False,False,False,True,1.0
NORT_ARTIC_4.1,19215,2137,4489,15,35,2,6676,0.8794012537447111,True,False,False,False,False,True,1.0
NORT_ARTIC_4.1,19582,1774,832,14,7,1,2627,1.0,True,False,False,False,False,True,1.0
NORT_ARTIC_4.1,19672,683,848,13,9,1,1553,0.19877916520471398,True,False,False,False,False,True,1.0
NORT_ARTIC_4.1,20352,772,2154,6,24,1,2956,0.5347338333308522,True,False,False,False,False,True,1.0
NORT_ARTIC_4.1,20381,740,2111,9,18,1,2878,0.3820996477413081,True,False,False,False,False,True,1.0
NORT_ARTIC_4.1,20383,821,2282,8,35,2,3146,0.29741639395513814,True,False,False,False,False,True,1.0
NORT_ARTIC_4.1,21298,504,1335,4,11,1,1854,1.0,True,False,False,True,False,True,1.0
NORT_ARTIC_4.1,24271,2008,762,18,4,1,2792,0.4721245162612984,True,False,False,False,False,True,1.0
NORT_ARTIC_4.1,25049,420,839,4,7,1,1270,1.0,True,False,False,True,False,True,1.0
NORT_ARTIC_4.1,25518,577,634,8,6,1,1225,0.5936217121473724,True,False,False,False,False,True,1.0
NORT_ARTIC_4.1,25595,527,1437,6,17,1,1987,1.0,True,False,False,False,False,True,1.0
NORT_ARTIC_4.1,25642,1208,1861,5,6,1,3080,0.7608707591391157,True,False,False,True,False,True,1.0
NORT_ARTIC_4.1,3903,37,91,0,0,1,128,1.0,True,True,True,True,False,True,1.0
NORT_ARTIC_4.1,5454,584,783,9,5,1,1381,0.17264143533368714,True,False,False,False,False,True,1.0
NORT_ARTIC_4.1,5646,1935,580,5,2,1,2522,0.6651316786028948,True,False,False,True,False,True,1.0
NORT_ARTIC_4.1,5674,2144,659,15,7,1,2825,0.44751156230516553,True,False,False,False,False,True,1.0
NORT_ARTIC_4.1,8601,545,1972,5,13,1,2535,0.5652536029293488,True,False,False,True,False,True,1.0
NORT_ARTIC_4.1,9208,818,1412,4,11,1,2245,0.5926809993323414,True,False,False,False,False,True,1.0
NORT_ARTIC_4.1,10189,1738,367,44,10,1,2159,0.8557269673365855,True,False,False,False,False,True,1.0
NORT_ARTIC_4.1,13369,417,1225,0,18,1,1660,0.010691807517728424,True,False,True,True,False,True,0.2615643791137081
NORT_ARTIC_4.1,17748,1879,642,18,3,1,2542,0.318253231931071,True,False,False,False,False,True,1.0
NORT_ARTIC_4.1,18916,1248,1384,11,8,1,2651,0.4902960317244772,True,False,False,False,False,True,1.0
NORT_ARTIC_4.1,19164,560,1671,9,18,1,2258,0.3713777377037371,True,False,False,False,False,True,1.0
NORT_ARTIC_4.1,20930,648,1863,6,16,1,2533,0.810886230271705,True,False,False,False,False,True,1.0
NORT_ARTIC_4.1,23042,879,394,88,46,1,1407,0.43393367851825904,True,False,False,False,False,True,1.0
NORT_ARTIC_4.1,23059,958,355,14,10,1,1337,0.16216369070240544,True,False,False,False,False,True,1.0
NORT_ARTIC_4.1,23674,104,32,4,2,1,142,0.6295613799543611,True,True,False,True,False,True,1.0
NORT_ARTIC_4.1,24797,700,646,12,11,1,1369,1.0,True,False,False,False,False,True,1.0
NORT_ARTIC_4.1,25669,401,1251,15,7,1,1674,1.9901172355654212e-05,True,False,False,False,False,True,0.0009509028916186027
NORT_ARTIC_4.1,27756,1791,699,13,5,1,2508,1.0,True,False,False,False,False,True,1.0
NORT_ARTIC_4.1,6110,180,711,3,9,1,903,0.7170218758577228,True,True,False,True,False,True,1.0
NORT_ARTIC_4.1,10012,328,374,0,1,1,703,1.0,True,True,True,True,False,True,1.0
NORT_ARTIC_4.1,11003,192,775,0,2,1,969,1.0,True,True,True,True,False,True,1.0
NORT_ARTIC_4.1,23114,540,283,2,0,1,825,0.5487319799941159,True,True,True,True,False,True,1.0
NORT_ARTIC_4.1,23669,68,20,0,0,1,88,1.0,True,True,True,True,False,True,1.0
NORT_ARTIC_4.1,25053,151,550,3,8,1,712,0.7112283808410538,True,True,False,True,False,True,1.0
NORT_ARTIC_4.1,27434,395,1363,3,9,1,1770,0.7381628255003863,True,False,False,True,False,True,1.0
NORT_ARTIC_4.1,1499,325,801,5,15,1,1146,0.8080006681456617,True,False,False,False,False,True,1.0
NORT_ARTIC_4.1,1503,325,800,4,13,1,1142,0.7903096335281519,True,False,False,True,False,True,1.0
NORT_ARTIC_4.1,2584,1569,457,11,7,1,2044,0.15121839805631523,True,False,False,True,False,True,1.0
NORT_ARTIC_4.1,7513,3172,805,14,5,1,3996,0.5651274453135697,True,False,False,True,False,True,1.0
NORT_ARTIC_4.1,7795,1525,391,15,3,1,1934,1.0,True,False,False,True,False,True,1.0
NORT_ARTIC_4.1,7924,519,1217,3,11,1,1750,0.7697234563733024,True,False,False,True,False,True,1.0
NORT_ARTIC_4.1,10749,1237,3680,11,15,1,4943,0.06640841001858597,True,False,False,False,False,True,0.8322824501509668
NORT_ARTIC_4.1,11654,2198,3027,21,26,2,5272,0.7673868444982647,True,False,False,False,False,True,1.0
NORT_ARTIC_4.1,13329,655,1003,1,1,1,1660,1.0,True,False,False,True,False,True,1.0
NORT_ARTIC_4.1,13672,220,269,6,4,1,499,0.3598684928443524,True,True,False,True,False,True,1.0
NORT_ARTIC_4.1,13910,2647,1034,14,8,1,3703,0.47492402004434237,True,False,False,False,False,True,1.0
NORT_ARTIC_4.1,15867,2121,7927,16,49,3,10113,0.5413827694653373,True,False,False,False,False,True,1.0
NORT_ARTIC_4.1,16261,2875,984,15,6,1,3880,0.8019811023202685,True,False,False,False,False,True,1.0
NORT_ARTIC_4.1,17186,723,499,8,4,1,1234,0.7707380469308369,True,False,False,True,False,True,1.0
NORT_ARTIC_4.1,17607,568,2503,3,13,1,3087,1.0,True,False,False,True,False,True,1.0
NORT_ARTIC_4.1,20919,834,1605,12,30,1,2481,0.5137498474974479,True,False,False,False,False,True,1.0
NORT_ARTIC_4.1,22488,808,377,8,5,1,1198,0.5657774852403894,True,False,False,True,False,True,1.0
NORT_ARTIC_4.1,27592,663,221,11,3,1,898,1.0,True,True,False,True,False,True,1.0
NORT_ARTIC_4.1,351,389,606,6,7,1,1008,0.5836338873058793,True,False,False,False,False,True,1.0
NORT_ARTIC_4.1,829,533,452,9,7,1,1001,1.0,True,False,False,False,False,True,1.0
NORT_ARTIC_4.1,3099,247,1150,46,14,1,1457,5.4939487302330205e-22,True,False,False,False,False,True,5.419514586145992e-20
NORT_ARTIC_4.1,3529,1843,516,14,7,1,2380,0.19542832263952187,True,False,False,True,False,True,1.0
NORT_ARTIC_4.1,4207,280,549,5,7,1,841,0.5528132981046195,True,True,False,True,False,True,1.0
NORT_ARTIC_4.1,6197,131,674,4,9,1,818,0.2463781163430163,True,True,False,True,False,True,1.0
NORT_ARTIC_4.1,8020,1394,1445,16,10,2,2865,0.23968331713040758,True,False,False,False,False,True,1.0
NORT_ARTIC_4.1,8419,1865,394,5,2,1,2266,0.352983568334313,True,False,False,True,False,True,1.0
NORT_ARTIC_4.1,9672,1190,1290,9,9,1,2498,1.0,True,False,False,False,False,True,1.0
NORT_ARTIC_4.1,11459,1915,830,12,7,1,2764,0.6166926916220696,True,False,False,False,False,True,1.0
NORT_ARTIC_4.1,14667,272,1023,4,8,1,1307,0.29244168630806966,True,False,False,True,False,True,1.0
NORT_ARTIC_4.1,15926,3122,2260,40,19,2,5441,0.14516690958023495,True,False,False,False,False,True,1.0
NORT_ARTIC_4.1,18372,1931,758,14,9,1,2712,0.250050962092646,True,False,False,False,False,True,1.0
NORT_ARTIC_4.1,18911,1528,1438,10,11,1,2987,0.827730293006463,True,False,False,False,False,True,1.0
NORT_ARTIC_4.1,19212,1156,3377,19,16,2,4568,0.0003100608529735469,True,False,False,False,False,True,0.012988576553330225
NORT_ARTIC_4.1,20075,16,36,2,2,1,56,0.5865719186473902,True,True,False,True,False,True,1.0
NORT_ARTIC_4.1,20555,1441,724,23,9,1,2197,0.5772072551337634,True,False,False,False,False,True,1.0
NORT_ARTIC_4.1,24482,3918,5427,23,28,2,9396,0.6711266185638194,True,False,False,False,False,True,1.0
NORT_ARTIC_4.1,25514,799,883,9,7,1,1698,0.6168481374564729,True,False,False,False,False,True,1.0
NORT_ARTIC_4.1,28231,3103,2254,20,13,1,5390,0.8602741871054979,True,False,False,False,False,True,1.0
NORT_ARTIC_4.1,28775,1042,2938,23,49,1,4052,0.28045449710880194,True,False,False,False,False,True,1.0
NORT_ARTIC_4.1,2130,450,2398,4,17,1,2869,0.7619902514746264,True,False,False,True,False,True,1.0
NORT_ARTIC_4.1,2136,424,2248,2,15,1,2689,1.0,True,False,False,True,False,True,1.0
NORT_ARTIC_4.1,3291,770,1100,11,10,1,1891,0.3735344465273298,True,False,False,False,False,True,1.0
NORT_ARTIC_4.1,7169,1120,201,1,0,1,1322,1.0,True,False,True,True,False,True,1.0
NORT_ARTIC_4.1,8320,186,914,494,52,1,1646,1.002887182380559e-194,True,False,False,False,False,True,3.0668290037197493e-192
NORT_ARTIC_4.1,11029,914,930,0,0,1,1844,1.0,True,False,True,True,False,True,1.0
NORT_ARTIC_4.1,12878,1407,1379,7,12,1,2805,0.2579620870704123,True,False,False,False,False,True,1.0
NORT_ARTIC_4.1,13783,1544,592,11,4,1,2151,1.0,True,False,False,True,False,True,1.0
NORT_ARTIC_4.1,16323,859,1576,12,21,1,2468,1.0,True,False,False,False,False,True,1.0
NORT_ARTIC_4.1,16668,341,1444,5,10,1,1800,0.18399622976875643,True,False,False,True,False,True,1.0
NORT_ARTIC_4.1,24448,1377,2280,8,12,1,3677,0.8207089777000021,True,False,False,False,False,True,1.0
NORT_ARTIC_4.1,24464,3922,5238,19,30,2,9209,0.6646349215499697,True,False,False,False,False,True,1.0
NORT_ARTIC_4.1,27440,815,1913,7,11,1,2746,0.4408319047924989,True,False,False,False,False,True,1.0
NORT_ARTIC_4.1,586,244,623,0,1,1,868,1.0,True,True,True,True,False,True,1.0
NORT_ARTIC_4.1,1908,1891,1682,12,12,1,3597,0.8389807840051349,True,False,False,False,False,True,1.0
NORT_ARTIC_4.1,3514,1543,452,14,6,1,2015,0.42552806460051684,True,False,False,True,False,True,1.0
NORT_ARTIC_4.1,3844,90,64,5,3,1,162,1.0,True,True,False,True,False,True,1.0
NORT_ARTIC_4.1,3923,8,28,3,10,1,49,1.0,True,True,False,True,False,True,1.0
NORT_ARTIC_4.1,4104,781,365,7,4,1,1157,0.7512324743457819,True,False,False,True,False,True,1.0
NORT_ARTIC_4.1,4821,582,622,7,6,1,1217,0.7840207747122562,True,False,False,False,False,True,1.0
NORT_ARTIC_4.1,4886,610,1255,2,3,1,1870,0.6646587542694214,True,False,False,True,False,True,1.0
NORT_ARTIC_4.1,5588,1621,1524,9,8,1,3162,1.0,True,False,False,False,False,True,1.0
NORT_ARTIC_4.1,5669,2249,851,21,9,1,3130,0.8372087644840005,True,False,False,False,False,True,1.0
NORT_ARTIC_4.1,5779,785,997,14,12,1,1808,0.32770253711626407,True,False,False,False,False,True,1.0
NORT_ARTIC_4.1,7082,728,1286,7,12,1,2033,1.0,True,False,False,False,False,True,1.0
NORT_ARTIC_4.1,8075,1083,858,15,9,1,1965,0.5430583946056862,True,False,False,False,False,True,1.0
NORT_ARTIC_4.1,10766,1670,1833,12,13,1,3528,1.0,True,False,False,False,False,True,1.0
NORT_ARTIC_4.1,12357,1470,464,18,6,1,1958,1.0,True,False,False,False,False,True,1.0
NORT_ARTIC_4.1,12518,706,1711,5,16,1,2438,0.8097802769373961,True,False,False,False,False,True,1.0
NORT_ARTIC_4.1,13129,611,2170,7,16,1,2804,0.31762620055687535,True,False,False,False,False,True,1.0
NORT_ARTIC_4.1,13616,158,113,5,4,1,280,1.0,True,True,False,True,False,True,1.0
NORT_ARTIC_4.1,13998,586,1597,5,47,1,2235,0.0038091704625969705,True,False,False,False,False,True,0.12008704406826326
NORT_ARTIC_4.1,14725,208,273,4,5,1,490,1.0,True,True,False,True,False,True,1.0
NORT_ARTIC_4.1,15797,776,2443,5,20,1,3244,0.8152419922992269,True,False,False,False,False,True,1.0
NORT_ARTIC_4.1,16282,1422,830,7,9,1,2268,0.12324341990291296,True,False,False,False,False,True,0.9932539451400784
NORT_ARTIC_4.1,16342,1452,3040,7,18,3,4517,0.8306123336138707,True,False,False,False,False,True,1.0
NORT_ARTIC_4.1,18366,1905,788,1,0,1,2694,1.0,True,False,True,True,False,True,1.0
NORT_ARTIC_4.1,18462,726,918,0,0,1,1644,1.0,True,False,True,True,False,True,1.0
NORT_ARTIC_4.1,20138,1895,418,16,6,1,2335,0.2667870583229205,True,False,False,True,False,True,1.0
NORT_ARTIC_4.1,22106,880,784,11,7,1,1682,0.6363764156159466,True,False,False,False,False,True,1.0
NORT_ARTIC_4.1,23348,1336,425,10,4,1,1775,0.7541453138959222,True,False,False,True,False,True,1.0
NORT_ARTIC_4.1,24406,669,1120,5,11,1,1805,0.7965723191222535,True,False,False,False,False,True,1.0
NORT_ARTIC_4.1,25033,339,960,4,10,1,1313,0.7669506319757305,True,False,False,True,False,True,1.0
NORT_ARTIC_4.1,27187,2333,482,16,5,1,2836,0.3877762403227652,True,False,False,True,False,True,1.0
NORT_ARTIC_4.1,2292,134,45,3,3,1,185,0.18148361722313358,True,True,False,True,False,True,1.0
NORT_ARTIC_4.1,2306,140,49,4,3,1,196,0.3847093170678797,True,True,False,True,False,True,1.0
NORT_ARTIC_4.1,3412,95,114,1,9,1,219,0.045428575478890815,True,True,False,True,False,True,0.7147355080702539
NORT_ARTIC_4.1,5777,61,91,1,5,1,158,0.4046718877049299,True,True,False,True,False,True,1.0
NORT_ARTIC_4.1,6620,79,33,3,3,1,118,0.367499744394385,True,True,False,True,False,True,1.0
NORT_ARTIC_4.1,8299,19,103,2,3,1,127,0.19104381818519733,True,True,False,True,False,True,1.0
NORT_ARTIC_4.1,8826,7,24,1,2,1,34,1.0,True,True,False,True,False,True,1.0
NORT_ARTIC_4.1,8866,7,17,0,0,1,24,1.0,True,True,True,True,False,True,1.0
NORT_ARTIC_4.1,10909,18,23,2,2,1,45,1.0,True,True,False,True,False,True,1.0
NORT_ARTIC_4.1,12318,129,99,13,1,1,242,0.009351662645370221,True,True,False,False,False,True,0.2465291755995012
NORT_ARTIC_4.1,13914,106,32,8,3,1,149,0.7204036294019751,True,True,False,True,False,True,1.0
NORT_ARTIC_4.1,13915,98,33,7,3,1,141,0.7155138759949302,True,True,False,True,False,True,1.0
NORT_ARTIC_4.1,15462,4,21,1,2,1,28,0.4594017094017093,True,True,False,True,False,True,1.0
NORT_ARTIC_4.1,17122,175,52,0,0,1,227,1.0,True,True,True,True,False,True,1.0
NORT_ARTIC_4.1,17461,187,42,8,2,1,239,1.0,True,True,False,True,False,True,1.0
NORT_ARTIC_4.1,21465,276,158,15,7,2,456,0.8210511294551734,True,True,False,False,False,True,1.0
NORT_ARTIC_4.1,21606,43,87,46,46,1,222,0.012672433694970744,True,True,False,False,False,True,0.30040544371488787
NORT_ARTIC_4.1,21614,85,109,7,23,1,224,0.04510356554591252,True,True,False,False,False,True,0.7147355080702539
NORT_ARTIC_4.1,22154,57,126,0,0,1,183,1.0,True,True,True,True,False,True,1.0
NORT_ARTIC_4.1,22684,18,108,1,5,1,132,1.0,True,True,False,True,False,True,1.0
NORT_ARTIC_4.1,22927,21,15,0,0,1,36,1.0,True,True,True,True,False,True,1.0
NORT_ARTIC_4.1,24876,103,38,4,2,1,147,0.6635382642687692,True,True,False,True,False,True,1.0
NORT_ARTIC_4.1,25036,25,77,3,14,1,119,0.7591807239955692,True,True,False,True,False,True,1.0
NORT_ARTIC_4.1,25286,68,14,1,7,1,90,0.00010613113151665403,True,True,False,True,False,True,0.004993061541198892
NORT_ARTIC_4.1,25688,59,101,6,3,1,169,0.08846714036745472,True,True,False,True,False,True,0.9296650008373765
NORT_ARTIC_4.1,25755,57,11,2,2,1,72,0.14682005073921792,True,True,False,True,False,True,1.0
NORT_ARTIC_4.1,28094,2230,796,25,9,2,3060,1.0,True,False,False,False,False,True,1.0
NORT_ARTIC_4.1,28178,90,79,0,1,1,170,0.47058823529411753,True,True,True,True,False,True,1.0
NORT_ARTIC_4.1,28450,61,266,3,15,1,345,1.0,True,True,False,True,False,True,1.0
NORT_ARTIC_4.1,28567,150,183,5,1,1,339,0.09702659169101212,True,True,False,True,False,True,0.951670477089875
NORT_ARTIC_4.1,28674,160,41,8,5,1,214,0.15879110250679587,True,True,False,True,False,True,1.0
NORT_ARTIC_4.1,842,21,15,0,0,1,36,1.0,True,True,True,True,False,True,1.0
NORT_ARTIC_4.1,8740,18,8,2,1,1,29,1.0,True,True,False,True,False,True,1.0
NORT_ARTIC_4.1,9180,20,18,0,4,1,42,0.10863932815152326,True,True,True,True,False,True,0.9731331642640071
NORT_ARTIC_4.1,9205,17,20,2,1,1,40,0.5961538461538461,True,True,False,True,False,True,1.0
NORT_ARTIC_4.1,11781,59,21,4,2,1,86,0.6561486009434286,True,True,False,True,False,True,1.0
NORT_ARTIC_4.1,16045,16,25,4,4,1,49,0.6998064646452229,True,True,False,True,False,True,1.0
NORT_ARTIC_4.1,17338,46,31,1,5,1,83,0.08055164586910589,True,True,False,True,False,True,0.9022964581235378
NORT_ARTIC_4.1,17925,8,39,0,5,1,52,1.0,True,True,True,True,False,True,1.0
NORT_ARTIC_4.1,18865,6,55,2,2,1,65,0.07082299421009099,True,True,False,True,False,True,0.8506592604695657
NORT_ARTIC_4.1,24006,76,17,15,4,1,112,0.7531225411008818,True,True,False,True,False,True,1.0
NORT_ARTIC_4.1,25327,34,32,0,12,1,78,0.0007880860392622314,True,True,True,False,False,True,0.029752680346467948
NORT_ARTIC_4.1,26681,46,6,0,0,1,52,1.0,True,True,True,True,False,True,1.0
NORT_ARTIC_4.1,29666,4,14,0,0,1,18,1.0,True,True,True,True,False,True,1.0
NORT_ARTIC_4.1,2540,665,364,7,4,1,1040,1.0,True,False,False,True,False,True,1.0
NORT_ARTIC_4.1,4407,681,225,6,5,1,917,0.1555147054242321,True,True,False,True,False,True,1.0
NORT_ARTIC_4.1,9599,4172,1766,25,8,2,5971,0.5705439720287284,True,False,False,False,False,True,1.0
NORT_ARTIC_4.1,9600,2084,839,14,7,1,2944,0.6327523576571741,True,False,False,False,False,True,1.0
NORT_ARTIC_4.1,10734,529,2289,4,14,1,2836,0.7608026531477912,True,False,False,True,False,True,1.0
NORT_ARTIC_4.1,12869,1079,920,12,11,1,2022,1.0,True,False,False,False,False,True,1.0
NORT_ARTIC_4.1,14552,1253,1482,21,11,3,2767,0.03141615312224158,True,False,False,False,False,True,0.5787385316133419
NORT_ARTIC_4.1,20456,4920,4162,29,27,3,9138,0.7883255097565567,True,False,False,False,False,True,1.0
NORT_ARTIC_4.1,21385,904,187,9,3,1,1103,0.4444861144839225,True,False,False,True,False,True,1.0
NORT_ARTIC_4.1,26783,657,772,7,8,1,1444,1.0,True,False,False,False,False,True,1.0
NORT_ARTIC_4.1,1891,2982,2198,41,22,1,5243,0.25016908252050135,True,False,False,False,False,True,1.0
NORT_ARTIC_4.1,2156,519,2368,6,8,1,2901,0.02764650847565487,True,False,False,True,False,True,0.5251119435934943
NORT_ARTIC_4.1,3700,640,2250,7,16,1,2913,0.3210199496395685,True,False,False,False,False,True,1.0
NORT_ARTIC_4.1,5338,2574,768,14,7,1,3363,0.29640275349756506,True,False,False,True,False,True,1.0
NORT_ARTIC_4.1,5508,821,2725,5,17,1,3568,1.0,True,False,False,False,False,True,1.0
NORT_ARTIC_4.1,6998,460,1102,6,9,1,1577,0.39789441177735396,True,False,False,True,False,True,1.0
NORT_ARTIC_4.1,10186,2191,637,26,5,1,2859,0.5179352117980183,True,False,False,False,False,True,1.0
NORT_ARTIC_4.1,11620,617,2094,16,82,1,2809,0.14153412197005716,True,False,False,False,False,True,1.0
NORT_ARTIC_4.1,12027,2447,710,14,6,1,3177,0.42318670804440145,True,False,False,True,False,True,1.0
NORT_ARTIC_4.1,12406,1637,1016,26,25,1,2704,0.14560509956061357,True,False,False,False,False,True,1.0
NORT_ARTIC_4.1,12538,3165,4350,23,29,2,7567,0.7792991386396061,True,False,False,False,False,True,1.0
NORT_ARTIC_4.1,12589,2424,2449,15,15,1,4903,1.0,True,False,False,False,False,True,1.0
NORT_ARTIC_4.1,14485,1613,697,15,7,1,2332,0.819509717071174,True,False,False,False,False,True,1.0
NORT_ARTIC_4.1,14513,957,756,6,6,1,1725,0.7741262522248963,True,False,False,False,False,True,1.0
NORT_ARTIC_4.1,15276,578,1375,6,9,1,1968,0.399721483911361,True,False,False,True,False,True,1.0
NORT_ARTIC_4.1,15774,1780,3028,2,5,1,4815,1.0,True,False,False,True,False,True,1.0
NORT_ARTIC_4.1,15924,1863,1978,783,166,1,4790,7.99816413397443e-86,True,False,False,False,False,True,1.3587992178718781e-83
NORT_ARTIC_4.1,16309,1268,1561,9,9,1,2847,0.8129405175812932,True,False,False,False,False,True,1.0
NORT_ARTIC_4.1,16579,1008,872,9,7,1,1896,1.0,True,False,False,False,False,True,1.0
NORT_ARTIC_4.1,16664,544,1925,6,13,1,2488,0.40190408373822206,True,False,False,True,False,True,1.0
NORT_ARTIC_4.1,17272,796,1223,7,9,1,2035,0.7993064457617913,True,False,False,False,False,True,1.0
NORT_ARTIC_4.1,17290,743,1222,7,8,1,1980,0.5945101604708807,True,False,False,False,False,True,1.0
NORT_ARTIC_4.1,20382,733,2244,6,10,1,2993,0.2473616987981536,True,False,False,True,False,True,1.0
NORT_ARTIC_4.1,21495,1288,898,10,10,1,2206,0.495455787928785,True,False,False,False,False,True,1.0
NORT_ARTIC_4.1,22119,530,890,5,8,1,1433,1.0,True,False,False,True,False,True,1.0
NORT_ARTIC_4.1,22858,804,352,1,1,1,1158,0.5169300630091224,True,False,False,True,False,True,1.0
NORT_ARTIC_4.1,23449,1286,1269,12,9,1,2576,0.6625155386197012,True,False,False,False,False,True,1.0
NORT_ARTIC_4.1,25552,593,621,0,0,1,1214,1.0,True,False,True,True,False,True,1.0
NORT_ARTIC_4.1,26369,1457,507,10,5,1,1979,0.5546026929227639,True,False,False,True,False,True,1.0
NORT_ARTIC_4.1,26894,206,1270,4,11,1,1491,0.14906560372203495,True,False,False,True,False,True,1.0
NORT_ARTIC_4.1,27924,694,1712,7,11,1,2424,0.4328765768401921,True,False,False,False,False,True,1.0
NORT_ARTIC_4.1,28187,996,1283,8,11,1,2298,1.0,True,False,False,False,False,True,1.0
NORT_ARTIC_4.1,28206,904,965,242,25,1,2136,6.92947210473443e-44,True,False,False,False,False,True,9.213185085338212e-42
NORT_ARTIC_4.1,28749,793,1286,9,18,1,2106,0.6930426244187646,True,False,False,False,False,True,1.0
NORT_ARTIC_4.1,6233,3,4,2,2,1,11,1.0,True,True,False,True,False,True,1.0
NORT_ARTIC_4.1,8337,7,8,5,2,1,22,0.3808049535603716,True,True,False,True,False,True,1.0
NORT_ARTIC_4.1,8443,16,13,2,2,1,33,1.0,True,True,False,True,False,True,1.0
NORT_ARTIC_4.1,9496,22,15,3,3,1,43,0.6825285649657982,True,True,False,True,False,True,1.0
NORT_ARTIC_4.1,9666,34,31,2,3,1,70,0.6690460739779365,True,True,False,True,False,True,1.0
NORT_ARTIC_4.1,13176,15,13,1,0,1,29,1.0,True,True,True,True,False,True,1.0
NORT_ARTIC_4.1,17048,11,21,2,2,1,36,0.6091503267973856,True,True,False,True,False,True,1.0
NORT_ARTIC_4.1,20450,16,21,1,2,1,40,1.0,True,True,False,True,False,True,1.0
NORT_ARTIC_4.1,26023,35,8,2,1,1,46,0.48814229249011853,True,True,False,True,False,True,1.0
NORT_ARTIC_4.1,28026,19,11,2,3,1,35,0.36907020872865276,True,True,False,True,False,True,1.0
NORT_ARTIC_4.1,28225,29,20,1,2,1,52,0.5669683257918552,True,True,False,True,False,True,1.0
NORT_ARTIC_4.1,1758,503,763,6,12,1,1284,0.636725566804629,True,False,False,False,False,True,1.0
NORT_ARTIC_4.1,2137,513,2012,7,14,1,2546,0.16961051862453574,True,False,False,True,False,True,1.0
NORT_ARTIC_4.1,2454,295,1131,4,11,1,1441,0.5290715379495201,True,False,False,True,False,True,1.0
NORT_ARTIC_4.1,4890,670,1540,3,7,1,2220,1.0,True,False,False,True,False,True,1.0
NORT_ARTIC_4.1,7522,4506,1320,24,12,2,5862,0.15968424005801288,True,False,False,False,False,True,1.0
NORT_ARTIC_4.1,9256,567,899,6,9,1,1481,1.0,True,False,False,False,False,True,1.0
NORT_ARTIC_4.1,11256,994,2087,7,11,1,3099,0.6145641035482148,True,False,False,False,False,True,1.0
NORT_ARTIC_4.1,11862,442,1083,5,9,1,1539,0.5633942078559133,True,False,False,True,False,True,1.0
NORT_ARTIC_4.1,12380,1952,619,18,8,1,2597,0.48848290513709214,True,False,False,False,False,True,1.0
NORT_ARTIC_4.1,16258,6070,1909,41,15,2,8035,0.6375037182605795,True,False,False,False,False,True,1.0
NORT_ARTIC_4.1,16744,2197,1360,7,4,1,3568,1.0,True,False,False,True,False,True,1.0
NORT_ARTIC_4.1,18032,1344,444,1,0,1,1789,1.0,True,False,True,True,False,True,1.0
NORT_ARTIC_4.1,18457,1391,1559,1,1,1,2952,1.0,True,False,False,True,False,True,1.0
NORT_ARTIC_4.1,20161,2138,1534,12,9,1,3693,1.0,True,False,False,False,False,True,1.0
NORT_ARTIC_4.1,22103,335,355,1,1,1,692,1.0,True,True,False,True,False,True,1.0
NORT_ARTIC_4.1,22447,1138,225,9,2,1,1374,0.7010891215964937,True,False,False,True,False,True,1.0
NORT_ARTIC_4.1,24564,1208,505,10,4,1,1727,1.0,True,False,False,True,False,True,1.0
NORT_ARTIC_4.1,24845,1211,718,14,11,1,1954,0.53455692549579,True,False,False,False,False,True,1.0
NORT_ARTIC_4.1,25369,875,672,34,14,1,1595,0.05444196676203755,True,False,False,False,False,True,0.7601987870242504
NORT_ARTIC_4.1,25534,450,496,0,0,1,946,1.0,True,True,True,True,False,True,1.0
NORT_ARTIC_4.1,27363,741,563,8,8,1,1320,0.6187038827645128,True,False,False,False,False,True,1.0
NORT_ARTIC_4.1,27758,1942,867,12,0,2,2821,0.023036541193200456,True,False,True,True,False,True,0.4771221420836344
NORT_ARTIC_4.1,27760,1565,738,1,0,1,2304,1.0,True,False,True,True,False,True,1.0
NORT_ARTIC_4.1,29292,1624,558,15,8,2,2205,0.33792843659761257,True,False,False,False,False,True,1.0
NORT_ARTIC_4.1,4205,306,531,0,0,1,837,1.0,True,True,True,True,False,True,1.0
NORT_ARTIC_4.1,16300,777,814,7,6,1,1604,0.7856380771160905,True,False,False,False,False,True,1.0
NORT_ARTIC_4.1,16921,961,678,8,6,1,1653,1.0,True,False,False,False,False,True,1.0
NORT_ARTIC_4.1,19295,693,248,7,6,1,954,0.11976511808325774,True,True,False,True,False,True,0.9929204376157392
NORT_ARTIC_4.1,24642,213,489,26,138,1,866,0.00014084467260095515,True,True,False,False,False,True,0.006428403116622699
NORT_ARTIC_4.1,1623,223,73,0,0,1,296,1.0,True,True,True,True,False,True,1.0
NORT_ARTIC_4.1,10794,1053,1004,26,9,2,2092,0.009514778948847762,True,False,False,False,False,True,0.24868541902202101
NORT_ARTIC_4.1,11659,50,65,3,2,1,120,0.6536164631447748,True,True,False,True,False,True,1.0
NORT_ARTIC_4.1,14568,4,6,0,0,1,10,1.0,True,True,True,True,False,True,1.0
NORT_ARTIC_4.1,19817,11,63,1,6,1,81,1.0,True,True,False,True,False,True,1.0
NORT_ARTIC_4.1,25521,15,14,0,0,1,29,1.0,True,True,True,True,False,True,1.0
NORT_ARTIC_4.1,29659,470,553,9,9,1,1041,0.8134952152174562,True,False,False,False,False,True,1.0
NORT_ARTIC_4.1,1303,372,1042,92,211,1,1717,0.154288154091883,True,False,False,False,False,True,1.0
NORT_ARTIC_4.1,1567,1552,687,20,11,1,2270,0.5605440515410336,True,False,False,False,False,True,1.0
NORT_ARTIC_4.1,1587,1737,656,14,0,1,2407,0.015468735318058844,True,False,True,True,False,True,0.3427782072653909
NORT_ARTIC_4.1,2014,1882,1286,10,8,1,3186,0.8115529421303809,True,False,False,False,False,True,1.0
NORT_ARTIC_4.1,3406,984,1683,10,10,1,2687,0.24921725214035595,True,False,False,False,False,True,1.0
NORT_ARTIC_4.1,5811,862,3603,10,23,1,4498,0.12143631251415515,True,False,False,False,False,True,0.9929204376157392
NORT_ARTIC_4.1,5875,577,2541,8,14,1,3140,0.048704260332036675,True,False,False,True,False,True,0.7268703356140727
NORT_ARTIC_4.1,6026,1866,1534,15,11,1,3426,0.8448939409529559,True,False,False,False,False,True,1.0
NORT_ARTIC_4.1,7352,709,3237,6,18,1,3970,0.42020574588521864,True,False,False,True,False,True,1.0
NORT_ARTIC_4.1,9328,1154,402,2,0,1,1558,1.0,True,False,True,True,False,True,1.0
NORT_ARTIC_4.1,9808,838,2411,48,157,1,3454,0.5094754596526577,True,False,False,False,False,True,1.0
NORT_ARTIC_4.1,14696,362,1348,3,10,1,1723,0.7442879855005362,True,False,False,True,False,True,1.0
NORT_ARTIC_4.1,17340,1302,1883,9,11,1,3205,0.8203495778954735,True,False,False,False,False,True,1.0
NORT_ARTIC_4.1,18455,1445,1785,18,31,1,3279,0.3114060640441538,True,False,False,False,False,True,1.0
NORT_ARTIC_4.1,18878,752,2747,9,19,2,3527,0.17072068778893865,True,False,False,False,False,True,1.0
NORT_ARTIC_4.1,20636,803,3196,7,19,1,4025,0.4590213760983441,True,False,False,False,False,True,1.0
NORT_ARTIC_4.1,22034,865,325,11,4,1,1205,1.0,True,False,False,True,False,True,1.0
NORT_ARTIC_4.1,24796,1649,849,9,7,1,2514,0.4335470150198756,True,False,False,False,False,True,1.0
NORT_ARTIC_4.1,25084,1760,1797,20,16,2,3593,0.5059750386594886,True,False,False,False,False,True,1.0
NORT_ARTIC_4.1,25587,453,1506,6,29,1,1994,0.5435213130033402,True,False,False,False,False,True,1.0
NORT_ARTIC_4.1,25907,514,1995,18,68,1,2595,0.8923622954654983,True,False,False,False,False,True,1.0
NORT_ARTIC_4.1,25990,1095,1245,6,9,1,2355,0.7963130219326728,True,False,False,False,False,True,1.0
NORT_ARTIC_4.1,26500,1345,2841,7,13,1,4206,0.8119952457880999,True,False,False,False,False,True,1.0
NORT_ARTIC_4.1,28456,278,1031,16,65,1,1390,0.8885077182101763,True,False,False,False,False,True,1.0
NORT_ARTIC_4.1,510,48,23,4,2,1,77,1.0,True,True,False,True,False,True,1.0
NORT_ARTIC_4.1,545,35,27,5,1,1,68,0.38866828956820193,True,True,False,True,False,True,1.0
NORT_ARTIC_4.1,748,190,40,11,3,1,244,0.7179714723799179,True,True,False,True,False,True,1.0
NORT_ARTIC_4.1,891,79,223,4,12,1,318,1.0,True,True,False,True,False,True,1.0
NORT_ARTIC_4.1,942,51,221,2,9,1,283,1.0,True,True,False,True,False,True,1.0
NORT_ARTIC_4.1,2101,35,134,2,9,1,180,1.0,True,True,False,True,False,True,1.0
NORT_ARTIC_4.1,2655,70,34,0,0,1,104,1.0,True,True,True,True,False,True,1.0
NORT_ARTIC_4.1,3738,64,217,0,2,1,283,1.0,True,True,True,True,False,True,1.0
NORT_ARTIC_4.1,4112,107,37,7,2,1,153,1.0,True,True,False,True,False,True,1.0
NORT_ARTIC_4.1,4342,130,104,4,3,1,241,1.0,True,True,False,True,False,True,1.0
NORT_ARTIC_4.1,4698,183,85,18,5,1,291,0.4806947139035212,True,True,False,False,False,True,1.0
NORT_ARTIC_4.1,4961,155,154,4,4,1,317,1.0,True,True,False,True,False,True,1.0
NORT_ARTIC_4.1,5683,460,137,8,5,1,610,0.19320851836957378,True,True,False,True,False,True,1.0
NORT_ARTIC_4.1,5686,456,136,22,9,1,623,0.5121683129212524,True,True,False,False,False,True,1.0
NORT_ARTIC_4.1,5874,100,407,6,14,1,527,0.25976829775200183,True,True,False,True,False,True,1.0
NORT_ARTIC_4.1,6629,223,105,10,4,1,342,1.0,True,True,False,True,False,True,1.0
NORT_ARTIC_4.1,8578,104,290,3,6,1,403,0.704661244439295,True,True,False,True,False,True,1.0
NORT_ARTIC_4.1,8609,97,285,2,4,1,388,0.6475894978987947,True,True,False,True,False,True,1.0
NORT_ARTIC_4.1,9620,429,131,15,3,1,578,0.7764394967019979,True,True,False,True,False,True,1.0
NORT_ARTIC_4.1,10281,125,83,9,8,1,225,0.6124318377222739,True,True,False,False,False,True,1.0
NORT_ARTIC_4.1,10518,310,74,0,0,1,384,1.0,True,True,True,True,False,True,1.0
NORT_ARTIC_4.1,11681,293,242,17,5,1,557,0.04753697688178598,True,True,False,False,False,True,0.7229733258150512
NORT_ARTIC_4.1,11748,347,99,7,2,1,455,1.0,True,True,False,True,False,True,1.0
NORT_ARTIC_4.1,11894,85,323,4,19,1,431,1.0,True,True,False,True,False,True,1.0
NORT_ARTIC_4.1,12191,432,1665,9,40,2,2146,0.8582503210382338,True,False,False,False,False,True,1.0
NORT_ARTIC_4.1,12230,62,282,3,10,1,357,0.712308468930611,True,True,False,True,False,True,1.0
NORT_ARTIC_4.1,12813,31,228,2,7,1,268,0.3060620003136013,True,True,False,True,False,True,1.0
NORT_ARTIC_4.1,12844,77,224,1,10,1,312,0.30275256832534325,True,True,False,True,False,True,1.0
NORT_ARTIC_4.1,14490,244,96,6,3,1,349,0.7170690932046695,True,True,False,True,False,True,1.0
NORT_ARTIC_4.1,15406,73,67,4,3,1,147,1.0,True,True,False,True,False,True,1.0
NORT_ARTIC_4.1,15476,36,107,2,6,1,151,1.0,True,True,False,True,False,True,1.0
NORT_ARTIC_4.1,15488,37,111,2,5,1,155,1.0,True,True,False,True,False,True,1.0
NORT_ARTIC_4.1,16248,301,146,10,5,1,462,1.0,True,True,False,True,False,True,1.0
NORT_ARTIC_4.1,17261,154,412,5,9,1,580,0.5449452935752674,True,True,False,True,False,True,1.0
NORT_ARTIC_4.1,17660,385,295,12,3,1,695,0.11080788996658135,True,True,False,False,False,True,0.9748917504320357
NORT_ARTIC_4.1,17721,494,125,20,7,1,646,0.4667759689055838,True,True,False,False,False,True,1.0
NORT_ARTIC_4.1,17964,115,378,3,12,1,508,1.0,True,True,False,True,False,True,1.0
NORT_ARTIC_4.1,18893,256,210,8,0,1,474,0.01020488740948327,True,True,True,True,False,True,0.25371175364390114
NORT_ARTIC_4.1,19177,157,390,1,14,1,562,0.07916145091842083,True,True,False,True,False,True,0.8932683280757598
NORT_ARTIC_4.1,19207,178,375,2,7,1,562,0.7255879524101753,True,True,False,True,False,True,1.0
NORT_ARTIC_4.1,19519,283,140,10,1,1,434,0.11267687390771343,True,True,False,True,False,True,0.9761073099427413
NORT_ARTIC_4.1,20298,135,235,5,6,1,381,0.5414321493109746,True,True,False,True,False,True,1.0
NORT_ARTIC_4.1,20397,184,418,1,12,1,615,0.12215954193608755,True,True,False,True,False,True,0.9932539451400784
NORT_ARTIC_4.1,20568,196,95,9,8,1,308,0.2894199231247864,True,True,False,False,False,True,1.0
NORT_ARTIC_4.1,20681,88,260,3,24,1,375,0.10814518046354823,True,True,False,False,False,True,0.9731331642640071
NORT_ARTIC_4.1,20866,169,69,8,3,1,249,1.0,True,True,False,True,False,True,1.0
NORT_ARTIC_4.1,20962,97,345,3,17,1,462,0.5870344928195875,True,True,False,True,False,True,1.0
NORT_ARTIC_4.1,21354,215,185,14,3,1,417,0.024027155878966897,True,True,False,False,False,True,0.48658968660848195
NORT_ARTIC_4.1,21575,2654,3904,17,25,3,6600,1.0,True,False,False,False,False,True,1.0
NORT_ARTIC_4.1,22129,109,267,4,6,1,386,0.48727332885163965,True,True,False,True,False,True,1.0
NORT_ARTIC_4.1,22331,24,35,2,2,1,63,1.0,True,True,False,True,False,True,1.0
NORT_ARTIC_4.1,22886,96,36,9,3,1,144,1.0,True,True,False,True,False,True,1.0
NORT_ARTIC_4.1,24400,128,184,7,5,1,324,0.24842859372941473,True,True,False,False,False,True,1.0
NORT_ARTIC_4.1,25040,31,118,2,9,1,160,1.0,True,True,False,True,False,True,1.0
NORT_ARTIC_4.1,25477,210,95,7,6,1,318,0.3604724798297345,True,True,False,True,False,True,1.0
NORT_ARTIC_4.1,26779,89,91,5,1,1,186,0.21127272549245196,True,True,False,True,False,True,1.0
NORT_ARTIC_4.1,27204,384,77,17,1,1,479,0.33085073217868943,True,True,False,True,False,True,1.0
NORT_ARTIC_4.1,27737,336,118,12,1,1,467,0.19937598562151165,True,True,False,True,False,True,1.0
NORT_ARTIC_4.1,28028,328,386,9,5,1,728,0.18782642969166352,True,True,False,False,False,True,1.0
NORT_ARTIC_4.1,28086,451,342,13,6,1,812,0.3569851408131782,True,True,False,False,False,True,1.0
NORT_ARTIC_4.1,28195,168,189,6,3,1,366,0.3185704516415861,True,True,False,True,False,True,1.0
NORT_ARTIC_4.1,28913,244,44,12,2,1,302,1.0,True,True,False,True,False,True,1.0
NORT_ARTIC_4.1,29026,73,137,0,0,1,210,1.0,True,True,True,True,False,True,1.0
NORT_ARTIC_4.1,5105,1182,431,1,1,1,1615,0.46355381127211204,True,False,False,True,False,True,1.0
NORT_ARTIC_4.1,7713,1118,2869,16,19,1,4022,0.03566466371297548,True,False,False,False,False,True,0.6340845443853432
NORT_ARTIC_4.1,8770,425,266,2,1,1,694,1.0,True,True,False,True,False,True,1.0
NORT_ARTIC_4.1,12485,1861,4788,17,31,3,6697,0.26063410547483107,True,False,False,False,False,True,1.0
NORT_ARTIC_4.1,13620,325,214,8,7,1,554,0.6020552680344291,True,True,False,False,False,True,1.0
NORT_ARTIC_4.1,22444,605,350,7,2,1,964,0.49917724114413137,True,True,False,True,False,True,1.0
NORT_ARTIC_4.1,25928,384,1474,5,15,1,1878,0.58502858122675,True,False,False,True,False,True,1.0
NORT_ARTIC_4.1,27295,1944,553,14,6,1,2517,0.41804695470410735,True,False,False,True,False,True,1.0
NORT_ARTIC_4.1,361,749,1189,4,14,1,1956,0.22322978517493347,True,False,False,False,False,True,1.0
NORT_ARTIC_4.1,953,227,939,3,10,1,1179,0.7261721480462353,True,False,False,True,False,True,1.0
NORT_ARTIC_4.1,1565,1256,535,1,0,1,1792,1.0,True,False,True,True,False,True,1.0
NORT_ARTIC_4.1,6313,360,62,6,3,1,431,0.1405811545260017,True,True,False,True,False,True,1.0
NORT_ARTIC_4.1,6317,367,68,0,0,1,435,1.0,True,True,True,True,False,True,1.0
NORT_ARTIC_4.1,12525,533,2678,4,7,1,3222,0.09521511445470274,True,False,False,True,False,True,0.951670477089875
NORT_ARTIC_4.1,14000,499,2228,1,58,1,2786,0.0002046926759310625,True,False,False,False,False,True,0.008693752819405404
NORT_ARTIC_4.1,19682,992,1345,6,11,1,2354,0.6289435672958734,True,False,False,False,False,True,1.0
NORT_ARTIC_4.1,20889,961,1172,6,10,1,2149,0.6206242227170855,True,False,False,False,False,True,1.0
NORT_ARTIC_4.1,24412,909,2278,1,1,1,3189,0.48934779332814765,True,False,False,True,False,True,1.0
NORT_ARTIC_4.1,25958,303,1653,3,30,1,1989,0.46415167331182416,True,False,False,False,False,True,1.0
NORT_ARTIC_4.1,451,1074,183,8,5,1,1270,0.031694617577496496,True,False,False,True,False,True,0.5803720991136784
NORT_ARTIC_4.1,4066,589,307,10,4,1,910,0.7817692535607477,True,True,False,True,False,True,1.0
NORT_ARTIC_4.1,5831,548,2646,8,15,1,3217,0.0455766592785152,True,False,False,True,False,True,0.7147355080702539
NORT_ARTIC_4.1,8689,753,1679,6,9,1,2447,0.5758051118039592,True,False,False,True,False,True,1.0
NORT_ARTIC_4.1,11070,1659,649,11,5,1,2324,0.7829887873743766,True,False,False,True,False,True,1.0
NORT_ARTIC_4.1,12314,1938,1254,12,6,1,3210,0.8095178153155129,True,False,False,False,False,True,1.0
NORT_ARTIC_4.1,15198,308,922,4,9,1,1243,0.7474799832934869,True,False,False,True,False,True,1.0
NORT_ARTIC_4.1,15828,538,2980,6,17,1,3541,0.1502584767396034,True,False,False,True,False,True,1.0
NORT_ARTIC_4.1,17429,2383,371,16,3,1,2773,0.7344126979735194,True,False,False,True,False,True,1.0
NORT_ARTIC_4.1,18086,360,400,39,35,1,834,0.3957809973926013,True,True,False,False,False,True,1.0
NORT_ARTIC_4.1,18767,495,706,5,6,1,1212,0.7683041809807005,True,False,False,True,False,True,1.0
NORT_ARTIC_4.1,18920,1582,1295,9,10,1,2896,0.6448372816801344,True,False,False,False,False,True,1.0
NORT_ARTIC_4.1,19638,2106,812,13,8,1,2939,0.3292143851588746,True,False,False,False,False,True,1.0
NORT_ARTIC_4.1,20168,1761,993,12,9,1,2775,0.5037449110574013,True,False,False,False,False,True,1.0
NORT_ARTIC_4.1,20659,365,2154,4,14,1,2537,0.3186193765183743,True,False,False,True,False,True,1.0
NORT_ARTIC_4.1,21397,949,220,10,3,1,1182,0.7204292633923339,True,False,False,True,False,True,1.0
NORT_ARTIC_4.1,22314,142,129,4,6,1,281,0.5283913136726448,True,True,False,True,False,True,1.0
NORT_ARTIC_4.1,25253,559,335,2,5,1,901,0.11094255367898903,True,True,False,True,False,True,0.9748917504320357
NORT_ARTIC_4.1,26683,1453,303,8,4,1,1768,0.13978110062447144,True,False,False,True,False,True,1.0
NORT_ARTIC_4.1,1851,139,1072,2,12,1,1225,0.6705171348214761,True,False,False,True,False,True,1.0
NORT_ARTIC_4.1,2232,831,219,12,206,1,1268,4.423601866695635e-99,True,False,False,False,False,True,7.957279122561912e-97
NORT_ARTIC_4.1,4095,443,106,8,2,1,559,1.0,True,True,False,True,False,True,1.0
NORT_ARTIC_4.1,7099,462,964,3,21,1,1450,0.04550952572781025,True,False,False,False,False,True,0.7147355080702539
NORT_ARTIC_4.1,9162,372,853,10,17,1,1252,0.526305948396253,True,False,False,False,False,True,1.0
NORT_ARTIC_4.1,9299,737,630,10,3,1,1380,0.1597935281841776,True,False,False,False,False,True,1.0
NORT_ARTIC_4.1,10295,640,497,9,4,1,1150,0.41055569843156875,True,False,False,False,False,True,1.0
NORT_ARTIC_4.1,13809,925,186,10,1,1,1122,0.7023652896273945,True,False,False,True,False,True,1.0
NORT_ARTIC_4.1,14221,283,198,5,3,1,489,1.0,True,True,False,True,False,True,1.0
NORT_ARTIC_4.1,14615,165,637,4,11,1,817,0.5268078992584166,True,True,False,True,False,True,1.0
NORT_ARTIC_4.1,19088,437,468,10,7,1,922,0.4663900959384687,True,True,False,False,False,True,1.0
NORT_ARTIC_4.1,21233,231,1013,10,35,1,1289,0.5587650125234369,True,False,False,False,False,True,1.0
NORT_ARTIC_4.1,25893,291,775,4,9,1,1079,0.759135579508708,True,False,False,True,False,True,1.0
NORT_ARTIC_4.1,25966,421,788,5,12,1,1226,0.7996745891972312,True,False,False,False,False,True,1.0
NORT_ARTIC_4.1,1879,163,71,11,1,1,246,0.1891021778065739,True,True,False,True,False,True,1.0
NORT_ARTIC_4.1,1942,179,57,0,0,1,236,1.0,True,True,True,True,False,True,1.0
NORT_ARTIC_4.1,2537,66,55,3,3,1,127,1.0,True,True,False,True,False,True,1.0
NORT_ARTIC_4.1,3046,28,114,2,6,1,150,0.6605373212893668,True,True,False,True,False,True,1.0
NORT_ARTIC_4.1,3177,127,32,10,3,1,172,0.7292222760532849,True,True,False,True,False,True,1.0
NORT_ARTIC_4.1,4140,78,44,3,3,1,128,0.6683938295576939,True,True,False,True,False,True,1.0
NORT_ARTIC_4.1,7615,52,108,6,16,1,182,0.8079392051848348,True,True,False,False,False,True,1.0
NORT_ARTIC_4.1,8318,61,36,2,10,1,109,0.0036727286129238385,True,True,False,False,False,True,0.11822320103495892
NORT_ARTIC_4.1,8603,57,164,3,7,1,231,0.7222357619926926,True,True,False,True,False,True,1.0
NORT_ARTIC_4.1,9795,42,184,1,5,1,232,1.0,True,True,False,True,False,True,1.0
NORT_ARTIC_4.1,10627,32,53,2,2,1,89,0.6346737788670337,True,True,False,True,False,True,1.0
NORT_ARTIC_4.1,11739,134,48,12,6,1,200,0.5796541349370576,True,True,False,True,False,True,1.0
NORT_ARTIC_4.1,11954,92,115,3,3,1,213,1.0,True,True,False,True,False,True,1.0
NORT_ARTIC_4.1,13474,15,71,2,3,1,91,0.23298953403564024,True,True,False,True,False,True,1.0
NORT_ARTIC_4.1,14229,50,38,5,3,1,96,1.0,True,True,False,True,False,True,1.0
NORT_ARTIC_4.1,16118,24,68,3,3,1,98,0.34203940073279654,True,True,False,True,False,True,1.0
NORT_ARTIC_4.1,17019,147,193,6,0,1,346,0.007071685978572328,True,True,True,True,False,True,0.1965928702043107
NORT_ARTIC_4.1,17439,160,32,0,0,1,192,1.0,True,True,True,True,False,True,1.0
NORT_ARTIC_4.1,17667,174,163,2,12,1,351,0.006249340055913132,True,True,False,False,False,True,0.1777186569336112
NORT_ARTIC_4.1,20404,332,1376,1,0,2,1709,0.19485078993563487,True,False,True,True,False,True,1.0
NORT_ARTIC_4.1,20909,62,102,3,6,1,173,1.0,True,True,False,True,False,True,1.0
NORT_ARTIC_4.1,22135,74,154,3,4,1,235,0.686126648281228,True,True,False,True,False,True,1.0
NORT_ARTIC_4.1,22510,53,19,5,2,1,79,1.0,True,True,False,True,False,True,1.0
NORT_ARTIC_4.1,23611,29,93,1,7,1,130,0.6807352146053827,True,True,False,True,False,True,1.0
NORT_ARTIC_4.1,26370,103,34,8,4,1,149,0.5028544360217042,True,True,False,True,False,True,1.0
NORT_ARTIC_4.1,28079,311,226,24,6,1,567,0.020774170478587647,True,True,False,False,False,True,0.44424764561902813
NORT_ARTIC_4.1,29228,218,65,12,3,1,298,1.0,True,True,False,True,False,True,1.0
NORT_ARTIC_4.1,786,853,210,14,3,1,1080,1.0,True,False,False,True,False,True,1.0
NORT_ARTIC_4.1,795,857,218,15,5,1,1095,0.5785775011314165,True,False,False,True,False,True,1.0
NORT_ARTIC_4.1,896,401,925,13,25,1,1364,0.5945387085941919,True,False,False,False,False,True,1.0
NORT_ARTIC_4.1,2644,456,190,1,0,1,647,1.0,True,True,True,True,False,True,1.0
NORT_ARTIC_4.1,2823,83,434,1,9,1,527,1.0,True,True,False,True,False,True,1.0
NORT_ARTIC_4.1,3100,501,960,3,16,1,1480,0.1410927806289251,True,False,False,False,False,True,1.0
NORT_ARTIC_4.1,3250,866,578,11,7,1,1462,1.0,True,False,False,False,False,True,1.0
NORT_ARTIC_4.1,3550,972,388,9,4,1,1373,1.0,True,False,False,True,False,True,1.0
NORT_ARTIC_4.1,4544,82,213,2,6,1,303,1.0,True,True,False,True,False,True,1.0
NORT_ARTIC_4.1,4980,748,532,20,2,1,1302,0.0016218155222905424,True,False,False,False,False,True,0.05766874264144743
NORT_ARTIC_4.1,5504,361,1184,4,15,1,1564,1.0,True,False,False,True,False,True,1.0
NORT_ARTIC_4.1,5677,1648,551,19,5,1,2223,0.8137354410800717,True,False,False,False,False,True,1.0
NORT_ARTIC_4.1,5970,908,242,10,1,1,1161,0.4755416713967284,True,False,False,True,False,True,1.0
NORT_ARTIC_4.1,6011,981,358,9,5,1,1353,0.5435679980492388,True,False,False,True,False,True,1.0
NORT_ARTIC_4.1,7066,392,1486,8,19,1,1905,0.33811542129060246,True,False,False,False,False,True,1.0
NORT_ARTIC_4.1,7279,254,352,0,0,1,606,1.0,True,True,True,True,False,True,1.0
NORT_ARTIC_4.1,7765,723,164,14,7,1,908,0.09312955296618408,True,True,False,True,False,True,0.9509440682385101
NORT_ARTIC_4.1,8113,1465,537,10,5,1,2017,0.5646413046277514,True,False,False,True,False,True,1.0
NORT_ARTIC_4.1,8292,258,1150,1,20,1,1429,0.1523066718323836,True,False,False,True,False,True,1.0
NORT_ARTIC_4.1,8537,549,594,9,6,1,1158,0.43923146461312135,True,False,False,False,False,True,1.0
NORT_ARTIC_4.1,8750,567,297,7,4,1,875,1.0,True,True,False,True,False,True,1.0
NORT_ARTIC_4.1,9236,1123,1006,10,5,1,2144,0.3119070026053359,True,False,False,False,False,True,1.0
NORT_ARTIC_4.1,9411,395,1102,4,13,1,1514,1.0,True,False,False,True,False,True,1.0
NORT_ARTIC_4.1,9609,1800,582,13,7,1,2402,0.2968119262705844,True,False,False,True,False,True,1.0
NORT_ARTIC_4.1,9816,457,1330,1,15,1,1803,0.08767010041215849,True,False,False,True,False,True,0.9276649379251927
NORT_ARTIC_4.1,10163,1053,590,9,4,1,1656,0.78050588276579,True,False,False,True,False,True,1.0
NORT_ARTIC_4.1,10882,524,388,15,8,1,935,0.5262547279828842,True,True,False,False,False,True,1.0
NORT_ARTIC_4.1,11108,886,317,21,4,1,1228,0.3569543213392974,True,False,False,False,False,True,1.0
NORT_ARTIC_4.1,11629,206,857,3,14,1,1080,1.0,True,False,False,True,False,True,1.0
NORT_ARTIC_4.1,11750,1092,364,99,40,1,1595,0.3580789132641665,True,False,False,False,False,True,1.0
NORT_ARTIC_4.1,12610,953,1063,12,6,1,2034,0.1530799903360413,True,False,False,False,False,True,1.0
NORT_ARTIC_4.1,12658,843,295,19,6,1,1163,1.0,True,False,False,False,False,True,1.0
NORT_ARTIC_4.1,12886,1126,638,13,5,1,1782,0.6233594461266884,True,False,False,False,False,True,1.0
NORT_ARTIC_4.1,12933,1222,387,33,8,1,1650,0.5820513414926578,True,False,False,False,False,True,1.0
NORT_ARTIC_4.1,13131,324,1223,9,32,1,1588,0.8468099651787676,True,False,False,False,False,True,1.0
NORT_ARTIC_4.1,13739,88,203,3,4,1,298,0.44009438794392247,True,True,False,True,False,True,1.0
NORT_ARTIC_4.1,14187,917,337,15,4,1,1273,0.7946096982435302,True,False,False,False,False,True,1.0
NORT_ARTIC_4.1,14534,463,361,8,7,1,839,1.0,True,True,False,False,False,True,1.0
NORT_ARTIC_4.1,14549,278,297,4,5,1,584,1.0,True,True,False,True,False,True,1.0
NORT_ARTIC_4.1,15681,1944,527,23,6,1,2500,1.0,True,False,False,False,False,True,1.0
NORT_ARTIC_4.1,15875,783,1837,8,9,1,2637,0.18062763727971726,True,False,False,False,False,True,1.0
NORT_ARTIC_4.1,16190,1359,1066,9,8,1,2442,0.8109821033784606,True,False,False,False,False,True,1.0
NORT_ARTIC_4.1,16923,693,559,10,10,1,1272,0.6565326498846444,True,False,False,False,False,True,1.0
NORT_ARTIC_4.1,16924,701,596,8,7,1,1312,1.0,True,False,False,False,False,True,1.0
NORT_ARTIC_4.1,17264,835,1907,8,13,1,2763,0.47798939131813967,True,False,False,False,False,True,1.0
NORT_ARTIC_4.1,17573,428,1598,6,30,1,2062,0.6802060081584378,True,False,False,False,False,True,1.0
NORT_ARTIC_4.1,17617,329,1481,5,26,1,1841,1.0,True,False,False,False,False,True,1.0
NORT_ARTIC_4.1,17822,306,655,5,11,1,977,1.0,True,True,False,False,False,True,1.0
NORT_ARTIC_4.1,18110,193,284,1,1,1,479,1.0,True,True,False,True,False,True,1.0
NORT_ARTIC_4.1,18182,188,531,5,7,1,731,0.31806708282774054,True,True,False,True,False,True,1.0
NORT_ARTIC_4.1,19308,702,265,13,2,1,982,0.37903173365606624,True,True,False,True,False,True,1.0
NORT_ARTIC_4.1,19464,155,592,3,11,1,761,1.0,True,True,False,True,False,True,1.0
NORT_ARTIC_4.1,20226,1786,569,27,8,1,2390,1.0,True,False,False,False,False,True,1.0
NORT_ARTIC_4.1,20612,608,692,6,6,1,1312,1.0,True,False,False,False,False,True,1.0
NORT_ARTIC_4.1,21244,299,1045,3,13,1,1360,1.0,True,False,False,True,False,True,1.0
NORT_ARTIC_4.1,21957,1238,245,12,1,1,1496,0.7064787408997775,True,False,False,True,False,True,1.0
NORT_ARTIC_4.1,21958,1227,243,20,3,1,1493,1.0,True,False,False,True,False,True,1.0
NORT_ARTIC_4.1,22140,649,1591,9,16,1,2265,0.5062882370054985,True,False,False,False,False,True,1.0
NORT_ARTIC_4.1,24320,1169,358,15,4,1,1546,1.0,True,False,False,True,False,True,1.0
NORT_ARTIC_4.1,24557,830,523,14,8,1,1375,1.0,True,False,False,False,False,True,1.0
NORT_ARTIC_4.1,25090,932,675,14,4,1,1625,0.09872624596935875,True,False,False,False,False,True,0.951670477089875
NORT_ARTIC_4.1,25817,483,375,10,8,1,876,1.0,True,True,False,False,False,True,1.0
NORT_ARTIC_4.1,26649,661,446,7,5,1,1119,1.0,True,False,False,True,False,True,1.0
NORT_ARTIC_4.1,27802,2040,659,12,9,1,2720,0.07075753439689811,True,False,False,False,False,True,0.8506592604695657
NORT_ARTIC_4.1,28600,1416,429,17,6,1,1868,0.8038165721184845,True,False,False,False,False,True,1.0
NORT_ARTIC_4.1,29464,382,955,4,10,1,1351,1.0,True,False,False,True,False,True,1.0
NORT_ARTIC_4.1,701,214,160,0,0,1,374,1.0,True,True,True,True,False,True,1.0
NORT_ARTIC_4.1,3339,103,345,4,13,1,465,1.0,True,True,False,True,False,True,1.0
NORT_ARTIC_4.1,3827,29,18,3,3,1,53,0.6710614579648986,True,True,False,True,False,True,1.0
NORT_ARTIC_4.1,3832,31,20,2,2,1,55,1.0,True,True,False,True,False,True,1.0
NORT_ARTIC_4.1,5911,110,161,6,2,1,279,0.07023186606316127,True,True,False,True,False,True,0.8506592604695657
NORT_ARTIC_4.1,7174,65,12,9,2,1,88,1.0,True,True,False,True,False,True,1.0
NORT_ARTIC_4.1,8076,264,92,13,6,1,375,0.5952163537127315,True,True,False,True,False,True,1.0
NORT_ARTIC_4.1,8844,22,51,2,3,1,78,0.6404721878406089,True,True,False,True,False,True,1.0
NORT_ARTIC_4.1,10443,212,319,11,6,1,548,0.04707125295992371,True,True,False,False,False,True,0.7229733258150512
NORT_ARTIC_4.1,11421,356,134,14,4,1,508,0.7904637748720706,True,True,False,True,False,True,1.0
NORT_ARTIC_4.1,12583,352,282,5,10,1,649,0.11516078282190134,True,True,False,False,False,True,0.9861959664327338
NORT_ARTIC_4.1,13691,15,32,2,2,1,51,0.5929251700680274,True,True,False,True,False,True,1.0
NORT_ARTIC_4.1,14270,75,103,2,4,1,184,1.0,True,True,False,True,False,True,1.0
NORT_ARTIC_4.1,14742,105,21,3,2,1,131,0.211269267032348,True,True,False,True,False,True,1.0
NORT_ARTIC_4.1,15180,107,169,0,0,1,276,1.0,True,True,True,True,False,True,1.0
NORT_ARTIC_4.1,15501,35,109,4,8,1,156,0.49621050591476606,True,True,False,True,False,True,1.0
NORT_ARTIC_4.1,17521,150,120,1,0,1,271,1.0,True,True,True,True,False,True,1.0
NORT_ARTIC_4.1,17893,63,285,2,24,1,374,0.2805749536333919,True,True,False,True,False,True,1.0
NORT_ARTIC_4.1,18064,119,72,9,3,1,203,0.5409568418915316,True,True,False,True,False,True,1.0
NORT_ARTIC_4.1,19821,37,101,2,10,1,150,0.7321684258927739,True,True,False,True,False,True,1.0
NORT_ARTIC_4.1,20335,54,70,0,7,1,131,0.040954837042852195,True,True,True,True,False,True,0.6949636219446051
NORT_ARTIC_4.1,20418,68,153,2,4,1,227,1.0,True,True,False,True,False,True,1.0
NORT_ARTIC_4.1,23052,199,87,7,2,1,295,0.728304216368597,True,True,False,True,False,True,1.0
NORT_ARTIC_4.1,23788,8,27,1,2,1,38,1.0,True,True,False,True,False,True,1.0
NORT_ARTIC_4.1,23930,120,32,8,3,1,163,0.7037991136556647,True,True,False,True,False,True,1.0
NORT_ARTIC_4.1,27908,165,311,2,7,1,485,0.7250229669871334,True,True,False,True,False,True,1.0
NORT_ARTIC_4.1,27970,120,537,4,11,1,672,0.49622807027802507,True,True,False,True,False,True,1.0
NORT_ARTIC_4.1,29402,76,256,6,14,1,352,0.42675824838483895,True,True,False,True,False,True,1.0
NORT_ARTIC_4.1,518,98,68,6,5,1,177,0.7627677135766711,True,True,False,True,False,True,1.0
NORT_ARTIC_4.1,721,956,225,15,4,1,1200,0.771212797708422,True,False,False,True,False,True,1.0
NORT_ARTIC_4.1,884,497,928,14,25,1,1464,0.8666613197559713,True,False,False,False,False,True,1.0
NORT_ARTIC_4.1,920,340,1223,6,15,1,1584,0.4307891731889001,True,False,False,True,False,True,1.0
NORT_ARTIC_4.1,1687,1650,567,33,11,1,2261,1.0,True,False,False,False,False,True,1.0
NORT_ARTIC_4.1,1878,1653,1465,7,21,1,3146,0.00372579576231088,True,False,False,False,False,True,0.11868211917861116
NORT_ARTIC_4.1,3216,1549,501,20,9,1,2079,0.391019895192411,True,False,False,False,False,True,1.0
NORT_ARTIC_4.1,3646,404,1255,12,23,1,1694,0.2316402890505426,True,False,False,False,False,True,1.0
NORT_ARTIC_4.1,3997,19,102,2,3,1,126,0.19358226601832387,True,True,False,True,False,True,1.0
NORT_ARTIC_4.1,4346,578,551,10,5,1,1144,0.3014302882514779,True,False,False,False,False,True,1.0
NORT_ARTIC_4.1,4403,596,211,27,7,1,841,0.5532189122760938,True,True,False,False,False,True,1.0
NORT_ARTIC_4.1,5230,382,1304,10,26,1,1722,0.42905101415848257,True,False,False,False,False,True,1.0
NORT_ARTIC_4.1,5388,885,328,15,7,1,1235,0.6308312777631142,True,False,False,False,False,True,1.0
NORT_ARTIC_4.1,5526,221,949,23,87,1,1280,0.6119160104090502,True,False,False,False,False,True,1.0
NORT_ARTIC_4.1,5529,237,1010,5,9,1,1261,0.16163993029240262,True,False,False,True,False,True,1.0
NORT_ARTIC_4.1,6122,226,742,4,18,1,990,0.7987209163511659,True,True,False,False,False,True,1.0
NORT_ARTIC_4.1,6512,732,243,24,1,1,1000,0.015783447857002687,True,False,False,False,False,True,0.3472358528540591
NORT_ARTIC_4.1,7119,580,1058,12,11,1,1661,0.12342593170478411,True,False,False,False,False,True,0.9932539451400784
NORT_ARTIC_4.1,7735,846,1811,8,30,1,2695,0.21788639504348212,True,False,False,False,False,True,1.0
NORT_ARTIC_4.1,8082,1513,627,16,5,1,2161,0.8097793417030568,True,False,False,False,False,True,1.0
NORT_ARTIC_4.1,8278,349,1174,5,20,1,1548,1.0,True,False,False,False,False,True,1.0
NORT_ARTIC_4.1,9525,1268,771,7,19,1,2065,0.00036510418345743207,True,False,False,False,False,True,0.015087683689362532
NORT_ARTIC_4.1,10101,975,649,18,2,1,1644,0.0051746683156846315,True,False,False,False,False,True,0.15513858538591768
NORT_ARTIC_4.1,10388,511,1534,6,18,1,2069,1.0,True,False,False,False,False,True,1.0
NORT_ARTIC_4.1,10429,1536,1554,14,36,1,3140,0.0025041045202879616,True,False,False,False,False,True,0.08508390692267319
NORT_ARTIC_4.1,11075,1174,687,44,16,1,1921,0.133465620046201,True,False,False,False,False,True,1.0
NORT_ARTIC_4.1,11146,1366,458,39,9,1,1872,0.39852117395394404,True,False,False,False,False,True,1.0
NORT_ARTIC_4.1,11572,343,1043,11,25,1,1422,0.4363770831810299,True,False,False,False,False,True,1.0
NORT_ARTIC_4.1,11640,836,996,4,24,1,1860,0.0008246954008793983,True,False,False,False,False,True,0.030755104096209757
NORT_ARTIC_4.1,11843,561,855,10,15,1,1441,1.0,True,False,False,False,False,True,1.0
NORT_ARTIC_4.1,11931,339,1306,5,21,1,1671,1.0,True,False,False,False,False,True,1.0
NORT_ARTIC_4.1,12257,961,1312,9,31,1,2313,0.014385173407152492,True,False,False,False,False,True,0.3261768252836464
NORT_ARTIC_4.1,12633,1150,758,15,7,1,1930,0.5169158973709994,True,False,False,False,False,True,1.0
NORT_ARTIC_4.1,13813,1042,431,18,3,1,1494,0.1533950834535851,True,False,False,False,False,True,1.0
NORT_ARTIC_4.1,15154,454,477,11,16,1,958,0.44093200409565514,True,True,False,False,False,True,1.0
NORT_ARTIC_4.1,15467,150,410,8,10,1,578,0.10988458770540842,True,True,False,True,False,True,0.9748917504320357
NORT_ARTIC_4.1,15825,433,1572,4,11,1,2020,0.5453164132884681,True,False,False,True,False,True,1.0
NORT_ARTIC_4.1,17442,1879,468,24,6,1,2377,1.0,True,False,False,False,False,True,1.0
NORT_ARTIC_4.1,17548,758,1281,8,15,1,2062,1.0,True,False,False,False,False,True,1.0
NORT_ARTIC_4.1,18315,1784,619,17,4,1,2424,0.6201085375785873,True,False,False,False,False,True,1.0
NORT_ARTIC_4.1,18337,1848,451,16,4,1,2319,1.0,True,False,False,True,False,True,1.0
NORT_ARTIC_4.1,18472,693,1180,10,17,1,1900,1.0,True,False,False,False,False,True,1.0
NORT_ARTIC_4.1,18499,827,2017,10,18,1,2872,0.4125539905208183,True,False,False,False,False,True,1.0
NORT_ARTIC_4.1,18860,257,982,2,15,1,1256,0.5483047178162005,True,False,False,True,False,True,1.0
NORT_ARTIC_4.1,19617,1575,588,17,4,1,2184,0.4714815193855995,True,False,False,False,False,True,1.0
NORT_ARTIC_4.1,19731,641,864,10,15,1,1530,0.8413056408308748,True,False,False,False,False,True,1.0
NORT_ARTIC_4.1,19868,177,1118,4,13,1,1312,0.27680044463586306,True,False,False,True,False,True,1.0
NORT_ARTIC_4.1,20751,2070,1766,24,11,1,3871,0.09052204099430833,True,False,False,False,False,True,0.9415523855802547
NORT_ARTIC_4.1,21294,216,878,4,8,1,1106,0.27038772205384304,True,False,False,True,False,True,1.0
NORT_ARTIC_4.1,21445,1801,587,14,7,1,2409,0.4438965633365194,True,False,False,False,False,True,1.0
NORT_ARTIC_4.1,21698,895,316,21,5,1,1237,0.5056442412830661,True,False,False,False,False,True,1.0
NORT_ARTIC_4.1,21835,255,1040,4,7,1,1306,0.24356355530338997,True,False,False,True,False,True,1.0
NORT_ARTIC_4.1,21889,934,932,11,21,1,1898,0.10728853291121157,True,False,False,False,False,True,0.9731331642640071
NORT_ARTIC_4.1,21972,1666,416,13,2,1,2097,0.7489650415058972,True,False,False,True,False,True,1.0
NORT_ARTIC_4.1,22139,898,2039,6,14,1,2957,1.0,True,False,False,False,False,True,1.0
NORT_ARTIC_4.1,24622,278,391,12,13,1,694,0.5411622343392904,True,True,False,False,False,True,1.0
NORT_ARTIC_4.1,24896,861,332,10,11,1,1214,0.024303526933025586,True,False,False,False,False,True,0.48894858790258056
NORT_ARTIC_4.1,25088,980,890,17,3,1,1890,0.003178424707087705,True,False,False,False,False,True,0.10451207262660431
NORT_ARTIC_4.1,25158,1039,330,32,6,1,1407,0.3336633858322812,True,False,False,False,False,True,1.0
NORT_ARTIC_4.1,25502,402,464,13,21,1,900,0.3843953004665369,True,True,False,False,False,True,1.0
NORT_ARTIC_4.1,25522,319,465,3,9,1,796,0.37846899861237715,True,True,False,True,False,True,1.0
NORT_ARTIC_4.1,26313,985,2300,3,23,1,3311,0.05049207640582995,True,False,False,False,False,True,0.7387788021484593
NORT_ARTIC_4.1,27220,1585,437,10,6,1,2038,0.13211272880938893,True,False,False,True,False,True,1.0
NORT_ARTIC_4.1,27225,1618,442,21,4,1,2085,0.629487242324255,True,False,False,False,False,True,1.0
NORT_ARTIC_4.1,27297,1989,655,18,5,1,2667,1.0,True,False,False,False,False,True,1.0
NORT_ARTIC_4.1,27484,611,1613,7,38,1,2269,0.0900280687792112,True,False,False,False,False,True,0.9396103560642589
NORT_ARTIC_4.1,27782,1872,667,20,11,1,2570,0.3036269448051385,True,False,False,False,False,True,1.0
NORT_ARTIC_4.1,28452,426,1343,9,14,1,1792,0.1374234588768526,True,False,False,False,False,True,1.0
NORT_ARTIC_4.1,29274,739,254,10,2,1,1005,0.7405479984837139,True,False,False,True,False,True,1.0
NORT_ARTIC_4.1,2216,762,815,8,6,1,1591,0.5963886692206909,True,False,False,False,False,True,1.0
NORT_ARTIC_4.1,4645,298,264,7,2,1,571,0.1854518158146973,True,True,False,True,False,True,1.0
NORT_ARTIC_4.1,5094,969,318,7,4,1,1298,0.48075972230687736,True,False,False,True,False,True,1.0
NORT_ARTIC_4.1,5654,1589,569,9,6,1,2173,0.24465354171117681,True,False,False,True,False,True,1.0
NORT_ARTIC_4.1,6871,603,623,6,5,1,1237,0.7702626221118336,True,False,False,False,False,True,1.0
NORT_ARTIC_4.1,8085,550,183,9,1,1,743,0.4649042708448515,True,True,False,True,False,True,1.0
NORT_ARTIC_4.1,10042,220,648,0,0,1,868,1.0,True,True,True,True,False,True,1.0
NORT_ARTIC_4.1,10455,1395,1061,10,14,1,2480,0.1509024856793401,True,False,False,False,False,True,1.0
NORT_ARTIC_4.1,11046,790,682,8,5,1,1485,0.7813537799944512,True,False,False,False,False,True,1.0
NORT_ARTIC_4.1,12348,1222,276,10,2,1,1510,1.0,True,False,False,True,False,True,1.0
NORT_ARTIC_4.1,13244,1399,456,11,7,1,1873,0.17252998720611146,True,False,False,True,False,True,1.0
NORT_ARTIC_4.1,14033,293,1171,0,41,1,1505,0.00019052954935336238,True,False,True,False,False,True,0.008206188196092706
NORT_ARTIC_4.1,14165,512,223,7,3,1,745,1.0,True,True,False,True,False,True,1.0
NORT_ARTIC_4.1,17760,1112,477,10,10,1,1609,0.08250117513283753,True,False,False,False,False,True,0.9140891070877433
NORT_ARTIC_4.1,18373,1511,582,11,4,1,2108,1.0,True,False,False,True,False,True,1.0
NORT_ARTIC_4.1,24991,261,511,4,5,1,781,0.49736759211746645,True,True,False,True,False,True,1.0
NORT_ARTIC_4.1,25946,303,983,10,35,1,1331,1.0,True,False,False,False,False,True,1.0
NORT_ARTIC_4.1,29428,95,521,4,8,1,628,0.10467559193696262,True,True,False,True,False,True,0.9720780484920748
NORT_ARTIC_4.1,2254,1827,596,11,6,1,2440,0.39443040188835443,True,False,False,True,False,True,1.0
NORT_ARTIC_4.1,2298,1967,812,15,5,1,2799,0.808273725841971,True,False,False,False,False,True,1.0
NORT_ARTIC_4.1,3142,2918,1629,18,12,1,4577,0.7032171422360676,True,False,False,False,False,True,1.0
NORT_ARTIC_4.1,5026,3648,740,28,6,2,4422,0.8204010039981211,True,False,False,False,False,True,1.0
NORT_ARTIC_4.1,6572,1879,777,10,6,1,2672,0.5816105456445952,True,False,False,True,False,True,1.0
NORT_ARTIC_4.1,6618,1976,1003,30,17,1,3026,0.7563941112812539,True,False,False,False,False,True,1.0
NORT_ARTIC_4.1,7426,2730,1181,18,10,1,3939,0.538428427391408,True,False,False,False,False,True,1.0
NORT_ARTIC_4.1,10760,2049,3076,16,11,1,5152,0.04896510436118344,True,False,False,False,False,True,0.7268703356140727
NORT_ARTIC_4.1,12020,2963,1299,19,6,1,4287,0.6632329185705919,True,False,False,False,False,True,1.0
NORT_ARTIC_4.1,12021,2927,947,19,4,1,3897,0.6262586124911893,True,False,False,False,False,True,1.0
NORT_ARTIC_4.1,12023,2925,705,17,5,1,3652,0.5997246889222634,True,False,False,True,False,True,1.0
NORT_ARTIC_4.1,12054,3088,779,21,3,1,3891,0.4509676637335951,True,False,False,True,False,True,1.0
NORT_ARTIC_4.1,12271,1998,2873,15,17,1,4903,0.5893208729484487,True,False,False,False,False,True,1.0
NORT_ARTIC_4.1,12534,2369,3029,9,31,1,5438,0.006276525490134077,True,False,False,False,False,True,0.1777186569336112
NORT_ARTIC_4.1,12615,2810,2552,14,13,1,5389,1.0,True,False,False,False,False,True,1.0
NORT_ARTIC_4.1,13830,2789,977,21,9,1,3796,0.6757710198733329,True,False,False,False,False,True,1.0
NORT_ARTIC_4.1,15645,3698,829,21,5,1,4553,0.8032817867313617,True,False,False,True,False,True,1.0
NORT_ARTIC_4.1,15754,1637,1666,12,13,1,3328,1.0,True,False,False,False,False,True,1.0
NORT_ARTIC_4.1,16486,2666,2182,16,14,1,4878,0.8563316904864591,True,False,False,False,False,True,1.0
NORT_ARTIC_4.1,16692,699,2597,5,15,1,3316,0.5942524878102458,True,False,False,True,False,True,1.0
NORT_ARTIC_4.1,17164,1412,1474,9,15,1,2910,0.30864946077190236,True,False,False,False,False,True,1.0
NORT_ARTIC_4.1,17697,3346,2237,15,14,1,5612,0.447891072579505,True,False,False,False,False,True,1.0
NORT_ARTIC_4.1,18573,2219,2727,11,13,1,4970,1.0,True,False,False,False,False,True,1.0
NORT_ARTIC_4.1,18582,2505,2718,6,13,1,5242,0.17340302406397173,True,False,False,False,False,True,1.0
NORT_ARTIC_4.1,19139,1268,2721,10,16,1,4015,0.5268715613064017,True,False,False,False,False,True,1.0
NORT_ARTIC_4.1,19146,1251,2643,9,10,1,3913,0.2161221196231068,True,False,False,False,False,True,1.0
NORT_ARTIC_4.1,19745,1086,3066,7,15,1,4174,0.6264099426084262,True,False,False,False,False,True,1.0
NORT_ARTIC_4.1,20983,916,3529,11,20,1,4476,0.07093799116995622,True,False,False,False,False,True,0.8506592604695657
NORT_ARTIC_4.1,21439,2412,768,16,6,1,3202,0.8024950484787101,True,False,False,False,False,True,1.0
NORT_ARTIC_4.1,23335,2188,1422,21,10,1,3641,0.4652627549238929,True,False,False,False,False,True,1.0
NORT_ARTIC_4.1,24484,2465,3091,21,17,1,5594,0.19249746193507344,True,False,False,False,False,True,1.0
NORT_ARTIC_4.1,24498,2406,2950,11,15,1,5382,0.8454592722875072,True,False,False,False,False,True,1.0
NORT_ARTIC_4.1,1215,135,365,3,11,1,514,0.768552793963476,True,True,False,True,False,True,1.0
NORT_ARTIC_4.1,1641,414,163,8,3,1,588,1.0,True,True,False,True,False,True,1.0
NORT_ARTIC_4.1,1841,78,341,3,18,1,440,0.7782163761133697,True,True,False,True,False,True,1.0
NORT_ARTIC_4.1,2299,287,120,13,9,1,429,0.33867560203854774,True,True,False,False,False,True,1.0
NORT_ARTIC_4.1,6303,70,11,3,2,1,86,0.16241684230499118,True,True,False,True,False,True,1.0
NORT_ARTIC_4.1,7600,253,288,10,8,1,559,0.4823618493327271,True,True,False,False,False,True,1.0
NORT_ARTIC_4.1,8460,329,125,13,7,1,474,0.4529577342071563,True,True,False,False,False,True,1.0
NORT_ARTIC_4.1,9217,396,472,6,5,1,879,0.5616704136056945,True,True,False,False,False,True,1.0
NORT_ARTIC_4.1,9352,136,155,6,4,1,301,0.524836210459243,True,True,False,True,False,True,1.0
NORT_ARTIC_4.1,12171,114,228,5,6,1,353,0.5181554658193462,True,True,False,True,False,True,1.0
NORT_ARTIC_4.1,12695,69,75,9,13,1,166,0.6484383528670672,True,True,False,False,False,True,1.0
NORT_ARTIC_4.1,13004,226,139,12,11,1,388,0.3819203850646352,True,True,False,False,False,True,1.0
NORT_ARTIC_4.1,13860,303,85,0,0,1,388,1.0,True,True,True,True,False,True,1.0
NORT_ARTIC_4.1,14226,148,108,3,3,1,262,0.7003906425815649,True,True,False,True,False,True,1.0
NORT_ARTIC_4.1,15890,284,439,1,15,1,739,0.0073519978834391654,True,True,False,False,False,True,0.20014116484062094
NORT_ARTIC_4.1,16080,108,198,3,7,1,316,1.0,True,True,False,True,False,True,1.0
NORT_ARTIC_4.1,16322,111,187,3,8,1,309,0.7518976050341999,True,True,False,True,False,True,1.0
NORT_ARTIC_4.1,16428,337,329,6,19,1,691,0.012996353015325651,True,True,False,False,False,True,0.3033805154264568
NORT_ARTIC_4.1,19352,141,95,4,5,1,245,0.49255191351426203,True,True,False,True,False,True,1.0
NORT_ARTIC_4.1,20322,116,175,12,16,1,319,0.8406860483477753,True,True,False,False,False,True,1.0
NORT_ARTIC_4.1,21888,205,221,2,9,1,437,0.06611507530075954,True,True,False,False,False,True,0.8320160504926859
NORT_ARTIC_4.1,22005,359,107,6,3,1,475,0.43864207285474577,True,True,False,True,False,True,1.0
NORT_ARTIC_4.1,23358,246,64,8,1,1,319,0.6921411110336853,True,True,False,True,False,True,1.0
NORT_ARTIC_4.1,25186,335,97,16,6,1,454,0.6040514401579845,True,True,False,True,False,True,1.0
NORT_ARTIC_4.1,25685,260,243,1,1,1,505,1.0,True,True,False,True,False,True,1.0
NORT_ARTIC_4.1,25864,109,143,3,4,1,259,1.0,True,True,False,True,False,True,1.0
NORT_ARTIC_4.1,28665,467,165,15,3,1,650,0.5846516374329436,True,True,False,True,False,True,1.0
NORT_ARTIC_4.1,28943,160,53,7,1,1,221,0.682896270432795,True,True,False,True,False,True,1.0
NORT_ARTIC_4.1,1230,313,865,10,23,1,1211,0.6898785816128832,True,False,False,False,False,True,1.0
NORT_ARTIC_4.1,1421,327,153,6,3,1,489,1.0,True,True,False,True,False,True,1.0
NORT_ARTIC_4.1,2239,970,395,7,8,1,1380,0.04758087510408779,True,False,False,True,False,True,0.7229733258150512
NORT_ARTIC_4.1,4749,603,282,9,5,1,899,0.7762276824713996,True,True,False,True,False,True,1.0
NORT_ARTIC_4.1,5807,402,1326,4,13,1,1745,1.0,True,False,False,True,False,True,1.0
NORT_ARTIC_4.1,6866,1547,960,17,7,1,2531,0.4060271777799478,True,False,False,False,False,True,1.0
NORT_ARTIC_4.1,7685,723,1866,7,14,1,2610,0.6263863783490262,True,False,False,False,False,True,1.0
NORT_ARTIC_4.1,9235,1030,1028,12,8,1,2078,0.5013872938339544,True,False,False,False,False,True,1.0
NORT_ARTIC_4.1,9742,287,1169,8,27,1,1491,0.6673028422151945,True,False,False,False,False,True,1.0
NORT_ARTIC_4.1,10755,732,949,9,14,1,1704,0.8329200886443471,True,False,False,False,False,True,1.0
NORT_ARTIC_4.1,11399,997,755,10,4,1,1766,0.41727930626620263,True,False,False,False,False,True,1.0
NORT_ARTIC_4.1,11729,1095,313,13,3,1,1424,1.0,True,False,False,True,False,True,1.0
NORT_ARTIC_4.1,12110,684,357,13,6,1,1060,1.0,True,False,False,False,False,True,1.0
NORT_ARTIC_4.1,13419,213,738,2,12,1,965,0.7466194264291617,True,True,False,True,False,True,1.0
NORT_ARTIC_4.1,13829,941,292,16,5,1,1254,1.0,True,False,False,True,False,True,1.0
NORT_ARTIC_4.1,16964,612,1550,13,31,1,2206,0.8663420669478169,True,False,False,False,False,True,1.0
NORT_ARTIC_4.1,17620,287,1318,5,9,1,1619,0.15142059378134923,True,False,False,True,False,True,1.0
NORT_ARTIC_4.1,18027,434,145,9,3,1,591,1.0,True,True,False,True,False,True,1.0
NORT_ARTIC_4.1,18028,434,146,10,4,1,594,0.759198415171969,True,True,False,True,False,True,1.0
NORT_ARTIC_4.1,19023,1043,417,22,8,1,1490,1.0,True,False,False,False,False,True,1.0
NORT_ARTIC_4.1,19055,603,443,7,5,1,1058,1.0,True,False,False,False,False,True,1.0
NORT_ARTIC_4.1,20471,90,812,1,12,1,915,1.0,True,True,False,True,False,True,1.0
NORT_ARTIC_4.1,21383,903,249,15,5,1,1172,0.783748042008328,True,False,False,True,False,True,1.0
NORT_ARTIC_4.1,22195,640,1176,6,11,1,1833,1.0,True,False,False,False,False,True,1.0
NORT_ARTIC_4.1,22209,612,1126,9,7,1,1754,0.1122746345916944,True,False,False,False,False,True,0.9761073099427413
NORT_ARTIC_4.1,22385,77,286,3,6,1,372,0.4113123688468407,True,True,False,True,False,True,1.0
NORT_ARTIC_4.1,24143,205,862,5,17,1,1089,0.5948735740909648,True,False,False,True,False,True,1.0
NORT_ARTIC_4.1,25167,749,222,10,3,1,984,1.0,True,True,False,True,False,True,1.0
NORT_ARTIC_4.1,26191,724,964,11,7,1,1706,0.15156979884535254,True,False,False,False,False,True,1.0
NORT_ARTIC_4.1,26240,558,2439,2,25,1,3024,0.20942977895245904,True,False,False,False,False,True,1.0
NORT_ARTIC_4.1,26716,829,202,11,3,1,1045,0.7442287554278735,True,False,False,True,False,True,1.0
NORT_ARTIC_4.1,27897,408,716,6,7,1,1137,0.5639795211346499,True,False,False,True,False,True,1.0
NORT_ARTIC_4.1,28666,794,256,11,3,1,1064,1.0,True,False,False,True,False,True,1.0
