centre_protocol,position,a_major_fw,b_major_rv,c_minor_fw,d_minor_rv,sample_count,total_reads,p_combined,low_sample_flag,low_reads_flag,zero_cell_flag,low_expected_flag,pseudo_count_flag,underpowered_flag,q_value
PHEC_ARTIC_3,492,4431,2952,1251,1592,1,10226,5.447397684657921e-48,True,False,False,False,False,True,3.030473343517591e-46
PHEC_ARTIC_3,3037,210245,218630,35,118,95,429028,3.663853911467512e-11,False,False,False,False,False,False,5.695137624148764e-10
PHEC_ARTIC_3,4181,471813,94505,50,295,85,566663,3.9708485116732264e-173,False,False,False,False,False,False,6.457210579751692e-171
PHEC_ARTIC_3,6402,134977,304799,39,113,94,439928,0.18797636686279254,False,False,False,False,False,False,0.4277524645295408
PHEC_ARTIC_3,7124,292016,39034,58,21,81,331129,0.0002990220303895458,False,False,False,False,False,False,0.0023325925175036893
PHEC_ARTIC_3,8986,574053,53781,78,13,94,627925,0.05960162914351466,False,False,False,False,False,False,0.1802544263367525
PHEC_ARTIC_3,9053,196386,169984,76,11,93,366457,3.286162090125038e-11,False,False,False,False,False,False,5.145886413721726e-10
PHEC_ARTIC_3,10029,136176,362835,27,139,94,499177,0.0011797160691223087,False,False,False,False,False,False,0.007350304723738875
PHEC_ARTIC_3,11201,274563,511658,118,205,93,786544,0.559520099733568,False,False,False,False,False,False,0.8378966570691977
PHEC_ARTIC_3,11332,362728,1083451,80,144,93,1446403,0.00037663433306905664,False,False,False,False,False,False,0.0027742333801671977
PHEC_ARTIC_3,14408,424569,219514,268,175,96,644526,0.01834637389830549,False,False,False,False,False,False,0.07090353641867973
PHEC_ARTIC_3,15451,80348,370827,22,100,97,451297,0.9061112516210659,False,False,False,False,False,False,1.0
PHEC_ARTIC_3,16466,440821,248813,169,93,97,689896,0.8976490840911433,False,False,False,False,False,False,1.0
PHEC_ARTIC_3,19220,88066,688804,155,296,80,777321,5.647206106061106e-38,False,False,False,False,False,False,2.4871236892110784e-36
PHEC_ARTIC_3,19269,1680,12933,6,87,2,14706,0.14280682885294216,True,False,False,False,False,True,0.3494139307813886
PHEC_ARTIC_3,21618,78413,201601,28,45,97,280087,0.06681545426790919,False,False,False,False,False,False,0.1964504455109319
PHEC_ARTIC_3,21647,409,586,0,1,1,996,1.0,True,True,True,True,False,True,1.0
PHEC_ARTIC_3,21987,37812,20228,11638,12190,72,81868,0.0,False,False,False,False,False,False,0.0
PHEC_ARTIC_3,22311,1042,640,1,2,2,1685,0.5616891697142653,True,False,False,True,False,True,0.8403474202236071
PHEC_ARTIC_3,22458,298,300,0,0,1,598,1.0,True,True,True,True,False,True,1.0
PHEC_ARTIC_3,22917,98820,15628,102,32,91,114582,0.0014437373339610503,False,False,False,False,False,False,0.008695329697987636
PHEC_ARTIC_3,22995,45389,42724,18,8,92,88139,0.07895169153837125,False,False,False,False,False,False,0.22453342597006612
PHEC_ARTIC_3,23401,6535,23350,66,208,2,30159,0.37861146957432057,True,False,False,False,False,True,0.6852608276370837
PHEC_ARTIC_3,23403,245676,747079,87,183,97,993025,0.005826607456798924,False,False,False,False,False,False,0.027190834798394983
PHEC_ARTIC_3,23604,302373,152697,174,55,95,455299,0.0020156572235201327,False,False,False,False,False,False,0.011183987849137954
PHEC_ARTIC_3,25469,323556,509844,35,97,97,833532,0.004081347157427406,False,False,False,False,False,False,0.02054278069238461
PHEC_ARTIC_3,26767,186686,342902,38,83,97,529709,0.3935386932330732,False,False,False,False,False,False,0.6966186391135039
PHEC_ARTIC_3,27638,34383,27879,39,7,76,62308,3.682035619112565e-05,False,False,False,False,False,False,0.0003554257214065736
PHEC_ARTIC_3,27752,16974,65875,1,11,79,82861,0.47981889285932455,False,False,False,True,False,True,0.7737125396678963
PHEC_ARTIC_3,27874,305742,33678,64,5,90,339489,0.6848598217002502,False,False,False,False,False,False,0.9310570180542308
PHEC_ARTIC_3,27941,4146,6623,46,54,2,10869,0.14807804382392342,True,False,False,False,False,True,0.3592175095908197
PHEC_ARTIC_3,28461,186500,32023,4299,2255,57,225077,0.0,False,False,False,False,False,False,0.0
PHEC_ARTIC_3,28881,112623,145064,37,99,97,257823,8.832769531069294e-05,False,False,False,False,False,False,0.0008013937677545273
PHEC_ARTIC_3,28916,75111,140091,47,325,94,215574,3.0664182365377786e-22,False,False,False,False,False,False,8.529484410580084e-21
PHEC_ARTIC_3,29402,334865,63206,122,8,96,398201,0.001111363554991115,False,False,False,False,False,False,0.006992329033485766
PHEC_ARTIC_3,526,49376,39542,688,608,6,90214,0.08093300112544964,True,False,False,False,False,True,0.22842772280267096
PHEC_ARTIC_3,1942,1545,1615,5,0,1,3165,0.02807748041793972,True,False,True,True,False,True,0.09975763630844466
PHEC_ARTIC_3,5401,3062,2172,4,4,1,5242,0.7256189972430931,True,False,False,True,False,True,0.9640557996398275
PHEC_ARTIC_3,5437,11350,4651,78,9,3,16088,4.2397948062140574e-05,True,False,False,False,False,True,0.00040373541533047374
PHEC_ARTIC_3,7768,1682,706,1,0,1,2389,1.0,True,False,True,True,False,True,1.0
PHEC_ARTIC_3,9817,732,1571,0,0,1,2303,1.0,True,False,True,True,False,True,1.0
PHEC_ARTIC_3,22314,5404,1280,7,0,4,6691,0.3593334041557271,True,False,True,True,False,True,0.6634330274106612
PHEC_ARTIC_3,24386,491,1148,0,2,1,1641,1.0,True,False,True,True,False,True,1.0
PHEC_ARTIC_3,28086,276,1704,28,102,1,2110,0.020367932001792485,True,False,False,False,False,True,0.07655857275992443
PHEC_ARTIC_3,28378,6139,19918,1684,4765,4,32506,2.018022030340222e-05,True,False,False,False,False,True,0.00020508102903303511
PHEC_ARTIC_3,7798,6863,2800,43,24,1,9730,0.22526164030612228,True,False,False,False,False,True,0.4894173767802081
PHEC_ARTIC_3,7851,85576,117409,142,208,71,203335,0.5880867140395413,False,False,False,False,False,False,0.85916745921188
PHEC_ARTIC_3,10681,15224,26070,78,340,3,41712,7.770725551359743e-16,True,False,False,False,False,True,1.5795494053437015e-14
PHEC_ARTIC_3,10833,12395,11176,19,20,1,23610,0.6346076197220453,True,False,False,False,False,True,0.8908104303402415
PHEC_ARTIC_3,11750,5812,13813,142,211,1,19978,2.835203954024393e-05,True,False,False,False,False,True,0.0002800757550844658
PHEC_ARTIC_3,12180,15643,13652,183,209,1,29687,0.009272567035390816,True,False,False,False,False,True,0.040789804698566696
PHEC_ARTIC_3,16173,9676,9434,18,52,1,19180,3.313059720358553e-05,True,False,False,False,False,True,0.0003242503818906473
PHEC_ARTIC_3,17040,32048,108166,102,487,31,140803,0.0011502017547631632,False,False,False,False,False,False,0.007215212194567736
PHEC_ARTIC_3,21595,2689,6414,35,140,2,9278,0.005565131944976183,True,False,False,False,False,True,0.026260466365356366
PHEC_ARTIC_3,21846,33638,31824,21,23,55,65506,0.6534396015278112,False,False,False,False,False,False,0.9070572721562028
PHEC_ARTIC_3,22304,3195,3144,28,1,1,6368,1.1139770277222422e-07,True,False,False,False,False,True,1.435943558905378e-06
PHEC_ARTIC_3,25273,997,9584,12,182,2,10775,0.1360365998238428,True,False,False,False,False,True,0.33753682162864285
PHEC_ARTIC_3,25314,18131,2720,76,131,3,21058,2.460693521196243e-62,True,False,False,False,False,True,1.7339687012696193e-60
PHEC_ARTIC_3,26720,61225,37219,956,642,14,100042,0.054365465818422984,False,False,False,False,False,False,0.1660817843065696
PHEC_ARTIC_3,27657,1357,1399,1,0,1,2757,0.4925643815741748,True,False,True,True,False,True,0.7881519929150237
PHEC_ARTIC_3,28357,1538,8766,78,606,1,10988,0.01199784491776759,True,False,False,False,False,True,0.050701883331778934
PHEC_ARTIC_3,2468,8340,13686,272,565,2,22863,0.0015638073193536164,True,False,False,False,False,True,0.009157586352115082
PHEC_ARTIC_3,4809,4356,6636,47,113,1,11152,0.008964247176499403,True,False,False,False,False,True,0.03997978593063236
PHEC_ARTIC_3,5895,4688,4472,452,165,1,9777,2.0290361854841842e-27,True,False,False,False,False,True,6.702160150177446e-26
PHEC_ARTIC_3,6352,7739,7394,1,2,3,15136,0.6166489204830992,True,False,False,True,False,True,0.8807507483102706
PHEC_ARTIC_3,10201,6924,2911,162,52,1,10049,0.09582108511360218,True,False,False,False,False,True,0.263072433675526
PHEC_ARTIC_3,15012,2551,1918,27,8,1,4504,0.016472911295355937,True,False,False,False,False,True,0.06550977869462367
PHEC_ARTIC_3,24410,23435,70177,27794,14855,35,136261,0.0,False,False,False,False,False,False,0.0
PHEC_ARTIC_3,25317,7032,880,50,48,2,8010,3.1388364005249443e-20,True,False,False,False,False,True,8.191975494703373e-19
PHEC_ARTIC_3,25325,82431,3619,2138,12,20,88200,4.381402490767683e-25,False,False,False,False,False,False,1.3423601254323018e-23
PHEC_ARTIC_3,25947,8042,10499,0,12,3,18553,0.0018219211219696134,True,False,True,False,False,True,0.010348637532708451
PHEC_ARTIC_3,29468,2312,4979,129,175,1,7595,0.00012560956367813707,True,False,False,False,False,True,0.0011018199901061485
PHEC_ARTIC_3,740,12851,4732,903,484,2,18970,3.8070470608347023e-10,True,False,False,False,False,True,5.628040200422769e-09
PHEC_ARTIC_3,1113,2589,3316,27,56,1,5988,0.04448970992042089,True,False,False,False,False,True,0.14164344393338818
PHEC_ARTIC_3,1166,1774,5709,21,110,1,7614,0.04779453752723048,True,False,False,False,False,True,0.15013024120737775
PHEC_ARTIC_3,1332,526,199,14,0,1,739,0.015268313552961914,True,True,True,True,False,True,0.06148040923992665
PHEC_ARTIC_3,1349,1060,102,59,5,2,1226,1.0,True,False,False,False,False,True,1.0
PHEC_ARTIC_3,1628,1082,163,17,5,1,1267,0.19849875508037623,True,False,False,True,False,True,0.4478403076199737
PHEC_ARTIC_3,1884,216,1960,2,64,2,2242,0.08666405539336869,True,False,False,False,False,True,0.24201824716193054
PHEC_ARTIC_3,2232,1133,67,0,0,1,1200,1.0,True,False,True,True,False,True,1.0
PHEC_ARTIC_3,2388,540,649,0,0,1,1189,1.0,True,False,True,True,False,True,1.0
PHEC_ARTIC_3,2859,2603,50,81,0,1,2734,0.402457055891601,True,False,True,True,False,True,0.7012262676208224
PHEC_ARTIC_3,4278,322,1151,16,49,1,1538,0.6458292397762846,True,False,False,False,False,True,0.901176906196083
PHEC_ARTIC_3,4605,89,1891,1,24,1,2005,1.0,True,False,False,True,False,True,1.0
PHEC_ARTIC_3,5008,511,49,7,7,1,574,0.00011686432163214649,True,True,False,True,False,True,0.0010336869285789024
PHEC_ARTIC_3,5184,2547,4438,0,5,3,6990,0.1660464218305273,True,False,True,True,False,True,0.39132902536202313
PHEC_ARTIC_3,5236,55,436,1,14,1,506,1.0,True,True,False,True,False,True,1.0
PHEC_ARTIC_3,5534,185,2694,1,38,1,2918,0.5128995884312361,True,False,False,True,False,True,0.8025682679079444
PHEC_ARTIC_3,6071,212,239,7,9,1,467,1.0,True,True,False,False,False,True,1.0
PHEC_ARTIC_3,6408,10845,26561,19,103,6,37528,0.0008770886447105703,True,False,False,False,False,True,0.0056694346025021975
PHEC_ARTIC_3,6866,390,461,1,37,3,889,7.712021633794828e-09,True,True,False,False,False,True,1.0253593543297022e-07
PHEC_ARTIC_3,7666,1369,307,54,1,1,1731,0.00045436741137112847,True,False,False,False,False,True,0.0032560430767409002
PHEC_ARTIC_3,7945,43,2875,2,84,1,3004,0.3712022858073452,True,False,False,True,False,True,0.6781562215387243
PHEC_ARTIC_3,8346,5969,821,132,13,2,6935,0.30177347205084887,True,False,False,False,False,True,0.6035469441016977
PHEC_ARTIC_3,8373,1950,1170,38,26,1,3184,0.6045110358373557,True,False,False,False,False,True,0.8699362353711163
PHEC_ARTIC_3,8387,1663,1463,32,43,1,3201,0.0791355668814679,True,False,False,False,False,True,0.22455380991600424
PHEC_ARTIC_3,8651,1270,3199,7,164,12,4640,7.60163761941793e-16,False,False,False,False,False,False,1.5601807696552915e-14
PHEC_ARTIC_3,8928,1383,79,25,0,1,1487,0.6396281513990133,True,False,True,True,False,True,0.8966670504360172
PHEC_ARTIC_3,8964,4044,91,64,0,1,4199,0.40396215685638814,True,False,True,True,False,True,0.7022828944032933
PHEC_ARTIC_3,9038,1717,577,22,3,1,2319,0.16521898170122773,True,False,False,False,False,True,0.3898135349513342
PHEC_ARTIC_3,9225,285,2506,2,32,1,2825,0.5724418084849701,True,False,False,True,False,True,0.848032223642065
PHEC_ARTIC_3,9246,727,5444,13,196,3,6380,0.01121167423307736,True,False,False,False,False,True,0.04768909321675159
PHEC_ARTIC_3,9891,62322,9089,12,3,4,71426,0.42634411004567546,True,False,False,True,False,True,0.7231612189950203
PHEC_ARTIC_3,9964,1700,1420,25,18,1,3163,0.64792985399935,True,False,False,False,False,True,0.902997322465719
PHEC_ARTIC_3,10207,6975,1280,147,28,1,8430,0.8330940151804599,True,False,False,False,False,True,1.0
PHEC_ARTIC_3,10453,1586,200,27,6,1,1819,0.25867045046704507,True,False,False,True,False,True,0.5424894169517195
PHEC_ARTIC_3,10818,99,286,2,9,1,396,0.7365770758422889,True,True,False,True,False,True,0.9722788749455271
PHEC_ARTIC_3,11418,6461,753,1,0,3,7215,1.0,True,False,True,True,False,True,1.0
PHEC_ARTIC_3,11514,6040,2964,1,0,3,9005,1.0,True,False,True,True,False,True,1.0
PHEC_ARTIC_3,11820,485,5139,14,83,1,5721,0.06574571361550156,True,False,False,False,False,True,0.19465731146486942
PHEC_ARTIC_3,11850,218,5223,5,73,1,5519,0.2457196577228863,True,False,False,True,False,True,0.5216545962034679
PHEC_ARTIC_3,11853,214,4978,5,179,1,5376,0.44783940345429885,True,False,False,False,False,True,0.7454586605530612
PHEC_ARTIC_3,12747,1144,5517,0,1,1,6662,1.0,True,False,True,True,False,True,1.0
PHEC_ARTIC_3,13019,11499,1694,786,1817,3,15796,0.0,True,False,False,False,False,True,0.0
PHEC_ARTIC_3,13059,7057,1571,165,36,1,8829,1.0,True,False,False,False,False,True,1.0
PHEC_ARTIC_3,13199,4144,3396,88,85,1,7713,0.31517941378474323,True,False,False,False,False,True,0.6185060206833145
PHEC_ARTIC_3,13216,3861,3629,81,74,1,7645,0.8713947709470582,True,False,False,False,False,True,1.0
PHEC_ARTIC_3,13308,2759,18936,45,498,2,22238,0.0016276014586965415,True,False,False,False,False,True,0.009478648715384267
PHEC_ARTIC_3,13378,3829,61106,15,1149,15,66099,4.469135500599653e-15,False,False,False,False,False,False,8.511488692133034e-14
PHEC_ARTIC_3,14122,1988,3734,67,112,1,5901,0.47368320365568384,True,False,False,False,False,True,0.7679189359878187
PHEC_ARTIC_3,14432,2445,2685,47,46,1,5223,0.6016995700465204,True,False,False,False,False,True,0.8682545331592794
PHEC_ARTIC_3,14536,1074,7490,12,131,1,8707,0.15974041254231353,True,False,False,False,False,True,0.3811413455016374
PHEC_ARTIC_3,14649,3505,1401,120,42,1,5068,0.5356660784851943,True,False,False,False,False,True,0.8202815643466622
PHEC_ARTIC_3,14767,1224,2953,38,63,1,4278,0.07718634293209456,True,False,False,False,False,True,0.22020503233258829
PHEC_ARTIC_3,14829,962,8327,60,537,2,9886,0.8896535674990793,True,False,False,False,False,True,1.0
PHEC_ARTIC_3,15579,34030,5916,5730,935,2,46611,0.09635028303068986,True,False,False,False,False,True,0.26357833654523855
PHEC_ARTIC_3,16111,1057,10821,76,541,2,12495,0.006121693711840313,True,False,False,False,False,True,0.028442330784242686
PHEC_ARTIC_3,16231,2168,221,29,6,2,2424,0.13385562517819646,True,False,False,True,False,True,0.3341786749596845
PHEC_ARTIC_3,17123,13625,1464,90,8,1,15187,0.7328147228786217,True,False,False,False,False,True,0.9688369757131996
PHEC_ARTIC_3,17157,19588,743,116,7,1,20454,0.22293250686930668,True,False,False,True,False,True,0.486356366895474
PHEC_ARTIC_3,17304,2566,6397,18,60,1,9041,0.3153520135504204,True,False,False,False,False,True,0.6185060206833145
PHEC_ARTIC_3,17333,1322,6163,11,78,1,7574,0.21017907516849302,True,False,False,False,False,True,0.4667211816241536
PHEC_ARTIC_3,17334,1311,5497,10,76,1,6894,0.09637940120599309,True,False,False,False,False,True,0.26357833654523855
PHEC_ARTIC_3,17491,2787,368,29,4,1,3188,0.7897581189130177,True,False,False,True,False,True,1.0
PHEC_ARTIC_3,17581,1084,984,15,11,1,2094,0.6941584240899366,True,False,False,False,False,True,0.9382678443261675
PHEC_ARTIC_3,18504,2044,4162,69,186,1,6461,0.056292830795197445,True,False,False,False,False,True,0.17144151842220048
PHEC_ARTIC_3,18562,1089,6702,31,301,1,8123,0.014637810658834492,True,False,False,False,False,True,0.05962583028975047
PHEC_ARTIC_3,18854,1302,7146,25,113,1,8586,0.4050659069828583,True,False,False,False,False,True,0.7035022354236775
PHEC_ARTIC_3,19118,2088,2920,45,95,1,5148,0.023797263098978533,True,False,False,False,False,True,0.08703704877377269
PHEC_ARTIC_3,19247,173,6214,2,140,1,6529,0.5931193829140131,True,False,False,True,False,True,0.8617555845224906
PHEC_ARTIC_3,19723,1953,721,63,11,2,2748,0.02258421779900361,True,False,False,False,False,True,0.0831760216499889
PHEC_ARTIC_3,20632,715,248,43,8,1,1014,0.1356417693186447,True,False,False,False,False,True,0.3369972262426423
PHEC_ARTIC_3,20692,308,491,6,35,1,840,0.0014892652886216368,True,True,False,False,False,True,0.008870778321867568
PHEC_ARTIC_3,20703,271,591,0,0,1,862,1.0,True,True,True,True,False,True,1.0
PHEC_ARTIC_3,20892,7456,801,113,4,1,8374,0.01714435219277271,True,False,False,False,False,True,0.0673069401143391
PHEC_ARTIC_3,20936,4657,895,171,45,1,5768,0.07392351437389165,True,False,False,False,False,True,0.21232922470979207
PHEC_ARTIC_3,20937,4758,926,58,11,1,5753,1.0,True,False,False,False,False,True,1.0
PHEC_ARTIC_3,21137,1132,17710,7,237,5,19086,0.040020541016795086,True,False,False,False,False,True,0.1315760866399764
PHEC_ARTIC_3,22335,348,9,0,0,1,357,1.0,True,True,True,True,False,True,1.0
PHEC_ARTIC_3,22551,3824,388,106,1,1,4319,0.0008665805176289584,True,False,False,False,False,True,0.005636772966977286
PHEC_ARTIC_3,22689,16129,11770,318,247,3,28464,0.4649785841113123,True,False,False,False,False,True,0.7596805579369643
PHEC_ARTIC_3,22792,6157,32513,6,41,4,38717,0.6913561954495984,True,False,False,False,False,True,0.9362761032546131
PHEC_ARTIC_3,22857,168,7320,0,114,1,7602,0.1844107101418609,True,False,True,True,False,True,0.4223664585480974
PHEC_ARTIC_3,23128,190,133,62,3,6,388,4.992951859210878e-10,True,True,False,False,False,True,7.279379469221929e-09
PHEC_ARTIC_3,23202,14978,491,329,11,2,15809,0.8757313736028208,True,False,False,False,False,True,1.0
PHEC_ARTIC_3,23255,7624,1781,92,25,1,9522,0.4782685382881019,True,False,False,False,False,True,0.7735728308653768
PHEC_ARTIC_3,23286,4941,2594,66,23,1,7624,0.09313117528820555,True,False,False,False,False,True,0.2570225908084419
PHEC_ARTIC_3,23486,1202,9355,2,92,1,10651,0.001665906058979834,True,False,False,False,False,True,0.00959598204000918
PHEC_ARTIC_3,23738,124,2737,6,72,1,2939,0.15646489488971854,True,False,False,True,False,True,0.3750032572021846
PHEC_ARTIC_3,23816,510,806,6,12,1,1334,0.8086899500122527,True,False,False,False,False,True,1.0
PHEC_ARTIC_3,24282,697,860,16,25,1,1598,0.5261872309102416,True,False,False,False,False,True,0.811941464338869
PHEC_ARTIC_3,24776,21652,637,370,1,1,22660,0.0006514999230721632,True,False,False,False,False,True,0.004386212857880743
PHEC_ARTIC_3,25207,1152,5106,70,239,3,6567,0.0719070637704784,True,False,False,False,False,True,0.2082349764531388
PHEC_ARTIC_3,25350,27293,1089,943,45,2,29370,0.23976804608295127,True,False,False,False,False,True,0.513993370732746
PHEC_ARTIC_3,25459,3754,4709,0,0,1,8463,1.0,True,False,True,True,False,True,1.0
PHEC_ARTIC_3,25667,1433,7006,3,153,5,8595,3.212575474202938e-09,True,False,False,False,False,True,4.527589701643341e-08
PHEC_ARTIC_3,26256,212,94,7,0,1,313,0.1071831361503598,True,True,True,True,False,True,0.2832314372773258
PHEC_ARTIC_3,27167,3886,777,79,3,1,4745,0.00046809551158647525,True,False,False,False,False,True,0.003300096421589144
PHEC_ARTIC_3,27367,1183,3018,17,68,2,4286,0.11234735073873245,True,False,False,False,False,True,0.29357515384632926
PHEC_ARTIC_3,27434,248,5154,4,198,1,5604,0.0832735179175779,True,False,False,False,False,True,0.23440774550966667
PHEC_ARTIC_3,27481,1077,14271,19,342,4,15709,0.24887375738452178,True,False,False,False,False,True,0.5266457688797588
PHEC_ARTIC_3,27509,263,4025,0,141,2,4429,0.0003588973878416564,True,False,True,False,False,True,0.002709675278204506
PHEC_ARTIC_3,27914,1883,700,28,12,1,2623,0.7204002425355226,True,False,False,False,False,True,0.9599850135805535
PHEC_ARTIC_3,27970,1050,2000,23,49,1,3122,0.7080091768408125,True,False,False,False,False,True,0.9491004437802649
PHEC_ARTIC_3,28197,7314,980,86,13,1,8393,0.6395087131077838,True,False,False,False,False,True,0.8966670504360172
PHEC_ARTIC_3,28318,1546,5262,35,103,1,6946,0.4729296381174653,True,False,False,False,False,True,0.7676634806587892
PHEC_ARTIC_3,28609,753,2736,7,28,1,3524,1.0,True,False,False,False,False,True,1.0
PHEC_ARTIC_3,28690,545,4038,5,44,1,4632,1.0,True,False,False,False,False,True,1.0
PHEC_ARTIC_3,28692,547,4339,6,74,1,4966,0.3714781951475131,True,False,False,False,False,True,0.6781562215387243
PHEC_ARTIC_3,28771,731,2311,0,79,4,3121,8.93622211037728e-10,True,False,True,False,False,True,1.2939159959820255e-08
PHEC_ARTIC_3,2839,9260,2125,245,5,10,11635,4.821672360015217e-16,False,False,False,False,False,False,1.009209442482393e-14
PHEC_ARTIC_3,3117,284,3639,2,36,1,3961,1.0,True,False,False,True,False,True,1.0
PHEC_ARTIC_3,5260,5362,47399,47,1472,24,54280,3.9880374772613587e-25,False,False,False,False,False,False,1.2398104745486047e-23
PHEC_ARTIC_3,6582,5884,545,38,5,1,6472,0.4093323954645855,True,False,False,True,False,True,0.7071563516832893
PHEC_ARTIC_3,6822,594,7959,2,88,1,8643,0.09152703366305402,True,False,False,False,False,True,0.25325673974305785
PHEC_ARTIC_3,7654,1933,894,25,19,1,2871,0.10533423058211085,True,False,False,False,False,True,0.280585626858229
PHEC_ARTIC_3,8241,2007,3845,18,31,1,5901,0.7630043211052889,True,False,False,False,False,True,0.9926099291178958
PHEC_ARTIC_3,8277,1748,5741,3,44,1,7536,0.004724451528017249,True,False,False,False,False,True,0.023280863706826256
PHEC_ARTIC_3,8802,446,441,0,1,2,888,0.4977477477477477,True,True,True,True,False,True,0.7923965171139142
PHEC_ARTIC_3,10373,4375,51882,16,358,3,56631,0.008672157165947263,True,False,False,False,False,True,0.03892344001871022
PHEC_ARTIC_3,11083,176987,15168,5197,810,21,198162,2.261792908876606e-47,False,False,False,False,False,False,1.1953575523412863e-45
PHEC_ARTIC_3,11675,2686,2693,36,12,1,5427,0.0006821149536212171,True,False,False,False,False,True,0.00457774924430239
PHEC_ARTIC_3,12971,273,1091,6,23,1,1393,1.0,True,False,False,False,False,True,1.0
PHEC_ARTIC_3,13172,8330,4162,69,29,2,12590,0.5185716584898045,True,False,False,False,False,True,0.8057032066154862
PHEC_ARTIC_3,14573,4843,3282,19,30,1,8174,0.004990571972696183,True,False,False,False,False,True,0.024365055774318085
PHEC_ARTIC_3,15540,11345,2086,61,11,1,13503,1.0,True,False,False,False,False,True,1.0
PHEC_ARTIC_3,18255,5325,37602,20,95,3,43042,0.1176879031318136,True,False,False,False,False,True,0.30340515514713895
PHEC_ARTIC_3,18570,390,3952,2,36,1,4380,0.5756657435479118,True,False,False,True,False,True,0.8498305739247805
PHEC_ARTIC_3,18723,4844,805,88,7,1,5744,0.054110434591282563,True,False,False,False,False,True,0.16554190843121758
PHEC_ARTIC_3,22104,107,60,0,0,1,167,1.0,True,True,True,True,False,True,1.0
PHEC_ARTIC_3,24370,176,2455,0,19,1,2650,0.6327538873136542,True,False,True,True,False,True,0.8887984835754585
PHEC_ARTIC_3,24616,630,591,6,9,1,1236,0.44116918460927335,True,False,False,False,False,True,0.7395968725329134
PHEC_ARTIC_3,24916,1420,4664,6,31,1,6121,0.43427618998797773,True,False,False,False,False,True,0.7326558768713166
PHEC_ARTIC_3,25603,477,11190,2,68,1,11737,1.0,True,False,False,True,False,True,1.0
PHEC_ARTIC_3,25624,975,4599,0,48,1,5622,0.00016454914102534364,True,False,True,False,False,True,0.001419824016847251
PHEC_ARTIC_3,26291,711,313,29,2,1,1055,0.002319880339095267,True,False,False,False,False,True,0.012672421283843396
PHEC_ARTIC_3,26436,177,265,7,17,1,466,0.39175576500398557,True,True,False,False,False,True,0.6947749053845852
PHEC_ARTIC_3,26456,125,339,8,15,1,487,0.47189653517169317,True,True,False,False,False,True,0.7667865298639195
PHEC_ARTIC_3,28432,3079,3754,23,105,1,6961,2.176090722682365e-10,True,False,False,False,False,True,3.2625927572698717e-09
PHEC_ARTIC_3,28663,519,2364,2,62,1,2947,0.000708290203966104,True,False,False,False,False,True,0.004723424262411179
PHEC_ARTIC_3,28871,4062,4230,4,6,2,8302,0.7542742312827648,True,False,False,True,False,True,0.9854979758539956
PHEC_ARTIC_3,3259,34060,5579,449,37,5,40125,1.7032605716357208e-05,True,False,False,False,False,True,0.00017737403194275435
PHEC_ARTIC_3,3483,1256,4774,38,56,1,6124,1.825929878748756e-05,True,False,False,False,False,True,0.000188293451886579
PHEC_ARTIC_3,5248,8546,119889,60,2477,21,130972,1.4811706620530974e-22,False,False,False,False,False,False,4.174926372773664e-21
PHEC_ARTIC_3,9541,8114,4170,291,288,1,12863,2.6884183012970248e-14,True,False,False,False,False,True,4.775896041127656e-13
PHEC_ARTIC_3,9745,1192,6567,0,1,1,7760,1.0,True,False,True,True,False,True,1.0
PHEC_ARTIC_3,10828,5860,3923,97,65,1,9945,1.0,True,False,False,False,False,True,1.0
PHEC_ARTIC_3,16075,4920,11066,44,65,3,16095,0.036947882219031336,True,False,False,False,False,True,0.12437551434877746
PHEC_ARTIC_3,16308,1587,1325,0,0,1,2912,1.0,True,False,True,True,False,True,1.0
PHEC_ARTIC_3,16393,717,3400,127,822,1,5066,0.002327218152144145,True,False,False,False,False,True,0.012679740138228666
PHEC_ARTIC_3,17259,24467,25215,7,4,2,49693,0.3809470779093429,True,False,False,False,False,True,0.6865491242117229
PHEC_ARTIC_3,18032,4752,1506,0,0,1,6258,1.0,True,False,True,True,False,True,1.0
PHEC_ARTIC_3,18394,4043,1517,58,8,1,5626,0.004909083165248745,True,False,False,False,False,True,0.024078426476417277
PHEC_ARTIC_3,18585,4205,178649,2542,1062,13,186458,0.0,False,False,False,False,False,False,0.0
PHEC_ARTIC_3,22842,1390,4375,1,3,1,5769,1.0,True,False,False,True,False,True,1.0
PHEC_ARTIC_3,24933,33767,124341,1327,2421,11,161856,3.0168885134940444e-84,False,False,False,False,False,False,2.8989555988756406e-82
PHEC_ARTIC_3,25345,8968,174,114,1,1,9257,0.7273931844586103,True,False,False,True,False,True,0.9640557996398275
PHEC_ARTIC_3,27610,413,325,0,0,2,738,1.0,True,True,True,True,False,True,1.0
PHEC_ARTIC_3,29616,2528,2959,26,41,2,5554,0.26760542890652905,True,False,False,False,False,True,0.5568089337681126
PHEC_ARTIC_3,753,9450,5748,61,56,2,15315,0.027829015525376533,True,False,False,False,False,True,0.09904131114586867
PHEC_ARTIC_3,1035,9059,2060,128,18,1,11265,0.053640751454083896,True,False,False,False,False,True,0.16503268183509512
PHEC_ARTIC_3,1558,1016,2179,61,173,1,3429,0.06858335323221816,True,False,False,False,False,True,0.2007184694509115
PHEC_ARTIC_3,2329,998,744,23,9,1,1774,0.10696286108234457,True,False,False,False,False,True,0.2830031143029742
PHEC_ARTIC_3,3261,8070,2665,26,5,2,10766,0.30517544778772526,True,False,False,False,False,True,0.6091982026659596
PHEC_ARTIC_3,4891,377,379,0,0,2,756,1.0,True,True,True,True,False,True,1.0
PHEC_ARTIC_3,5889,1339,4156,12,73,1,5580,0.029491094978222,True,False,False,False,False,True,0.10356175213282609
PHEC_ARTIC_3,6040,696,444,12,13,1,1165,0.21558943961037794,True,False,False,False,False,True,0.47474591180868636
PHEC_ARTIC_3,6638,6007,6312,122,185,1,12626,0.001781405537952919,True,False,False,False,False,True,0.010178084614141812
PHEC_ARTIC_3,6744,7323,8595,111,131,1,16160,1.0,True,False,False,False,False,True,1.0
PHEC_ARTIC_3,8007,2570,937,59,6,1,3572,0.0009110610167899159,True,False,False,False,False,True,0.005854051639799035
PHEC_ARTIC_3,8140,1508,1143,26,20,1,2697,1.0,True,False,False,False,False,True,1.0
PHEC_ARTIC_3,9892,5039,1578,102,35,2,6754,0.6143491108033614,True,False,False,False,False,True,0.8791524638287274
PHEC_ARTIC_3,10504,1358,859,44,17,1,2278,0.10862110355080623,True,False,False,False,False,True,0.28631547743940694
PHEC_ARTIC_3,10549,1194,1014,34,17,1,2259,0.08766679208177632,True,False,False,False,False,True,0.24449551248136558
PHEC_ARTIC_3,10638,810,1433,19,27,1,2289,0.5356470527987827,True,False,False,False,False,True,0.8202815643466622
PHEC_ARTIC_3,11459,796,417,24,8,1,1245,0.3458060400586569,True,False,False,False,False,True,0.6515454266345817
PHEC_ARTIC_3,11866,1746,7603,27,159,1,9535,0.18199427224816453,True,False,False,False,False,True,0.4177371243568076
PHEC_ARTIC_3,11871,2055,8148,20,133,1,10356,0.032056229632888976,True,False,False,False,False,True,0.11127564769117783
PHEC_ARTIC_3,11873,2058,7931,30,110,1,10129,0.8332884383901261,True,False,False,False,False,True,1.0
PHEC_ARTIC_3,12364,44,779,81,88,1,992,1.682422590887822e-39,True,True,False,False,False,True,7.731829037254035e-38
PHEC_ARTIC_3,13084,5777,1531,73,7,1,7388,0.005322066383706565,True,False,False,False,False,True,0.025512127744117184
PHEC_ARTIC_3,13191,4835,2954,49,55,1,7893,0.0022108550399859033,True,False,False,False,False,True,0.012171217589922395
PHEC_ARTIC_3,13536,38,25,0,0,1,63,1.0,True,True,True,True,False,True,1.0
PHEC_ARTIC_3,14030,32716,8170,68,15,3,40969,0.7835510469367204,True,False,False,False,False,True,1.0
PHEC_ARTIC_3,14120,2941,3115,87,258,1,6401,6.738369695222898e-18,True,False,False,False,False,True,1.548360166924044e-16
PHEC_ARTIC_3,14301,4361,2246,92,23,1,6722,0.0013700720108487286,True,False,False,False,False,True,0.008367888508478428
PHEC_ARTIC_3,14329,3408,3128,47,58,1,6641,0.1404173500961602,True,False,False,False,False,True,0.34476455064260464
PHEC_ARTIC_3,14852,1024,5518,25,87,1,6654,0.06594491655830753,True,False,False,False,False,True,0.19465731146486942
PHEC_ARTIC_3,14880,757,4090,14,74,1,4935,0.8828631283661489,True,False,False,False,False,True,1.0
PHEC_ARTIC_3,14884,693,3723,13,67,1,4496,0.8768063219686736,True,False,False,False,False,True,1.0
PHEC_ARTIC_3,15018,269,183,0,0,1,452,1.0,True,True,True,True,False,True,1.0
PHEC_ARTIC_3,15375,1895,662,34,16,1,2607,0.330790709580071,True,False,False,False,False,True,0.6353447995201739
PHEC_ARTIC_3,15629,4117,2986,57,48,1,7208,0.48613620280343206,True,False,False,False,False,True,0.7815147777387493
PHEC_ARTIC_3,15762,19714,23155,1093,267,6,44229,2.2776506707323876e-145,True,False,False,False,False,True,3.4392525128059055e-143
PHEC_ARTIC_3,17590,789,996,32,16,1,1833,0.002880523865025119,True,False,False,False,False,True,0.01530006897151533
PHEC_ARTIC_3,18007,4391,721,101,6,1,5219,0.010298918734581757,True,False,False,False,False,True,0.04443247796919558
PHEC_ARTIC_3,18131,6758,3798,71,42,1,10669,0.8438718721633318,True,False,False,False,False,True,1.0
PHEC_ARTIC_3,18169,4542,4012,123,67,1,8744,0.0015223960040516118,True,False,False,False,False,True,0.008964749728593614
PHEC_ARTIC_3,18356,7599,5079,105,58,1,12841,0.26066889841455015,True,False,False,False,False,True,0.5461388020300882
PHEC_ARTIC_3,18553,6491,7470,63,83,1,14107,0.4532375655261178,True,False,False,False,False,True,0.7484915675145892
PHEC_ARTIC_3,18688,10015,3259,248,57,1,13579,0.018194819784134113,True,False,False,False,False,True,0.0705758697681826
PHEC_ARTIC_3,18814,5540,9200,50,104,1,14894,0.2098112547441195,True,False,False,False,False,True,0.4667211816241536
PHEC_ARTIC_3,19144,4409,6362,81,85,1,10937,0.04662938960829772,True,False,False,False,False,True,0.14734608315686304
PHEC_ARTIC_3,20557,2134,1637,41,13,1,3825,0.005172066912170238,True,False,False,False,False,True,0.024962898292986035
PHEC_ARTIC_3,20801,4598,4298,31,108,1,9035,2.1815158752555784e-12,True,False,False,False,False,True,3.719132709911527e-11
PHEC_ARTIC_3,21002,2427,6759,47,63,1,9296,0.0002894457782106419,True,False,False,False,False,True,0.002266253241249248
PHEC_ARTIC_3,21097,3941,17049,49,217,2,21256,0.9371079908050908,True,False,False,False,False,True,1.0
PHEC_ARTIC_3,22801,2476,5157,55,138,1,7826,0.27543716531279094,True,False,False,False,False,True,0.5653147257002331
PHEC_ARTIC_3,23222,5657,2443,247,59,1,8406,2.4770082654264236e-05,True,False,False,False,False,True,0.0002481704015692635
PHEC_ARTIC_3,23338,11840,10379,268,298,2,22785,0.0055359419218597335,True,False,False,False,False,True,0.02618116604655811
PHEC_ARTIC_3,24834,6236,5263,105,43,1,11647,4.167360494795907e-05,True,False,False,False,False,True,0.0003986334880542329
PHEC_ARTIC_3,25563,4352,9400,63,105,1,13920,0.11297966409689586,True,False,False,False,False,True,0.29413671170053923
PHEC_ARTIC_3,29025,248,126,0,0,1,374,1.0,True,True,True,True,False,True,1.0
PHEC_ARTIC_3,15277,5303,817,2,0,2,6122,1.0,True,False,True,True,False,True,1.0
PHEC_ARTIC_3,17427,7694,9910,4,2,2,17610,0.41430706998989053,True,False,False,True,False,True,0.7114907765707787
PHEC_ARTIC_3,18395,2834,977,2,0,2,3813,1.0,True,False,True,True,False,True,1.0
PHEC_ARTIC_3,29039,65806,29291,1141,293,26,96531,2.042452719965773e-18,False,False,False,False,False,False,4.797494500008494e-17
PHEC_ARTIC_3,29187,30428,40932,407,950,32,72717,2.0391411971654665e-21,False,False,False,False,False,False,5.598369468581554e-20
PHEC_ARTIC_3,29188,26808,36476,373,882,28,64539,6.223009223357752e-20,False,False,False,False,False,False,1.5849929515877455e-18
PHEC_ARTIC_3,1741,6298,4856,1,2,4,11157,0.5835838960235252,True,False,False,True,False,True,0.8561334680460009
PHEC_ARTIC_3,1999,22,22,0,0,1,44,1.0,True,True,True,True,False,True,1.0
PHEC_ARTIC_3,4633,207,1561,13,140,2,1921,0.28893839402092103,True,False,False,False,False,True,0.5848793787505293
PHEC_ARTIC_3,6377,94,95,0,0,1,189,1.0,True,True,True,True,False,True,1.0
PHEC_ARTIC_3,6589,9791,2970,132,60,2,12953,0.012482222648582664,True,False,False,False,False,True,0.052252314216047036
PHEC_ARTIC_3,23466,207,1437,108,31,1,1783,1.7071566247904245e-60,True,False,False,False,False,True,1.1277903452521742e-58
PHEC_ARTIC_3,29543,49195,18327,772,217,4,68511,0.00023187829311930534,True,False,False,False,False,True,0.0018853488909777365
PHEC_ARTIC_3,330,1329,2621,174,18,6,4142,1.7080518290256625e-58,True,False,False,False,False,True,1.0932711141609486e-56
PHEC_ARTIC_3,633,1014,4075,161,608,1,5858,0.5299551922473532,True,False,False,False,False,True,0.8158445000998086
PHEC_ARTIC_3,834,1924,1656,149,105,1,3834,0.13426833431672525,True,False,False,False,False,True,0.3347208239924023
PHEC_ARTIC_3,1370,1405,574,101,46,1,2126,0.5728589673351736,True,False,False,False,False,True,0.8480355560609507
PHEC_ARTIC_3,1550,107,687,16,159,1,969,0.13275096129922306,True,True,False,False,False,True,0.33250655472340945
PHEC_ARTIC_3,1775,376,255,49,27,1,707,0.45793763029835516,True,True,False,False,False,True,0.7523998058921654
PHEC_ARTIC_3,2933,841,347,48,24,1,1260,0.5055368664769203,True,False,False,False,False,True,0.7991708154771087
PHEC_ARTIC_3,4065,219,91,1,8,1,319,0.0004683202111999731,True,True,False,True,False,True,0.003300096421589144
PHEC_ARTIC_3,5584,52,652,2,0,1,706,0.005750105478874088,True,True,True,True,False,True,0.026952822577250162
PHEC_ARTIC_3,5587,45,572,8,77,1,702,0.5095082392969146,True,True,False,False,False,True,0.8008678918516285
PHEC_ARTIC_3,6116,314,807,23,76,1,1220,0.34905202603613283,True,False,False,False,False,True,0.6547435519435536
PHEC_ARTIC_3,9034,1907,1244,151,97,1,3399,0.9462506401210307,True,False,False,False,False,True,1.0
PHEC_ARTIC_3,10555,1579,1210,152,103,1,3044,0.39058185588537603,True,False,False,False,False,True,0.6947232891149173
PHEC_ARTIC_3,11235,4165,5007,246,703,1,10121,3.612144121719642e-32,True,False,False,False,False,True,1.3635844059491649e-30
PHEC_ARTIC_3,11425,232,43,19,3,1,297,1.0,True,True,False,True,False,True,1.0
PHEC_ARTIC_3,12587,2615,1906,21,31,1,4573,0.015623518370264952,True,False,False,False,False,True,0.06279109854513329
PHEC_ARTIC_3,12655,3069,5086,150,354,2,8659,0.000360891819587456,True,False,False,False,False,True,0.002715036678319865
PHEC_ARTIC_3,12880,285,421,16,34,1,756,0.2957059864783722,True,True,False,False,False,True,0.5947882544388952
PHEC_ARTIC_3,13334,537,11014,15,327,1,11893,1.0,True,False,False,False,False,True,1.0
PHEC_ARTIC_3,13996,15458,1726,514,64,1,17762,0.3998449138640136,True,False,False,False,False,True,0.7010996844233609
PHEC_ARTIC_3,14078,9409,4339,774,308,1,14830,0.034847842565471285,True,False,False,False,False,True,0.11881990190871984
PHEC_ARTIC_3,14381,7291,4089,421,267,1,12068,0.13051196981476892,True,False,False,False,False,True,0.32923902647782993
PHEC_ARTIC_3,15128,38,192,1,18,1,249,0.32391561047103734,True,True,False,True,False,True,0.626908625250636
PHEC_ARTIC_3,15559,76684,7948,1605,192,8,86429,0.06619934665102775,True,False,False,False,False,True,0.19491005406723214
PHEC_ARTIC_3,15704,7239,15381,45,99,1,22764,0.9286276426619751,True,False,False,False,False,True,1.0
PHEC_ARTIC_3,15705,7210,15278,48,96,1,22632,0.7882262345888517,True,False,False,False,False,True,1.0
PHEC_ARTIC_3,15965,11935,3875,178,62,6,16050,0.6502127639946682,True,False,False,False,False,True,0.9049043996607825
PHEC_ARTIC_3,16561,1051,689,114,79,1,1933,0.7565891872040673,True,False,False,False,False,True,0.9878546191266476
PHEC_ARTIC_3,16589,1071,711,108,75,1,1965,0.8122214629817606,True,False,False,False,False,True,1.0
PHEC_ARTIC_3,17117,6925,799,762,66,1,8552,0.033565338240660644,True,False,False,False,False,True,0.11563202786993253
PHEC_ARTIC_3,18086,18702,6966,6,1,2,25675,0.6823599177208468,True,False,False,True,False,True,0.9299203224557062
PHEC_ARTIC_3,18469,22601,25656,1315,1329,2,50901,0.003710644740256072,True,False,False,False,False,True,0.018947591741307574
PHEC_ARTIC_3,18486,7472,11825,1172,2004,1,22473,0.051386749275278906,True,False,False,False,False,True,0.15941313884489033
PHEC_ARTIC_3,18494,8361,9781,1211,1312,1,20665,0.07349498765197374,True,False,False,False,False,True,0.21189982782682826
PHEC_ARTIC_3,18878,4558,19213,23,89,1,23883,0.7181809154725948,True,False,False,False,False,True,0.9584813480486524
PHEC_ARTIC_3,22658,8367,4486,44,18,1,12915,0.35364679291968504,True,False,False,False,False,True,0.659849355897806
PHEC_ARTIC_3,23131,10431,1270,166,3,7,11870,1.3512385275195584e-05,True,False,False,False,False,True,0.00014211533568041524
PHEC_ARTIC_3,23223,12746,2981,839,181,1,16747,0.36372659149332387,True,False,False,False,False,True,0.6692062788658718
PHEC_ARTIC_3,23540,5137,1258,291,37,2,6723,9.748001601328242e-05,True,False,False,False,False,True,0.0008769053355407618
PHEC_ARTIC_3,24569,6,0,3,1,1,10,0.4000000000000001,True,True,True,True,False,True,0.7010996844233609
PHEC_ARTIC_3,24703,76,41,29,0,2,146,3.679512279310039e-05,True,True,True,False,False,True,0.0003554257214065736
PHEC_ARTIC_3,24846,5563,4782,490,333,1,11168,0.001378292822781111,True,False,False,False,False,True,0.008372732837239277
PHEC_ARTIC_3,24848,5564,4742,491,333,1,11130,0.0019933095486791346,True,False,False,False,False,True,0.011094616884090571
PHEC_ARTIC_3,25339,16614,736,2496,153,1,19999,0.0005645053339536772,True,False,False,False,False,True,0.003875337918241782
PHEC_ARTIC_3,26068,121,32,6,3,1,162,0.4074635905448093,True,True,False,True,False,True,0.7054693123765167
PHEC_ARTIC_3,27849,4199,154,1,0,2,4354,1.0,True,False,True,True,False,True,1.0
PHEC_ARTIC_3,28814,259,141,5,6,1,411,0.21126159096543412,True,True,False,True,False,True,0.4686327421835548
PHEC_ARTIC_3,29323,332,299,10,2,1,643,0.041386169068056505,True,True,False,False,False,True,0.13439379632852758
PHEC_ARTIC_3,2422,584,687,89,69,1,1429,0.014324330415610638,True,False,False,False,False,True,0.058799290288545414
PHEC_ARTIC_3,2736,10,22,4,2,1,38,0.16732212088249238,True,True,False,True,False,True,0.39345824643558275
PHEC_ARTIC_3,3264,19086,4208,1287,269,2,24850,0.4537112268509801,True,False,False,False,False,True,0.7484915675145892
PHEC_ARTIC_3,3878,56,19,5,1,1,81,1.0,True,True,False,True,False,True,1.0
PHEC_ARTIC_3,4321,1664,2951,66,101,2,4782,0.3678949437599994,True,False,False,False,False,True,0.6753234675949488
PHEC_ARTIC_3,5991,789,141,2,0,1,932,1.0,True,True,True,True,False,True,1.0
PHEC_ARTIC_3,6012,674,119,77,17,1,887,0.4489349257636217,True,True,False,False,False,True,0.7459874187188913
PHEC_ARTIC_3,6894,3721,867,288,77,2,4953,0.29950846435516726,True,False,False,False,False,True,0.6007219104808573
PHEC_ARTIC_3,7685,9736,593,1051,56,2,11436,0.3747372275439588,True,False,False,False,False,True,0.6805794665188392
PHEC_ARTIC_3,7728,4944,830,167,31,1,5972,0.6069578168598249,True,False,False,False,False,True,0.8720157200319322
PHEC_ARTIC_3,7735,11747,4480,234,143,3,16604,2.027527675870593e-05,True,False,False,False,False,True,0.00020508102903303511
PHEC_ARTIC_3,9811,3452,1047,14,24,2,4537,2.103914920785005e-07,True,False,False,False,False,True,2.679322977433434e-06
PHEC_ARTIC_3,11563,329,231,22,30,1,612,0.0273731612109935,True,True,False,False,False,True,0.0979134734349243
PHEC_ARTIC_3,12198,1239,4923,59,394,1,6615,0.00017552529177313609,True,False,False,False,False,True,0.0014962115597113295
PHEC_ARTIC_3,12374,36,1253,1,68,1,1358,1.0,True,False,False,True,False,True,1.0
PHEC_ARTIC_3,13195,7932,4931,1047,462,1,14372,3.4174899759147728e-09,True,False,False,False,False,True,4.7219436660678626e-08
PHEC_ARTIC_3,14185,1041,5265,17,126,1,6449,0.16969095729292494,True,False,False,False,False,True,0.3966665627826851
PHEC_ARTIC_3,14712,2341,1958,187,212,1,4698,0.0038703798487002656,True,False,False,False,False,True,0.01957412200993388
PHEC_ARTIC_3,17034,18,22,0,0,1,40,1.0,True,True,True,True,False,True,1.0
PHEC_ARTIC_3,17044,14,16,3,6,1,39,0.7042451881161558,True,True,False,True,False,True,0.9470574603546777
PHEC_ARTIC_3,19799,141,572,0,1,1,714,1.0,True,True,True,True,False,True,1.0
PHEC_ARTIC_3,20629,2441,1357,2,1,1,3801,1.0,True,False,False,True,False,True,1.0
PHEC_ARTIC_3,21516,523,97,0,0,1,620,1.0,True,True,True,True,False,True,1.0
PHEC_ARTIC_3,21608,115,512,0,0,1,627,1.0,True,True,True,True,False,True,1.0
PHEC_ARTIC_3,21662,50,1016,1,30,1,1097,1.0,True,False,False,True,False,True,1.0
PHEC_ARTIC_3,22506,17,63,5,11,1,96,0.5142460230211781,True,True,False,True,False,True,0.8029862952147934
PHEC_ARTIC_3,22550,5180,253,36,21,1,5490,9.093316022707661e-14,True,False,False,True,False,True,1.6019391726669996e-12
PHEC_ARTIC_3,23492,1294,11529,129,23,1,12975,6.402308117083547e-101,True,False,False,False,False,True,7.519155199730343e-99
PHEC_ARTIC_3,24237,1739,851,208,117,1,2915,0.261144093772734,True,False,False,False,False,True,0.5465926873619402
PHEC_ARTIC_3,24352,750,1954,23,106,2,2833,0.014776358646944876,True,False,False,False,False,True,0.05995628057512758
PHEC_ARTIC_3,24353,423,1127,18,97,1,1665,0.005939951288622776,True,False,False,False,False,True,0.02765871591222147
PHEC_ARTIC_3,24354,421,1116,19,97,1,1653,0.008782139364724832,True,False,False,False,False,True,0.03933356486658537
PHEC_ARTIC_3,24794,13776,1153,2355,182,1,17466,0.35267776998942485,True,False,False,False,False,True,0.6590804763534782
PHEC_ARTIC_3,24821,5910,1809,2838,645,1,11202,4.169608067128993e-09,True,False,False,False,False,True,5.723734710331618e-08
PHEC_ARTIC_3,25587,1110,20736,94,2374,2,24314,0.005215519900224544,True,False,False,False,False,True,0.0251152826174822
PHEC_ARTIC_3,27040,1018,1392,133,114,4,2657,0.0005646187695451603,True,False,False,False,False,True,0.003875337918241782
PHEC_ARTIC_3,27131,620,3055,340,1134,2,5149,3.881159560403411e-07,True,False,False,False,False,True,4.7981118775981345e-06
PHEC_ARTIC_3,27389,605,1917,85,275,2,2882,0.9473659147151874,True,False,False,False,False,True,1.0
PHEC_ARTIC_3,28068,245,1678,0,0,1,1923,1.0,True,False,True,True,False,True,1.0
PHEC_ARTIC_3,29167,218,117,28,22,1,385,0.2689321519977772,True,True,False,False,False,True,0.5570596487319388
PHEC_ARTIC_3,29401,1530,129,198,11,1,1868,0.2122331913225803,True,False,False,False,False,True,0.46908026671565894
PHEC_ARTIC_3,545,4129,7210,74,96,2,11509,0.06462246128796258,True,False,False,False,False,True,0.19187062241959676
PHEC_ARTIC_3,2299,1942,294,39,6,1,2281,1.0,True,False,False,False,False,True,1.0
PHEC_ARTIC_3,3692,255,856,7,22,1,1140,0.8256745143939203,True,False,False,False,False,True,1.0
PHEC_ARTIC_3,4237,12211,28634,295,330,11,41470,2.74796008250598e-19,False,False,False,False,False,False,6.601349561838228e-18
PHEC_ARTIC_3,4904,726,3518,1,0,1,4245,0.1712603062426384,True,False,True,True,False,True,0.3980852079255247
PHEC_ARTIC_3,8293,9969,12837,457,685,3,23948,0.014408372739145185,True,False,False,False,False,True,0.05902965110572272
PHEC_ARTIC_3,8561,1417,5181,0,11,3,6609,0.13565971595671172,True,False,True,True,False,True,0.3369972262426423
PHEC_ARTIC_3,9943,2758,943,24,18,1,3743,0.01920434465830469,True,False,False,False,False,True,0.07324123961155224
PHEC_ARTIC_3,10573,1403,1298,19,13,1,2733,0.4779073772474284,True,False,False,False,False,True,0.7735728308653768
PHEC_ARTIC_3,10619,32523,79371,331,988,22,113213,0.0014974328036979978,False,False,False,False,False,False,0.008883741601907247
PHEC_ARTIC_3,13303,1250,7515,11,62,1,8838,0.866136358536728,True,False,False,False,False,True,1.0
PHEC_ARTIC_3,14509,613,6080,3,71,1,6767,0.1549889966066279,True,False,False,False,False,True,0.3727494184600812
PHEC_ARTIC_3,15720,4091,11592,184,726,2,16593,6.811540353482499e-05,True,False,False,False,False,True,0.0006288033321948473
PHEC_ARTIC_3,17288,3534,6116,197,365,1,10212,0.4710963791504828,True,False,False,False,False,True,0.7660751888647083
PHEC_ARTIC_3,19021,4192,1500,64,13,1,5769,0.06739772501096232,True,False,False,False,False,True,0.19788720926829773
PHEC_ARTIC_3,19999,580,330,1,0,1,911,1.0,True,True,True,True,False,True,1.0
PHEC_ARTIC_3,20925,22748,5279,162,17,2,28206,0.0010008998875494746,True,False,False,False,False,True,0.006373199886384305
PHEC_ARTIC_3,23525,2416,248,41,3,1,2708,0.793656752395757,True,False,False,True,False,True,1.0
PHEC_ARTIC_3,23717,497,3094,4,30,1,3625,1.0,True,False,False,True,False,True,1.0
PHEC_ARTIC_3,23748,219,3569,2,51,1,3841,0.7678753524014573,True,False,False,True,False,True,0.9958825122556324
PHEC_ARTIC_3,24768,10794,611,85,2,1,11492,0.3314831737703078,True,False,False,True,False,True,0.6353447995201739
PHEC_ARTIC_3,24872,4815,7127,159,129,2,12230,5.476087254056198e-07,True,False,False,False,False,True,6.540366358799324e-06
PHEC_ARTIC_3,25906,551,2980,1,2,3,3534,0.39930363802906405,True,False,False,True,False,True,0.7010996844233609
PHEC_ARTIC_3,26442,783,1589,30,88,1,2490,0.08823378095777884,True,False,False,False,False,True,0.24575258622495977
PHEC_ARTIC_3,28720,697,2191,13,108,1,3009,0.00041056475606851377,True,False,False,False,False,True,0.0029723763504412265
PHEC_ARTIC_3,409,18251,1696,123,16,1,20086,0.21996233122334746,True,False,False,False,False,True,0.48136889365183305
PHEC_ARTIC_3,487,28467,17586,415,139,2,46607,1.0058639206921715e-10,True,False,False,False,False,True,1.5408669045965582e-09
PHEC_ARTIC_3,756,5596,2247,79,11,1,7933,0.00035764488866325665,True,False,False,False,False,True,0.002709675278204506
PHEC_ARTIC_3,757,6015,2259,82,10,1,8366,0.00021150850254290812,True,False,False,False,False,True,0.001753446958336109
PHEC_ARTIC_3,781,6943,2183,95,23,1,9244,0.27927300944293193,True,False,False,False,False,True,0.5715228867012179
PHEC_ARTIC_3,1031,12082,657,104,4,1,12847,0.6620781329966319,True,False,False,False,False,True,0.9132373183957789
PHEC_ARTIC_3,1047,25543,9280,561,259,2,35643,0.0018466520575517798,True,False,False,False,False,True,0.01038250651506506
PHEC_ARTIC_3,1200,1881,7790,26,73,1,9770,0.09710348803095478,True,False,False,False,False,True,0.2652154698933313
PHEC_ARTIC_3,1233,1618,6623,15,116,1,8372,0.019046218988652816,True,False,False,False,False,True,0.07280959664016647
PHEC_ARTIC_3,1290,2469,6218,47,99,1,8833,0.31055633879328726,True,False,False,False,False,True,0.6160450750549804
PHEC_ARTIC_3,1406,2740,1299,193,68,1,4300,0.03981095340284237,True,False,False,False,False,True,0.13129540638628512
PHEC_ARTIC_3,1595,1541,2658,13,38,2,4250,0.1086056857214809,True,False,False,False,False,True,0.28631547743940694
PHEC_ARTIC_3,1666,2020,426,40,2,1,2488,0.03610577429600474,True,False,False,False,False,True,0.12231988279127248
PHEC_ARTIC_3,2094,74,108,2,8,1,192,0.32026942315597595,True,True,False,True,False,True,0.6228606812803432
PHEC_ARTIC_3,2384,1018,969,25,16,1,2028,0.26923948851138546,True,False,False,False,False,True,0.5570596487319388
PHEC_ARTIC_3,2818,89,250,4,9,1,352,0.7507585204583531,True,True,False,True,False,True,0.984555528690421
PHEC_ARTIC_3,3230,8721,507,176,2,1,9406,0.006437348478527687,True,False,False,False,False,True,0.02971300149259286
PHEC_ARTIC_3,3286,12064,8266,318,150,3,20798,0.0001631656640520815,True,False,False,False,False,True,0.0014136566139594275
PHEC_ARTIC_3,3351,4160,3413,80,46,1,7699,0.05811341515965672,True,False,False,False,False,True,0.1762579048027465
PHEC_ARTIC_3,3605,637,303,12,3,1,955,0.41024785641353545,True,True,False,True,False,True,0.7078490958887593
PHEC_ARTIC_3,3638,457,365,20,15,1,857,1.0,True,True,False,False,False,True,1.0
PHEC_ARTIC_3,3639,464,373,11,8,1,856,1.0,True,True,False,False,False,True,1.0
PHEC_ARTIC_3,3675,314,679,10,21,1,1024,1.0,True,False,False,False,False,True,1.0
PHEC_ARTIC_3,4148,2050,281,46,1,1,2378,0.03705597364612241,True,False,False,False,False,True,0.12454106246089473
PHEC_ARTIC_3,4694,2543,83,145,3,1,2774,0.6253245414984012,True,False,False,True,False,True,0.8835197199785694
PHEC_ARTIC_3,5023,1480,135,0,0,1,1615,1.0,True,False,True,True,False,True,1.0
PHEC_ARTIC_3,5873,138,1251,8,33,1,1430,0.06150344415682689,True,False,False,True,False,True,0.184685058164108
PHEC_ARTIC_3,5934,2804,531,138,8,1,3481,0.00024499317055946704,True,False,False,False,False,True,0.0019692606941548035
PHEC_ARTIC_3,6320,252,193,11,6,1,462,0.6213655499097189,True,True,False,False,False,True,0.8809734842493755
PHEC_ARTIC_3,6396,115,460,0,18,1,593,0.03163352451045628,True,True,True,True,False,True,0.11017013313855778
PHEC_ARTIC_3,6463,46,689,2,14,1,751,0.2725344231987876,True,True,False,True,False,True,0.5608578638355419
PHEC_ARTIC_3,6622,4210,3066,61,48,1,7385,0.6969256334143933,True,False,False,False,False,True,0.9414062549763753
PHEC_ARTIC_3,7388,25695,13342,293,85,5,39415,1.0661751544583574e-06,True,False,False,False,False,True,1.2452454566436286e-05
PHEC_ARTIC_3,7393,1194,251,25,3,1,1473,0.45608333310484167,True,False,False,True,False,True,0.7509035562177846
PHEC_ARTIC_3,7889,1444,3289,56,137,1,4926,0.6905659264861509,True,False,False,False,False,True,0.9358053644818737
PHEC_ARTIC_3,8178,2287,2439,51,45,2,4822,0.4094415205583472,True,False,False,False,False,True,0.7071563516832893
PHEC_ARTIC_3,8453,1556,2971,35,94,1,4656,0.09073408127217443,True,False,False,False,False,True,0.2517215850516755
PHEC_ARTIC_3,8522,891,1966,15,38,1,2910,0.7650674691160297,True,False,False,False,False,True,0.9934598462600043
PHEC_ARTIC_3,8571,398,1986,5,40,1,2429,0.41920672381765356,True,False,False,False,False,True,0.7145172971586671
PHEC_ARTIC_3,9123,2102,4325,51,91,1,6569,0.4172443670179701,True,False,False,False,False,True,0.7132018589233203
PHEC_ARTIC_3,9581,1697,214,25,4,1,1940,0.5593250742411753,True,False,False,True,False,True,0.8378966570691977
PHEC_ARTIC_3,9663,770,382,15,16,1,1183,0.051905926117793065,True,False,False,False,False,True,0.16065758098538002
PHEC_ARTIC_3,9807,2822,1018,22,22,1,3884,0.000952011026456167,True,False,False,False,False,True,0.0060986403331161725
PHEC_ARTIC_3,9968,1827,2049,44,43,1,3963,0.5874748950081095,True,False,False,False,False,True,0.8588671701570839
PHEC_ARTIC_3,10447,6684,1541,144,13,2,8382,0.0003863993299029261,True,False,False,False,False,True,0.0028362784146346728
PHEC_ARTIC_3,10704,958,3225,18,53,1,4254,0.6691479457487535,True,False,False,False,False,True,0.9179615556864794
PHEC_ARTIC_3,10977,88,897,0,0,1,985,1.0,True,True,True,True,False,True,1.0
PHEC_ARTIC_3,11956,7444,465,105,14,1,8028,0.01648590457215695,True,False,False,False,False,True,0.06550977869462367
PHEC_ARTIC_3,11986,4003,868,2918,685,1,8474,0.16411187384208,True,False,False,False,False,True,0.38850224109984005
PHEC_ARTIC_3,11998,6177,1563,224,61,1,8025,0.5998699964508345,True,False,False,False,False,True,0.866797793914603
PHEC_ARTIC_3,12201,2509,5289,12,53,1,7863,0.016440791602825546,True,False,False,False,False,True,0.06550977869462367
PHEC_ARTIC_3,12261,1168,335,26,3,1,1532,0.1731104396883017,True,False,False,False,False,True,0.4012669621722256
PHEC_ARTIC_3,12274,1125,416,17,4,1,1562,0.6201041911414535,True,False,False,False,False,True,0.8809734842493755
PHEC_ARTIC_3,12420,14,2591,0,69,1,2674,1.0,True,False,True,True,False,True,1.0
PHEC_ARTIC_3,12654,904,2247,18,44,1,3213,1.0,True,False,False,False,False,True,1.0
PHEC_ARTIC_3,12843,499,632,15,23,1,1169,0.6209811149573202,True,False,False,False,False,True,0.8809734842493755
PHEC_ARTIC_3,13011,215,1319,0,57,2,1591,0.00048244667647188435,True,False,True,False,False,True,0.0033814338872477636
PHEC_ARTIC_3,13254,4015,6840,158,240,1,11253,0.2906594735543475,True,False,False,False,False,True,0.586871181560545
PHEC_ARTIC_3,13998,9402,881,287,40,1,10610,0.027474688003526274,True,False,False,False,False,True,0.09811062574232186
PHEC_ARTIC_3,14449,4231,8358,72,125,1,12786,0.4034234920279828,True,False,False,False,False,True,0.7019236725490993
PHEC_ARTIC_3,14464,4659,17252,99,376,2,22386,0.8650389938009627,True,False,False,False,False,True,1.0
PHEC_ARTIC_3,14500,1167,10830,45,530,1,12572,0.14759783808822197,True,False,False,False,False,True,0.35864578128563357
PHEC_ARTIC_3,14530,937,13859,14,185,1,14995,0.6595831978821849,True,False,False,False,False,True,0.9127030333946811
PHEC_ARTIC_3,14794,1153,4364,60,202,1,5779,0.4377667954658668,True,False,False,False,False,True,0.7350587812667533
PHEC_ARTIC_3,15021,643,296,21,14,2,974,0.3550147158628981,True,True,False,False,False,True,0.6601072964094098
PHEC_ARTIC_3,15362,828,459,14,18,1,1319,0.023971108142364424,True,False,False,False,False,True,0.08752145529008358
PHEC_ARTIC_3,15569,11584,1848,0,1,1,13433,0.13764609543661133,True,False,True,True,False,True,0.34036337963947855
PHEC_ARTIC_3,15656,8508,4501,241,192,1,13442,3.9597790063708094e-05,True,False,False,False,False,True,0.0003804987645212678
PHEC_ARTIC_3,15708,4156,9458,77,98,1,13789,0.0001920585021019702,True,False,False,False,False,True,0.0016175763882213744
PHEC_ARTIC_3,15727,3241,9203,40,164,1,12648,0.03643813105814356,True,False,False,False,False,True,0.12299200852290453
PHEC_ARTIC_3,15756,2803,7522,36,91,1,10452,0.7636932250097531,True,False,False,False,False,True,0.9928951277187072
PHEC_ARTIC_3,15991,1249,894,27,14,1,2184,0.4241174838881694,True,False,False,False,False,True,0.7201480810759759
PHEC_ARTIC_3,16093,395,2838,6,45,1,3284,1.0,True,False,False,False,False,True,1.0
PHEC_ARTIC_3,16242,584,107,1,1,1,693,0.28759102169506795,True,True,False,True,False,True,0.583462015223967
PHEC_ARTIC_3,16474,4705,492,809,145,1,6151,3.227541834313714e-07,True,False,False,False,False,True,4.013543198670112e-06
PHEC_ARTIC_3,16564,2977,1672,44,26,1,4719,0.9002527555357747,True,False,False,False,False,True,1.0
PHEC_ARTIC_3,16578,2911,1656,45,26,1,4638,1.0,True,False,False,False,False,True,1.0
PHEC_ARTIC_3,16771,695,4477,2,93,1,5267,0.00031991054924072546,True,False,False,False,False,True,0.0024772560479666434
PHEC_ARTIC_3,16772,718,4483,3,92,1,5296,0.0012327043696641858,True,False,False,False,False,True,0.00761969893997102
PHEC_ARTIC_3,17167,32858,4011,547,100,4,37516,0.00045649566864625996,True,False,False,False,False,True,0.003256855383727743
PHEC_ARTIC_3,17193,14789,3092,220,22,1,18123,0.0004089031948600938,True,False,False,False,False,True,0.0029718909152904862
PHEC_ARTIC_3,17233,7657,4723,88,45,1,12513,0.3246816100840185,True,False,False,False,False,True,0.626908625250636
PHEC_ARTIC_3,17277,5370,8006,46,66,1,13488,0.847009624574751,True,False,False,False,False,True,1.0
PHEC_ARTIC_3,17522,5319,1519,189,42,1,7069,0.1699999554782936,True,False,False,False,False,True,0.3966665627826851
PHEC_ARTIC_3,17563,11156,8006,144,111,3,19417,0.6092727808074818,True,False,False,False,False,True,0.8738145580915988
PHEC_ARTIC_3,17611,1799,4462,17,98,1,6376,0.0007639565691815256,True,False,False,False,False,True,0.005062709050939639
PHEC_ARTIC_3,18113,11694,3412,463,136,2,15705,0.9602702505211348,True,False,False,False,False,True,1.0
PHEC_ARTIC_3,18127,6085,2348,181,68,1,8682,0.8861146416060925,True,False,False,False,False,True,1.0
PHEC_ARTIC_3,18363,8499,1984,251,52,1,10786,0.5025759033475636,True,False,False,False,False,True,0.7970333530958361
PHEC_ARTIC_3,19030,5313,2605,207,67,1,8192,0.0031335350042904072,True,False,False,False,False,True,0.016478340793706272
PHEC_ARTIC_3,19208,768,8239,17,326,1,9350,0.01697428412117945,True,False,False,False,False,True,0.06710280716549108
PHEC_ARTIC_3,19599,6289,437,134,2,2,6862,0.012038567924077589,True,False,False,False,False,True,0.050701883331778934
PHEC_ARTIC_3,19932,1073,140,32,0,1,1245,0.04189029898453114,True,False,True,True,False,True,0.1358222270756117
PHEC_ARTIC_3,20069,391,497,8,8,1,904,0.800460748891141,True,True,False,False,False,True,1.0
PHEC_ARTIC_3,20239,1934,651,54,10,2,2649,0.10628212247130567,True,False,False,False,False,True,0.2819076623642913
PHEC_ARTIC_3,20441,169,1347,5,38,1,1559,0.8085928637391138,True,False,False,True,False,True,1.0
PHEC_ARTIC_3,20442,170,1273,3,27,1,1473,1.0,True,False,False,True,False,True,1.0
PHEC_ARTIC_3,20616,3309,1338,189,66,1,4902,0.3550340567727053,True,False,False,False,False,True,0.6601072964094098
PHEC_ARTIC_3,20964,3761,3083,47,32,1,6923,0.42902843126649415,True,False,False,False,False,True,0.7267356600139172
PHEC_ARTIC_3,21033,1289,4038,14,72,1,5413,0.0982946667512822,True,False,False,False,False,True,0.2674323365665516
PHEC_ARTIC_3,21101,426,6267,3,128,1,6824,0.06600227263740413,True,False,False,False,False,True,0.19465731146486942
PHEC_ARTIC_3,22344,2640,113,17,0,2,2770,1.0,True,False,True,True,False,True,1.0
PHEC_ARTIC_3,23212,8863,825,247,20,1,9955,0.6557816891374091,True,False,False,False,False,True,0.9096604270580595
PHEC_ARTIC_3,23429,1183,6197,16,101,1,7497,0.6105806444610289,True,False,False,False,False,True,0.8750965982309254
PHEC_ARTIC_3,23547,1987,343,125,8,1,2463,0.0031999561629736345,True,False,False,False,False,True,0.01676300451820849
PHEC_ARTIC_3,23804,388,1123,1,35,1,1547,0.0006436627037288192,True,False,False,False,False,True,0.004347293788123718
PHEC_ARTIC_3,23836,876,167,48,0,2,1091,0.000634763682580623,True,False,True,False,False,True,0.0043009308492802465
PHEC_ARTIC_3,24358,769,3687,35,167,2,4658,1.0,True,False,False,False,False,True,1.0
PHEC_ARTIC_3,24847,6685,5036,64,34,1,11819,0.10214846835763194,True,False,False,False,False,True,0.27508517465991583
PHEC_ARTIC_3,24882,5800,8006,107,107,1,14020,0.021181099995027354,True,False,False,False,False,True,0.07897150862343533
PHEC_ARTIC_3,24939,2665,12794,21,96,1,15576,0.8064117488964999,True,False,False,False,False,True,1.0
PHEC_ARTIC_3,25091,3203,862,56,15,1,4136,1.0,True,False,False,False,False,True,1.0
PHEC_ARTIC_3,26309,4381,936,75,9,1,5401,0.1113074362611958,True,False,False,False,False,True,0.2915785876780272
PHEC_ARTIC_3,26727,2748,2728,40,22,1,5538,0.029342565308381377,True,False,False,False,False,True,0.10321161907141135
PHEC_ARTIC_3,27279,3741,1224,72,18,1,5055,0.386734459719283,True,False,False,False,False,True,0.6915408831201791
PHEC_ARTIC_3,27321,2319,2179,27,35,1,4560,0.2495409690640582,True,False,False,False,False,True,0.5270026059954237
PHEC_ARTIC_3,27378,1145,3233,31,44,1,4453,0.005108583915006055,True,False,False,False,False,True,0.024769601826428442
PHEC_ARTIC_3,27494,834,16156,2,219,2,17211,0.002351454757090009,True,False,False,False,False,True,0.012778856957553417
PHEC_ARTIC_3,27917,1388,1047,18,18,1,2471,0.40269095974062363,True,False,False,False,False,True,0.7012262676208224
PHEC_ARTIC_3,28576,1407,2442,26,31,1,3906,0.16764151858146542,True,False,False,False,False,True,0.3937713003124643
PHEC_ARTIC_3,28595,1220,2705,44,78,1,4047,0.2749720579292034,True,False,False,False,False,True,0.5649085815960505
PHEC_ARTIC_3,28854,354,225,13,10,1,602,0.6679234543515604,True,True,False,False,False,True,0.9168767418825966
PHEC_ARTIC_3,29253,2237,10379,16,158,6,12790,0.002479614652889394,True,False,False,False,False,True,0.013372207592367801
PHEC_ARTIC_3,29290,130,723,2,16,1,871,1.0,True,True,False,True,False,True,1.0
PHEC_ARTIC_3,29477,11468,9037,31,26,2,20562,0.8938978214660982,True,False,False,False,False,True,1.0
PHEC_ARTIC_3,6502,3089,1506,57,25,1,4677,0.7225829626030935,True,False,False,False,False,True,0.9618266053400779
PHEC_ARTIC_3,9521,1492,1551,4,1,1,3048,0.21014300042101705,True,False,False,True,False,True,0.4667211816241536
PHEC_ARTIC_3,12331,5295,22838,89,326,12,28548,0.18414252092059075,False,False,False,False,False,False,0.42220964124308985
PHEC_ARTIC_3,16396,216,964,4,11,1,1195,0.4977779445256756,True,False,False,True,False,True,0.7923965171139142
PHEC_ARTIC_3,22642,1666,694,4,38,1,2402,3.601706957459469e-16,True,False,False,False,False,True,7.614008508069318e-15
PHEC_ARTIC_3,22912,318,29,233,22,1,602,1.0,True,True,False,False,False,True,1.0
PHEC_ARTIC_3,23377,1313,2914,37,42,1,4306,0.004512968181302802,True,False,False,False,False,True,0.02239533975416461
PHEC_ARTIC_3,26822,556,4151,6,83,2,4796,0.1813001265622286,True,False,False,False,False,True,0.4170494750299796
PHEC_ARTIC_3,727,11241,1220,78,10,1,12549,0.5886808753056534,True,False,False,False,False,True,0.8594415541409884
PHEC_ARTIC_3,1170,4706,12863,107,364,3,18040,0.05073738357492071,True,False,False,False,False,True,0.15796587463532016
PHEC_ARTIC_3,1403,1549,746,26,22,1,2343,0.06168550091173161,True,False,False,False,False,True,0.1847070098121822
PHEC_ARTIC_3,1636,4388,416,42,0,1,4846,0.04687652329602136,True,False,True,True,False,True,0.14790592574296887
PHEC_ARTIC_3,1881,624,3622,6,24,1,4276,0.434224502974128,True,False,False,True,False,True,0.7326558768713166
PHEC_ARTIC_3,4308,5157,8178,43,82,3,13460,0.35678270826031216,True,False,False,False,False,True,0.6621937184041263
PHEC_ARTIC_3,4444,2527,2666,48,17,1,5258,4.972396669349183e-05,True,False,False,False,False,True,0.0004704232263243297
PHEC_ARTIC_3,4923,713,4786,5,45,1,5549,0.6740383465195278,True,False,False,False,False,True,0.9228737464652084
PHEC_ARTIC_3,5294,3184,638,69,4,1,3895,0.006572850075111986,True,False,False,False,False,True,0.030272342176005967
PHEC_ARTIC_3,5496,1624,4107,16,31,1,5778,0.4169140900935695,True,False,False,False,False,True,0.7132018589233203
PHEC_ARTIC_3,5755,5539,3783,63,23,1,9408,0.010712559685925289,True,False,False,False,False,True,0.045935803602527504
PHEC_ARTIC_3,5845,3978,12358,91,257,3,16684,0.44909206206467656,True,False,False,False,False,True,0.7459874187188913
PHEC_ARTIC_3,6060,1295,1149,21,8,1,2473,0.040130331040896534,True,False,False,False,False,True,0.13173217363424733
PHEC_ARTIC_3,6807,2015,10745,4,68,1,12832,0.014039708651486203,True,False,False,False,False,True,0.057791438587672994
PHEC_ARTIC_3,7769,4807,1010,2,1,2,5820,0.43591013160443204,True,False,False,True,False,True,0.7336895049456762
PHEC_ARTIC_3,8137,2901,3734,58,54,1,6747,0.10228001486610439,True,False,False,False,False,True,0.2750889967263927
PHEC_ARTIC_3,8208,2630,3459,12,41,1,6142,0.0030510738735861653,True,False,False,False,False,True,0.016124925421902882
PHEC_ARTIC_3,8938,3023,922,35,1,1,3981,0.00124108507417521,True,False,False,False,False,True,0.0076491365796104785
PHEC_ARTIC_3,10237,6037,3062,60,25,1,9184,0.48896834858971816,True,False,False,False,False,True,0.7841849784233401
PHEC_ARTIC_3,10255,3997,3986,38,32,1,8053,0.5487262058602658,True,False,False,False,False,True,0.8309507157511474
PHEC_ARTIC_3,10354,1278,6383,8,47,1,7716,0.8557305937216373,True,False,False,False,False,True,1.0
PHEC_ARTIC_3,10488,5501,1108,71,2,1,6682,0.0003720722921767037,True,False,False,False,False,True,0.002759862546180883
PHEC_ARTIC_3,10554,3533,2057,31,11,1,5632,0.19826448101604413,True,False,False,False,False,True,0.4477896504999116
PHEC_ARTIC_3,11143,8937,2317,142,27,1,11423,0.15058081685918406,True,False,False,False,False,True,0.3642195043939532
PHEC_ARTIC_3,11501,1665,882,27,4,1,2578,0.012090069389538247,True,False,False,False,False,True,0.050811941728596134
PHEC_ARTIC_3,11812,11708,42154,96,400,8,54358,0.20861170928693598,True,False,False,False,False,True,0.4655729617483816
PHEC_ARTIC_3,12067,3791,6132,80,101,1,10104,0.10538551926463285,True,False,False,False,False,True,0.280585626858229
PHEC_ARTIC_3,13257,4816,9291,32,56,1,14195,0.6534759817851924,True,False,False,False,False,True,0.9070572721562028
PHEC_ARTIC_3,13651,4117,976,42,0,1,5135,0.000225064857875885,True,False,True,False,False,True,0.0018370158669869532
PHEC_ARTIC_3,13690,12024,849,84,8,2,12965,0.396558164707037,True,False,False,False,False,True,0.6986033001588968
PHEC_ARTIC_3,14028,8411,1637,77,9,1,10134,0.18484726676698116,True,False,False,False,False,True,0.42290814063354776
PHEC_ARTIC_3,14062,7108,2675,86,55,1,9924,0.0030812381614013897,True,False,False,False,False,True,0.016243734347138498
PHEC_ARTIC_3,14656,7969,2995,83,31,1,11078,1.0,True,False,False,False,False,True,1.0
PHEC_ARTIC_3,15805,1394,14230,9,121,1,15754,0.5357537163300334,True,False,False,False,False,True,0.8202815643466622
PHEC_ARTIC_3,16098,1220,6774,6,55,1,8055,0.28590293216168106,True,False,False,False,False,True,0.5805944270795329
PHEC_ARTIC_3,16963,1953,1647,12,19,1,3631,0.1028739746134575,True,False,False,False,False,True,0.2759842415391487
PHEC_ARTIC_3,16983,2171,1413,19,11,1,3614,0.8523399962932385,True,False,False,False,False,True,1.0
PHEC_ARTIC_3,17507,6281,1885,47,14,1,8227,1.0,True,False,False,False,False,True,1.0
PHEC_ARTIC_3,17555,11191,7139,144,99,2,18573,0.5964593673840339,True,False,False,False,False,True,0.8641214473062631
PHEC_ARTIC_3,18089,4826,1808,74,20,1,6728,0.24242593312444993,True,False,False,False,False,True,0.5166213937752895
PHEC_ARTIC_3,18989,14360,2210,119,9,1,16698,0.03576366180402274,True,False,False,False,False,True,0.12155045185482968
PHEC_ARTIC_3,19109,22183,14951,208,75,2,37417,1.7768431355211107e-06,True,False,False,False,False,True,2.063871642028367e-05
PHEC_ARTIC_3,19598,2996,80,39,2,1,3117,0.293619380032254,True,False,False,True,False,True,0.5917172253462202
PHEC_ARTIC_3,20518,9098,572,107,3,1,9780,0.21761077613805987,True,False,False,False,False,True,0.4772086937301438
PHEC_ARTIC_3,20984,3256,6677,27,78,1,10038,0.1430398483129813,True,False,False,False,False,True,0.349579467437737
PHEC_ARTIC_3,21864,24,10,0,0,2,34,1.0,True,True,True,True,False,True,1.0
PHEC_ARTIC_3,22103,56,10,4,0,1,70,1.0,True,True,True,True,False,True,1.0
PHEC_ARTIC_3,22811,1167,7239,11,80,1,8497,0.7602439518909119,True,False,False,False,False,True,0.9900249884029497
PHEC_ARTIC_3,24382,269,4644,2,60,1,4975,0.774399072962044,True,False,False,True,False,True,1.0
PHEC_ARTIC_3,24833,6605,2967,36,32,1,9640,0.005630091443180528,True,False,False,False,False,True,0.02650782474584329
PHEC_ARTIC_3,27294,13221,5472,396,165,3,19254,0.9624485023694286,True,False,False,False,False,True,1.0
PHEC_ARTIC_3,27371,2246,6610,13,55,1,8924,0.26520949820686446,True,False,False,False,False,True,0.5523673686791246
PHEC_ARTIC_3,27489,343,5839,5,115,1,6302,0.6857659526306485,True,False,False,False,False,True,0.9313143803689513
PHEC_ARTIC_3,27883,2534,338,33,4,1,2909,1.0,True,False,False,True,False,True,1.0
PHEC_ARTIC_3,27942,1149,1729,18,8,1,2904,0.003950781342656087,True,False,False,False,False,True,0.0199330590892004
PHEC_ARTIC_3,29254,590,3085,6,25,1,3706,0.6221823140890812,True,False,False,True,False,True,0.8809734842493755
PHEC_ARTIC_3,29284,535,1849,2,22,1,2408,0.1368051944563426,True,False,False,False,False,True,0.3390459332716392
PHEC_ARTIC_3,29296,475,2415,16,89,1,2995,0.8931448609394366,True,False,False,False,False,True,1.0
PHEC_ARTIC_3,1669,5102,2188,1,1,1,7292,0.5102975640133129,True,False,False,True,False,True,0.8008678918516285
PHEC_ARTIC_3,1730,30603,21703,452,151,19,52909,4.7463426015473204e-17,False,False,False,False,False,False,1.0674221552841527e-15
PHEC_ARTIC_3,4576,5686,7485,8,3,1,13182,0.0659589459470902,True,False,False,True,False,True,0.19465731146486942
PHEC_ARTIC_3,4579,5376,7481,4,14,1,12875,0.10029420942474862,True,False,False,False,False,True,0.2711355802839786
PHEC_ARTIC_3,5743,22372,20661,112,449,7,43594,2.4362891144841228e-54,True,False,False,False,False,True,1.4306431077831764e-52
PHEC_ARTIC_3,9502,76567,109854,721,1562,17,188704,1.43636626261848e-20,False,False,False,False,False,False,3.8436433913613507e-19
PHEC_ARTIC_3,17470,7567,3140,1,1,1,10709,0.5006011059092976,True,False,False,True,False,True,0.7950944687394855
PHEC_ARTIC_3,27014,10662,5510,10,0,1,16182,0.019495497951234217,True,False,True,True,False,True,0.07412496882897326
PHEC_ARTIC_3,29197,2999,3543,8,11,2,6561,0.8204710542299511,True,False,False,False,False,True,1.0
PHEC_ARTIC_3,29555,8459,4629,0,0,1,13088,1.0,True,False,True,True,False,True,1.0
PHEC_ARTIC_3,7796,2457,1118,2,1,1,3578,1.0,True,False,False,True,False,True,1.0
PHEC_ARTIC_3,9474,2058,6463,0,2,1,8523,1.0,True,False,True,True,False,True,1.0
PHEC_ARTIC_3,25046,4622,2408,44,52,1,7126,8.22308960113613e-05,True,False,False,False,False,True,0.00075580919203486
PHEC_ARTIC_3,26151,1217,2818,1,1,3,4037,0.5124421450443654,True,False,False,True,False,True,0.8024464404620655
PHEC_ARTIC_3,28615,602,2473,1,2,1,3078,0.48022358180085334,True,False,False,True,False,True,0.7737748871394847
PHEC_ARTIC_3,3469,387,10556,43,753,2,11739,0.010630337402053266,True,False,False,False,False,True,0.045765964932146234
PHEC_ARTIC_3,6636,15552,11357,242,246,3,27397,0.00030641796940413305,True,False,False,False,False,True,0.0023814984827953576
PHEC_ARTIC_3,10254,1226,1277,100,112,1,2715,0.6173606610651018,True,False,False,False,False,True,0.8807507483102706
PHEC_ARTIC_3,13647,1572,60,148,8,1,1788,0.37688810898724767,True,False,False,False,False,True,0.6827261888595044
PHEC_ARTIC_3,14371,979,555,0,1,1,1535,0.3622149837133551,True,False,True,True,False,True,0.6670056407404465
PHEC_ARTIC_3,22741,769,1102,34,49,1,1954,1.0,True,False,False,False,False,True,1.0
PHEC_ARTIC_3,24054,57,222,0,1,1,280,1.0,True,True,True,True,False,True,1.0
PHEC_ARTIC_3,27396,1209,3905,19,57,2,5190,0.7859838901294862,True,False,False,False,False,True,1.0
PHEC_ARTIC_3,27506,55,1077,5,33,1,1170,0.04075716073348523,True,False,False,True,False,True,0.13337560029502754
PHEC_ARTIC_3,27819,618,34,57,3,1,712,1.0,True,True,False,True,False,True,1.0
PHEC_ARTIC_3,27972,265,445,1,0,1,711,0.3741209563994373,True,True,True,True,False,True,0.6800444555704304
PHEC_ARTIC_3,29250,26,112,7,24,1,169,0.6218719989769526,True,True,False,False,False,True,0.8809734842493755
PHEC_ARTIC_3,1594,2281,2194,70,172,2,4717,1.4439933997512847e-11,True,False,False,False,False,True,2.3125773083895574e-10
PHEC_ARTIC_3,2336,16080,6569,11,3,6,22663,0.7694612655641675,True,False,False,True,False,True,0.9973274772548436
PHEC_ARTIC_3,5713,2726,1816,47,13,1,4602,0.0033780675340807876,True,False,False,False,False,True,0.017503026389820552
PHEC_ARTIC_3,6520,6106,3770,154,164,1,10194,1.9280719868564816e-06,True,False,False,False,False,True,2.215187054464458e-05
PHEC_ARTIC_3,17331,19875,43851,19,22,6,63767,0.042799265644778095,True,False,False,False,False,True,0.1383450268701237
PHEC_ARTIC_3,18163,2852,1905,165,147,1,5069,0.014638508003964282,True,False,False,False,False,True,0.05962583028975047
PHEC_ARTIC_3,21627,359,1938,0,2,1,2299,1.0,True,False,True,True,False,True,1.0
PHEC_ARTIC_3,21762,116,68,0,0,1,184,1.0,True,True,True,True,False,True,1.0
PHEC_ARTIC_3,25539,1427,2215,24,42,1,3708,0.7035754488914739,True,False,False,False,False,True,0.9470574603546777
PHEC_ARTIC_3,29535,8816,4458,1,1,2,13276,1.0,True,False,False,True,False,True,1.0
PHEC_ARTIC_3,1395,7365,5248,115,92,2,12820,0.43451507309029164,True,False,False,False,False,True,0.7326558768713166
PHEC_ARTIC_3,1441,2402,2189,92,92,1,4775,0.5478813183284604,True,False,False,False,False,True,0.8302660264848497
PHEC_ARTIC_3,1659,11784,1555,101,13,2,13453,1.0,True,False,False,False,False,True,1.0
PHEC_ARTIC_3,1756,828,530,29,27,1,1414,0.20869052643746558,True,False,False,False,False,True,0.4655729617483816
PHEC_ARTIC_3,1927,665,1029,6,31,1,1731,0.0035429415719296768,True,False,False,False,False,True,0.018179073988008096
PHEC_ARTIC_3,2726,160,128,0,0,1,288,1.0,True,True,True,True,False,True,1.0
PHEC_ARTIC_3,3007,3152,2899,82,86,1,6219,0.43392275733658503,True,False,False,False,False,True,0.7326558768713166
PHEC_ARTIC_3,3470,4942,16747,262,901,1,22852,0.8576504850205817,True,False,False,False,False,True,1.0
PHEC_ARTIC_3,3489,3454,12420,107,542,1,16523,0.0010923023406244179,True,False,False,False,False,True,0.006892916859940357
PHEC_ARTIC_3,3860,243,171,11,6,1,431,0.8024643528816471,True,True,False,False,False,True,1.0
PHEC_ARTIC_3,4502,3158,2997,150,86,1,6391,0.0002471516862435732,True,False,False,False,False,True,0.001979085851208006
PHEC_ARTIC_3,6258,1044,829,21,17,1,1911,1.0,True,False,False,False,False,True,1.0
PHEC_ARTIC_3,6641,11894,14049,353,420,1,26716,0.9416161756529865,True,False,False,False,False,True,1.0
PHEC_ARTIC_3,6642,12079,14077,347,423,1,26926,0.5574215785831268,True,False,False,False,False,True,0.8378966570691977
PHEC_ARTIC_3,7626,626,2050,22,14,1,2712,1.7947778324608395e-06,True,False,False,False,False,True,2.0733116600121393e-05
PHEC_ARTIC_3,7838,3597,5273,203,112,1,9185,6.497249549135865e-17,True,False,False,False,False,True,1.4307484944659602e-15
PHEC_ARTIC_3,7936,2834,11061,18,104,1,14017,0.14163792899904276,True,False,False,False,False,True,0.3473579836473044
PHEC_ARTIC_3,8130,5228,6996,112,150,1,12486,1.0,True,False,False,False,False,True,1.0
PHEC_ARTIC_3,9666,464,381,6,15,1,866,0.024507126111090433,True,True,False,False,False,True,0.08932424930835375
PHEC_ARTIC_3,9827,4907,1733,168,39,2,6847,0.019228423833685664,True,False,False,False,False,True,0.07324123961155224
PHEC_ARTIC_3,10013,1650,1871,115,101,1,3737,0.0790221707292948,True,False,False,False,False,True,0.22453342597006612
PHEC_ARTIC_3,10387,4624,8506,190,495,1,13815,5.4034322018137786e-05,True,False,False,False,False,True,0.0005054360917979791
PHEC_ARTIC_3,10726,1248,2343,0,0,1,3591,1.0,True,False,True,True,False,True,1.0
PHEC_ARTIC_3,10862,265,609,5,18,1,897,0.4920773614572911,True,True,False,False,False,True,0.7880693500914495
PHEC_ARTIC_3,11487,656,504,17,25,1,1202,0.05636322388998549,True,False,False,False,False,True,0.17144151842220048
PHEC_ARTIC_3,12101,7696,9524,239,291,1,17750,0.8592934137115049,True,False,False,False,False,True,1.0
PHEC_ARTIC_3,12167,6310,14815,23,26,2,21174,0.012039898501680711,True,False,False,False,False,True,0.050701883331778934
PHEC_ARTIC_3,13144,14611,19715,148,147,1,34621,0.009234184189349732,True,False,False,False,False,True,0.04077211867406023
PHEC_ARTIC_3,13225,67112,46198,1618,1492,8,116420,1.280789623794354e-15,True,False,False,False,False,True,2.554329495001193e-14
PHEC_ARTIC_3,13268,13756,15936,263,261,1,30216,0.08477740774169665,True,False,False,False,False,True,0.23769156494157387
PHEC_ARTIC_3,13827,4742,3633,138,133,1,8646,0.07089525411412916,True,False,False,False,False,True,0.20615208692884324
PHEC_ARTIC_3,15010,716,416,18,14,2,1164,0.45926526890060543,True,False,False,False,False,True,0.7532886767557161
PHEC_ARTIC_3,16192,210,87,62,121,1,480,3.1121045325065584e-15,True,True,False,False,False,True,6.091656464554504e-14
PHEC_ARTIC_3,16603,3249,2792,61,60,1,6162,0.46322130600686434,True,False,False,False,False,True,0.7579333133889407
PHEC_ARTIC_3,16688,2737,4504,139,193,1,7573,0.1481729746278121,True,False,False,False,False,True,0.3592175095908197
PHEC_ARTIC_3,16842,327,121,15,9,1,472,0.2514306744243793,True,True,False,False,False,True,0.5288800455056097
PHEC_ARTIC_3,17048,181,316,7,16,1,520,0.6605680795645518,True,True,False,False,False,True,0.9127030333946811
PHEC_ARTIC_3,17365,9530,24264,291,736,1,34821,0.9159552967296343,True,False,False,False,False,True,1.0
PHEC_ARTIC_3,17524,3673,3649,211,271,1,7804,0.0073009697156575255,True,False,False,False,False,True,0.03333531312937367
PHEC_ARTIC_3,18876,19183,31658,885,1271,2,52997,0.002045661567030712,True,False,False,False,False,True,0.011291197265542886
PHEC_ARTIC_3,19605,1259,333,27,4,1,1623,0.3723631858022213,True,False,False,False,False,True,0.6783927184617501
PHEC_ARTIC_3,19626,1669,559,79,13,1,2320,0.018334358038984894,True,False,False,False,False,True,0.07090353641867973
PHEC_ARTIC_3,19627,1670,559,80,13,1,2322,0.013747310447710881,True,False,False,False,False,True,0.05687243500285871
PHEC_ARTIC_3,19637,1597,649,47,20,1,2313,0.8914074237713,True,False,False,False,False,True,1.0
PHEC_ARTIC_3,19722,1855,854,75,50,2,2834,0.049904462815780384,True,False,False,False,False,True,0.15606218105408243
PHEC_ARTIC_3,20650,5020,5014,247,248,1,10529,0.9633051048410581,True,False,False,False,False,True,1.0
PHEC_ARTIC_3,21123,1502,7250,41,227,1,9020,0.4593136728184097,True,False,False,False,False,True,0.7532886767557161
PHEC_ARTIC_3,21654,1447,2009,21,37,1,3514,0.4226052969685009,True,False,False,False,False,True,0.7181572329512949
PHEC_ARTIC_3,23148,14146,2482,555,55,2,17238,2.583871802853154e-05,True,False,False,False,False,True,0.0002576558958128098
PHEC_ARTIC_3,23177,15478,5194,640,169,1,21481,0.006241563170947262,True,False,False,False,False,True,0.028872351298430004
PHEC_ARTIC_3,23379,12144,14753,305,119,1,27321,1.849010207108384e-28,True,False,False,False,False,True,6.2044564727414664e-27
PHEC_ARTIC_3,23541,2273,1379,31,15,1,3698,0.54195291353548,True,False,False,False,False,True,0.8254239619697441
PHEC_ARTIC_3,23999,981,915,18,38,1,1952,0.0041857799868192415,True,False,False,False,False,True,0.0209685755737817
PHEC_ARTIC_3,24115,4043,2526,95,27,1,6691,0.00021445478973870454,True,False,False,False,False,True,0.0017709274433891462
PHEC_ARTIC_3,24348,2223,2444,61,90,1,4818,0.08249303384316005,True,False,False,False,False,True,0.23252036472592044
PHEC_ARTIC_3,24771,58582,14313,57,38,2,72990,6.169204574510689e-06,True,False,False,False,False,True,6.757356720474403e-05
PHEC_ARTIC_3,24979,20230,39072,436,998,1,60736,0.00334468949286047,True,False,False,False,False,True,0.01737266237814996
PHEC_ARTIC_3,25173,3333,5287,332,238,1,9190,8.299862803719817e-20,True,False,False,False,False,True,2.0642247020074933e-18
PHEC_ARTIC_3,26526,5484,34493,180,1021,4,41178,0.21743450096221464,True,False,False,False,False,True,0.4772086937301438
PHEC_ARTIC_3,27003,643,484,13,8,1,1148,0.8246105615780188,True,False,False,False,False,True,1.0
PHEC_ARTIC_3,27079,430,987,17,27,1,1461,0.24732647406587502,True,False,False,False,False,True,0.5238959580914426
PHEC_ARTIC_3,27182,6517,2562,220,50,1,9349,0.00033103985702491077,True,False,False,False,False,True,0.0025264197030709797
PHEC_ARTIC_3,27408,4622,10626,90,157,2,15495,0.04297227597106179,True,False,False,False,False,True,0.13869220061499943
PHEC_ARTIC_3,27836,3928,925,80,9,1,4942,0.02910442180930479,True,False,False,False,False,True,0.10254457950811723
PHEC_ARTIC_3,28314,12590,13311,506,887,1,27294,2.592108987342053e-19,True,False,False,False,False,True,6.2985268956794245e-18
PHEC_ARTIC_3,28315,13841,16188,503,914,2,31446,3.1635044145401925e-15,True,False,False,False,False,True,6.135457185631162e-14
PHEC_ARTIC_3,28334,13157,13774,18,41,1,26990,0.005767980883214308,True,False,False,False,False,True,0.026976795546714706
PHEC_ARTIC_3,28335,12786,12834,313,861,1,26794,8.951665643581154e-57,True,False,False,False,False,True,5.406806048723016e-55
PHEC_ARTIC_3,28420,8838,18613,318,71,1,27840,7.458562434705435e-89,True,False,False,False,False,True,7.883700493483645e-87
PHEC_ARTIC_3,28643,3555,4609,132,136,1,8432,0.0694651549991451,True,False,False,False,False,True,0.202830576889769
PHEC_ARTIC_3,15237,8549,2615,44,130,3,11338,2.6708705447139498e-45,True,False,False,False,False,True,1.344338174172688e-43
PHEC_ARTIC_3,16523,1058,636,0,0,1,1694,1.0,True,False,True,True,False,True,1.0
PHEC_ARTIC_3,27145,1862,5036,209,693,1,7800,0.01444866759105411,True,False,False,False,False,True,0.059080238467095536
PHEC_ARTIC_3,2782,2865,3649,41,32,1,6587,0.04347943537100646,True,False,False,False,False,True,0.1396892498089782
PHEC_ARTIC_3,5744,8951,8717,68,248,2,17984,6.82308176320121e-26,True,False,False,False,False,True,2.1528350518518443e-24
PHEC_ARTIC_3,6696,45679,68652,701,1219,17,116251,0.0022467601946703753,False,False,False,False,False,False,0.012304795470293195
PHEC_ARTIC_3,10138,7236,5147,1972,2554,1,16909,5.306452755461885e-66,True,False,False,False,False,True,4.154755972239417e-64
PHEC_ARTIC_3,18225,4624,4845,125,130,1,9724,1.0,True,False,False,False,False,True,1.0
PHEC_ARTIC_3,18744,5174,3659,2,0,2,8835,0.5146861069139286,True,False,True,True,False,True,0.8029862952147934
PHEC_ARTIC_3,21995,100,41,0,0,1,141,1.0,True,True,True,True,False,True,1.0
PHEC_ARTIC_3,22227,288,1071,1,2,2,1362,0.5113365722923351,True,False,False,True,False,True,0.8019032001676532
PHEC_ARTIC_3,25614,2727,24933,378,149,3,28187,6.201022843907971e-244,True,False,False,False,False,True,1.310896229202145e-241
PHEC_ARTIC_3,25916,3041,2520,75,79,7,5715,0.16297011763510505,True,False,False,False,False,True,0.38635919921063083
PHEC_ARTIC_3,1819,3121,5423,10,19,2,8573,1.0,True,False,False,False,False,True,1.0
PHEC_ARTIC_3,3518,4817,2057,89,208,1,7171,7.520524726651908e-44,True,False,False,False,False,True,3.697299830730729e-42
PHEC_ARTIC_3,20762,4097,7367,27,82,1,11573,0.020358567209607603,True,False,False,False,False,True,0.07655857275992443
PHEC_ARTIC_3,22992,1892,1726,0,0,1,3618,1.0,True,False,True,True,False,True,1.0
PHEC_ARTIC_3,25555,7289,11561,3,8,3,18861,0.5464842864554273,True,False,False,True,False,True,0.8287430283836251
PHEC_ARTIC_3,26810,3451,4754,1,3,1,8209,0.6436322093466527,True,False,False,True,False,True,0.901176906196083
PHEC_ARTIC_3,2539,1356,2246,9,13,2,3624,0.8262723889240728,True,False,False,False,False,True,1.0
PHEC_ARTIC_3,4551,1287,826,0,1,1,2114,0.39120151371807,True,False,True,True,False,True,0.6947232891149173
PHEC_ARTIC_3,5657,1357,707,1,0,1,2065,1.0,True,False,True,True,False,True,1.0
PHEC_ARTIC_3,10567,1281,1292,2,2,1,2577,1.0,True,False,False,True,False,True,1.0
PHEC_ARTIC_3,17794,1111,840,0,2,1,1953,0.18574880595636806,True,False,True,True,False,True,0.4240528896239331
PHEC_ARTIC_3,19884,1024,1151,0,0,1,2175,1.0,True,False,True,True,False,True,1.0
PHEC_ARTIC_3,21034,937,1037,0,2,1,1976,0.5010797929585404,True,False,True,True,False,True,0.7952572690047707
PHEC_ARTIC_3,28089,485,1088,391,687,1,2651,0.003726275275648029,True,False,False,False,False,True,0.01898155646438538
PHEC_ARTIC_3,430,15990,6810,7,1,2,22808,0.44955842910557214,True,False,False,True,False,True,0.7459874187188913
PHEC_ARTIC_3,635,11293,21135,285,970,3,33683,6.461621540486333e-20,True,False,False,False,False,True,1.6261747543557271e-18
PHEC_ARTIC_3,683,13263,16985,442,398,2,31088,5.356308954026431e-07,True,False,False,False,False,True,6.433657459552201e-06
PHEC_ARTIC_3,787,6838,5292,109,56,1,12295,0.014051466146671673,True,False,False,False,False,True,0.057791438587672994
PHEC_ARTIC_3,835,7205,6635,63,78,1,13981,0.0900632001034841,True,False,False,False,False,True,0.2501887056751188
PHEC_ARTIC_3,920,4192,10705,81,184,1,15162,0.4084113737684302,True,False,False,False,False,True,0.7065316236877752
PHEC_ARTIC_3,1026,10311,1937,120,15,1,12383,0.1540065816706458,True,False,False,False,False,True,0.3710132360922174
PHEC_ARTIC_3,1027,13029,2026,506,29,2,15590,3.3784397621282397e-09,True,False,False,False,False,True,4.698698458644144e-08
PHEC_ARTIC_3,1077,5355,3532,56,47,1,8990,0.22618220831472394,True,False,False,False,False,True,0.48990695530463774
PHEC_ARTIC_3,1385,3314,1790,91,55,1,5250,0.5385947759463241,True,False,False,False,False,True,0.8232750226684955
PHEC_ARTIC_3,1457,3148,3104,37,52,1,6341,0.10951948286481969,True,False,False,False,False,True,0.28796540643809554
PHEC_ARTIC_3,1722,394,689,9,13,1,1105,0.6602357633513061,True,False,False,False,False,True,0.9127030333946811
PHEC_ARTIC_3,3296,6868,5398,191,182,1,12639,0.07187086319019795,True,False,False,False,False,True,0.2082349764531388
PHEC_ARTIC_3,3308,10041,7128,193,89,3,17451,0.0007730429637869088,True,False,False,False,False,True,0.005106915079517266
PHEC_ARTIC_3,5470,1429,804,17,12,1,2262,0.5631072351524957,True,False,False,False,False,True,0.8418731931487807
PHEC_ARTIC_3,6306,298,211,10,7,1,526,1.0,True,True,False,False,False,True,1.0
PHEC_ARTIC_3,6682,7066,7577,121,133,1,14897,0.8496397160489574,True,False,False,False,False,True,1.0
PHEC_ARTIC_3,6787,7611,10626,74,140,1,18451,0.03636974573663959,True,False,False,False,False,True,0.12299200852290453
PHEC_ARTIC_3,6916,1662,814,185,70,1,2731,0.07927978722405918,True,False,False,False,False,True,0.2246614881925752
PHEC_ARTIC_3,6961,566,1027,9,19,1,1621,0.8429085979193958,True,False,False,False,False,True,1.0
PHEC_ARTIC_3,7675,5435,1102,38,187,2,6762,3.6522431592827336e-100,True,False,False,False,False,True,4.063601073012473e-98
PHEC_ARTIC_3,7761,3083,1251,112,26,1,4472,0.009588528703135856,True,False,False,False,False,True,0.041794123048307624
PHEC_ARTIC_3,8460,1518,3214,27,62,1,4821,0.8188239109901553,True,False,False,False,False,True,1.0
PHEC_ARTIC_3,9085,3581,3636,133,188,1,7538,0.004300175911961924,True,False,False,False,False,True,0.021440028013885632
PHEC_ARTIC_3,9113,3721,4081,78,99,1,7979,0.3615040581575757,True,False,False,False,False,True,0.6662768778946077
PHEC_ARTIC_3,9949,3210,2639,96,23,1,5968,6.608175088064693e-09,True,False,False,False,False,True,8.954924446262027e-08
PHEC_ARTIC_3,9950,3102,2640,96,23,1,5861,2.153161596277899e-09,True,False,False,False,False,True,3.0964514384567884e-08
PHEC_ARTIC_3,10216,4007,2542,95,46,1,6690,0.13847848105128874,True,False,False,False,False,True,0.34119290086529647
PHEC_ARTIC_3,10230,4060,2583,171,115,1,6929,0.6648921130690357,True,False,False,False,False,True,0.9150924004088161
PHEC_ARTIC_3,10595,2705,3253,40,58,1,6056,0.41341973823753053,True,False,False,False,False,True,0.7105441679952353
PHEC_ARTIC_3,10605,2712,3235,36,48,1,6031,0.6598252964734539,True,False,False,False,False,True,0.9127030333946811
PHEC_ARTIC_3,12041,5261,3797,99,37,1,9194,0.00058247155950728,True,False,False,False,False,True,0.003972080247736742
PHEC_ARTIC_3,12600,2123,2231,41,29,1,4424,0.11720046653210933,True,False,False,False,False,True,0.30251744352732496
PHEC_ARTIC_3,13128,10042,10354,176,115,1,20687,0.00014996305961264227,True,False,False,False,False,True,0.0013100078843848173
PHEC_ARTIC_3,13458,335,1091,10,29,2,1465,0.7057370749852359,True,False,False,False,False,True,0.9472559850912943
PHEC_ARTIC_3,13761,1970,2197,25,25,1,4217,0.7761609367518889,True,False,False,False,False,True,1.0
PHEC_ARTIC_3,13814,3302,1711,45,42,1,5100,0.008421913792864397,True,False,False,False,False,True,0.03804257640622935
PHEC_ARTIC_3,14110,7709,7703,208,385,2,16005,7.965949948532901e-13,True,False,False,False,False,True,1.3691071700161426e-11
PHEC_ARTIC_3,14196,4528,10246,1,14,2,14789,0.04906234948588073,True,False,False,True,False,True,0.15365601009355834
PHEC_ARTIC_3,14619,14889,2521,153,20,1,17583,0.3277333131289225,True,False,False,False,False,True,0.6315662934863647
PHEC_ARTIC_3,14676,11394,7352,23,30,3,18799,0.011109929982922451,True,False,False,False,False,True,0.047351596741729965
PHEC_ARTIC_3,14953,720,287,21,10,1,1038,0.6873594098896176,True,False,False,False,False,True,0.9320575962197893
PHEC_ARTIC_3,15086,339,595,5,16,1,955,0.3577326397428443,True,True,False,False,False,True,0.6627929889714048
PHEC_ARTIC_3,15678,10447,8837,86,86,1,19456,0.2826456767164863,True,False,False,False,False,True,0.575698059268109
PHEC_ARTIC_3,15763,8515,8002,77,250,1,16844,1.7698861027533614e-24,True,False,False,False,False,True,5.345056030315152e-23
PHEC_ARTIC_3,16023,3001,3650,45,41,1,6737,0.19183287436674445,True,False,False,False,False,True,0.435123064818989
PHEC_ARTIC_3,16114,2124,6248,23,116,1,8511,0.017760386689117363,True,False,False,False,False,True,0.06927206173578249
PHEC_ARTIC_3,16152,949,5552,10,109,1,6620,0.06459375735254634,True,False,False,False,False,True,0.19187062241959676
PHEC_ARTIC_3,16547,4449,3464,97,82,1,8092,0.5946562713396847,True,False,False,False,False,True,0.8633951631951191
PHEC_ARTIC_3,16551,6026,4408,62,54,2,10550,0.3951507238019456,True,False,False,False,False,True,0.6978685297554829
PHEC_ARTIC_3,16642,3538,5808,84,113,1,9543,0.1818503512127851,True,False,False,False,False,True,0.4177371243568076
PHEC_ARTIC_3,17495,3929,1872,61,27,1,5889,0.8187282460112357,True,False,False,False,False,True,1.0
PHEC_ARTIC_3,17848,212,318,7,10,1,547,1.0,True,True,False,False,False,True,1.0
PHEC_ARTIC_3,19006,9978,8300,216,75,1,18569,1.0727469098460802e-11,True,False,False,False,False,True,1.731135089629476e-10
PHEC_ARTIC_3,19037,19669,20348,465,168,2,40650,5.457917198265162e-35,True,False,False,False,False,True,2.218853260987029e-33
PHEC_ARTIC_3,19061,8826,10267,164,176,1,19433,0.475905967802014,True,False,False,False,False,True,0.7709311999490096
PHEC_ARTIC_3,19083,9459,8964,117,97,1,18637,0.33658821639357006,True,False,False,False,False,True,0.6416118029359849
PHEC_ARTIC_3,19116,9695,10005,118,114,1,19932,0.6440700418296063,True,False,False,False,False,True,0.901176906196083
PHEC_ARTIC_3,19160,6598,10786,72,227,1,17683,5.026757116838046e-07,True,False,False,False,False,True,6.142522858378976e-06
PHEC_ARTIC_3,19681,1690,1012,30,8,1,2740,0.04212055419892012,True,False,False,False,False,True,0.13635965019374754
PHEC_ARTIC_3,20013,146,237,4,10,1,397,0.5816096675887824,True,True,False,False,False,True,0.853835303668532
PHEC_ARTIC_3,20470,351,1437,6,24,1,1818,1.0,True,False,False,False,False,True,1.0
PHEC_ARTIC_3,20521,6000,1725,81,15,1,7821,0.13781979799971317,True,False,False,False,False,True,0.34036337963947855
PHEC_ARTIC_3,20665,2717,2968,44,67,1,5796,0.10256118482672946,True,False,False,False,False,True,0.27549472010636095
PHEC_ARTIC_3,20857,10975,5070,146,29,1,16220,8.43411071550194e-06,True,False,False,False,False,True,8.959653292749296e-05
PHEC_ARTIC_3,21121,1275,7326,18,101,1,8720,0.8967926135238895,True,False,False,False,False,True,1.0
PHEC_ARTIC_3,21727,1109,1696,504,599,2,3908,0.0004623988061236519,True,False,False,False,False,True,0.0032802385105550344
PHEC_ARTIC_3,21761,1461,2066,0,1,2,3528,1.0,True,False,True,True,False,True,1.0
PHEC_ARTIC_3,21980,110,107,22,21,1,260,1.0,True,True,False,False,False,True,1.0
PHEC_ARTIC_3,22380,371,190,13,6,1,580,1.0,True,True,False,False,False,True,1.0
PHEC_ARTIC_3,22468,1493,930,0,1,2,2424,0.38407590759075905,True,False,True,True,False,True,0.6898355723422809
PHEC_ARTIC_3,22516,589,1069,28,55,2,1741,0.814431466478128,True,False,False,False,False,True,1.0
PHEC_ARTIC_3,22617,7531,3745,179,63,1,11518,0.018811573215528957,True,False,False,False,False,True,0.07204287278555836
PHEC_ARTIC_3,23194,10619,2482,125,25,1,13251,0.5302603326098093,True,False,False,False,False,True,0.8158445000998086
PHEC_ARTIC_3,23292,7911,6872,212,67,1,15062,2.1182978700833455e-14,True,False,False,False,False,True,3.827420254150592e-13
PHEC_ARTIC_3,23363,7482,8331,102,86,1,16001,0.0660214249386525,True,False,False,False,False,True,0.19465731146486942
PHEC_ARTIC_3,23481,2003,10551,54,401,1,13009,0.018399127713434264,True,False,False,False,False,True,0.07097765690912415
PHEC_ARTIC_3,23694,1426,1544,23,33,1,3026,0.3454182722680307,True,False,False,False,False,True,0.6514752951931929
PHEC_ARTIC_3,23746,622,2969,12,55,1,3658,0.8709242681854448,True,False,False,False,False,True,1.0
PHEC_ARTIC_3,24022,1873,3187,1,1,2,5062,1.0,True,False,False,True,False,True,1.0
PHEC_ARTIC_3,24198,1875,927,33,23,1,2858,0.25120135440425884,True,False,False,False,False,True,0.5288800455056097
PHEC_ARTIC_3,24213,4915,1965,792,219,3,7891,3.522754075221023e-06,True,False,False,False,False,True,3.9402656693212924e-05
PHEC_ARTIC_3,25157,2062,4135,36,61,1,6294,0.44781138012390387,True,False,False,False,False,True,0.7454586605530612
PHEC_ARTIC_3,25357,15793,1581,379,19,1,17772,0.0018355560341711086,True,False,False,False,False,True,0.010375308706517978
PHEC_ARTIC_3,25370,13377,2347,152,20,1,15896,0.28060551783515286,True,False,False,False,False,True,0.5736944532915988
PHEC_ARTIC_3,25521,17818,18714,757,2481,5,39770,1.9412747356678424e-179,True,False,False,False,False,True,3.419878992668182e-177
PHEC_ARTIC_3,26270,11816,1889,130,31,1,13866,0.050813783931221615,True,False,False,False,False,True,0.15797108710382718
PHEC_ARTIC_3,26300,10214,4700,134,42,1,15090,0.03336665646192788,True,False,False,False,False,True,0.11525671856293389
PHEC_ARTIC_3,26333,6520,6476,56,80,1,13132,0.038644161147354125,True,False,False,False,False,True,0.12865158530001042
PHEC_ARTIC_3,27056,1452,2914,27,54,2,4447,1.0,True,False,False,False,False,True,1.0
PHEC_ARTIC_3,27247,2919,1185,34,20,1,4158,0.22614015539135623,True,False,False,False,False,True,0.48990695530463774
PHEC_ARTIC_3,27400,1516,3098,28,45,1,4687,0.31798799194951605,True,False,False,False,False,True,0.6213666673545231
PHEC_ARTIC_3,27415,1088,3705,17,43,1,4853,0.28255729722447,True,False,False,False,False,True,0.575698059268109
PHEC_ARTIC_3,27503,398,3967,7,278,3,4650,1.772910124211596e-05,True,False,False,False,False,True,0.00018372215698937814
PHEC_ARTIC_3,27735,311,650,0,1,2,962,1.0,True,True,True,True,False,True,1.0
PHEC_ARTIC_3,27881,1502,448,47,20,1,2017,0.18757758644798808,True,False,False,False,False,True,0.4273049760248349
PHEC_ARTIC_3,28140,12670,4249,197,53,1,17169,0.16302384375396534,True,False,False,False,False,True,0.38635919921063083
PHEC_ARTIC_3,28744,1659,3324,19,81,2,5083,0.0024550064571967137,True,False,False,False,False,True,0.013307393975676545
PHEC_ARTIC_3,29140,17683,4852,159,25,3,22719,0.008658392774143722,True,False,False,False,False,True,0.03892344001871022
PHEC_ARTIC_3,584,1340,3786,46,196,2,5368,0.012990856013579754,True,False,False,False,False,True,0.05395416426858075
PHEC_ARTIC_3,1601,308,737,14,65,1,1124,0.02778611555567613,True,False,False,False,False,True,0.09904131114586867
PHEC_ARTIC_3,1908,165,551,17,17,2,750,0.0008347977476550032,True,True,False,False,False,True,0.005463660800441725
PHEC_ARTIC_3,4021,65,72,3,13,1,153,0.03413863723350422,True,True,False,False,False,True,0.11681801274050618
PHEC_ARTIC_3,6826,109,257,11,11,1,388,0.057484828355572906,True,True,False,False,False,True,0.17460190681563378
PHEC_ARTIC_3,8139,2217,2507,116,171,1,5011,0.03294495842087372,True,False,False,False,False,True,0.11398632095209009
PHEC_ARTIC_3,10285,161,198,39,48,1,446,1.0,True,True,False,False,False,True,1.0
PHEC_ARTIC_3,11691,3507,3302,284,188,1,7281,0.00028705500717934765,True,False,False,False,False,True,0.002255889535974502
PHEC_ARTIC_3,11892,2428,4926,152,32,1,7538,1.666063760885067e-42,True,False,False,False,False,True,8.004679069343253e-41
PHEC_ARTIC_3,12333,42,176,3,13,1,234,1.0,True,True,False,True,False,True,1.0
PHEC_ARTIC_3,14024,11294,6398,425,249,1,18366,0.6831439265722383,True,False,False,False,False,True,0.9299203224557062
PHEC_ARTIC_3,15546,6521,1785,882,196,1,9384,0.012414455583690809,True,False,False,False,False,True,0.05207174425381423
PHEC_ARTIC_3,15821,1845,7560,101,434,1,9940,0.736797898610565,True,False,False,False,False,True,0.9722788749455271
PHEC_ARTIC_3,18795,547,690,64,99,1,1400,0.24046331298707938,True,False,False,False,False,True,0.513993370732746
PHEC_ARTIC_3,19136,2801,3788,542,597,1,7728,0.0015002345089313563,True,False,False,False,False,True,0.008883741601907247
PHEC_ARTIC_3,19145,2913,4224,450,677,1,8264,0.5793328316895301,True,False,False,False,False,True,0.8514771675213956
PHEC_ARTIC_3,25071,776,426,58,36,1,1296,0.5777661399190614,True,False,False,False,False,True,0.8514771675213956
PHEC_ARTIC_3,25806,107,237,0,0,1,344,1.0,True,True,True,True,False,True,1.0
PHEC_ARTIC_3,27180,918,1425,71,13,1,2427,5.2242425887692783e-17,True,False,False,False,False,True,1.16253145606929e-15
PHEC_ARTIC_3,27476,195,724,19,94,1,1032,0.3254969463438014,True,False,False,False,False,True,0.627828964024449
PHEC_ARTIC_3,28087,289,1817,18,29,2,2153,3.281500467346358e-05,True,False,False,False,False,True,0.00032265544130093956
PHEC_ARTIC_3,28840,143,135,10,4,1,292,0.17613458731264733,True,True,False,False,False,True,0.4064940148241664
PHEC_ARTIC_3,1288,351,119,0,0,1,470,1.0,True,True,True,True,False,True,1.0
PHEC_ARTIC_3,2790,21,25,5,10,1,61,0.5500733855716783,True,True,False,False,False,True,0.8323945147448303
PHEC_ARTIC_3,4095,1520,507,21,33,1,2081,3.538345501154062e-08,True,False,False,False,False,True,4.617322462617091e-07
PHEC_ARTIC_3,5724,1480,1444,136,181,1,3241,0.00928093474929545,True,False,False,False,False,True,0.040789804698566696
PHEC_ARTIC_3,5919,253,1663,11,60,1,1987,0.5920640582169524,True,False,False,False,False,True,0.8614063448524689
PHEC_ARTIC_3,6649,15,24,1,6,1,46,0.3937839516275483,True,True,False,True,False,True,0.6966186391135039
PHEC_ARTIC_3,11827,1461,5351,111,422,2,7345,0.783977595839179,True,False,False,False,False,True,1.0
PHEC_ARTIC_3,13279,3640,5204,714,1017,1,10575,0.957412557049033,True,False,False,False,False,True,1.0
PHEC_ARTIC_3,14575,2602,583,14,61,1,3260,3.5604741807402503e-31,True,False,False,False,False,True,1.2757360030652353e-29
PHEC_ARTIC_3,15697,1691,2796,90,145,1,4722,0.8902127089674616,True,False,False,False,False,True,1.0
PHEC_ARTIC_3,16083,862,1129,128,196,1,2315,0.2042475081654033,True,False,False,False,False,True,0.4578782950812965
PHEC_ARTIC_3,16911,267,265,16,16,2,564,1.0,True,True,False,False,False,True,1.0
PHEC_ARTIC_3,18400,7291,5649,578,575,1,14093,4.9846169676750166e-05,True,False,False,False,False,True,0.0004704232263243297
PHEC_ARTIC_3,20283,75,73,7,11,1,166,0.4554857509208484,True,True,False,False,False,True,0.7505041913068383
PHEC_ARTIC_3,21575,215,282,25,27,2,549,0.5576787140349201,True,True,False,False,False,True,0.8378966570691977
PHEC_ARTIC_3,23393,5929,17453,387,931,2,24700,0.0014618684410574252,True,False,False,False,False,True,0.008754645564859482
PHEC_ARTIC_3,23929,879,282,27,17,2,1205,0.04835192975484369,True,False,False,False,False,True,0.15165575593729905
PHEC_ARTIC_3,24989,232,236,36,57,1,561,0.06864685591911496,True,True,False,False,False,True,0.2007184694509115
PHEC_ARTIC_3,26280,8098,2838,182,62,1,11180,0.8828305299008854,True,False,False,False,False,True,1.0
PHEC_ARTIC_3,26643,13,9,4,1,1,27,0.620958751393534,True,True,False,True,False,True,0.8809734842493755
PHEC_ARTIC_3,27135,765,2456,37,164,1,3422,0.08633981853174075,True,False,False,False,False,True,0.241431714783201
PHEC_ARTIC_3,28325,9026,9055,2,3,1,18086,1.0,True,False,False,True,False,True,1.0
PHEC_ARTIC_3,28364,7115,12737,365,817,1,21034,0.0005139340682140959,True,False,False,False,False,True,0.003573870461199338
PHEC_ARTIC_3,28409,3871,16181,299,1169,1,21520,0.32127058608395587,True,False,False,False,False,True,0.6236602561813431
PHEC_ARTIC_3,29144,340,225,0,0,1,565,1.0,True,True,True,True,False,True,1.0
PHEC_ARTIC_3,1909,2126,357,0,0,1,2483,1.0,True,False,True,True,False,True,1.0
PHEC_ARTIC_3,8041,5827,2745,2,1,1,8575,1.0,True,False,False,True,False,True,1.0
PHEC_ARTIC_3,8976,22,278,2,18,1,320,0.6534544887667212,True,True,False,True,False,True,0.9070572721562028
PHEC_ARTIC_3,9583,58069,7865,424,12,9,66370,9.31951192332171e-12,True,False,False,False,False,True,1.5272440469691546e-10
PHEC_ARTIC_3,10166,1,19,2,7,1,29,0.22003284072249585,True,True,False,True,False,True,0.48136889365183305
PHEC_ARTIC_3,13068,52502,20360,318,396,7,73576,7.499436349439702e-53,True,False,False,False,False,True,4.284813092625819e-51
PHEC_ARTIC_3,14548,10,11,7,0,1,28,0.023337049424005944,True,True,True,True,False,True,0.08565021264296625
PHEC_ARTIC_3,20500,480,1143,0,0,1,1623,1.0,True,False,True,True,False,True,1.0
PHEC_ARTIC_3,24928,3268,12932,2,1,4,16203,0.10573002450941914,True,False,False,True,False,True,0.28079556760416086
PHEC_ARTIC_3,25608,22,37,9,0,1,68,0.0004090918904207812,True,True,True,True,False,True,0.0029718909152904862
PHEC_ARTIC_3,25991,15,6,2,8,1,31,0.018110299688865246,True,True,False,True,False,True,0.07039384846295207
PHEC_ARTIC_3,29015,311,1443,4,40,1,1798,0.16175580208627,True,False,False,False,False,True,0.3847899979862042
PHEC_ARTIC_3,29567,9250,4334,430,626,2,14640,8.496487061731655e-69,True,False,False,False,False,True,6.90829755711566e-67
PHEC_ARTIC_3,29604,1726,3376,0,1,1,5103,1.0,True,False,True,True,False,True,1.0
PHEC_ARTIC_3,527,7608,7543,82,80,2,15313,0.9371737395679789,True,False,False,False,False,True,1.0
PHEC_ARTIC_3,5706,3290,4045,2,1,1,7338,0.5907676698668715,True,False,False,True,False,True,0.8607049304607624
PHEC_ARTIC_3,7639,541,2439,1164,120,1,4264,0.0,True,False,False,False,False,True,0.0
PHEC_ARTIC_3,14236,5858,4518,64,91,1,10531,0.00021991105022949595,True,False,False,False,False,True,0.0018089181330161652
PHEC_ARTIC_3,20465,1723,5280,164,215,4,7382,1.6657217197904566e-14,True,False,False,False,False,True,3.035634237618125e-13
PHEC_ARTIC_3,823,1779,908,0,1,1,2688,0.33816964285714285,True,False,True,True,False,True,0.6428624538169061
PHEC_ARTIC_3,2756,627,1534,0,0,1,2161,1.0,True,False,True,True,False,True,1.0
PHEC_ARTIC_3,3156,242,1740,2,28,1,2012,0.5708159370931767,True,False,False,True,False,True,0.8468505635054041
PHEC_ARTIC_3,4556,637,1813,14,33,1,2497,0.6146581558840393,True,False,False,False,False,True,0.8791524638287274
PHEC_ARTIC_3,10317,524,1376,0,1,1,1901,1.0,True,False,True,True,False,True,1.0
PHEC_ARTIC_3,11234,1131,1633,34,33,1,2831,0.13105335553782532,True,False,False,False,False,True,0.3298176114368604
PHEC_ARTIC_3,11654,9757,7436,35,30,2,17258,0.7070522247760196,True,False,False,False,False,True,0.9484190375485441
PHEC_ARTIC_3,14605,3120,145,19,2,1,3286,0.24126526000374954,True,False,False,True,False,True,0.5151866259069965
PHEC_ARTIC_3,17010,660,1353,784,933,1,3730,9.197939640006063e-16,True,False,False,False,False,True,1.851851847521221e-14
PHEC_ARTIC_3,21637,320,1785,0,0,1,2105,1.0,True,False,True,True,False,True,1.0
PHEC_ARTIC_3,22224,59,696,0,0,1,755,1.0,True,True,True,True,False,True,1.0
PHEC_ARTIC_3,23884,2362,132,18,2,1,2514,0.28911965505879994,True,False,False,True,False,True,0.5848793787505293
PHEC_ARTIC_3,26654,19221,4066,235,33,9,23555,0.02831105305472189,True,False,False,False,False,True,0.1004187351638961
PHEC_ARTIC_3,27175,19543,11155,220,83,5,31001,0.0011567981409842543,True,False,False,False,False,True,0.0072351221007121705
PHEC_ARTIC_3,15979,3076,2545,91,93,1,5805,0.1755749268203505,True,False,False,False,False,True,0.4064940148241664
PHEC_ARTIC_3,1456,1377,1312,31,23,1,2743,0.4105596734423555,True,False,False,False,False,True,0.7078490958887593
PHEC_ARTIC_3,3563,444,185,0,0,1,629,1.0,True,True,True,True,False,True,1.0
PHEC_ARTIC_3,5183,930,1476,15,35,2,2456,0.24175496042503025,True,False,False,False,False,True,0.5157113888380565
PHEC_ARTIC_3,6318,2609,1280,104,65,2,4058,0.1338927803646418,True,False,False,False,False,True,0.3341786749596845
PHEC_ARTIC_3,9848,2765,930,110,41,1,3846,0.5675394344011252,True,False,False,False,False,True,0.8447755880425752
PHEC_ARTIC_3,12778,5762,9317,336,79,4,15494,3.0786283147787997e-69,True,False,False,False,False,True,2.6032881029769528e-67
PHEC_ARTIC_3,13201,4948,3720,842,384,1,9894,6.3307762888111375e-15,True,False,False,False,False,True,1.194934024513102e-13
PHEC_ARTIC_3,14067,2317,1303,1,0,1,3621,1.0,True,False,True,True,False,True,1.0
PHEC_ARTIC_3,20102,217,236,0,0,1,453,1.0,True,True,True,True,False,True,1.0
PHEC_ARTIC_3,25006,7741,11554,105,543,2,19943,1.4096530790095475e-38,True,False,False,False,False,True,6.340439593672731e-37
PHEC_ARTIC_3,28706,1269,3279,0,31,2,4579,6.0843425796091304e-05,True,False,True,False,False,True,0.0005666211547706477
PHEC_ARTIC_3,2398,765,913,1,1,1,1680,1.0,True,False,False,True,False,True,1.0
PHEC_ARTIC_3,4893,1164,931,0,0,1,2095,1.0,True,False,True,True,False,True,1.0
PHEC_ARTIC_3,11576,997,1184,663,321,2,3165,6.032071558208549e-30,True,False,False,False,False,True,2.125299879008812e-28
PHEC_ARTIC_3,13024,2646,616,618,1760,1,5640,0.0,True,False,False,False,False,True,0.0
PHEC_ARTIC_3,15426,615,797,0,1,1,1413,1.0,True,False,True,True,False,True,1.0
PHEC_ARTIC_3,17115,5255,2293,2,4,1,7554,0.07367378119806943,True,False,False,True,False,True,0.21189982782682826
PHEC_ARTIC_3,20466,268,953,0,0,1,1221,1.0,True,False,True,True,False,True,1.0
PHEC_ARTIC_3,23280,2836,1951,0,0,1,4787,1.0,True,False,True,True,False,True,1.0
PHEC_ARTIC_3,25567,1284,3046,0,3,1,4333,0.5596547208049703,True,False,True,True,False,True,0.8378966570691977
PHEC_ARTIC_3,27526,58,95,109,43,1,305,3.2791920187676668e-09,True,True,False,False,False,True,4.5908688262747335e-08
PHEC_ARTIC_3,1947,63,29,13,38,1,143,8.17463363217841e-07,True,True,False,False,False,True,9.600653054680645e-06
PHEC_ARTIC_3,6312,1146,629,27,18,2,1820,0.5312933324756387,True,False,False,False,False,True,0.8168393489843637
PHEC_ARTIC_3,6793,2915,7829,65,150,1,10959,0.31468432761905624,True,False,False,False,False,True,0.6185060206833145
PHEC_ARTIC_3,8488,533,1169,27,39,1,1768,0.10648127754690466,True,False,False,False,False,True,0.28208198086987024
PHEC_ARTIC_3,8950,715,134,63,10,1,922,0.7384379605935489,True,True,False,False,False,True,0.973835214407213
PHEC_ARTIC_3,9894,2609,945,53,16,1,3623,0.5839850808525702,True,False,False,False,False,True,0.8561334680460009
PHEC_ARTIC_3,11271,1673,2166,32,34,1,3905,0.4539102126554888,True,False,False,False,False,True,0.7484915675145892
PHEC_ARTIC_3,15405,1010,705,49,39,1,1803,0.5796005884878374,True,False,False,False,False,True,0.8514771675213956
PHEC_ARTIC_3,18060,2440,1950,58,51,1,4499,0.6270816623462072,True,False,False,False,False,True,0.8840419288724727
PHEC_ARTIC_3,18433,1017,551,29,11,1,1608,0.4015453062368276,True,False,False,False,False,True,0.7012262676208224
PHEC_ARTIC_3,18779,2029,3573,64,56,1,5722,0.00016891991555528118,True,False,False,False,False,True,0.0014516126076579855
PHEC_ARTIC_3,22329,138,28,1,1,1,168,0.31629597946963217,True,True,False,True,False,True,0.6191200931470392
PHEC_ARTIC_3,23426,1455,3015,1,2,1,4473,1.0,True,False,False,True,False,True,1.0
PHEC_ARTIC_3,23737,457,2105,9,46,1,2617,1.0,True,False,False,False,False,True,1.0
PHEC_ARTIC_3,26467,195,299,27,6,2,527,1.973541842783931e-06,True,True,False,False,False,True,2.2551715976460704e-05
PHEC_ARTIC_3,925,1611,13848,221,2247,2,17927,0.02645460273654681,True,False,False,False,False,True,0.09511059555282306
PHEC_ARTIC_3,1938,493,540,45,83,1,1161,0.008339345154975275,True,False,False,False,False,True,0.03775026907412791
PHEC_ARTIC_3,3852,849,33,18,1,1,901,0.5221257141446164,True,True,False,True,False,True,0.8068521635246484
PHEC_ARTIC_3,6618,2371,716,16,3,1,3106,0.590653205231995,True,False,False,True,False,True,0.8607049304607624
PHEC_ARTIC_3,10369,280,2171,1,33,1,2485,0.16985305481714044,True,False,False,True,False,True,0.3966665627826851
PHEC_ARTIC_3,12403,33,1854,0,54,1,1941,1.0,True,False,True,True,False,True,1.0
PHEC_ARTIC_3,13040,3567,758,21,0,1,4346,0.03764228260397801,True,False,True,True,False,True,0.12618806834388913
PHEC_ARTIC_3,13638,841,664,92,58,1,1655,0.22676996952291278,True,False,False,False,False,True,0.49067729331774573
PHEC_ARTIC_3,14328,1821,532,16,3,1,2372,0.5920485433093886,True,False,False,True,False,True,0.8614063448524689
PHEC_ARTIC_3,14625,41452,2004,198,8,4,43662,0.7400188487282042,True,False,False,False,False,True,0.9753116248200896
PHEC_ARTIC_3,18105,1615,346,74,10,1,2045,0.2381857466729828,True,False,False,False,False,True,0.5117120614498838
PHEC_ARTIC_3,18298,3669,2243,330,190,1,6432,0.5401219992772373,True,False,False,False,False,True,0.8238224433420487
PHEC_ARTIC_3,21742,20,3,0,4,1,27,0.001994301994301995,True,True,True,True,False,True,0.011094616884090571
PHEC_ARTIC_3,26233,1231,650,23,77,1,1981,4.432472787398068e-17,True,False,False,False,False,True,1.0075534916730662e-15
PHEC_ARTIC_3,26542,2897,7699,6,82,2,10684,2.7123366853110384e-06,True,False,False,False,False,True,3.082731049864266e-05
PHEC_ARTIC_3,27686,23,27,5,8,1,63,0.7579966997710479,True,True,False,False,False,True,0.9885287003800094
PHEC_ARTIC_3,11587,4468,4333,2,2,1,8805,1.0,True,False,False,True,False,True,1.0
PHEC_ARTIC_3,13105,5520,4547,0,1,1,10068,0.45172824791418353,True,False,True,True,False,True,0.7481516810988442
PHEC_ARTIC_3,16935,3088,4212,65,71,1,7436,0.2202040889669729,True,False,False,False,False,True,0.48136889365183305
PHEC_ARTIC_3,1281,1133,1791,1,0,1,2925,0.3876923076923077,True,False,True,True,False,True,0.6916299902629016
PHEC_ARTIC_3,4183,3810,1142,1,0,1,4953,1.0,True,False,True,True,False,True,1.0
PHEC_ARTIC_3,14216,1761,4949,209,109,1,7028,1.8312386181451044e-46,True,False,False,False,False,True,9.442044972582318e-45
PHEC_ARTIC_3,22639,3404,2790,22,159,1,6375,2.2886230932173796e-32,True,False,False,False,False,True,8.796634943748256e-31
PHEC_ARTIC_3,4158,3317,1068,147,34,1,4566,0.0921948231350233,True,False,False,False,False,True,0.2547710537352147
PHEC_ARTIC_3,8917,923,225,54,11,1,1213,0.7472434074359676,True,False,False,False,False,True,0.9805540430289482
PHEC_ARTIC_3,21405,526,262,1,0,1,789,1.0,True,True,True,True,False,True,1.0
PHEC_ARTIC_3,22139,38,69,20,9,2,136,0.0015323893099646777,True,True,False,False,False,True,0.008998530559070359
PHEC_ARTIC_3,22450,1683,902,8,6,3,2599,0.5785896270026281,True,False,False,True,False,True,0.8514771675213956
PHEC_ARTIC_3,22936,76,34,21,8,1,139,0.8226603963392676,True,True,False,False,False,True,1.0
PHEC_ARTIC_3,25511,3986,3657,135,260,1,8038,2.950725405003666e-12,True,False,False,False,False,True,4.8733074267013676e-11
PHEC_ARTIC_3,29272,406,676,8,46,2,1136,0.0004428300062338816,True,False,False,False,False,True,0.0031841586162531486
PHEC_ARTIC_3,343,1357,1744,71,31,1,3203,2.600659639730589e-07,True,False,False,False,False,True,3.253132827449979e-06
PHEC_ARTIC_3,15264,28011,5411,8,3,4,33433,0.40135858331152124,True,False,False,True,False,True,0.7012262676208224
PHEC_ARTIC_3,19813,709,1445,0,1,1,2155,1.0,True,False,True,True,False,True,1.0
PHEC_ARTIC_3,25965,1753,1619,1517,1332,1,6221,0.3329125318529502,True,False,False,False,False,True,0.6357516642611895
PHEC_ARTIC_3,26319,1435,2127,2,0,1,3564,0.16250161829729606,True,False,True,True,False,True,0.38598698997807174
PHEC_ARTIC_3,27277,2477,1541,3,1,1,4022,1.0,True,False,False,True,False,True,1.0
PHEC_ARTIC_3,28367,2381,3061,2,4,1,5448,0.701808691284922,True,False,False,True,False,True,0.9461885034287787
PHEC_ARTIC_3,841,1073,1125,29,6,1,2233,5.1587128975555394e-05,True,False,False,False,False,True,0.00048468973624144043
PHEC_ARTIC_3,2842,518,54,66,118,1,756,5.966999628103594e-48,True,True,False,False,False,True,3.2344197984130766e-46
PHEC_ARTIC_3,3955,183,77,0,0,1,260,1.0,True,True,True,True,False,True,1.0
PHEC_ARTIC_3,8541,875,1273,0,0,1,2148,1.0,True,False,True,True,False,True,1.0
PHEC_ARTIC_3,9112,3733,4916,23,32,2,8704,0.8919755500153526,True,False,False,False,False,True,1.0
PHEC_ARTIC_3,10702,8245,16746,23,107,2,25121,0.00015727133325743673,True,False,False,False,False,True,0.001368195878626425
PHEC_ARTIC_3,12807,1536,350,24,6,1,1916,0.8136912195242684,True,False,False,False,False,True,1.0
PHEC_ARTIC_3,25665,96,265,171,50,1,582,6.85713437543901e-34,True,True,False,False,False,True,2.735090956543032e-32
PHEC_ARTIC_3,26109,183,87,0,1,1,271,0.3247232472324723,True,True,True,True,False,True,0.626908625250636
PHEC_ARTIC_3,28321,1782,2242,1,0,1,4025,0.4429813664596273,True,False,True,True,False,True,0.7406819706966876
PHEC_ARTIC_3,419,3412,1406,98,21,1,4937,0.005517994251641554,True,False,False,False,False,True,0.026154797865404138
PHEC_ARTIC_3,639,959,1843,39,144,1,2985,0.0002566307134972257,True,False,False,False,False,True,0.0020395388283200567
PHEC_ARTIC_3,3811,384,402,67,72,1,925,0.9267656989368338,True,True,False,False,False,True,1.0
PHEC_ARTIC_3,4233,1291,1979,699,1602,1,5571,2.7151931087282657e-12,True,False,False,False,False,True,4.519620655001223e-11
PHEC_ARTIC_3,5106,1218,1806,151,270,1,3445,0.088946592880151,True,False,False,False,False,True,0.24741197019557792
PHEC_ARTIC_3,7749,3478,1064,647,448,2,5637,7.245169316158475e-30,True,False,False,False,False,True,2.5108668744850845e-28
PHEC_ARTIC_3,10180,3901,1173,2418,1179,1,8671,3.362813138100526e-23,True,False,False,False,False,True,9.738338320471934e-22
PHEC_ARTIC_3,11389,2123,492,518,92,1,3225,0.03082066879494958,True,False,False,False,False,True,0.10751632645630926
PHEC_ARTIC_3,15716,5637,12113,21,109,2,17880,8.803660613991004e-05,True,False,False,False,False,True,0.0008013937677545273
PHEC_ARTIC_3,18828,2463,3637,44,73,1,6217,0.5694201357309104,True,False,False,False,False,True,0.8459270322804953
PHEC_ARTIC_3,19524,167,160,2,4,2,333,0.44268011428651166,True,True,False,True,False,True,0.7406819706966876
PHEC_ARTIC_3,20230,623,238,21,79,1,961,1.616195590844712e-23,True,True,False,False,False,True,4.812165463444677e-22
PHEC_ARTIC_3,20252,455,169,359,83,1,1066,0.0016531145692930739,True,False,False,False,False,True,0.009574477258864542
PHEC_ARTIC_3,20639,1443,1491,18,27,1,2979,0.23302926376981362,True,False,False,False,False,True,0.5016536289301283
PHEC_ARTIC_3,24696,592,2018,492,1464,1,4566,0.053303899396463725,True,False,False,False,False,True,0.16426303691563313
PHEC_ARTIC_3,25218,989,2823,440,751,1,5003,6.59381559493755e-13,True,False,False,False,False,True,1.1425677186637689e-11
PHEC_ARTIC_3,26732,2720,2556,1212,523,1,7011,1.9840476698141665e-41,True,False,False,False,False,True,9.320615053304774e-40
PHEC_ARTIC_3,27264,3521,2031,110,42,1,5704,0.025990282495603752,True,False,False,False,False,True,0.09376016586298008
PHEC_ARTIC_3,27556,65,30,8,2,1,105,0.7198613198761563,True,True,False,True,False,True,0.9599850135805535
PHEC_ARTIC_3,28199,3042,1721,1205,646,1,6614,0.3606316421990434,True,False,False,False,False,True,0.6652489455573977
PHEC_ARTIC_3,2695,1943,1148,80,91,1,3262,3.362369712729609e-05,True,False,False,False,False,True,0.0003275598881433361
PHEC_ARTIC_3,4795,1480,3892,2,3,1,5377,0.6204346278947195,True,False,False,True,False,True,0.8809734842493755
PHEC_ARTIC_3,5281,372,2021,1602,403,1,4398,0.0,True,False,False,False,False,True,0.0
PHEC_ARTIC_3,8110,1115,1326,1,0,1,2442,0.45700245700245695,True,False,True,True,False,True,0.7518312794577384
PHEC_ARTIC_3,13210,16442,10313,674,267,2,27696,1.506088000793333e-10,True,False,False,False,False,True,2.274192881197933e-09
PHEC_ARTIC_3,14742,1139,1320,2,2,1,2463,1.0,True,False,False,True,False,True,1.0
PHEC_ARTIC_3,20451,554,1241,0,0,1,1795,1.0,True,False,True,True,False,True,1.0
PHEC_ARTIC_3,449,17467,8446,3,5,2,25921,0.12318479880029905,True,False,False,True,False,True,0.3145080491109084
PHEC_ARTIC_3,3155,679,3150,231,57,1,4117,5.558520365852123e-107,True,False,False,False,False,True,7.344195033382117e-105
PHEC_ARTIC_3,11595,37564,19640,8,2,2,57214,0.5102902795890227,True,False,False,True,False,True,0.8008678918516285
PHEC_ARTIC_3,16063,1476,1787,18,31,1,3312,0.2505490204121837,True,False,False,False,False,True,0.5280763999515018
PHEC_ARTIC_3,19786,664,1068,9,18,1,1759,0.6922379678981264,True,False,False,False,False,True,0.9368194645502543
PHEC_ARTIC_3,23855,1893,283,66,7,2,2249,0.4795553323654983,True,False,False,False,False,True,0.7737125396678963
PHEC_ARTIC_3,26505,1663,7267,39,82,2,9051,0.00037574485951813176,True,False,False,False,False,True,0.0027742333801671977
PHEC_ARTIC_3,427,37264,4612,40,2,2,41918,0.31822199791805844,True,False,False,True,False,True,0.6213666673545231
PHEC_ARTIC_3,6361,1905,1725,474,357,2,4461,0.018692922303567443,True,False,False,False,False,True,0.0718384294146233
PHEC_ARTIC_3,11620,19539,6733,8,5,2,26285,0.33876479354400824,True,False,False,True,False,True,0.6428624538169061
PHEC_ARTIC_3,13498,203,332,0,0,2,535,1.0,True,True,True,True,False,True,1.0
PHEC_ARTIC_3,26022,635,282,0,0,2,917,1.0,True,True,True,True,False,True,1.0
PHEC_ARTIC_3,504,4551,4644,161,166,1,9522,0.9551411092339709,True,False,False,False,False,True,1.0
PHEC_ARTIC_3,815,8006,3000,170,84,2,11260,0.046045404672093004,True,False,False,False,False,True,0.14593700971035173
PHEC_ARTIC_3,917,848,4351,52,333,1,5584,0.17195846179518215,True,False,False,False,False,True,0.39903423516467074
PHEC_ARTIC_3,1134,1414,1589,30,71,1,3104,0.0005290654645808277,True,False,False,False,False,True,0.003655047033084542
PHEC_ARTIC_3,1426,1953,737,68,44,1,2802,0.009449495980211726,True,False,False,False,False,True,0.04135866356556437
PHEC_ARTIC_3,5037,371,79,32,11,1,493,0.214196808609873,True,True,False,False,False,True,0.47217106715461055
PHEC_ARTIC_3,5313,415,40,16,5,1,476,0.038747896793712065,True,True,False,True,False,True,0.12879410978287312
PHEC_ARTIC_3,6808,1935,3080,74,16,1,5105,7.929484112727483e-17,True,False,False,False,False,True,1.7281370530212267e-15
PHEC_ARTIC_3,8596,44,1271,3,121,1,1439,0.7924797759997572,True,False,False,True,False,True,1.0
PHEC_ARTIC_3,9826,2216,371,124,10,1,2721,0.021621228307762568,True,False,False,False,False,True,0.08047055746938392
PHEC_ARTIC_3,10316,645,1427,32,67,1,2171,0.824475545229824,True,False,False,False,False,True,1.0
PHEC_ARTIC_3,12953,28,75,2,11,1,116,0.5097008661291312,True,True,False,True,False,True,0.8008678918516285
PHEC_ARTIC_3,13919,122,2653,0,54,1,2829,0.17117801166438634,True,False,True,True,False,True,0.3980852079255247
PHEC_ARTIC_3,14505,1037,15452,33,647,2,17169,0.14460176625815047,True,False,False,False,False,True,0.3525814692845791
PHEC_ARTIC_3,15208,1082,46,55,0,2,1183,0.2682852818941282,True,False,True,True,False,True,0.5570596487319388
PHEC_ARTIC_3,17091,4929,279,161,7,1,5376,0.6023012185940404,True,False,False,False,False,True,0.8685298609193733
PHEC_ARTIC_3,17285,5311,7268,135,274,1,12988,0.00019529061775015835,True,False,False,False,False,True,0.00163179591274243
PHEC_ARTIC_3,17799,42,17,0,0,1,59,1.0,True,True,True,True,False,True,1.0
PHEC_ARTIC_3,18802,1226,1744,29,43,1,3042,0.9040760272365773,True,False,False,False,False,True,1.0
PHEC_ARTIC_3,19670,357,73,22,0,1,452,0.03380154066583653,True,True,True,True,False,True,0.11618936092289174
PHEC_ARTIC_3,19735,496,137,23,9,1,665,0.3844503120774233,True,True,False,False,False,True,0.6899218673443742
PHEC_ARTIC_3,20212,464,17,32,0,1,513,0.6156000638873093,True,True,True,True,False,True,0.8799043509518403
PHEC_ARTIC_3,20863,15442,680,662,24,1,16808,0.43532931033532873,True,False,False,False,False,True,0.733295746652498
PHEC_ARTIC_3,22645,6938,4188,273,162,1,11561,0.8798468205143544,True,False,False,False,False,True,1.0
PHEC_ARTIC_3,23673,650,775,27,34,1,1486,0.8959126209709838,True,False,False,False,False,True,1.0
PHEC_ARTIC_3,23917,218,46,16,5,1,285,0.5518645654451683,True,True,False,True,False,True,0.833911144639804
PHEC_ARTIC_3,24161,1156,68,95,5,1,1324,1.0,True,False,False,False,False,True,1.0
PHEC_ARTIC_3,24263,863,840,20,23,1,1746,0.6446395842099135,True,False,False,False,False,True,0.901176906196083
PHEC_ARTIC_3,24310,753,899,10,26,1,1688,0.041295345043062204,True,False,False,False,False,True,0.13430516834005155
PHEC_ARTIC_3,24577,128,73,80,45,2,326,1.0,True,True,False,False,False,True,1.0
PHEC_ARTIC_3,25386,6925,573,319,30,1,7847,0.47316249541078637,True,False,False,False,False,True,0.7676634806587892
PHEC_ARTIC_3,26596,9259,445,363,13,2,10080,0.37586897787278517,True,False,False,False,False,True,0.6814639959031457
PHEC_ARTIC_3,26630,1769,293,56,3,1,2121,0.054040282634696006,True,False,False,False,False,True,0.16554190843121758
PHEC_ARTIC_3,27580,9,10,11,4,1,34,0.1705743902242427,True,True,False,False,False,True,0.39756809364283247
PHEC_ARTIC_3,29092,160,13,66,3,1,242,0.567398233656731,True,True,False,True,False,True,0.8447755880425752
PHEC_ARTIC_3,1186,1865,11222,4,5,1,13096,0.028665055541127988,True,False,False,True,False,True,0.10150406602000764
PHEC_ARTIC_3,1692,1575,144,49,3,1,1771,0.796566181329665,True,False,False,True,False,True,1.0
PHEC_ARTIC_3,4154,3051,92,146,5,1,3294,0.8027689054533528,True,False,False,True,False,True,1.0
PHEC_ARTIC_3,8084,10078,6083,495,183,3,16839,1.205711761645928e-08,True,False,False,False,False,True,1.5930466650746825e-07
PHEC_ARTIC_3,8480,2460,7748,48,203,1,10459,0.07240603439386989,True,False,False,False,False,True,0.20939310083261414
PHEC_ARTIC_3,8485,2194,7643,107,274,1,10218,0.010249885554484122,True,False,False,False,False,True,0.044311366180326044
PHEC_ARTIC_3,8630,50,7008,1,249,1,7308,1.0,True,False,False,True,False,True,1.0
PHEC_ARTIC_3,9167,198,2043,10,106,1,2357,1.0,True,False,False,False,False,True,1.0
PHEC_ARTIC_3,9279,139,4,15,0,1,158,1.0,True,True,True,True,False,True,1.0
PHEC_ARTIC_3,9784,41,1334,1,49,1,1425,1.0,True,False,False,True,False,True,1.0
PHEC_ARTIC_3,11746,4379,3578,147,96,1,8200,0.10150484032373079,True,False,False,False,False,True,0.2737005515872027
PHEC_ARTIC_3,11747,10581,14124,168,201,2,25074,0.31409727178213487,True,False,False,False,False,True,0.6185060206833145
PHEC_ARTIC_3,11748,3944,3517,107,94,1,7662,0.9429970614492278,True,False,False,False,False,True,1.0
PHEC_ARTIC_3,11984,15730,2224,1424,172,1,19550,0.06119899752712968,True,False,False,False,False,True,0.18403226283407134
PHEC_ARTIC_3,12133,1422,14187,105,1221,1,16935,0.16181566140479448,True,False,False,False,False,True,0.3847899979862042
PHEC_ARTIC_3,13743,6406,1715,282,66,1,8469,0.38238380312369985,True,False,False,False,False,True,0.6885514138019604
PHEC_ARTIC_3,13880,681,7359,35,413,1,8488,0.7265358003457629,True,False,False,False,False,True,0.9640557996398275
PHEC_ARTIC_3,15273,493,63,0,0,1,556,1.0,True,True,True,True,False,True,1.0
PHEC_ARTIC_3,15817,949,38937,65,3716,1,43667,0.009238337201927554,True,False,False,False,False,True,0.04077211867406023
PHEC_ARTIC_3,16206,89,4,0,1,1,94,0.05319148936170213,True,True,True,True,False,True,0.1641559248330486
PHEC_ARTIC_3,16750,599,9368,90,1358,1,11415,0.7677445698628649,True,False,False,False,False,True,0.9958825122556324
PHEC_ARTIC_3,17543,18475,7373,604,293,3,26745,0.0076494828227736174,True,False,False,False,False,True,0.03477635846740522
PHEC_ARTIC_3,17549,13707,5786,352,221,1,20066,8.351256961874854e-06,True,False,False,False,False,True,8.937238131331947e-05
PHEC_ARTIC_3,17550,13696,5837,360,236,1,20129,7.231979309173443e-07,True,False,False,False,False,True,8.541007966252883e-06
PHEC_ARTIC_3,17556,14432,9475,457,278,3,24642,0.33848384251109387,True,False,False,False,False,True,0.6428624538169061
PHEC_ARTIC_3,17628,2003,18299,59,488,1,20849,0.467944042875853,True,False,False,False,False,True,0.7628903185785193
PHEC_ARTIC_3,19602,692,5,45,1,1,743,0.319415310631705,True,True,False,True,False,True,0.622124334691815
PHEC_ARTIC_3,23990,295,474,14,13,1,796,0.16483997404528342,True,True,False,False,False,True,0.3893538604823789
PHEC_ARTIC_3,24210,4289,736,191,34,1,5250,0.8472121801025219,True,False,False,False,False,True,1.0
PHEC_ARTIC_3,25340,28291,557,4805,60,1,33713,0.0005094631406737615,True,False,False,False,False,True,0.003554472209189214
PHEC_ARTIC_3,27048,916,724,33,36,1,1709,0.2163330279069497,True,False,False,False,False,True,0.47588763891289454
PHEC_ARTIC_3,27109,156,2001,6,75,1,2238,0.8291669368861019,True,False,False,False,False,True,1.0
PHEC_ARTIC_3,27114,136,2018,6,77,1,2237,0.6479881448346716,True,False,False,False,False,True,0.902997322465719
PHEC_ARTIC_3,27219,6874,315,363,21,1,7573,0.3079837131720273,True,False,False,False,False,True,0.6124906581803063
PHEC_ARTIC_3,27896,1865,173,93,6,1,2137,0.5751132046858698,True,False,False,False,False,True,0.8496830890270204
PHEC_ARTIC_3,3216,17887,168,335,3,1,18393,1.0,True,False,False,True,False,True,1.0
PHEC_ARTIC_3,3239,16199,449,238,0,1,16886,0.0033869234095576786,True,False,True,False,False,True,0.017506005104657538
PHEC_ARTIC_3,3401,3152,9665,0,4,2,12821,0.5781366660236472,True,False,True,True,False,True,0.8514771675213956
PHEC_ARTIC_3,6404,296,2199,0,0,2,2495,1.0,True,False,True,True,False,True,1.0
PHEC_ARTIC_3,9638,1169,961,2,3,1,2135,0.6632506322219918,True,False,False,True,False,True,0.9135184447182912
PHEC_ARTIC_3,10995,277,6854,0,346,3,7477,2.86578368500645e-06,True,False,True,False,False,True,3.222482292608317e-05
PHEC_ARTIC_3,10999,48,1224,1,129,1,1402,0.08013496282253119,True,False,False,True,False,True,0.2267808720305635
PHEC_ARTIC_3,19162,4071,28213,1,13,2,32298,1.0,True,False,False,True,False,True,1.0
PHEC_ARTIC_3,26190,39,454,0,72,1,565,0.005724260230124801,True,True,True,True,False,True,0.0268913025032974
PHEC_ARTIC_3,27856,4360,42,99,1,1,4502,0.6211005352469713,True,False,False,True,False,True,0.8809734842493755
PHEC_ARTIC_3,27944,1362,1880,13,32,2,3287,0.09354515647725203,True,False,False,False,False,True,0.2578285016856725
PHEC_ARTIC_3,558,37937,75113,876,1188,5,115114,9.138249283996048e-17,True,False,False,False,False,True,1.9712509169762903e-15
PHEC_ARTIC_3,2676,17,5,7,4,1,33,0.4375759390776075,True,True,False,True,False,True,0.7350587812667533
PHEC_ARTIC_3,4067,79,301,2,12,1,394,0.7437672262553842,True,True,False,True,False,True,0.9778133807859963
PHEC_ARTIC_3,4396,4670,426,168,8,1,5272,0.07017074005651502,True,False,False,False,False,True,0.20432636980643631
PHEC_ARTIC_3,4994,4431,4035,90,24,3,8580,6.794206383562881e-09,True,False,False,False,False,True,9.148377257867472e-08
PHEC_ARTIC_3,5354,3858,195,475,17,1,4545,0.21228909505792345,True,False,False,False,False,True,0.46908026671565894
PHEC_ARTIC_3,5812,2175,6828,48,248,1,9299,0.0013914381228715105,True,False,False,False,False,True,0.008417343445719589
PHEC_ARTIC_3,6290,604,69,40,0,1,713,0.02544529073104347,True,True,True,True,False,True,0.09195101641953145
PHEC_ARTIC_3,7439,1478,154,122,8,1,1762,0.26881085448129866,True,False,False,False,False,True,0.5570596487319388
PHEC_ARTIC_3,9288,267,5,18,0,1,290,1.0,True,True,True,True,False,True,1.0
PHEC_ARTIC_3,11152,19167,2743,590,126,2,22626,0.00012469737486113768,True,False,False,False,False,True,0.001098376043568521
PHEC_ARTIC_3,11830,1245,16233,27,486,1,17991,0.11529670312992116,True,False,False,False,False,True,0.2994314869983456
PHEC_ARTIC_3,13164,23807,7302,1215,422,1,32746,0.03394034705026694,True,False,False,False,False,True,0.11647710010432519
PHEC_ARTIC_3,13773,5502,2226,111,53,1,7892,0.3383634835160373,True,False,False,False,False,True,0.6428624538169061
PHEC_ARTIC_3,14616,26323,301,643,9,1,27276,0.5708429768189219,True,False,False,False,False,True,0.8468505635054041
PHEC_ARTIC_3,15779,667,7503,8,192,1,8370,0.03415020429216312,True,False,False,False,False,True,0.11681801274050618
PHEC_ARTIC_3,17208,25274,4059,959,156,1,30448,0.8945485504644961,True,False,False,False,False,True,1.0
PHEC_ARTIC_3,19231,2329,46363,186,1900,2,50778,8.613005846671044e-15,True,False,False,False,False,True,1.6113180849435918e-13
PHEC_ARTIC_3,19808,119,473,6,27,1,625,1.0,True,True,False,False,False,True,1.0
PHEC_ARTIC_3,21030,2100,35396,74,877,1,38447,0.005493737762431175,True,False,False,False,False,True,0.026098340741077534
PHEC_ARTIC_3,23856,1140,5,51,0,1,1196,1.0,True,False,True,True,False,True,1.0
PHEC_ARTIC_3,25245,561,6592,27,586,1,7766,0.00139359990823172,True,False,False,False,False,True,0.008417343445719589
PHEC_ARTIC_3,26397,229,176,23,10,1,438,0.19919923455067728,True,True,False,False,False,True,0.448463452438905
PHEC_ARTIC_3,27000,765,186,31,10,1,992,0.42657617790292823,True,True,False,False,False,True,0.7231612189950203
PHEC_ARTIC_3,28338,2690,15589,88,472,1,18839,0.505813884157224,True,False,False,False,False,True,0.7991708154771087
PHEC_ARTIC_3,4777,3624,1777,3,0,1,5404,0.5554924415813187,True,False,True,True,False,True,0.8370000153263776
PHEC_ARTIC_3,18474,21547,28096,310,317,2,50270,0.0026811567707618654,True,False,False,False,False,True,0.014349279527571097
PHEC_ARTIC_3,26262,1404,941,2,0,1,2347,0.519422047917368,True,False,True,True,False,True,0.8062101389848135
PHEC_ARTIC_3,27463,367,6783,1,6,1,7157,0.3090375870157799,True,False,False,True,False,True,0.6140088899918784
PHEC_ARTIC_3,718,9237,1443,41,15,1,10736,0.009134876396823182,True,False,False,False,False,True,0.0406550077955457
PHEC_ARTIC_3,933,693,9264,7,77,1,10041,0.5231463912600341,True,False,False,False,False,True,0.807838912435144
PHEC_ARTIC_3,2915,8621,1316,527,78,2,10542,0.8529515262208642,True,False,False,False,False,True,1.0
PHEC_ARTIC_3,3756,86,837,0,88,1,1011,0.0004575619909967548,True,False,True,False,False,True,0.003256855383727743
PHEC_ARTIC_3,3924,299,130,30,8,2,467,0.26941175085561814,True,True,False,False,False,True,0.5570596487319388
PHEC_ARTIC_3,4451,621,833,12,11,1,1477,0.3999484492569516,True,False,False,False,False,True,0.7010996844233609
PHEC_ARTIC_3,6902,209,42,18,4,1,273,0.7725120468897198,True,True,False,True,False,True,1.0
PHEC_ARTIC_3,7518,177,321,26,47,1,571,1.0,True,True,False,False,False,True,1.0
PHEC_ARTIC_3,9636,615,263,30,17,1,925,0.4151403364763276,True,True,False,False,False,True,0.7117026964536057
PHEC_ARTIC_3,12183,3036,9870,114,149,1,13169,2.694526283664522e-12,True,False,False,False,False,True,4.519620655001223e-11
PHEC_ARTIC_3,12861,1394,523,62,124,1,2103,3.938996230834072e-26,True,False,False,False,False,True,1.2616724290883678e-24
PHEC_ARTIC_3,13292,4491,29600,197,1332,1,35620,0.7866398695607895,True,False,False,False,False,True,1.0
PHEC_ARTIC_3,15480,937,5354,46,116,2,6453,1.8521655900511768e-05,True,False,False,False,False,True,0.000190071750357679
PHEC_ARTIC_3,15487,924,3269,46,93,1,4332,0.0035582816128517415,True,False,False,False,False,True,0.01821357706917332
PHEC_ARTIC_3,17197,17105,2635,600,89,1,20429,0.7758455909803308,True,False,False,False,False,True,1.0
PHEC_ARTIC_3,18206,5077,9000,588,1640,1,16305,1.17227623126966e-19,True,False,False,False,False,True,2.881618549888443e-18
PHEC_ARTIC_3,21335,55,444,2,33,1,534,0.5675465358026058,True,True,False,True,False,True,0.8447755880425752
PHEC_ARTIC_3,22272,171,24,7,0,1,202,1.0,True,True,True,True,False,True,1.0
PHEC_ARTIC_3,24831,26054,8099,3137,1007,1,38297,0.4061144409510732,True,False,False,False,False,True,0.7042870616657659
PHEC_ARTIC_3,25276,1738,16475,57,536,1,18806,0.9433750835679953,True,False,False,False,False,True,1.0
PHEC_ARTIC_3,25996,358,42,30,1,2,431,0.34529347119623577,True,True,False,True,False,True,0.6514752951931929
PHEC_ARTIC_3,26410,196,206,19,20,1,441,1.0,True,True,False,False,False,True,1.0
PHEC_ARTIC_3,26989,631,355,56,39,1,1081,0.3719337049629814,True,False,False,False,False,True,0.6783927184617501
PHEC_ARTIC_3,27792,2214,260,52,0,2,2526,0.005027406632048595,True,False,True,False,False,True,0.02448833553030122
PHEC_ARTIC_3,28198,23574,3573,1634,230,1,29011,0.32065835030389767,True,False,False,False,False,True,0.6230438902044482
PHEC_ARTIC_3,28478,27830,1790,848,39,2,30507,0.04404441129073139,True,False,False,False,False,True,0.14064937381964676
PHEC_ARTIC_3,28580,2792,5396,317,305,1,8810,1.0936805889759099e-16,True,False,False,False,False,True,2.335394712217246e-15
PHEC_ARTIC_3,29210,202,608,22,33,1,865,0.017027261695847198,True,True,False,False,False,True,0.06710280716549108
PHEC_ARTIC_3,1912,87,556,3,85,2,731,0.004927446991569045,True,True,False,False,False,True,0.024112553102261486
PHEC_ARTIC_3,1926,17,404,1,43,1,465,1.0,True,True,False,True,False,True,1.0
PHEC_ARTIC_3,7165,20,3,10,1,1,34,1.0,True,True,False,True,False,True,1.0
PHEC_ARTIC_3,11133,90,28,0,0,1,118,1.0,True,True,True,True,False,True,1.0
PHEC_ARTIC_3,13326,78,2845,0,0,1,2923,1.0,True,False,True,True,False,True,1.0
PHEC_ARTIC_3,17095,665,500,54,42,1,1261,0.9147333190981313,True,False,False,False,False,True,1.0
PHEC_ARTIC_3,18103,1500,355,497,130,1,2482,0.3827413428782497,True,False,False,False,False,True,0.6886086798677616
PHEC_ARTIC_3,18687,1104,84,558,43,1,1789,1.0,True,False,False,False,False,True,1.0
PHEC_ARTIC_3,21419,25,6,28,2,1,61,0.25540587430586115,True,True,False,True,False,True,0.5361747947195535
PHEC_ARTIC_3,21602,9,33,3,19,1,64,0.5207870875912816,True,True,False,True,False,True,0.8068521635246484
PHEC_ARTIC_3,23171,447,25,23,0,1,495,0.6210924390249292,True,True,True,True,False,True,0.8809734842493755
PHEC_ARTIC_3,23252,537,171,158,61,1,927,0.28442973063595167,True,True,False,False,False,True,0.5787145818714166
PHEC_ARTIC_3,23430,65,391,23,278,1,757,0.005359982623652469,True,True,False,False,False,True,0.02560363005690287
PHEC_ARTIC_3,23770,65,1762,2,270,1,2099,0.008810649915243916,True,False,False,False,False,True,0.039377830699419955
PHEC_ARTIC_3,24138,164,20,0,0,1,184,1.0,True,True,True,True,False,True,1.0
PHEC_ARTIC_3,28760,183,667,12,5,1,867,2.6393190117819165e-05,True,True,False,True,False,True,0.0002619493141270879
PHEC_ARTIC_3,29081,22,2,3,2,1,29,0.1265209885899541,True,True,False,True,False,True,0.3218596508774524
PHEC_ARTIC_3,29518,887,536,40,10,2,1473,0.010934764785645135,True,False,False,False,False,True,0.046699177286573364
PHEC_ARTIC_3,529,19937,17976,24,19,2,37956,0.7605489977135244,True,False,False,False,False,True,0.9900249884029497
PHEC_ARTIC_3,564,11301,19583,5,6,1,30895,0.5448989397797412,True,False,False,True,False,True,0.8281210342878311
PHEC_ARTIC_3,951,4548,65370,22,507,2,70447,0.026523657735233852,True,False,False,False,False,True,0.09519696511423491
PHEC_ARTIC_3,1404,6878,1841,4984,2693,1,16396,1.3368908510362518e-88,True,False,False,False,False,True,1.3458034567098267e-86
PHEC_ARTIC_3,2210,3931,4289,2629,4991,1,15840,4.032516383498848e-65,True,False,False,False,False,True,2.939565391281574e-63
PHEC_ARTIC_3,6843,8839,21795,53,221,1,30908,0.0003709124225977794,True,False,False,False,False,True,0.002759862546180883
PHEC_ARTIC_3,8814,5204,5667,40,36,1,10947,0.42202400292657344,True,False,False,False,False,True,0.7177463734406888
PHEC_ARTIC_3,14928,20211,1086,2,0,1,21299,1.0,True,False,True,True,False,True,1.0
PHEC_ARTIC_3,21721,5973,8709,1204,2554,1,18440,1.3558570926886733e-22,True,False,False,False,False,True,3.87335391073494e-21
PHEC_ARTIC_3,22293,4327,15626,128,78,1,20159,2.4052572461239834e-35,True,False,False,False,False,True,9.970027094717845e-34
PHEC_ARTIC_3,23009,2445,1488,1,0,1,3934,1.0,True,False,True,True,False,True,1.0
PHEC_ARTIC_3,24469,22251,1547,214,15,1,24027,0.8932721476286242,True,False,False,False,False,True,1.0
PHEC_ARTIC_3,999,20650,12396,70,207,1,33323,5.582403754908877e-36,True,False,False,False,False,True,2.360240307575473e-34
PHEC_ARTIC_3,2667,688,208,181,52,1,1129,0.7940925033300417,True,False,False,False,False,True,1.0
PHEC_ARTIC_3,13897,1487,12039,18,130,1,13674,0.5987325968086902,True,False,False,False,False,True,0.8663386103036078
PHEC_ARTIC_3,16329,1985,3271,0,0,1,5256,1.0,True,False,True,True,False,True,1.0
PHEC_ARTIC_3,21716,457,7812,1,77,1,8347,0.13001234401847417,True,False,False,True,False,True,0.3283704841756922
PHEC_ARTIC_3,4928,2950,27931,2,4,1,30887,0.10564667493093444,True,False,False,True,False,True,0.28079556760416086
PHEC_ARTIC_3,12243,7262,4572,1075,1439,1,14348,3.336060571841684e-65,True,False,False,False,False,True,2.5187257317404713e-63
PHEC_ARTIC_3,17980,8385,306,1228,5912,1,15831,0.0,True,False,False,False,False,True,0.0
PHEC_ARTIC_3,18745,8597,4256,241,100,1,13194,0.14515626016299749,True,False,False,False,False,True,0.35352573039697777
PHEC_ARTIC_3,19800,3305,14068,0,2,1,17375,1.0,True,False,True,True,False,True,1.0
PHEC_ARTIC_3,23229,9684,2094,7294,1568,1,20640,0.8829497851329399,True,False,False,False,False,True,1.0
PHEC_ARTIC_3,2246,644,54,72,55,1,825,2.7437412772116374e-21,True,True,False,False,False,True,7.43624238464795e-20
PHEC_ARTIC_3,5173,204,294,178,196,1,872,0.0537097848167197,True,True,False,False,False,True,0.16503268183509512
PHEC_ARTIC_3,8016,241,24,36,3,1,304,1.0,True,True,False,True,False,True,1.0
PHEC_ARTIC_3,8354,690,39,69,0,2,798,0.041228070205194305,True,True,True,True,False,True,0.1342929744434218
PHEC_ARTIC_3,10392,1994,16300,147,38,1,18479,1.5642195879022813e-102,True,False,False,False,False,True,1.9451530640149544e-100
PHEC_ARTIC_3,12202,1102,10216,156,154,1,11628,4.42874447109291e-70,True,False,False,False,False,True,3.900985754954339e-68
PHEC_ARTIC_3,13800,7178,5402,50,44,1,12674,0.465433686658704,True,False,False,False,False,True,0.7597890452482627
PHEC_ARTIC_3,13906,1350,13606,19,182,1,15157,0.8042026661965133,True,False,False,False,False,True,1.0
PHEC_ARTIC_3,19009,10769,3689,91,31,1,14580,1.0,True,False,False,False,False,True,1.0
PHEC_ARTIC_3,22456,1066,638,12,7,1,1723,1.0,True,False,False,False,False,True,1.0
PHEC_ARTIC_3,23129,197,47,15,1,1,260,0.3189133948843495,True,True,False,True,False,True,0.6219399601342388
PHEC_ARTIC_3,25668,207,44,3,6,1,260,0.0020361320118076546,True,True,False,True,False,True,0.011268018515605712
PHEC_ARTIC_3,26925,687,99,159,16,1,961,0.2462249902250198,True,True,False,False,False,True,0.522085886996682
PHEC_ARTIC_3,1377,10200,2179,5,1,1,12385,1.0,True,False,False,True,False,True,1.0
PHEC_ARTIC_3,3564,11662,1619,172,13,1,13466,0.03076395351702,True,False,False,False,False,True,0.10749586402476079
PHEC_ARTIC_3,4505,11581,11075,277,147,2,23080,5.828445120154466e-09,True,False,False,False,False,True,7.949247086455834e-08
PHEC_ARTIC_3,7214,6104,5870,119,50,2,12143,5.207470466940627e-07,True,False,False,False,False,True,6.290624324064277e-06
PHEC_ARTIC_3,8790,1452,1325,20,13,1,2810,0.38373336507939465,True,False,False,False,False,True,0.6898064062736737
PHEC_ARTIC_3,10986,1900,32617,22,266,2,34805,0.11895374500512917,True,False,False,False,False,True,0.3055506888710123
PHEC_ARTIC_3,12164,28483,38075,394,283,2,67235,1.4411979844382642e-15,True,False,False,False,False,True,2.8473762047686827e-14
PHEC_ARTIC_3,12578,33036,10843,474,127,2,44480,0.045291925901140784,True,False,False,False,False,True,0.14376446149401145
PHEC_ARTIC_3,13571,4617,8720,58,169,2,13564,0.0038658840007015425,True,False,False,False,False,True,0.01957412200993388
PHEC_ARTIC_3,16508,39316,2929,441,25,2,42711,0.19918876925324697,True,False,False,False,False,True,0.448463452438905
PHEC_ARTIC_3,19679,17910,3660,247,23,2,21840,0.0001077732081281387,True,False,False,False,False,True,0.0009613188269320051
PHEC_ARTIC_3,20091,2140,3908,11,16,1,6075,0.551476529933614,True,False,False,False,False,True,0.833911144639804
PHEC_ARTIC_3,20569,15411,3425,19,30,1,18885,3.222253038971924e-11,True,False,False,False,False,True,5.083464868945258e-10
PHEC_ARTIC_3,20922,27512,6340,281,29,3,34162,6.877765552238386e-06,True,False,False,False,False,True,7.494637307954612e-05
PHEC_ARTIC_3,21100,4544,30560,21,286,1,35411,0.000809277607425675,True,False,False,False,False,True,0.005313083422664214
PHEC_ARTIC_3,21859,250,143,0,0,1,393,1.0,True,True,True,True,False,True,1.0
PHEC_ARTIC_3,22558,13130,9605,13,3,1,22751,0.07503689506454383,True,False,False,False,False,True,0.2146522275594664
PHEC_ARTIC_3,24557,8812,3493,64,14,1,12383,0.043418615345083185,True,False,False,False,False,True,0.1396892498089782
PHEC_ARTIC_3,25162,12297,12656,4,5,1,24962,1.0,True,False,False,True,False,True,1.0
PHEC_ARTIC_3,26951,10353,2590,10,3,1,12956,0.7320460806952268,True,False,False,True,False,True,0.9684264171399933
PHEC_ARTIC_3,27641,486,505,2,3,1,996,1.0,True,True,False,True,False,True,1.0
PHEC_ARTIC_3,28079,1560,17411,17,182,1,19170,0.7961708060013133,True,False,False,False,False,True,1.0
PHEC_ARTIC_3,535,13052,12447,0,0,1,25499,1.0,True,False,True,True,False,True,1.0
PHEC_ARTIC_3,6775,19876,10793,85,98,1,30852,5.094173655115188e-07,True,False,False,False,False,True,6.189128222364084e-06
PHEC_ARTIC_3,6845,7083,15860,111,508,1,23562,5.476924954467604e-13,True,False,False,False,False,True,9.56877632540869e-12
PHEC_ARTIC_3,7604,1835,16348,108,964,1,19255,1.0,True,False,False,False,False,True,1.0
PHEC_ARTIC_3,10191,18212,2334,164,33,1,20743,0.023663831937145094,True,False,False,False,False,True,0.08669903070212258
PHEC_ARTIC_3,14487,2215,18173,205,769,1,21362,4.2193804475676444e-19,True,False,False,False,False,True,1.0022213782200001e-17
PHEC_ARTIC_3,26735,7896,7845,128,142,2,16011,0.3903425719938472,True,False,False,False,False,True,0.6947232891149173
PHEC_ARTIC_3,346,12779,807,174,1,1,13761,0.0005193779610540438,True,False,False,False,False,True,0.0035998852776008144
PHEC_ARTIC_3,378,25623,968,248,15,1,26854,0.09505078567435316,True,False,False,False,False,True,0.2614584332643676
PHEC_ARTIC_3,737,3164,935,147,39,1,4285,0.5925531304890393,True,False,False,False,False,True,0.8615249778912167
PHEC_ARTIC_3,808,2415,1494,94,89,1,4092,0.005162365720701695,True,False,False,False,False,True,0.024962898292986035
PHEC_ARTIC_3,949,275,4601,14,363,1,5253,0.12715350741441867,True,False,False,False,False,True,0.32303200358342476
PHEC_ARTIC_3,1567,140,547,0,1,1,688,1.0,True,True,True,True,False,True,1.0
PHEC_ARTIC_3,1602,2536,354,6,32,1,2928,2.834870590970397e-23,True,False,False,False,False,True,8.323495040710303e-22
PHEC_ARTIC_3,1931,248,2329,6,223,2,2806,9.734675301577208e-05,True,False,False,False,False,True,0.0008769053355407618
PHEC_ARTIC_3,2160,9,98,3,4,1,114,0.024888232861380807,True,True,False,True,False,True,0.09040158809099488
PHEC_ARTIC_3,2264,1008,45,40,4,1,1097,0.12845220816891392,True,False,False,True,False,True,0.3252071473881246
PHEC_ARTIC_3,2326,839,165,44,11,1,1059,0.4599573410785266,True,False,False,False,False,True,0.753759549643415
PHEC_ARTIC_3,2346,675,302,56,13,1,1046,0.04089899955861098,True,False,False,False,False,True,0.1336328980941323
PHEC_ARTIC_3,2402,912,792,20,12,1,1736,0.3725704570170728,True,False,False,False,False,True,0.6783927184617501
PHEC_ARTIC_3,2518,109,1578,4,2,1,1693,0.00025469191120213537,True,False,False,True,False,True,0.002031768680306846
PHEC_ARTIC_3,2888,5798,225,305,4,1,6332,0.018724207477510614,True,False,False,False,False,True,0.0718384294146233
PHEC_ARTIC_3,2973,2340,1441,108,77,1,3966,0.3529229419262712,True,False,False,False,False,True,0.6590804763534782
PHEC_ARTIC_3,2981,2416,1546,98,48,1,4108,0.14212129336705226,True,False,False,False,False,True,0.3481395297542856
PHEC_ARTIC_3,3001,2415,1768,121,100,1,4404,0.40225093361652775,True,False,False,False,False,True,0.7012262676208224
PHEC_ARTIC_3,3024,1982,2064,99,77,1,4222,0.06449351325827438,True,False,False,False,False,True,0.19187062241959676
PHEC_ARTIC_3,3602,27,5,5,1,1,38,1.0,True,True,False,True,False,True,1.0
PHEC_ARTIC_3,3833,257,15,15,0,1,287,1.0,True,True,True,True,False,True,1.0
PHEC_ARTIC_3,5695,1460,718,23,10,1,2211,0.8530524045468209,True,False,False,False,False,True,1.0
PHEC_ARTIC_3,5918,213,1544,0,61,1,1818,0.0008074991125899571,True,False,True,False,False,True,0.005313083422664214
PHEC_ARTIC_3,7026,5,204,0,8,1,217,1.0,True,True,True,True,False,True,1.0
PHEC_ARTIC_3,10074,253,5249,3,122,1,5627,0.37998426867316304,True,False,False,False,False,True,0.6864390148560771
PHEC_ARTIC_3,10189,5631,587,362,43,1,6623,0.43132649119124933,True,False,False,False,False,True,0.7300433966199369
PHEC_ARTIC_3,10362,485,6319,19,290,1,7113,0.5720030177253539,True,False,False,False,False,True,0.8479764231917237
PHEC_ARTIC_3,11339,581,3045,5,97,1,3728,0.0012764149017885328,True,False,False,False,False,True,0.007844014832502785
PHEC_ARTIC_3,12126,3090,9512,37,187,1,12826,0.00467442849428019,True,False,False,False,False,True,0.02308818186193533
PHEC_ARTIC_3,12410,65,4385,4,215,1,4669,0.5648119097086051,True,False,False,True,False,True,0.8426339993817862
PHEC_ARTIC_3,12601,2052,1488,40,25,1,3605,0.6132256578003499,True,False,False,False,False,True,0.8782920329200132
PHEC_ARTIC_3,12713,610,6352,11,148,1,7121,0.47926686961861903,True,False,False,False,False,True,0.7737125396678963
PHEC_ARTIC_3,12831,985,558,18,12,1,1573,0.7029984113536526,True,False,False,False,False,True,0.9470574603546777
PHEC_ARTIC_3,12856,526,976,22,26,1,1550,0.12744025117718838,True,False,False,False,False,True,0.32303200358342476
PHEC_ARTIC_3,13862,987,2996,27,110,1,4120,0.1904950971828549,True,False,False,False,False,True,0.43255277706182094
PHEC_ARTIC_3,14094,2049,1381,94,86,1,3610,0.05142845822715951,True,False,False,False,False,True,0.15941313884489033
PHEC_ARTIC_3,14312,2724,561,176,24,1,3485,0.06413550924469166,True,False,False,False,False,True,0.19123055929940502
PHEC_ARTIC_3,15563,16929,1195,362,16,1,18502,0.0731139134964094,True,False,False,False,False,True,0.21115138405930256
PHEC_ARTIC_3,15929,779,69,24,4,1,876,0.2826748275876524,True,True,False,True,False,True,0.575698059268109
PHEC_ARTIC_3,16092,4314,25563,2,9,2,29888,0.6660429441194926,True,False,False,True,False,True,0.9160798854057303
PHEC_ARTIC_3,16689,291,1234,4,18,1,1547,1.0,True,False,False,True,False,True,1.0
PHEC_ARTIC_3,16757,853,1692,5,38,1,2588,0.0016641115493250499,True,False,False,False,False,True,0.00959598204000918
PHEC_ARTIC_3,16941,5331,5338,75,41,1,10785,0.0019457048498444838,True,False,False,False,False,True,0.010881534530611742
PHEC_ARTIC_3,17339,1056,3839,8,65,1,4968,0.030045549342958538,True,False,False,False,False,True,0.10515942270035489
PHEC_ARTIC_3,17459,14779,792,337,27,1,15935,0.05379222239166294,True,False,False,False,False,True,0.16504609308559573
PHEC_ARTIC_3,17545,6648,2716,77,27,1,9468,0.5868343148242291,True,False,False,False,False,True,0.8585243886079034
PHEC_ARTIC_3,18078,5959,1436,665,152,2,8212,0.6077096748954167,True,False,False,False,False,True,0.8721644621377536
PHEC_ARTIC_3,18232,2644,9565,47,245,3,12501,0.021120745019771008,True,False,False,False,False,True,0.0788856094908055
PHEC_ARTIC_3,18816,1431,3579,107,259,1,5376,0.8106299754594356,True,False,False,False,False,True,1.0
PHEC_ARTIC_3,19216,784,8368,26,360,2,9538,0.22603822434198956,True,False,False,False,False,True,0.48990695530463774
PHEC_ARTIC_3,19689,764,80,25,6,1,875,0.11258299178741388,True,True,False,True,False,True,0.2937592840443875
PHEC_ARTIC_3,19716,659,148,24,10,1,841,0.11651560023631284,True,True,False,False,False,True,0.3014219266160537
PHEC_ARTIC_3,21144,35,1206,0,103,1,1344,0.10488017682066471,True,False,True,True,False,True,0.27994532045313786
PHEC_ARTIC_3,21408,172,39,12,0,1,223,0.13255443392385466,True,True,True,True,False,True,0.33240815339861063
PHEC_ARTIC_3,22373,114,24,11,0,1,149,0.21286253972934366,True,True,True,True,False,True,0.4697196335989901
PHEC_ARTIC_3,22706,3903,1743,75,28,1,5749,0.45275693276017137,True,False,False,False,False,True,0.7484915675145892
PHEC_ARTIC_3,23423,1302,7693,19,255,1,9269,0.00020616044578093174,True,False,False,False,False,True,0.0017158393007121642
PHEC_ARTIC_3,23447,691,12636,12,285,1,13624,0.5054622156046032,True,False,False,False,False,True,0.7991708154771087
PHEC_ARTIC_3,23709,490,1973,19,117,1,2599,0.09623624490455072,True,False,False,False,False,True,0.26357833654523855
PHEC_ARTIC_3,24095,193,193,3,8,1,397,0.22041867978002572,True,True,False,False,False,True,0.48136889365183305
PHEC_ARTIC_3,24326,327,573,43,69,1,1012,0.6782433699148736,True,False,False,False,False,True,0.9262315788113972
PHEC_ARTIC_3,24817,4673,1034,34,1,1,5742,0.013888429972239498,True,False,False,False,False,True,0.05734402531506699
PHEC_ARTIC_3,24942,1187,7171,32,228,1,8618,0.41732767241634217,True,False,False,False,False,True,0.7132018589233203
PHEC_ARTIC_3,24986,511,6922,35,553,1,8021,0.443918664556624,True,False,False,False,False,True,0.7406819706966876
PHEC_ARTIC_3,25510,2851,5398,147,213,1,8609,0.01749586719840987,True,False,False,False,False,True,0.0683664755220674
PHEC_ARTIC_3,26312,235,35,15,0,1,285,0.2296882473280001,True,True,True,True,False,True,0.49648359391757896
PHEC_ARTIC_3,26357,149,55,9,4,1,217,0.7533619014008024,True,True,False,True,False,True,0.9851734995320035
PHEC_ARTIC_3,26862,446,5487,0,37,1,5970,0.11014207236747006,True,False,True,True,False,True,0.2891775709322246
PHEC_ARTIC_3,27290,3949,1195,118,39,1,5301,0.632228258161252,True,False,False,False,False,True,0.8886506235059088
PHEC_ARTIC_3,27297,10636,2804,156,71,2,13667,0.0002773686455545714,True,False,False,False,False,True,0.002187900435456582
PHEC_ARTIC_3,27305,2956,1467,69,35,1,4527,0.9163548566327098,True,False,False,False,False,True,1.0
PHEC_ARTIC_3,27436,455,7047,5,156,1,7663,0.13163319575879745,True,False,False,False,False,True,0.3308829676980949
PHEC_ARTIC_3,27437,452,7041,5,152,1,7650,0.17136118221959673,True,False,False,False,False,True,0.3980852079255247
PHEC_ARTIC_3,27497,136,3704,1,71,1,3912,0.5187143160849937,True,False,False,True,False,True,0.8057032066154862
PHEC_ARTIC_3,28326,2178,4937,31,54,1,7200,0.23923236525174535,True,False,False,False,False,True,0.5134388021748119
PHEC_ARTIC_3,28328,2157,4649,31,85,1,6922,0.2695704922671587,True,False,False,False,False,True,0.5570596487319388
PHEC_ARTIC_3,28401,620,12659,2,241,1,13522,0.0016509973411919184,True,False,False,False,False,True,0.009574477258864542
PHEC_ARTIC_3,28676,989,6553,19,135,1,7696,0.9038947764355745,True,False,False,False,False,True,1.0
PHEC_ARTIC_3,28776,1343,351,16,4,1,1714,1.0,True,False,False,True,False,True,1.0
PHEC_ARTIC_3,29109,762,107,15,6,1,890,0.039895952016986896,True,True,False,True,False,True,0.13137078280982914
PHEC_ARTIC_3,29301,269,852,3,20,1,1144,0.3221917029672698,True,False,False,False,False,True,0.6248745505255122
PHEC_ARTIC_3,1862,1296,10138,3,10,1,11447,0.17636609834950226,True,False,False,True,False,True,0.40658444046984493
PHEC_ARTIC_3,2407,5826,7855,9,14,1,13704,0.8345416542522248,True,False,False,False,False,True,1.0
PHEC_ARTIC_3,3540,13839,1561,16,4,1,15420,0.13823108987962157,True,False,False,True,False,True,0.34098077480224037
PHEC_ARTIC_3,13188,34176,13749,416,131,1,48472,0.015193662970719099,True,False,False,False,False,True,0.0614137734609946
PHEC_ARTIC_3,13821,13704,9431,42,75,1,23252,6.008237763467523e-07,True,False,False,False,False,True,7.135626197736149e-06
PHEC_ARTIC_3,14925,22391,1214,126,3,3,23734,0.22394135957920497,True,False,False,False,False,True,0.48755101354319186
PHEC_ARTIC_3,16887,24028,8254,24,5,1,32311,0.3961756126976136,True,False,False,False,False,True,0.6986033001588968
PHEC_ARTIC_3,18756,8545,5459,2751,1111,1,17866,3.750962908679913e-32,True,False,False,False,False,True,1.3911465945525152e-30
PHEC_ARTIC_3,19866,6255,17129,27,29,1,23440,0.0006985152798359807,True,False,False,False,False,True,0.004672978802447035
PHEC_ARTIC_3,23005,1705,1085,1,0,1,2791,1.0,True,False,True,True,False,True,1.0
PHEC_ARTIC_3,24371,1104,11468,9,88,1,12669,0.8563613956181662,True,False,False,False,False,True,1.0
PHEC_ARTIC_3,25003,20690,44348,100,98,4,65236,6.043276020768552e-08,True,False,False,False,False,True,7.837721170493692e-07
PHEC_ARTIC_3,25728,5277,2090,4,3,1,7374,0.41305431503918366,True,False,False,True,False,True,0.7104937526385958
PHEC_ARTIC_3,28748,10051,7724,83,124,1,17982,2.7485028713847312e-06,True,False,False,False,False,True,3.1071310535333275e-05
PHEC_ARTIC_3,29239,2087,10884,0,8,1,12979,0.3698726294327297,True,False,True,True,False,True,0.6772122592872459
PHEC_ARTIC_3,2911,469,257,8,5,1,739,0.7787237157293283,True,True,False,True,False,True,1.0
PHEC_ARTIC_3,3458,147,378,3,5,1,533,0.692643719532662,True,True,False,True,False,True,0.9368194645502543
PHEC_ARTIC_3,5651,148,70,6,3,1,227,1.0,True,True,False,True,False,True,1.0
PHEC_ARTIC_3,6565,431,157,24,7,1,619,0.6823571268267963,True,True,False,False,False,True,0.9299203224557062
PHEC_ARTIC_3,6816,6556,16936,7,14,2,23513,0.6271729897127405,True,False,False,False,False,True,0.8840419288724727
PHEC_ARTIC_3,7348,31,22,3,2,1,58,1.0,True,True,False,True,False,True,1.0
PHEC_ARTIC_3,9857,450,162,10,3,1,625,1.0,True,True,False,True,False,True,1.0
PHEC_ARTIC_3,10396,315,712,1,0,1,1028,0.30739299610894943,True,False,True,True,False,True,0.6124682316440332
PHEC_ARTIC_3,10507,94,88,0,0,1,182,1.0,True,True,True,True,False,True,1.0
PHEC_ARTIC_3,12024,212,269,5,10,1,496,0.44355318979224556,True,True,False,False,False,True,0.7406819706966876
PHEC_ARTIC_3,13119,1025,1181,34,49,1,2289,0.37000007543839597,True,False,False,False,False,True,0.6772122592872459
PHEC_ARTIC_3,13456,4,9,0,0,1,13,1.0,True,True,True,True,False,True,1.0
PHEC_ARTIC_3,13499,4,11,0,0,1,15,1.0,True,True,True,True,False,True,1.0
PHEC_ARTIC_3,13861,175,206,6,6,1,393,0.7788160091179634,True,True,False,False,False,True,1.0
PHEC_ARTIC_3,15851,116,556,2,16,1,690,0.7519191089834284,True,True,False,True,False,True,0.9851734995320035
PHEC_ARTIC_3,15857,98,420,3,13,1,534,1.0,True,True,False,True,False,True,1.0
PHEC_ARTIC_3,17353,477,441,11,7,1,936,0.48378900280867776,True,True,False,False,False,True,0.7789260867765002
PHEC_ARTIC_3,18268,277,755,4,13,1,1049,1.0,True,False,False,True,False,True,1.0
PHEC_ARTIC_3,18771,1100,968,53,24,1,2145,0.0072398424355593965,True,False,False,False,False,True,0.033127763871802086
PHEC_ARTIC_3,18801,1003,1041,28,25,1,2097,0.6767690047509983,True,False,False,False,False,True,0.9254137619945734
PHEC_ARTIC_3,18864,1111,1661,9,20,1,2801,0.3485105295698675,True,False,False,False,False,True,0.6543130962489686
PHEC_ARTIC_3,19170,3849,14583,37,143,2,18612,1.0,True,False,False,False,False,True,1.0
PHEC_ARTIC_3,20085,6,19,2,2,1,29,0.30002947244326555,True,True,False,True,False,True,0.6011964973886856
PHEC_ARTIC_3,21588,48,45,7,7,1,107,1.0,True,True,False,False,False,True,1.0
PHEC_ARTIC_3,24858,2476,3038,36,40,2,5590,0.7279481135198971,True,False,False,False,False,True,0.9640557996398275
PHEC_ARTIC_3,25305,521,496,19,8,1,1044,0.052948677415309314,True,False,False,False,False,True,0.16364547376602906
PHEC_ARTIC_3,25416,3466,1148,16,8,2,4638,0.34658367941190193,True,False,False,False,False,True,0.6524291168982731
PHEC_ARTIC_3,27390,228,169,0,0,1,397,1.0,True,True,True,True,False,True,1.0
PHEC_ARTIC_3,28948,300,441,11,25,1,777,0.2964322304918468,True,True,False,False,False,True,0.5956822578514868
PHEC_ARTIC_3,29027,45,224,0,0,1,269,1.0,True,True,True,True,False,True,1.0
PHEC_ARTIC_3,29353,47,26,0,0,1,73,1.0,True,True,True,True,False,True,1.0
PHEC_ARTIC_3,520,12487,8893,641,387,1,22408,0.012541299435198276,True,False,False,False,False,True,0.052395863648239435
PHEC_ARTIC_3,438,4315,702,1220,213,1,6450,0.4147529284883632,True,False,False,False,False,True,0.7116783204743505
PHEC_ARTIC_3,1702,280,67,16,0,1,363,0.05064451383824688,True,True,True,True,False,True,0.1579092953599615
PHEC_ARTIC_3,1738,265,130,0,0,1,395,1.0,True,True,True,True,False,True,1.0
PHEC_ARTIC_3,6619,900,179,68,6,1,1153,0.06967260939386295,True,False,False,False,False,True,0.20315571897741555
PHEC_ARTIC_3,6937,14,6,0,0,1,20,1.0,True,True,True,True,False,True,1.0
PHEC_ARTIC_3,8355,311,18,266,17,1,612,0.8618890402591384,True,True,False,False,False,True,1.0
PHEC_ARTIC_3,8600,253,2639,29,353,2,3274,0.4976567265041686,True,False,False,False,False,True,0.7923965171139142
PHEC_ARTIC_3,12191,395,2335,64,24,1,2818,4.4649788469056224e-33,True,False,False,False,False,True,1.74795653377009e-31
PHEC_ARTIC_3,12503,2309,137,319,26,2,2791,0.17590908082122797,True,False,False,False,False,True,0.4064940148241664
PHEC_ARTIC_3,15374,199,193,85,50,1,527,0.016225149743961442,True,True,False,False,False,True,0.06496205787639107
PHEC_ARTIC_3,16424,12,202,1,23,1,238,1.0,True,True,False,True,False,True,1.0
PHEC_ARTIC_3,17589,1506,2260,6,25,1,3797,0.02540627256515619,True,False,False,False,False,True,0.09195101641953145
PHEC_ARTIC_3,18040,1903,183,8,0,1,2094,1.0,True,False,True,True,False,True,1.0
PHEC_ARTIC_3,24816,2374,554,2394,498,1,5820,0.09510952468320655,True,False,False,False,False,True,0.2614584332643676
PHEC_ARTIC_3,25362,9392,414,210,8,1,10024,0.8642313274419107,True,False,False,False,False,True,1.0
PHEC_ARTIC_3,28789,59,13,1,0,1,73,1.0,True,True,True,True,False,True,1.0
PHEC_ARTIC_3,29671,41,35,14,12,1,102,1.0,True,True,False,False,False,True,1.0
PHEC_ARTIC_3,428,39282,4020,190,7,1,43499,0.002952609137914528,True,False,False,False,False,True,0.01564364841491557
PHEC_ARTIC_3,511,20636,16018,102,84,1,36840,0.711284234850271,True,False,False,False,False,True,0.9510783507106092
PHEC_ARTIC_3,587,10276,24085,41,94,1,34496,0.9250233478542109,True,False,False,False,False,True,1.0
PHEC_ARTIC_3,748,12877,3977,135,30,1,17019,0.11663346072466033,True,False,False,False,False,True,0.3014219266160537
PHEC_ARTIC_3,1458,3628,3818,32,21,1,7499,0.09881357963539883,True,False,False,False,False,True,0.268498595564567
PHEC_ARTIC_3,1609,8220,3593,27,45,1,11885,2.338298981783502e-08,True,False,False,False,False,True,3.0702882282548594e-07
PHEC_ARTIC_3,1729,3846,2923,0,0,1,6769,1.0,True,False,True,True,False,True,1.0
PHEC_ARTIC_3,2295,9595,1139,61,9,1,10804,0.5568087741125968,True,False,False,False,False,True,0.8378966570691977
PHEC_ARTIC_3,2301,9842,1138,75,8,1,11063,1.0,True,False,False,False,False,True,1.0
PHEC_ARTIC_3,2381,4491,3380,39,30,1,7940,1.0,True,False,False,False,False,True,1.0
PHEC_ARTIC_3,2867,17768,970,121,4,1,18863,0.41802779805433293,True,False,False,False,False,True,0.7138212965160419
PHEC_ARTIC_3,3302,10319,5220,82,18,1,15639,0.0008796473744658093,True,False,False,False,False,True,0.0056694346025021975
PHEC_ARTIC_3,3521,5079,1703,61,5,1,6848,0.00048306198389253766,True,False,False,False,False,True,0.0033814338872477636
PHEC_ARTIC_3,3596,3761,1182,37,9,1,4989,0.6031592117799782,True,False,False,False,False,True,0.8691742152030497
PHEC_ARTIC_3,4139,12185,2225,79,13,1,14502,0.8847372682295773,True,False,False,False,False,True,1.0
PHEC_ARTIC_3,5017,7783,1090,55,16,1,8944,0.01661218251783847,True,False,False,False,False,True,0.06588771827900662
PHEC_ARTIC_3,5779,344,262,15,12,1,633,1.0,True,True,False,False,False,True,1.0
PHEC_ARTIC_3,5942,9919,585,115,1,1,10620,0.021873257624241742,True,False,False,False,False,True,0.08098085222004736
PHEC_ARTIC_3,6170,741,6816,55,187,1,7799,7.327299946247074e-09,True,False,False,False,False,True,9.803741826814122e-08
PHEC_ARTIC_3,6563,21744,2023,188,12,1,23967,0.2504602713524858,True,False,False,False,False,True,0.5280763999515018
PHEC_ARTIC_3,6813,4918,24067,8,115,1,29108,0.0010151548932980329,True,False,False,False,False,True,0.006425261809676771
PHEC_ARTIC_3,7318,231,3111,1,33,1,3376,0.7274260055087889,True,False,False,True,False,True,0.9640557996398275
PHEC_ARTIC_3,7327,224,3570,2,25,1,3821,0.6722853992005595,True,False,False,True,False,True,0.9210702099222182
PHEC_ARTIC_3,7952,1016,19947,2,150,1,21115,0.03587256734095246,True,False,False,False,False,True,0.12172489142660273
PHEC_ARTIC_3,8114,6712,5336,73,26,1,12147,0.0003278567666228224,True,False,False,False,False,True,0.0025111927704371253
PHEC_ARTIC_3,8161,6665,7104,52,68,1,13889,0.2727350444763184,True,False,False,False,False,True,0.5608578638355419
PHEC_ARTIC_3,8216,4610,13151,23,76,1,17860,0.6455048822823444,True,False,False,False,False,True,0.901176906196083
PHEC_ARTIC_3,8407,7062,6504,0,3,1,13569,0.11025407860519065,True,False,True,True,False,True,0.2891775709322246
PHEC_ARTIC_3,9056,7245,6557,45,33,1,13880,0.36606179749422896,True,False,False,False,False,True,0.6729170781763478
PHEC_ARTIC_3,9152,3021,16489,25,97,1,19632,0.13210826645529053,True,False,False,False,False,True,0.33168274974641826
PHEC_ARTIC_3,9218,1320,16785,7,121,1,18233,0.6062475681925367,True,False,False,False,False,True,0.8718417409245051
PHEC_ARTIC_3,10010,4748,9969,26,48,1,14791,0.6187159339497739,True,False,False,False,False,True,0.8809734842493755
PHEC_ARTIC_3,10323,5344,17125,47,196,1,22712,0.11154753152886761,True,False,False,False,False,True,0.2918458931336957
PHEC_ARTIC_3,10332,4869,17987,18,146,1,23020,0.000744888599613128,True,False,False,False,False,True,0.004951869495541361
PHEC_ARTIC_3,10340,3753,19123,12,115,1,23003,0.03978080471866689,True,False,False,False,False,True,0.13129540638628512
PHEC_ARTIC_3,10625,2982,9960,19,58,1,13019,0.686370768502756,True,False,False,False,False,True,0.9313143803689513
PHEC_ARTIC_3,11179,15381,10715,104,56,1,26256,0.126053471887409,True,False,False,False,False,True,0.321056674180702
PHEC_ARTIC_3,11287,5736,21683,24,93,1,27536,1.0,True,False,False,False,False,True,1.0
PHEC_ARTIC_3,11954,22406,1205,173,10,1,23794,0.7367121225765312,True,False,False,False,False,True,0.9722788749455271
PHEC_ARTIC_3,12071,7901,11778,67,63,1,19809,0.009186969230195258,True,False,False,False,False,True,0.040715414995037266
PHEC_ARTIC_3,12072,7906,11916,69,65,1,19956,0.007731676084184295,True,False,False,False,False,True,0.035074599231685835
PHEC_ARTIC_3,12357,452,16119,3,70,1,16644,0.4537011716411259,True,False,False,True,False,True,0.7484915675145892
PHEC_ARTIC_3,12651,4697,11487,19,75,1,16278,0.0676501266494188,True,False,False,False,False,True,0.19835279852548035
PHEC_ARTIC_3,12669,4423,16914,17,65,1,21419,1.0,True,False,False,False,False,True,1.0
PHEC_ARTIC_3,13106,25367,8538,163,47,1,34115,0.380786633508459,True,False,False,False,False,True,0.6865491242117229
PHEC_ARTIC_3,13190,24237,14739,167,79,1,39222,0.07468826060939984,True,False,False,False,False,True,0.21394442131202068
PHEC_ARTIC_3,13316,2802,47876,6,228,1,50912,0.04401212498507133,True,False,False,False,False,True,0.14064937381964676
PHEC_ARTIC_3,13335,1429,39459,4,169,1,41061,0.5332206348681248,True,False,False,False,False,True,0.8192067021157091
PHEC_ARTIC_3,13356,1172,38053,2,435,2,39662,0.00032488421660980225,True,False,False,False,False,True,0.002497473577865898
PHEC_ARTIC_3,14706,7192,7476,55,18,1,14741,5.664609402277465e-06,True,False,False,False,False,True,6.236970977299251e-05
PHEC_ARTIC_3,14873,928,20366,2,146,1,21442,0.0995517272027113,True,False,False,False,False,True,0.2701570620109521
PHEC_ARTIC_3,15103,2285,5897,4,38,1,8224,0.0054750581504641235,True,False,False,False,False,True,0.026068182274957562
PHEC_ARTIC_3,17127,32509,3222,3,0,1,35734,1.0,True,False,True,True,False,True,1.0
PHEC_ARTIC_3,17500,13596,3221,81,14,1,16912,0.3588400691084287,True,False,False,False,False,True,0.6631013165167992
PHEC_ARTIC_3,17649,2421,13685,16,80,1,16202,0.6668721547712753,True,False,False,False,False,True,0.9161530711612453
PHEC_ARTIC_3,18337,33124,4530,179,12,1,37845,0.013473547457170958,True,False,False,False,False,True,0.05584917514599883
PHEC_ARTIC_3,18444,17488,11401,114,74,1,29077,1.0,True,False,False,False,False,True,1.0
PHEC_ARTIC_3,18509,8227,13744,42,84,1,22097,0.3574768302706049,True,False,False,False,False,True,0.6627929889714048
PHEC_ARTIC_3,18809,7821,19973,42,116,1,27952,0.722962382159595,True,False,False,False,False,True,0.9618266053400779
PHEC_ARTIC_3,18860,4824,26515,12,159,1,31510,0.0013283522805428009,True,False,False,False,False,True,0.008139526727731829
PHEC_ARTIC_3,18984,24587,2411,119,9,1,27126,0.5358603786011071,True,False,False,False,False,True,0.8202815643466622
PHEC_ARTIC_3,19059,12027,6683,85,41,1,18836,0.5139685270508705,True,False,False,False,False,True,0.8029862952147934
PHEC_ARTIC_3,19151,5011,12881,30,126,1,18048,0.015245810533117715,True,False,False,False,False,True,0.06148040923992665
PHEC_ARTIC_3,19185,2173,18278,20,100,1,20571,0.03775053994888415,True,False,False,False,False,True,0.12627316685433718
PHEC_ARTIC_3,19227,1596,23572,8,212,1,25388,0.12359791850378585,True,False,False,False,False,True,0.3151821468238881
PHEC_ARTIC_3,20831,17680,15172,46,141,1,33039,5.977729145624031e-16,True,False,False,False,False,True,1.2389136680244314e-14
PHEC_ARTIC_3,20960,11516,8279,110,48,1,19953,0.0034894199524525948,True,False,False,False,False,True,0.01799178970606045
PHEC_ARTIC_3,22660,12418,3591,77,15,1,16101,0.16987696859581536,True,False,False,False,False,True,0.3966665627826851
PHEC_ARTIC_3,22712,12581,6431,54,57,1,19123,0.0001725297151567921,True,False,False,False,False,True,0.0014766308414633947
PHEC_ARTIC_3,23277,16384,5902,82,33,1,22401,0.5967915388207872,True,False,False,False,False,True,0.8641214473062631
PHEC_ARTIC_3,23675,3923,4583,25,53,1,8584,0.016030736063175583,True,False,False,False,False,True,0.06430545737676126
PHEC_ARTIC_3,23699,3035,8974,23,61,1,12093,0.7054283140675893,True,False,False,False,False,True,0.9472559850912943
PHEC_ARTIC_3,23755,920,16007,9,82,1,17018,0.09753900915732583,True,False,False,True,False,True,0.26571838319405516
PHEC_ARTIC_3,24193,6396,1150,7,0,1,7553,0.6042229160317558,True,False,True,True,False,True,0.8699362353711163
PHEC_ARTIC_3,25008,17489,28977,33,10,1,46509,2.466199050222861e-07,True,False,False,False,False,True,3.1033004715304333e-06
PHEC_ARTIC_3,25010,17474,28282,291,561,1,46608,0.0170313864948645,True,False,False,False,False,True,0.06710280716549108
PHEC_ARTIC_3,25266,1861,10374,11,54,1,12300,0.728286240314477,True,False,False,False,False,True,0.9640557996398275
PHEC_ARTIC_3,25536,5344,9293,30,65,1,14732,0.3379413217998174,True,False,False,False,False,True,0.6428624538169061
PHEC_ARTIC_3,25907,146,1013,3,15,1,1177,0.4892809775498513,True,False,False,True,False,True,0.7841849784233401
PHEC_ARTIC_3,26858,1960,23999,10,182,2,26151,0.2712145172420348,True,False,False,False,False,True,0.5593634043411333
PHEC_ARTIC_3,26880,2619,18261,5,108,1,20993,0.00620853393056577,True,False,False,False,False,True,0.0287825454588071
PHEC_ARTIC_3,27073,793,3509,0,35,1,4337,0.0014600553757756407,True,False,True,False,False,True,0.008754645564859482
PHEC_ARTIC_3,27393,3424,15970,17,70,1,19481,0.6719938889510829,True,False,False,False,False,True,0.9210702099222182
PHEC_ARTIC_3,27505,670,11886,4,108,2,12668,0.527884507190891,True,False,False,False,False,True,0.8133730672022912
PHEC_ARTIC_3,27800,3444,455,53,3,1,3955,0.20330420104669,True,False,False,False,False,True,0.4562474320729328
PHEC_ARTIC_3,28516,7029,1176,1,0,1,8206,1.0,True,False,True,True,False,True,1.0
PHEC_ARTIC_3,28751,7041,7903,160,67,2,15171,2.2199628898521234e-12,True,False,False,False,False,True,3.754401239317911e-11
PHEC_ARTIC_3,1387,9889,2386,123,38,1,12436,0.19277274289925322,True,False,False,False,False,True,0.43631860651929477
PHEC_ARTIC_3,3817,17831,4802,107,106,2,22846,5.828656479057893e-20,True,False,False,False,False,True,1.5026560727717545e-18
PHEC_ARTIC_3,6905,8529,2772,1552,744,1,13597,1.3448493440787705e-14,True,False,False,False,False,True,2.472183924680453e-13
PHEC_ARTIC_3,17721,4591,16054,3543,7685,2,31873,8.073544605500217e-73,True,False,False,False,False,True,7.4206405634902e-71
PHEC_ARTIC_3,20132,2304,8116,0,1,1,10421,1.0,True,False,True,True,False,True,1.0
PHEC_ARTIC_3,21526,12196,3766,0,1,1,15963,0.23598321117584412,True,False,True,True,False,True,0.5074959393954572
PHEC_ARTIC_3,28498,13635,2056,4,0,1,15695,1.0,True,False,True,True,False,True,1.0
PHEC_ARTIC_3,4898,2345,2286,19,52,1,4702,6.200466187780266e-05,True,False,False,False,False,True,0.000574902873726644
PHEC_ARTIC_3,7998,5675,1983,6,2,1,7666,1.0,True,False,False,True,False,True,1.0
PHEC_ARTIC_3,8477,1357,1816,546,881,1,4600,0.004396277383735919,True,False,False,False,False,True,0.02186760091580643
PHEC_ARTIC_3,10635,1750,3600,21,49,1,5420,0.701317168937954,True,False,False,False,False,True,0.9461292247191032
PHEC_ARTIC_3,16641,1699,2519,1,2,1,4221,1.0,True,False,False,True,False,True,1.0
PHEC_ARTIC_3,27511,409,2319,515,1473,1,4716,2.072435073478521e-20,True,False,False,False,False,True,5.476409681666991e-19
PHEC_ARTIC_3,29614,3852,4620,30,59,1,8561,0.03179621745938646,True,False,False,False,False,True,0.11055461136372201
PHEC_ARTIC_3,555,11607,15357,982,1252,1,29198,0.4108471337064843,True,False,False,False,False,True,0.7078490958887593
PHEC_ARTIC_3,829,6350,5015,1232,1309,1,13906,1.5012438651382615e-11,True,False,False,False,False,True,2.386187617219763e-10
PHEC_ARTIC_3,1044,5521,1998,834,355,1,8708,0.01855999781658832,True,False,False,False,False,True,0.07146782401505958
PHEC_ARTIC_3,1076,4379,2714,631,429,1,8153,0.1759878232880277,True,False,False,False,False,True,0.4064940148241664
PHEC_ARTIC_3,2257,1568,349,26,5,1,1948,1.0,True,False,False,False,False,True,1.0
PHEC_ARTIC_3,4220,777,934,58,99,1,1868,0.044128222766122514,True,False,False,False,False,True,0.1407044689707134
PHEC_ARTIC_3,4872,294,349,0,1,1,644,1.0,True,True,True,True,False,True,1.0
PHEC_ARTIC_3,5750,84,72,12,10,1,178,1.0,True,True,False,False,False,True,1.0
PHEC_ARTIC_3,5968,646,343,35,12,1,1036,0.21235090598244352,True,False,False,False,False,True,0.46908026671565894
PHEC_ARTIC_3,6019,579,309,133,51,1,1072,0.07162228891844655,True,False,False,False,False,True,0.207980108205489
PHEC_ARTIC_3,6908,483,257,0,0,1,740,1.0,True,True,True,True,False,True,1.0
PHEC_ARTIC_3,7817,1586,1780,136,200,1,3702,0.021699436967501675,True,False,False,False,False,True,0.08061112028530994
PHEC_ARTIC_3,7938,649,4172,77,418,1,5316,0.19220377929736232,True,False,False,False,False,True,0.4354970947852347
PHEC_ARTIC_3,13183,11842,7511,8,6,1,19367,0.7879576613660503,True,False,False,False,False,True,1.0
PHEC_ARTIC_3,13693,4659,1134,528,114,1,6435,0.2926979660693468,True,False,False,False,False,True,0.590423187281106
PHEC_ARTIC_3,15304,160,133,16,10,1,319,0.5427596356583098,True,True,False,False,False,True,0.8254632156702639
PHEC_ARTIC_3,16293,97,59,3,6,1,165,0.15663570298464002,True,True,False,True,False,True,0.3750032572021846
PHEC_ARTIC_3,16990,144,55,13,8,1,220,0.31832549704112983,True,True,False,False,False,True,0.6213666673545231
PHEC_ARTIC_3,18928,15496,24848,981,192,2,41517,8.550884542653072e-217,True,False,False,False,False,True,1.643324538469872e-214
PHEC_ARTIC_3,19889,450,1351,15,17,2,1833,0.007399164878317694,True,False,False,False,False,True,0.033710850329231906
PHEC_ARTIC_3,21079,1580,2904,240,403,1,5127,0.3108901199834547,True,False,False,False,False,True,0.6160450750549804
PHEC_ARTIC_3,22988,20,19,0,0,1,39,1.0,True,True,True,True,False,True,1.0
PHEC_ARTIC_3,25824,7,10,0,0,1,17,1.0,True,True,True,True,False,True,1.0
PHEC_ARTIC_3,26461,4987,7120,317,506,1,12930,0.13339601047107177,True,False,False,False,False,True,0.3337268238294032
PHEC_ARTIC_3,27098,75,117,8,19,1,219,0.4017454855546891,True,True,False,False,False,True,0.7012262676208224
PHEC_ARTIC_3,28391,5054,18363,261,1155,1,24833,0.005045298740709903,True,False,False,False,False,True,0.024518992041059163
PHEC_ARTIC_3,28987,35,111,2,7,1,155,1.0,True,True,False,True,False,True,1.0
PHEC_ARTIC_3,29662,407,863,5,30,1,1305,0.026368061198783828,True,False,False,False,False,True,0.0949609563445128
PHEC_ARTIC_3,751,3323,1178,140,59,1,4700,0.2850753584744611,True,False,False,False,False,True,0.5794704882836642
PHEC_ARTIC_3,1667,940,172,19,5,1,1136,0.4053291025288738,True,False,False,True,False,True,0.7035022354236775
PHEC_ARTIC_3,1719,467,265,13,7,1,752,1.0,True,True,False,False,False,True,1.0
PHEC_ARTIC_3,1793,313,400,13,12,1,738,0.5396051893320326,True,True,False,False,False,True,0.8236284261717811
PHEC_ARTIC_3,2084,45,80,2,6,1,133,0.711775647623694,True,True,False,True,False,True,0.951133830010423
PHEC_ARTIC_3,2347,848,399,29,16,1,1292,0.6276948605665003,True,False,False,False,False,True,0.8840419288724727
PHEC_ARTIC_3,2382,534,445,12,12,1,1003,0.6830501741529653,True,False,False,False,False,True,0.9299203224557062
PHEC_ARTIC_3,2385,535,567,10,13,1,1125,0.6779536076531831,True,False,False,False,False,True,0.9262315788113972
PHEC_ARTIC_3,3080,329,1064,17,35,1,1445,0.13769383929342674,True,False,False,False,False,True,0.34036337963947855
PHEC_ARTIC_3,3593,432,186,8,7,2,633,0.2536731540429802,True,True,False,True,False,True,0.5330666477602983
PHEC_ARTIC_3,3964,524,124,15,1,1,664,0.3294013725630385,True,True,False,True,False,True,0.6342026426213692
PHEC_ARTIC_3,4981,161,112,1,8,1,282,0.0053653775379413305,True,True,False,True,False,True,0.02560363005690287
PHEC_ARTIC_3,5108,56,101,8,4,1,169,0.059390219425375965,True,True,False,True,False,True,0.17987238376109568
PHEC_ARTIC_3,5385,593,247,19,5,1,864,0.4954401978472274,True,True,False,False,False,True,0.7910578385566759
PHEC_ARTIC_3,5856,368,1630,8,55,1,2061,0.31959651252379906,True,False,False,False,False,True,0.622124334691815
PHEC_ARTIC_3,6053,318,235,9,9,1,571,0.6300458571780786,True,True,False,False,False,True,0.8867622783451785
PHEC_ARTIC_3,6088,145,463,6,21,1,635,1.0,True,True,False,False,False,True,1.0
PHEC_ARTIC_3,6541,5356,647,180,12,1,6195,0.043175512371432134,True,False,False,False,False,True,0.13913572127013343
PHEC_ARTIC_3,7398,695,118,25,5,1,843,0.790950041258036,True,True,False,True,False,True,1.0
PHEC_ARTIC_3,7448,466,259,17,12,1,754,0.5570756885806509,True,True,False,False,False,True,0.8378966570691977
PHEC_ARTIC_3,7490,342,341,10,8,1,701,0.8121347971582964,True,True,False,False,False,True,1.0
PHEC_ARTIC_3,7595,175,798,5,19,1,997,0.7871783455989818,True,True,False,True,False,True,1.0
PHEC_ARTIC_3,8421,813,1954,25,59,1,2851,0.9039659837990939,True,False,False,False,False,True,1.0
PHEC_ARTIC_3,10011,600,942,27,32,1,1601,0.3414608703923764,True,False,False,False,False,True,0.6473975605466221
PHEC_ARTIC_3,10080,292,2799,7,98,1,3196,0.39749588391806373,True,False,False,False,False,True,0.6996721886784236
PHEC_ARTIC_3,10165,3680,760,236,39,1,4715,0.245774823944491,True,False,False,False,False,True,0.5216545962034679
PHEC_ARTIC_3,10173,4224,647,109,9,1,4989,0.07358709923728932,True,False,False,False,False,True,0.21189982782682826
PHEC_ARTIC_3,10347,812,3049,21,95,1,3977,0.48896540843237624,True,False,False,False,False,True,0.7841849784233401
PHEC_ARTIC_3,10626,618,2067,16,39,1,2740,0.3313621735400918,True,False,False,False,False,True,0.6353447995201739
PHEC_ARTIC_3,11075,7943,731,360,35,1,9069,0.7810836600257842,True,False,False,False,False,True,1.0
PHEC_ARTIC_3,11454,350,108,6,2,1,466,1.0,True,True,False,True,False,True,1.0
PHEC_ARTIC_3,11463,440,111,10,4,1,565,0.49858747251400004,True,True,False,True,False,True,0.7924916668380422
PHEC_ARTIC_3,12104,996,1981,39,43,1,3059,0.009171088772468817,True,False,False,False,False,True,0.040715414995037266
PHEC_ARTIC_3,12119,1196,2963,153,465,2,4777,0.03954614012447821,True,False,False,False,False,True,0.1310353295033651
PHEC_ARTIC_3,12188,632,2853,4,28,1,3517,0.4969862720296107,True,False,False,False,False,True,0.7923965171139142
PHEC_ARTIC_3,12272,73,63,2,4,1,142,0.4211559253113017,True,True,False,True,False,True,0.7168467198937938
PHEC_ARTIC_3,13078,36632,4485,621,52,3,41790,0.007164605566865848,True,False,False,False,False,True,0.03292603514859652
PHEC_ARTIC_3,13315,1802,15492,20,209,1,17523,0.5122894269185971,True,False,False,False,False,True,0.8024464404620655
PHEC_ARTIC_3,13348,641,10920,8,269,1,11838,0.060001164352058586,True,False,False,False,False,True,0.1812035163432169
PHEC_ARTIC_3,13829,1136,782,75,40,1,2033,0.24035013199243438,True,False,False,False,False,True,0.513993370732746
PHEC_ARTIC_3,14135,1937,3360,81,102,1,5480,0.035476737786583286,True,False,False,False,False,True,0.12076944232018852
PHEC_ARTIC_3,14314,5193,1765,134,52,1,7144,0.44256342087027223,True,False,False,False,False,True,0.7406819706966876
PHEC_ARTIC_3,14700,2149,1884,132,80,1,4245,0.010923264373517282,True,False,False,False,False,True,0.046699177286573364
PHEC_ARTIC_3,15638,4942,2377,299,61,1,7679,1.174228258831188e-10,True,False,False,False,False,True,1.7858406756612454e-09
PHEC_ARTIC_3,16096,502,2114,17,81,1,2714,0.7934081617192722,True,False,False,False,False,True,1.0
PHEC_ARTIC_3,16178,119,1306,6,112,1,1543,0.2900435845562588,True,False,False,False,False,True,0.5861875121911387
PHEC_ARTIC_3,16536,763,218,47,15,1,1043,0.7531926266982268,True,False,False,False,False,True,0.9851734995320035
PHEC_ARTIC_3,16798,85,715,3,35,1,838,0.7886684828450299,True,True,False,True,False,True,1.0
PHEC_ARTIC_3,17073,169,179,13,1,1,362,0.0015153271885932319,True,True,False,False,False,True,0.008948049376218134
PHEC_ARTIC_3,17153,13338,1742,267,27,1,15374,0.23042318115244742,True,False,False,False,False,True,0.49756343713613266
PHEC_ARTIC_3,17172,9372,1692,3,0,1,11067,1.0,True,False,True,True,False,True,1.0
PHEC_ARTIC_3,17461,5193,558,144,23,1,5918,0.08610508219015259,True,False,False,False,False,True,0.24109423013242723
PHEC_ARTIC_3,17644,779,2454,14,66,1,3313,0.1868274508081209,True,False,False,False,False,True,0.4260552653811948
PHEC_ARTIC_3,18112,3079,1218,25,9,1,4331,1.0,True,False,False,False,False,True,1.0
PHEC_ARTIC_3,18461,5500,4672,205,189,1,10566,0.43989406243841644,True,False,False,False,False,True,0.7380444825355653
PHEC_ARTIC_3,18555,3296,8063,130,435,1,11924,0.001937629138030219,True,False,False,False,False,True,0.010865114052508973
PHEC_ARTIC_3,20389,38,50,3,5,1,96,1.0,True,True,False,True,False,True,1.0
PHEC_ARTIC_3,20528,3235,273,145,10,1,3663,0.6456636186249614,True,False,False,False,False,True,0.901176906196083
PHEC_ARTIC_3,20571,1536,442,83,29,1,2090,0.4154404576271284,True,False,False,False,False,True,0.7117026964536057
PHEC_ARTIC_3,20887,3559,885,178,34,1,4656,0.18520395583308663,True,False,False,False,False,True,0.42326612176340017
PHEC_ARTIC_3,20947,2239,1410,97,44,1,3790,0.07791441744080554,True,False,False,False,False,True,0.2219825855388988
PHEC_ARTIC_3,21077,874,3162,37,162,1,4235,0.33172855871886975,True,False,False,False,False,True,0.6353447995201739
PHEC_ARTIC_3,21655,189,457,5,18,1,669,0.49418918293888026,True,True,False,False,False,True,0.7896567896695336
PHEC_ARTIC_3,22482,109,59,4,1,1,173,0.6598140126600434,True,True,False,True,False,True,0.9127030333946811
PHEC_ARTIC_3,22686,3154,2255,78,60,1,5547,0.7267355822870836,True,False,False,False,False,True,0.9640557996398275
PHEC_ARTIC_3,22713,3298,2206,110,130,1,5744,2.1100714597178683e-05,True,False,False,False,False,True,0.00021241386027826543
PHEC_ARTIC_3,23167,5154,492,312,11,1,5969,0.0004033328842384256,True,False,False,False,False,True,0.0029503312016610096
PHEC_ARTIC_3,24055,86,421,3,7,1,517,0.38739488360203456,True,True,False,True,False,True,0.6916299902629016
PHEC_ARTIC_3,24341,441,735,10,16,1,1202,1.0,True,False,False,False,False,True,1.0
PHEC_ARTIC_3,25518,2233,3111,66,109,1,5519,0.3112280700845407,True,False,False,False,False,True,0.6160450750549804
PHEC_ARTIC_3,25556,1901,7994,0,0,1,9895,1.0,True,False,True,True,False,True,1.0
PHEC_ARTIC_3,25642,391,3461,7,156,1,4015,0.010651303096790892,True,False,False,False,False,True,0.045765964932146234
PHEC_ARTIC_3,26353,2242,1149,78,39,1,3508,1.0,True,False,False,False,False,True,1.0
PHEC_ARTIC_3,26366,2125,1083,95,47,1,3350,0.9278351731015272,True,False,False,False,False,True,1.0
PHEC_ARTIC_3,26390,2314,1195,51,25,1,3585,0.9029205892919606,True,False,False,False,False,True,1.0
PHEC_ARTIC_3,26427,1512,1765,48,75,1,3400,0.14008242051693287,True,False,False,False,False,True,0.3443421360148792
PHEC_ARTIC_3,26648,1384,373,47,8,1,1812,0.3122092929126735,True,False,False,False,False,True,0.6174092097449877
PHEC_ARTIC_3,26866,347,2970,5,32,1,3354,0.5846582911405923,True,False,False,True,False,True,0.8565264223639724
PHEC_ARTIC_3,27077,135,420,5,6,1,566,0.15077934426682732,True,True,False,True,False,True,0.3642828957486548
PHEC_ARTIC_3,27138,103,599,0,9,1,711,0.3712279139201325,True,True,True,True,False,True,0.6781562215387243
PHEC_ARTIC_3,28093,3387,3287,38,33,2,6745,0.7206699226832254,True,False,False,False,False,True,0.9599850135805535
PHEC_ARTIC_3,28395,1389,11315,25,255,1,12984,0.3318593836491261,True,False,False,False,False,True,0.6353447995201739
PHEC_ARTIC_3,28531,1161,385,51,20,1,1617,0.5751639074728789,True,False,False,False,False,True,0.8496830890270204
PHEC_ARTIC_3,28702,420,2222,7,79,1,2728,0.05021175199488423,True,False,False,False,False,True,0.15679120194562077
PHEC_ARTIC_3,28997,51,123,4,9,1,187,1.0,True,True,False,True,False,True,1.0
PHEC_ARTIC_3,29537,285,211,11,2,1,509,0.0836304326152709,True,True,False,False,False,True,0.2347871640752758
PHEC_ARTIC_3,12775,5226,4473,1,1,1,9701,1.0,True,False,False,True,False,True,1.0
PHEC_ARTIC_3,19664,2241,489,41,6,1,2777,0.44480294140309196,True,False,False,False,False,True,0.7415720963139877
PHEC_ARTIC_3,19944,2839,310,0,0,1,3149,1.0,True,False,True,True,False,True,1.0
PHEC_ARTIC_3,22927,2363,264,25,1,1,2653,0.5082086517078641,True,False,False,True,False,True,0.8008678918516285
PHEC_ARTIC_3,23315,3218,3069,765,662,2,7714,0.10042533555456729,True,False,False,False,False,True,0.2711355802839786
PHEC_ARTIC_3,24123,17945,17911,92,229,7,36177,1.0413622428619826e-14,True,False,False,False,False,True,1.9310875275528342e-13
PHEC_ARTIC_3,27745,166,697,0,0,1,863,1.0,True,True,True,True,False,True,1.0
PHEC_ARTIC_3,355,4084,2083,55,35,1,6257,0.31398153147517316,True,False,False,False,False,True,0.6185060206833145
PHEC_ARTIC_3,1681,1305,485,146,46,1,1982,0.39139803090627556,True,False,False,False,False,True,0.6947232891149173
PHEC_ARTIC_3,3330,1935,1291,35,24,1,3285,1.0,True,False,False,False,False,True,1.0
PHEC_ARTIC_3,6276,2006,753,39,15,1,2813,1.0,True,False,False,False,False,True,1.0
PHEC_ARTIC_3,10954,331,2701,5,37,1,3074,0.8024839431252972,True,False,False,True,False,True,1.0
PHEC_ARTIC_3,12439,357,3103,2,4,1,3466,0.12123587495857936,True,False,False,True,False,True,0.3106577450453779
PHEC_ARTIC_3,14322,2493,685,3,0,1,3181,1.0,True,False,True,True,False,True,1.0
PHEC_ARTIC_3,15804,765,7204,3,49,1,8021,0.47945794868665914,True,False,False,True,False,True,0.7737125396678963
PHEC_ARTIC_3,25066,2394,1172,33,18,1,3617,0.764352765372762,True,False,False,False,False,True,0.9931418229858752
PHEC_ARTIC_3,25445,1014,864,0,0,1,1878,1.0,True,False,True,True,False,True,1.0
PHEC_ARTIC_3,25742,449,171,0,0,1,620,1.0,True,True,True,True,False,True,1.0
PHEC_ARTIC_3,28308,1193,1810,0,1,1,3004,1.0,True,False,True,True,False,True,1.0
PHEC_ARTIC_3,3038,2289,2882,33,40,1,5244,0.9058454295562829,True,False,False,False,False,True,1.0
PHEC_ARTIC_3,4686,6114,262,37,2,1,6415,0.6745638564421932,True,False,False,True,False,True,0.9229954644134605
PHEC_ARTIC_3,4789,2650,1381,0,0,1,4031,1.0,True,False,True,True,False,True,1.0
PHEC_ARTIC_3,5425,4017,1696,2,1,1,5716,1.0,True,False,False,True,False,True,1.0
PHEC_ARTIC_3,5544,598,5964,0,1,1,6563,1.0,True,False,True,True,False,True,1.0
PHEC_ARTIC_3,7420,3167,561,1,1,1,3730,0.2786732781323401,True,False,False,True,False,True,0.5708481685772936
PHEC_ARTIC_3,8247,2721,13833,9,60,2,16623,0.5180963274843153,True,False,False,False,False,True,0.8057032066154862
PHEC_ARTIC_3,8626,476,4381,1,23,1,4881,0.725056171435448,True,False,False,True,False,True,0.9640055008896459
PHEC_ARTIC_3,12211,4497,5250,0,0,1,9747,1.0,True,False,True,True,False,True,1.0
PHEC_ARTIC_3,16342,764,1214,11,27,1,2016,0.24350491494321802,True,False,False,False,False,True,0.5183981774319868
PHEC_ARTIC_3,18368,20240,5011,326,39,4,25616,4.1878048117176475e-06,True,False,False,False,False,True,4.6350886764246636e-05
PHEC_ARTIC_3,19806,905,3454,1,3,1,4363,1.0,True,False,False,True,False,True,1.0
PHEC_ARTIC_3,19983,1288,502,12,8,1,1810,0.31545870280101057,True,False,False,False,False,True,0.6185060206833145
PHEC_ARTIC_3,20726,2104,4497,11,17,1,6629,0.41924716595515343,True,False,False,False,False,True,0.7145172971586671
PHEC_ARTIC_3,21110,844,7197,4,65,1,8110,0.24024871565167766,True,False,False,False,False,True,0.513993370732746
PHEC_ARTIC_3,29003,2298,2967,8,40,1,5313,0.00010694776356054607,True,False,False,False,False,True,0.0009579981871482813
PHEC_ARTIC_3,29288,981,3383,0,0,1,4364,1.0,True,False,True,True,False,True,1.0
PHEC_ARTIC_3,1958,368,173,23,5,1,569,0.1443084207740673,True,True,False,False,False,True,0.35227251907203033
PHEC_ARTIC_3,7298,118,357,1,7,1,483,0.6859935955618129,True,True,False,True,False,True,0.9313143803689513
PHEC_ARTIC_3,8102,1670,1247,0,0,1,2917,1.0,True,False,True,True,False,True,1.0
PHEC_ARTIC_3,9882,10375,1737,62,3,2,12177,0.020291227335190072,True,False,False,False,False,True,0.07655857275992443
PHEC_ARTIC_3,11971,4687,1051,39,0,1,5777,0.0005930280423656042,True,False,True,False,False,True,0.004031065214022145
PHEC_ARTIC_3,13077,8483,1211,46,6,1,9746,1.0,True,False,False,False,False,True,1.0
PHEC_ARTIC_3,13374,1275,5110,3,37,1,6425,0.047380760546897424,True,False,False,False,False,True,0.1490519758871148
PHEC_ARTIC_3,14805,1000,3695,3,18,1,4716,0.5959878210262366,True,False,False,True,False,True,0.8641214473062631
PHEC_ARTIC_3,15952,1951,712,0,0,1,2663,1.0,True,False,True,True,False,True,1.0
PHEC_ARTIC_3,19093,3351,2812,18,8,1,6189,0.1669512944735257,True,False,False,False,False,True,0.393023425965516
PHEC_ARTIC_3,21799,55,49,4,2,1,110,0.6839183844776437,True,True,False,True,False,True,0.930375459965083
PHEC_ARTIC_3,23689,781,1085,0,0,1,1866,1.0,True,False,True,True,False,True,1.0
PHEC_ARTIC_3,24130,1252,872,0,0,1,2124,1.0,True,False,True,True,False,True,1.0
PHEC_ARTIC_3,28299,1180,1561,0,0,1,2741,1.0,True,False,True,True,False,True,1.0
PHEC_ARTIC_3,2662,662,129,0,0,1,791,1.0,True,True,True,True,False,True,1.0
PHEC_ARTIC_3,3276,3118,689,370,104,1,4281,0.044870278074793754,True,False,False,False,False,True,0.14264025240618647
PHEC_ARTIC_3,6430,337,3510,56,403,1,4306,0.020246998622663805,True,False,False,False,False,True,0.07655857275992443
PHEC_ARTIC_3,11001,164,4356,1,30,1,4551,1.0,True,False,False,True,False,True,1.0
PHEC_ARTIC_3,12459,20056,3386,85,37,3,23564,7.2024326068046124e-06,True,False,False,False,False,True,7.768338025910688e-05
PHEC_ARTIC_3,12664,1108,3644,7,21,1,4780,0.8236122679226601,True,False,False,False,False,True,1.0
PHEC_ARTIC_3,17676,379,7802,0,30,1,8211,0.40058744485903863,True,False,True,True,False,True,0.7010996844233609
PHEC_ARTIC_3,18703,5445,627,0,1,1,6073,0.10340852955705583,True,False,True,True,False,True,0.2765483501737294
PHEC_ARTIC_3,27071,226,1114,0,2,1,1342,1.0,True,False,True,True,False,True,1.0
PHEC_ARTIC_3,28005,872,1686,0,3,1,2561,0.5554506272049907,True,False,True,True,False,True,0.8370000153263776
PHEC_ARTIC_3,29041,2530,927,10,11,1,3478,0.012858240419076683,True,False,False,False,False,True,0.05361404387757023
PHEC_ARTIC_3,1723,2157,1167,22,4,1,3350,0.038521384615651154,True,False,False,False,False,True,0.1284451215733226
PHEC_ARTIC_3,16837,6631,470,62,3,2,7166,0.7996690062828344,True,False,False,True,False,True,1.0
PHEC_ARTIC_3,24223,3060,1069,23,14,1,4166,0.12961542843149187,True,False,False,False,False,True,0.32775958816288736
PHEC_ARTIC_3,28346,914,3924,0,1,1,4839,1.0,True,False,True,True,False,True,1.0
PHEC_ARTIC_3,29540,7646,3615,1,1,1,11263,0.5390479224126068,True,False,False,True,False,True,0.8233723323556724
PHEC_ARTIC_3,29645,2654,6046,0,0,1,8700,1.0,True,False,True,True,False,True,1.0
PHEC_ARTIC_3,1593,2983,2363,402,154,1,5902,2.502228609340208e-14,True,False,False,False,False,True,4.482806169614576e-13
PHEC_ARTIC_3,6539,3779,1880,43,6,1,5708,0.0011856451801300644,True,False,False,False,False,True,0.007350304723738875
PHEC_ARTIC_3,8853,567,1305,8,8,1,1888,0.1030845949864189,True,False,False,True,False,True,0.27619877541354826
PHEC_ARTIC_3,9241,3793,1981,10,20,1,5804,0.00036413991256297644,True,False,False,False,False,True,0.0027294696398637774
PHEC_ARTIC_3,9924,3227,1642,2,0,1,4871,0.5529829350845237,True,False,True,True,False,True,0.8350042319776306
PHEC_ARTIC_3,26272,2209,2640,0,0,1,4849,1.0,True,False,True,True,False,True,1.0
PHEC_ARTIC_3,29325,1104,2629,1,2,1,3736,1.0,True,False,False,True,False,True,1.0
PHEC_ARTIC_3,572,1480,3493,11,21,1,5005,0.5642815893192988,True,False,False,False,False,True,0.8425417541214733
PHEC_ARTIC_3,2905,1207,116,12,2,1,1337,0.35427830522658876,True,False,False,True,False,True,0.6598628522017698
PHEC_ARTIC_3,3569,98,16,18,4,1,136,0.7417105599308175,True,True,False,True,False,True,0.9765127385289888
PHEC_ARTIC_3,5533,74,479,0,0,1,553,1.0,True,True,True,True,False,True,1.0
PHEC_ARTIC_3,6118,187,677,11,34,1,909,0.7107490794438072,True,True,False,False,False,True,0.9509642746482332
PHEC_ARTIC_3,6354,62,54,7,7,1,130,1.0,True,True,False,False,False,True,1.0
PHEC_ARTIC_3,8092,2127,1459,102,69,1,3757,1.0,True,False,False,False,False,True,1.0
PHEC_ARTIC_3,8155,2030,1963,87,118,1,4198,0.02173525949036266,True,False,False,False,False,True,0.08061112028530994
PHEC_ARTIC_3,8375,6795,1754,293,66,3,8908,0.34990269750633546,True,False,False,False,False,True,0.6557573603975116
PHEC_ARTIC_3,9002,5067,642,620,98,1,6427,0.0625651426488946,True,False,False,False,False,True,0.18695897004159276
PHEC_ARTIC_3,9430,24,51,1,4,1,80,1.0,True,True,False,True,False,True,1.0
PHEC_ARTIC_3,10079,347,4128,8,128,1,4611,0.5145564267299539,True,False,False,False,False,True,0.8029862952147934
PHEC_ARTIC_3,11831,463,3254,58,280,1,4055,0.01716104102253017,True,False,False,False,False,True,0.0673069401143391
PHEC_ARTIC_3,11978,2747,584,270,53,1,3654,0.645569152247006,True,False,False,False,False,True,0.901176906196083
PHEC_ARTIC_3,12602,762,874,46,45,1,1727,0.5174910470472156,True,False,False,False,False,True,0.8057032066154862
PHEC_ARTIC_3,14620,9573,512,691,29,1,10805,0.2495187305058353,True,False,False,False,False,True,0.5270026059954237
PHEC_ARTIC_3,14818,1065,6438,32,211,1,7746,0.7090071265947403,True,False,False,False,False,True,0.949835909772675
PHEC_ARTIC_3,15796,1416,11730,71,635,1,13852,0.6174421045391774,True,False,False,False,False,True,0.8807507483102706
PHEC_ARTIC_3,16672,545,1435,40,118,1,2138,0.5792385349637029,True,False,False,False,False,True,0.8514771675213956
PHEC_ARTIC_3,17150,6299,588,244,32,1,7163,0.08055105354550218,True,False,False,False,False,True,0.2276536459828765
PHEC_ARTIC_3,17594,1037,1399,20,11,1,2467,0.01704550967259636,True,False,False,False,False,True,0.06710280716549108
PHEC_ARTIC_3,19031,6786,3556,43,27,1,10412,0.45193457746604737,True,False,False,False,False,True,0.7481516810988442
PHEC_ARTIC_3,19102,7527,5012,254,217,1,13010,0.008460361580594955,True,False,False,False,False,True,0.03813476413939816
PHEC_ARTIC_3,20685,1671,1555,159,132,1,3517,0.3588377273262504,True,False,False,False,False,True,0.6631013165167992
PHEC_ARTIC_3,22705,4925,3136,355,291,1,8707,0.002244376532131882,True,False,False,False,False,True,0.012304795470293195
PHEC_ARTIC_3,23334,7880,5826,282,355,2,14343,6.248635950496516e-11,True,False,False,False,False,True,9.642055765948637e-10
PHEC_ARTIC_3,23896,262,12,26,2,1,302,0.6273946428352501,True,True,False,True,False,True,0.8840419288724727
PHEC_ARTIC_3,27821,2185,66,113,1,2,2365,0.37543649467732165,True,False,False,True,False,True,0.6812641628736978
PHEC_ARTIC_3,28388,1522,18291,10,144,1,19967,0.7601365342807955,True,False,False,False,False,True,0.9900249884029497
PHEC_ARTIC_3,28484,3515,368,141,14,1,4038,1.0,True,False,False,False,False,True,1.0
PHEC_ARTIC_3,6495,2982,6536,30,49,1,9597,0.2234437671725947,True,False,False,False,False,True,0.4869691997967682
PHEC_ARTIC_3,10864,3869,5328,3,0,1,9200,0.07451567391411178,True,False,True,True,False,True,0.21373966710235048
PHEC_ARTIC_3,11020,7053,5784,48,57,1,12942,0.06166599212311562,True,False,False,False,False,True,0.1847070098121822
PHEC_ARTIC_3,14271,6147,3520,2,1,1,9670,1.0,True,False,False,True,False,True,1.0
PHEC_ARTIC_3,17615,1186,2905,23,69,1,4183,0.48530779761069265,True,False,False,False,False,True,0.7807767763691053
PHEC_ARTIC_3,22208,314,2676,2,41,1,3033,0.31260835059754566,True,False,False,True,False,True,0.617620610432908
PHEC_ARTIC_3,24757,7148,2759,2,1,1,9910,1.0,True,False,False,True,False,True,1.0
PHEC_ARTIC_3,27495,1624,5152,3,35,1,6814,0.020389061714208824,True,False,False,False,False,True,0.07655857275992443
PHEC_ARTIC_3,2058,1422,1422,6,3,1,2853,0.5071232882242966,True,False,False,True,False,True,0.8006412481748791
PHEC_ARTIC_3,6535,3863,2170,29,4,1,6066,0.0032212555153998666,True,False,False,False,False,True,0.016814158418655106
PHEC_ARTIC_3,10039,916,3262,1,4,1,4183,1.0,True,False,False,True,False,True,1.0
PHEC_ARTIC_3,10537,3334,1336,2,2,1,4674,0.32413476477892134,True,False,False,True,False,True,0.626908625250636
PHEC_ARTIC_3,10890,1248,3224,63,73,1,4608,7.193681838701086e-06,True,False,False,False,False,True,7.768338025910688e-05
PHEC_ARTIC_3,17916,843,1269,0,2,1,2114,0.5202680527490987,True,False,True,True,False,True,0.8068521635246484
PHEC_ARTIC_3,19677,2442,576,126,17,1,3161,0.03647870829889363,True,False,False,False,False,True,0.12299200852290453
PHEC_ARTIC_3,22101,780,150,1,0,1,931,1.0,True,True,True,True,False,True,1.0
PHEC_ARTIC_3,26086,2831,675,16,8,1,3530,0.11364837499224822,True,False,False,True,False,True,0.29551373275967124
PHEC_ARTIC_3,26763,1187,1840,3,2,1,3032,0.3869881100904314,True,False,False,True,False,True,0.6915408831201791
PHEC_ARTIC_3,29351,1303,1775,134,216,1,3428,0.1531504281934391,True,False,False,False,False,True,0.3695890470330254
PHEC_ARTIC_3,29367,1816,425,582,817,1,3640,2.4107648663521837e-131,True,False,False,False,False,True,3.397571284979011e-129
PHEC_ARTIC_3,1006,3096,1379,25,3,1,4503,0.02228408732267199,True,False,False,False,False,True,0.08221389284490155
PHEC_ARTIC_3,2268,1985,138,20,1,1,2144,1.0,True,False,False,True,False,True,1.0
PHEC_ARTIC_3,11479,1251,765,4,5,1,2025,0.31372875839731007,True,False,False,True,False,True,0.6185060206833145
PHEC_ARTIC_3,12915,895,1086,7,3,1,1991,0.2006528980193636,True,False,False,True,False,True,0.4512555600137602
PHEC_ARTIC_3,21714,88,985,0,1,1,1074,1.0,True,False,True,True,False,True,1.0
PHEC_ARTIC_3,22017,112,37,0,0,1,149,1.0,True,True,True,True,False,True,1.0
PHEC_ARTIC_3,22381,724,139,1,0,1,864,1.0,True,True,True,True,False,True,1.0
PHEC_ARTIC_3,22735,2250,2907,22,25,2,5204,0.6609973245635083,True,False,False,False,False,True,0.9127030333946811
PHEC_ARTIC_3,27609,138,115,0,0,1,253,1.0,True,True,True,True,False,True,1.0
PHEC_ARTIC_3,2113,14,33,4,10,1,61,1.0,True,True,False,True,False,True,1.0
PHEC_ARTIC_3,3096,266,2274,48,478,2,3066,0.3852093904373452,True,False,False,False,False,True,0.6901124164275828
PHEC_ARTIC_3,4276,104,628,18,237,1,987,0.0026888626216400105,True,True,False,False,False,True,0.01435418076299743
PHEC_ARTIC_3,9060,1574,1490,440,348,1,3852,0.02522133585302006,True,False,False,False,False,True,0.09145438077750327
PHEC_ARTIC_3,9403,9,6,1,3,1,19,0.30340557275541796,True,True,False,True,False,True,0.6062376000046821
PHEC_ARTIC_3,14631,2813,116,36,2,1,2967,0.6622482540684622,True,False,False,True,False,True,0.9132373183957789
PHEC_ARTIC_3,15981,1424,566,601,282,1,2873,0.06261445165063749,True,False,False,False,False,True,0.18695897004159276
PHEC_ARTIC_3,16039,1119,1426,221,301,1,3067,0.4981776011460318,True,False,False,False,False,True,0.7924360036288272
PHEC_ARTIC_3,17012,2650,3274,43,103,2,6070,0.00026182891947219,True,False,False,False,False,True,0.002073057437319137
PHEC_ARTIC_3,18106,1246,223,303,62,1,1834,0.41944936886182865,True,False,False,False,False,True,0.7145172971586671
PHEC_ARTIC_3,22384,119,49,18,13,1,199,0.20465947756067532,True,True,False,False,False,True,0.45831582157125805
PHEC_ARTIC_3,23029,8,41,2,13,1,64,1.0,True,True,False,True,False,True,1.0
PHEC_ARTIC_3,25485,748,1042,211,234,1,2235,0.03245241371285215,True,False,False,False,False,True,0.11246623375240893
PHEC_ARTIC_3,27948,1105,1491,122,65,1,2783,2.6158175884342894e-09,True,False,False,False,False,True,3.736377285101411e-08
PHEC_ARTIC_3,27991,1645,1850,234,180,1,3909,0.00032318019945540863,True,False,False,False,False,True,0.0024934413928785907
PHEC_ARTIC_3,5515,229,2707,1,6,1,2943,0.43460287114315566,True,False,False,True,False,True,0.7326558768713166
PHEC_ARTIC_3,9805,451,3645,0,0,1,4096,1.0,True,False,True,True,False,True,1.0
PHEC_ARTIC_3,12823,2013,392,4,0,1,2409,1.0,True,False,True,True,False,True,1.0
PHEC_ARTIC_3,15850,1557,2005,204,238,1,4004,0.33478105620000076,True,False,False,False,False,True,0.6387429176956694
PHEC_ARTIC_3,17763,1027,71,1,0,1,1099,1.0,True,False,True,True,False,True,1.0
PHEC_ARTIC_3,17767,904,74,97,0,1,1075,0.0011822060744444542,True,False,True,False,False,True,0.007350304723738875
PHEC_ARTIC_3,11562,1146,2625,334,146,1,4251,2.735607678549451e-61,True,False,False,False,False,True,1.8655079459527548e-59
PHEC_ARTIC_3,22213,99,608,0,0,1,707,1.0,True,True,True,True,False,True,1.0
PHEC_ARTIC_3,26640,3404,626,0,0,1,4030,1.0,True,False,True,True,False,True,1.0
PHEC_ARTIC_3,28373,750,4509,1,1,1,5261,0.26514317638292534,True,False,False,True,False,True,0.5523673686791246
PHEC_ARTIC_3,8982,2631,238,54,7,1,2930,0.34851303045238347,True,False,False,False,False,True,0.6543130962489686
PHEC_ARTIC_3,15606,2189,1406,31,17,1,3643,0.6571640720813292,True,False,False,False,False,True,0.9109802284458557
PHEC_ARTIC_3,16824,1582,584,24,5,1,2195,0.29547051304510663,True,False,False,False,False,True,0.5947882544388952
PHEC_ARTIC_3,22051,20,9,0,0,1,29,1.0,True,True,True,True,False,True,1.0
PHEC_ARTIC_3,24257,993,1019,11,6,1,2029,0.23151098543525653,True,False,False,False,False,True,0.49889319389412057
PHEC_ARTIC_3,26849,644,1754,171,320,1,2889,0.00042448408294785874,True,False,False,False,False,True,0.0030626599022244823
PHEC_ARTIC_3,29061,847,314,3,0,1,1164,0.5678458422935191,True,False,True,True,False,True,0.8447755880425752
PHEC_ARTIC_3,1146,5388,8051,486,761,1,14686,0.4501250285367573,True,False,False,False,False,True,0.746324949275847
PHEC_ARTIC_3,2123,52,140,10,33,1,235,0.703822059124612,True,True,False,False,False,True,0.9470574603546777
PHEC_ARTIC_3,6113,207,718,0,0,1,925,1.0,True,True,True,True,False,True,1.0
PHEC_ARTIC_3,7565,135,391,31,48,1,605,0.014761792126233263,True,True,False,False,False,True,0.05995628057512758
PHEC_ARTIC_3,11109,2078,380,1240,302,1,4000,0.0008724915303637581,True,False,False,False,False,True,0.0056578131754263334
PHEC_ARTIC_3,13925,205,8,8,0,1,221,1.0,True,True,True,True,False,True,1.0
PHEC_ARTIC_3,16255,287,29,47,5,1,368,1.0,True,True,False,True,False,True,1.0
PHEC_ARTIC_3,17360,1593,9033,207,1095,1,11928,0.38911490274785465,True,False,False,False,False,True,0.6935825500918757
PHEC_ARTIC_3,29392,833,94,0,0,1,927,1.0,True,True,True,True,False,True,1.0
PHEC_ARTIC_3,1613,44,89,0,0,1,133,1.0,True,True,True,True,False,True,1.0
PHEC_ARTIC_3,3284,524,393,0,0,1,917,1.0,True,True,True,True,False,True,1.0
PHEC_ARTIC_3,7454,59,42,7,2,1,110,0.31100355243732736,True,True,False,True,False,True,0.6160450750549804
PHEC_ARTIC_3,9042,203,206,4,4,1,417,1.0,True,True,False,True,False,True,1.0
PHEC_ARTIC_3,13156,842,843,576,476,1,2737,0.016442333655155114,True,False,False,False,False,True,0.06550977869462367
PHEC_ARTIC_3,14277,5012,2501,1087,217,1,8817,2.500182881241532e-36,True,False,False,False,False,True,1.0786503287642038e-34
PHEC_ARTIC_3,14278,4948,2167,1099,221,1,8435,3.6787408498580443e-26,True,False,False,False,False,True,1.1964397163999855e-24
PHEC_ARTIC_3,16604,301,237,7,25,1,570,0.0001843124878933348,True,True,False,False,False,True,0.001559698727175178
PHEC_ARTIC_3,16616,309,302,11,25,1,647,0.024850825052464547,True,True,False,False,False,True,0.09040158809099488
PHEC_ARTIC_3,16617,307,270,11,25,1,613,0.009566424708274193,True,True,False,False,False,True,0.04178392940762737
PHEC_ARTIC_3,16618,309,270,11,25,1,615,0.009411101376689263,True,True,False,False,False,True,0.041276075332616395
PHEC_ARTIC_3,17658,80,165,29,84,1,358,0.21667899964801157,True,True,False,False,False,True,0.4761532279167323
PHEC_ARTIC_3,18021,1830,355,436,68,1,2689,0.13546732714338958,True,False,False,False,False,True,0.3369972262426423
PHEC_ARTIC_3,19846,41,119,29,67,1,256,0.46989469471386086,True,True,False,False,False,True,0.7647093030216335
PHEC_ARTIC_3,23316,759,687,746,661,1,2853,0.792945695518144,True,False,False,False,False,True,1.0
PHEC_ARTIC_3,25578,1170,6540,19,91,2,7820,0.5055883475769736,True,False,False,False,False,True,0.7991708154771087
PHEC_ARTIC_3,28539,101,63,79,62,1,305,0.35132522990252024,True,True,False,False,False,True,0.6578401559025047
PHEC_ARTIC_3,3646,1434,1661,23,40,1,3158,0.12734564709612334,True,False,False,False,False,True,0.32303200358342476
PHEC_ARTIC_3,3830,2766,945,35,2,1,3748,0.0035300772591051795,True,False,False,False,False,True,0.018157137045616424
PHEC_ARTIC_3,6285,2485,904,39,11,1,3439,0.5220712307878135,True,False,False,False,False,True,0.8068521635246484
PHEC_ARTIC_3,6551,10801,907,74,3,1,11785,0.28256353854889715,True,False,False,False,False,True,0.575698059268109
PHEC_ARTIC_3,6781,7570,5778,741,443,1,14532,8.691085346387842e-05,True,False,False,False,False,True,0.0007953659923057965
PHEC_ARTIC_3,6941,718,1842,86,139,1,2785,0.0016197794284348531,True,False,False,False,False,True,0.009459153899754916
PHEC_ARTIC_3,7267,558,2394,11,45,1,3008,0.8636744999251473,True,False,False,False,False,True,1.0
PHEC_ARTIC_3,10116,7019,5861,331,618,1,13829,1.0714336989455276e-31,True,False,False,False,False,True,3.905191102708354e-30
PHEC_ARTIC_3,11965,7071,730,494,39,1,8334,0.12192083188515787,True,False,False,False,False,True,0.31203467143489555
PHEC_ARTIC_3,15406,1198,3319,124,154,1,4795,4.533972302729217e-10,True,False,False,False,False,True,6.656123227756642e-09
PHEC_ARTIC_3,18322,10533,5692,15,68,1,16308,3.0189631886709208e-18,True,False,False,False,False,True,7.01328371522014e-17
PHEC_ARTIC_3,21707,171,2166,12,88,1,2437,0.11652870800228753,True,False,False,False,False,True,0.3014219266160537
PHEC_ARTIC_3,21708,173,2161,11,90,1,2435,0.18096780766596754,True,False,False,False,False,True,0.4167385026207575
PHEC_ARTIC_3,26096,2832,1076,188,100,1,4196,0.009784485521996525,True,False,False,False,False,True,0.04247310553080216
PHEC_ARTIC_3,26924,4940,942,35,3,1,5920,0.2629586370283511,True,False,False,False,False,True,0.5498462499287183
PHEC_ARTIC_3,27737,75,278,17,65,1,435,1.0,True,True,False,False,False,True,1.0
PHEC_ARTIC_3,28369,1050,5716,84,547,1,7397,0.14876214751722688,True,False,False,False,False,True,0.3602327375159423
PHEC_ARTIC_3,420,4162,574,26,2,1,4764,0.5692914951713215,True,False,False,True,False,True,0.8459270322804953
PHEC_ARTIC_3,542,1089,2038,15,7,1,3149,0.002473418244886697,True,False,False,False,False,True,0.013372207592367801
PHEC_ARTIC_3,593,827,2395,2,40,1,3264,0.000975032578967556,True,False,False,False,False,True,0.006227247347242941
PHEC_ARTIC_3,660,1199,3999,2,26,1,5226,0.04363585572894069,True,False,False,False,False,True,0.13997905767978847
PHEC_ARTIC_3,1067,3028,823,37,7,1,3895,0.46158491601754725,True,False,False,False,False,True,0.75584083072122
PHEC_ARTIC_3,1089,1796,882,15,8,1,2701,0.8268328593966698,True,False,False,False,False,True,1.0
PHEC_ARTIC_3,1218,741,3036,4,32,1,3813,0.2889761731553978,True,False,False,False,False,True,0.5848793787505293
PHEC_ARTIC_3,2296,1059,154,21,1,1,1235,0.5094724651456002,True,False,False,True,False,True,0.8008678918516285
PHEC_ARTIC_3,2741,59,69,4,3,1,135,0.704879351242544,True,True,False,True,False,True,0.9472559850912943
PHEC_ARTIC_3,3322,1827,1429,20,10,1,3286,0.2722546561225124,True,False,False,False,False,True,0.5608578638355419
PHEC_ARTIC_3,3371,1085,1831,12,8,1,2936,0.0603241836039093,True,False,False,False,False,True,0.1819191499838292
PHEC_ARTIC_3,3386,978,1983,12,25,1,2998,1.0,True,False,False,False,False,True,1.0
PHEC_ARTIC_3,3417,531,2891,6,20,1,3448,0.27857380435247886,True,False,False,True,False,True,0.5708481685772936
PHEC_ARTIC_3,3422,451,3529,4,39,1,4023,1.0,True,False,False,True,False,True,1.0
PHEC_ARTIC_3,4328,1373,832,15,0,1,2220,0.0017949441622628019,True,False,True,False,False,True,0.01022779503779936
PHEC_ARTIC_3,4529,783,744,7,8,1,1542,0.7986806050684506,True,False,False,False,False,True,1.0
PHEC_ARTIC_3,4592,205,939,0,16,1,1160,0.0911012505455715,True,False,True,True,False,True,0.25240896940149166
PHEC_ARTIC_3,5535,196,1406,1,15,1,1618,0.7096131292395281,True,False,False,True,False,True,0.950045696777937
PHEC_ARTIC_3,5631,835,221,14,2,1,1072,0.5462237551859525,True,False,False,True,False,True,0.8287430283836251
PHEC_ARTIC_3,5725,398,353,6,4,1,761,0.7570125274291245,True,True,False,True,False,True,0.9878546191266476
PHEC_ARTIC_3,5979,1021,143,12,0,1,1176,0.3800659514510594,True,False,True,True,False,True,0.6864390148560771
PHEC_ARTIC_3,6515,3632,432,41,1,1,4106,0.12284990405410709,True,False,False,True,False,True,0.314032281947258
PHEC_ARTIC_3,6576,3877,513,69,6,1,4465,0.465007872266051,True,False,False,False,False,True,0.7596805579369643
PHEC_ARTIC_3,6959,116,456,3,4,1,579,0.15648839227005265,True,True,False,True,False,True,0.3750032572021846
PHEC_ARTIC_3,7408,788,201,12,0,1,1001,0.13919129289695542,True,False,True,True,False,True,0.342549933858165
PHEC_ARTIC_3,7665,2874,400,35,0,1,3309,0.017396458654296044,True,False,True,True,False,True,0.06810391406515155
PHEC_ARTIC_3,7752,2759,425,27,0,1,3211,0.04104185602657735,True,False,True,True,False,True,0.13389272166695143
PHEC_ARTIC_3,7805,1618,898,13,6,1,2535,0.8133573372116727,True,False,False,False,False,True,1.0
PHEC_ARTIC_3,7864,970,1812,25,77,2,2884,0.033584704404985136,True,False,False,False,False,True,0.11563202786993253
PHEC_ARTIC_3,7869,642,812,13,33,1,1500,0.0346603704851162,True,False,False,False,False,True,0.11837160453236777
PHEC_ARTIC_3,8126,1023,836,8,6,1,1873,1.0,True,False,False,False,False,True,1.0
PHEC_ARTIC_3,8193,933,1078,12,10,1,2033,0.5215490498981893,True,False,False,False,False,True,0.8068521635246484
PHEC_ARTIC_3,8198,914,1074,3,9,1,2000,0.24427671837127002,True,False,False,False,False,True,0.5195180911839686
PHEC_ARTIC_3,8338,2913,373,30,3,1,3319,1.0,True,False,False,True,False,True,1.0
PHEC_ARTIC_3,8366,1750,716,16,6,1,2488,1.0,True,False,False,False,False,True,1.0
PHEC_ARTIC_3,8629,52,1560,1,18,1,1631,0.46805522383932807,True,False,False,True,False,True,0.7628903185785193
PHEC_ARTIC_3,9212,294,3000,1,16,1,3311,1.0,True,False,False,True,False,True,1.0
PHEC_ARTIC_3,9220,295,2490,0,22,1,2807,0.1592178942806013,True,False,True,True,False,True,0.38071749603844146
PHEC_ARTIC_3,9742,142,571,1,2,1,716,0.4880005633538333,True,True,False,True,False,True,0.7839157985790302
PHEC_ARTIC_3,9927,1482,479,19,2,1,1982,0.13072101039057366,True,False,False,False,False,True,0.3293733205788709
PHEC_ARTIC_3,10259,2537,2185,57,81,2,4860,0.004217153013200865,True,False,False,False,False,True,0.02107579543713151
PHEC_ARTIC_3,10572,914,727,20,20,1,1681,0.5210931191238377,True,False,False,False,False,True,0.8068521635246484
PHEC_ARTIC_3,10698,945,3068,3,21,1,4037,0.33140710865517836,True,False,False,False,False,True,0.6353447995201739
PHEC_ARTIC_3,10718,930,2713,3,24,1,3670,0.11808779397064245,True,False,False,False,False,True,0.3036953728150099
PHEC_ARTIC_3,10735,1252,2211,9,12,1,3484,0.505032610954031,True,False,False,False,False,True,0.7991708154771087
PHEC_ARTIC_3,10990,28,1366,2,11,1,1407,0.02963587468410111,True,False,False,True,False,True,0.10389757725072926
PHEC_ARTIC_3,11092,5075,562,55,6,1,5698,1.0,True,False,False,False,False,True,1.0
PHEC_ARTIC_3,11660,4379,1139,17,14,1,5549,0.002634283039982254,True,False,False,False,False,True,0.01413419884904184
PHEC_ARTIC_3,11810,936,3679,9,25,1,4649,0.39131712592814394,True,False,False,False,False,True,0.6947232891149173
PHEC_ARTIC_3,11824,593,4602,6,51,1,5252,1.0,True,False,False,False,False,True,1.0
PHEC_ARTIC_3,11967,3007,338,16,5,1,3366,0.05523874349066833,True,False,False,True,False,True,0.16850606600183674
PHEC_ARTIC_3,12047,1167,1238,13,11,1,2429,0.6829129227365921,True,False,False,False,False,True,0.9299203224557062
PHEC_ARTIC_3,12149,1254,2990,14,12,1,4270,0.00961330592773728,True,False,False,False,False,True,0.041815902739169984
PHEC_ARTIC_3,12481,3704,211,21,2,1,3938,0.3558203488412544,True,False,False,True,False,True,0.6609878887964954
PHEC_ARTIC_3,12523,2723,331,34,5,1,3093,0.6071935382625374,True,False,False,True,False,True,0.8720157200319322
PHEC_ARTIC_3,12559,2147,408,9,8,1,2572,0.0027565624421146432,True,False,False,True,False,True,0.014678521417204927
PHEC_ARTIC_3,12676,555,2014,14,68,1,2651,0.4118425084773576,True,False,False,False,False,True,0.7089862075904999
PHEC_ARTIC_3,12970,122,569,2,12,1,705,1.0,True,True,False,True,False,True,1.0
PHEC_ARTIC_3,13122,3696,1825,63,10,1,5594,0.0002377733971272241,True,False,False,False,False,True,0.0019185227539196632
PHEC_ARTIC_3,13146,2737,2017,30,16,1,4800,0.368597482471708,True,False,False,False,False,True,0.6758153321293934
PHEC_ARTIC_3,13727,1181,333,12,3,1,1529,1.0,True,False,False,True,False,True,1.0
PHEC_ARTIC_3,13783,1088,560,7,6,1,1661,0.38520450317121935,True,False,False,True,False,True,0.6901124164275828
PHEC_ARTIC_3,13833,980,684,10,11,1,1685,0.3729956192971341,True,False,False,False,False,True,0.6785823917333403
PHEC_ARTIC_3,13857,474,635,12,15,1,1136,0.847060396604431,True,False,False,False,False,True,1.0
PHEC_ARTIC_3,14071,2043,896,37,10,1,2986,0.20211275962975395,True,False,False,False,False,True,0.4540556576591922
PHEC_ARTIC_3,14158,662,3111,1,17,1,3791,0.3447097736549023,True,False,False,True,False,True,0.6514752951931929
PHEC_ARTIC_3,14289,6475,999,58,5,1,7537,0.2638490040457281,True,False,False,False,False,True,0.5511628404670644
PHEC_ARTIC_3,14599,5462,242,31,2,1,5737,0.6500822638383483,True,False,False,True,False,True,0.9049043996607825
PHEC_ARTIC_3,14790,608,2530,16,79,1,3233,0.5995094380281012,True,False,False,False,False,True,0.866797793914603
PHEC_ARTIC_3,14804,631,2967,2,25,1,3625,0.2090256282966811,True,False,False,True,False,True,0.46562716356078376
PHEC_ARTIC_3,14937,1079,123,14,1,1,1217,1.0,True,False,False,True,False,True,1.0
PHEC_ARTIC_3,15071,292,546,4,6,1,848,0.7460180510104977,True,True,False,True,False,True,0.9801629333972605
PHEC_ARTIC_3,15397,539,670,9,7,1,1225,0.4495685768438351,True,False,False,False,False,True,0.7459874187188913
PHEC_ARTIC_3,15672,3204,2127,18,12,1,5361,1.0,True,False,False,False,False,True,1.0
PHEC_ARTIC_3,16394,401,1772,15,150,2,2338,0.0014896529348453107,True,False,False,False,False,True,0.008870778321867568
PHEC_ARTIC_3,16553,2064,753,23,6,1,2846,0.5340176939390326,True,False,False,False,False,True,0.8198354429826543
PHEC_ARTIC_3,16653,888,2269,4,19,1,3180,0.35225375130804304,True,False,False,False,False,True,0.6589950710311531
PHEC_ARTIC_3,16855,437,58,15,0,1,510,0.39655416557047696,True,True,True,True,False,True,0.6986033001588968
PHEC_ARTIC_3,17096,4914,1021,56,2,1,5993,0.0025191305980187127,True,False,False,False,False,True,0.013550743216823305
PHEC_ARTIC_3,17187,7673,1420,67,11,1,9171,0.8753465349326899,True,False,False,False,False,True,1.0
PHEC_ARTIC_3,17736,414,2244,1,23,1,2682,0.15938267927815547,True,False,False,True,False,True,0.38071749603844146
PHEC_ARTIC_3,18517,2316,3775,13,55,1,6159,0.001007038686611078,True,False,False,False,False,True,0.0063930323828703265
PHEC_ARTIC_3,18534,2024,4125,33,33,1,6215,0.005299091831861827,True,False,False,False,False,True,0.02545972757399069
PHEC_ARTIC_3,18714,4448,808,26,9,1,5291,0.09978328090465295,True,False,False,False,False,True,0.2704382767082517
PHEC_ARTIC_3,18883,984,4665,8,35,1,5692,0.8399003027104535,True,False,False,False,False,True,1.0
PHEC_ARTIC_3,19018,10390,8544,119,140,2,19193,0.004614180541596567,True,False,False,False,False,True,0.022843975796101035
PHEC_ARTIC_3,19066,2656,1680,22,36,1,4394,0.0005739402528602499,True,False,False,False,False,True,0.003926568590765593
PHEC_ARTIC_3,19101,3090,1876,24,17,1,5007,0.6306576299814145,True,False,False,False,False,True,0.8870327543451166
PHEC_ARTIC_3,19738,656,359,17,7,1,1039,0.6669629027990334,True,False,False,False,False,True,0.9161530711612453
PHEC_ARTIC_3,19744,575,468,14,8,1,1065,0.5183542915841811,True,False,False,False,False,True,0.8057032066154862
PHEC_ARTIC_3,20148,75,571,4,55,1,705,0.3861757268750994,True,True,False,False,False,True,0.6912578210109738
PHEC_ARTIC_3,20909,2469,560,19,9,1,3057,0.08362164136636596,True,False,False,False,False,True,0.2347871640752758
PHEC_ARTIC_3,20932,1871,547,23,1,1,2442,0.026590376308079304,True,False,False,False,False,True,0.09527467036488076
PHEC_ARTIC_3,20980,1137,1564,12,8,1,2721,0.11629687481056994,True,False,False,False,False,True,0.3014219266160537
PHEC_ARTIC_3,21004,590,2383,8,16,1,2997,0.1202816041065736,True,False,False,True,False,True,0.30858654257438906
PHEC_ARTIC_3,21083,405,3599,5,40,1,4049,0.8023492477097668,True,False,False,True,False,True,1.0
PHEC_ARTIC_3,21099,366,3559,4,54,1,3983,0.6534663479758362,True,False,False,False,False,True,0.9070572721562028
PHEC_ARTIC_3,21108,339,3401,12,80,1,3832,0.19796720030529538,True,False,False,False,False,True,0.4475964293533631
PHEC_ARTIC_3,21447,692,50,12,0,1,754,1.0,True,True,True,True,False,True,1.0
PHEC_ARTIC_3,21614,221,521,19,31,1,792,0.2651399388337928,True,True,False,False,False,True,0.5523673686791246
PHEC_ARTIC_3,22452,131,95,6,4,1,236,1.0,True,True,False,True,False,True,1.0
PHEC_ARTIC_3,22618,2569,815,30,7,1,3421,0.5643515249933804,True,False,False,False,False,True,0.8425417541214733
PHEC_ARTIC_3,22630,2329,696,75,5,1,3105,0.0001159291717897468,True,False,False,False,False,True,0.0010297238200148097
PHEC_ARTIC_3,22740,1054,1812,7,17,1,2890,0.5274654659983218,True,False,False,False,False,True,0.8133202006713729
PHEC_ARTIC_3,22802,640,3433,6,66,1,4145,0.10038213710913027,True,False,False,False,False,True,0.2711355802839786
PHEC_ARTIC_3,23107,22,57,3,9,1,91,1.0,True,True,False,True,False,True,1.0
PHEC_ARTIC_3,23170,3701,319,43,2,1,4065,0.5784362415153026,True,False,False,True,False,True,0.8514771675213956
PHEC_ARTIC_3,23224,3720,621,19,1,1,4361,0.34394089092517166,True,False,False,True,False,True,0.6509319994770035
PHEC_ARTIC_3,23361,1395,2359,12,20,1,3786,1.0,True,False,False,False,False,True,1.0
PHEC_ARTIC_3,23376,1298,2624,5,30,1,3957,0.018114594874099305,True,False,False,False,False,True,0.07039384846295207
PHEC_ARTIC_3,23424,959,6595,22,254,2,7830,0.020186264133675202,True,False,False,False,False,True,0.07647627666413867
PHEC_ARTIC_3,23784,131,1726,0,23,1,1880,0.40062839109906334,True,False,True,True,False,True,0.7010996844233609
PHEC_ARTIC_3,23915,925,119,21,0,1,1065,0.15618924322022892,True,False,True,True,False,True,0.3750032572021846
PHEC_ARTIC_3,24090,400,1070,0,12,1,1482,0.043939449341609566,True,False,True,True,False,True,0.14064937381964676
PHEC_ARTIC_3,24200,1489,310,19,2,1,1820,0.5593843334484592,True,False,False,True,False,True,0.8378966570691977
PHEC_ARTIC_3,24385,127,1969,1,24,1,2121,1.0,True,False,False,True,False,True,1.0
PHEC_ARTIC_3,24479,977,91,22,1,1,1091,0.7140152019620165,True,False,False,True,False,True,0.9535237757092248
PHEC_ARTIC_3,24729,4008,1257,23,3,1,5291,0.1698668038095626,True,False,False,False,False,True,0.3966665627826851
PHEC_ARTIC_3,24765,7663,849,75,5,1,8592,0.3477548282145691,True,False,False,False,False,True,0.6540513406099636
PHEC_ARTIC_3,24863,1567,2117,4,20,1,3708,0.0116461306735412,True,False,False,False,False,True,0.04933851752277774
PHEC_ARTIC_3,24867,3646,4808,230,156,2,8840,2.346309126754999e-10,True,False,False,False,False,True,3.4930264041972306e-09
PHEC_ARTIC_3,24904,1293,2970,33,103,1,4399,0.15409159001370243,True,False,False,False,False,True,0.3710132360922174
PHEC_ARTIC_3,24937,885,4432,11,40,1,5368,0.3454606461265701,True,False,False,False,False,True,0.6514752951931929
PHEC_ARTIC_3,24943,909,4316,4,23,1,5252,1.0,True,False,False,True,False,True,1.0
PHEC_ARTIC_3,25056,3144,2316,24,5,1,5489,0.007239515333646184,True,False,False,False,False,True,0.033127763871802086
PHEC_ARTIC_3,25068,1910,952,15,4,1,2881,0.33291070735378037,True,False,False,False,False,True,0.6357516642611895
PHEC_ARTIC_3,25217,388,1416,2,14,1,1820,0.5460710667879104,True,False,False,True,False,True,0.8287430283836251
PHEC_ARTIC_3,25547,1155,4678,21,66,1,5920,0.34238231985842654,True,False,False,False,False,True,0.6485629248931126
PHEC_ARTIC_3,25553,1126,4871,12,48,1,6057,0.7423159748420459,True,False,False,False,False,True,0.9765127385289888
PHEC_ARTIC_3,26545,1561,4209,4,51,1,5825,0.00036539257714354257,True,False,False,False,False,True,0.0027294696398637774
PHEC_ARTIC_3,26873,293,2711,2,27,1,3033,1.0,True,False,False,True,False,True,1.0
PHEC_ARTIC_3,26923,473,170,7,2,1,652,1.0,True,True,False,True,False,True,1.0
PHEC_ARTIC_3,27208,3435,228,34,4,1,3701,0.29682093417994315,True,False,False,True,False,True,0.5958969181922126
PHEC_ARTIC_3,27225,3395,247,32,4,1,3678,0.3058426975145744,True,False,False,True,False,True,0.6099542099488776
PHEC_ARTIC_3,27442,200,3228,1,24,1,3453,1.0,True,False,False,True,False,True,1.0
PHEC_ARTIC_3,28110,3460,1271,26,1,1,4758,0.003784217520008438,True,False,False,False,False,True,0.01923037460888903
PHEC_ARTIC_3,28195,3652,622,21,5,1,4300,0.5732463621622983,True,False,False,True,False,True,0.8480355560609507
PHEC_ARTIC_3,28354,914,4786,5,28,1,5733,1.0,True,False,False,False,False,True,1.0
PHEC_ARTIC_3,28556,811,578,6,7,1,1402,0.4068506643341714,True,False,False,False,False,True,0.7049854954118346
PHEC_ARTIC_3,28603,379,1088,15,31,1,1513,0.30793836239743866,True,False,False,False,False,True,0.6124906581803063
PHEC_ARTIC_3,28679,307,1414,3,16,1,1740,1.0,True,False,False,True,False,True,1.0
PHEC_ARTIC_3,28716,522,1934,1,26,1,2483,0.02907679149542959,True,False,False,False,False,True,0.10254457950811723
PHEC_ARTIC_3,29105,616,163,17,2,1,798,0.39269420224128027,True,True,False,True,False,True,0.6958554430327465
PHEC_ARTIC_3,29625,744,2518,2,31,1,3295,0.020022535054247684,True,False,False,False,False,True,0.07599217074448762
PHEC_ARTIC_3,788,1118,581,140,141,1,1980,4.5098055598417307e-07,True,False,False,False,False,True,5.542865670642685e-06
PHEC_ARTIC_3,4319,1991,1667,13,30,1,3701,0.0018259421947494098,True,False,False,False,False,True,0.010348637532708451
PHEC_ARTIC_3,11074,4141,326,513,45,1,5025,0.4928746143016373,True,False,False,False,False,True,0.7881519929150237
PHEC_ARTIC_3,18508,837,1253,109,273,1,2472,1.6939237318814108e-05,True,False,False,False,False,True,0.00017727498857412387
PHEC_ARTIC_3,20555,1832,360,0,1,1,2193,0.16461468308253532,True,False,True,True,False,True,0.389256644336107
PHEC_ARTIC_3,21145,215,771,0,1,1,987,1.0,True,True,True,True,False,True,1.0
PHEC_ARTIC_3,28144,1770,411,11,6,1,2198,0.11269573290444572,True,False,False,True,False,True,0.2937592840443875
PHEC_ARTIC_3,517,3627,3315,372,228,1,7542,4.001887727822697e-06,True,False,False,False,False,True,4.452626661377464e-05
PHEC_ARTIC_3,556,2051,4249,31,108,1,6439,0.010129464373150206,True,False,False,False,False,True,0.04388050755090069
PHEC_ARTIC_3,4464,539,409,158,111,1,1217,0.6250856989601111,True,False,False,False,False,True,0.8835197199785694
PHEC_ARTIC_3,6176,15,199,2,29,1,245,1.0,True,True,False,True,False,True,1.0
PHEC_ARTIC_3,6684,1568,3008,94,265,1,4935,0.00171203122461939,True,False,False,False,False,True,0.009834875024036387
PHEC_ARTIC_3,10902,6,17,2,2,1,27,0.5582905982905983,True,True,False,True,False,True,0.8378966570691977
PHEC_ARTIC_3,15308,477,81,29,0,1,587,0.02330470212442013,True,True,True,True,False,True,0.08565021264296625
PHEC_ARTIC_3,15326,444,105,20,4,1,573,1.0,True,True,False,True,False,True,1.0
PHEC_ARTIC_3,15371,161,305,10,17,1,493,0.8362823383962992,True,True,False,False,False,True,1.0
PHEC_ARTIC_3,16679,694,3558,24,196,1,4472,0.03766540734389501,True,False,False,False,False,True,0.12618806834388913
PHEC_ARTIC_3,16773,171,3433,2,79,1,3685,0.5894555992878581,True,False,False,True,False,True,0.8599787004103051
PHEC_ARTIC_3,18668,17504,461,188,4,1,18157,1.0,True,False,False,True,False,True,1.0
PHEC_ARTIC_3,18798,5034,6323,352,559,1,12268,0.0008623406274262989,True,False,False,False,False,True,0.005626506439441963
PHEC_ARTIC_3,20208,162,57,10,6,1,235,0.3802365593171553,True,True,False,True,False,True,0.6864390148560771
PHEC_ARTIC_3,20760,682,5329,16,150,1,6177,0.6183757173354082,True,False,False,False,False,True,0.8809734842493755
PHEC_ARTIC_3,23308,4091,2957,425,194,1,7667,1.8994550466061929e-07,True,False,False,False,False,True,2.4336048294093887e-06
PHEC_ARTIC_3,23422,812,6246,36,304,1,7398,0.6633163730570374,True,False,False,False,False,True,0.9135184447182912
PHEC_ARTIC_3,24081,15,307,2,24,1,348,0.3680097609599721,True,True,False,True,False,True,0.6753234675949488
PHEC_ARTIC_3,24328,219,506,14,37,1,776,0.7535598622248106,True,True,False,False,False,True,0.9851734995320035
PHEC_ARTIC_3,24792,13722,426,1062,43,1,15253,0.10347670056169347,True,False,False,False,False,True,0.2765483501737294
PHEC_ARTIC_3,25828,0,38,2,11,1,51,0.06117647058823531,True,True,True,True,False,True,0.18403226283407134
PHEC_ARTIC_3,25928,142,2245,9,169,1,2565,0.7422839294367767,True,False,False,False,False,True,0.9765127385289888
PHEC_ARTIC_3,26296,8036,296,303,13,1,8648,0.5377570732343903,True,False,False,False,False,True,0.8225893291009414
PHEC_ARTIC_3,26371,4469,1091,63,7,1,5630,0.047342581126903566,True,False,False,False,False,True,0.1490519758871148
PHEC_ARTIC_3,28014,191,437,21,57,1,706,0.6010577355300126,True,True,False,False,False,True,0.8679208011683379
PHEC_ARTIC_3,440,3363,287,72,5,1,3727,0.8310144038857423,True,False,False,False,False,True,1.0
PHEC_ARTIC_3,499,1703,1229,51,26,1,3009,0.1615471924486097,True,False,False,False,False,True,0.3847899979862042
PHEC_ARTIC_3,614,445,2885,5,49,1,3384,0.5426487213546627,True,False,False,False,False,True,0.8254632156702639
PHEC_ARTIC_3,809,1880,529,66,13,1,2488,0.270434489969934,True,False,False,False,False,True,0.5582993279262114
PHEC_ARTIC_3,2216,233,39,0,0,1,272,1.0,True,True,True,True,False,True,1.0
PHEC_ARTIC_3,2890,1908,84,126,6,1,2124,0.8224557019874236,True,False,False,False,False,True,1.0
PHEC_ARTIC_3,3410,394,1485,14,34,1,1927,0.20817246015728982,True,False,False,False,False,True,0.4655729617483816
PHEC_ARTIC_3,4152,1246,73,32,1,1,1352,1.0,True,False,False,True,False,True,1.0
PHEC_ARTIC_3,4577,110,614,2,32,1,758,0.2118860749863322,True,True,False,False,False,True,0.46908026671565894
PHEC_ARTIC_3,5529,42,1054,2,27,1,1125,0.3148723306647695,True,False,False,True,False,True,0.6185060206833145
PHEC_ARTIC_3,6517,4826,186,95,2,1,5109,0.5855188898477108,True,False,False,True,False,True,0.8571931669931168
PHEC_ARTIC_3,6543,6423,182,92,3,1,6700,0.747067843385307,True,False,False,True,False,True,0.9805540430289482
PHEC_ARTIC_3,6577,5602,305,140,7,1,6054,1.0,True,False,False,False,False,True,1.0
PHEC_ARTIC_3,6639,3331,1549,36,24,1,4940,0.2087810632627558,True,False,False,False,False,True,0.4655729617483816
PHEC_ARTIC_3,6723,1103,5191,30,132,1,6456,0.7535577549961259,True,False,False,False,False,True,0.9851734995320035
PHEC_ARTIC_3,7015,35,647,0,0,1,682,1.0,True,True,True,True,False,True,1.0
PHEC_ARTIC_3,8513,264,1106,7,33,1,1410,1.0,True,False,False,False,False,True,1.0
PHEC_ARTIC_3,8514,263,1124,7,33,1,1427,1.0,True,False,False,False,False,True,1.0
PHEC_ARTIC_3,8895,5,20,4,4,1,33,0.1695045777359459,True,True,False,True,False,True,0.3966665627826851
PHEC_ARTIC_3,9234,11,258,0,13,1,282,1.0,True,True,True,True,False,True,1.0
PHEC_ARTIC_3,9635,135,124,8,1,1,268,0.039683202335761406,True,True,False,True,False,True,0.13128370850985854
PHEC_ARTIC_3,10395,560,4164,0,57,1,4781,0.0013735370446745574,True,False,True,False,False,True,0.008367888508478428
PHEC_ARTIC_3,11060,4423,230,270,5,1,4928,0.012956366682238662,True,False,False,False,False,True,0.053916848752465614
PHEC_ARTIC_3,11653,5840,435,96,5,1,6376,0.5543712027838468,True,False,False,False,False,True,0.8365030140507153
PHEC_ARTIC_3,11708,1856,1145,131,30,1,3162,2.3415011714211775e-07,True,False,False,False,False,True,2.9640320217870473e-06
PHEC_ARTIC_3,11742,1678,1354,31,26,1,3089,0.8938315681572235,True,False,False,False,False,True,1.0
PHEC_ARTIC_3,11991,1447,250,41,2,1,1740,0.0764358405977044,True,False,False,False,False,True,0.21835860408587449
PHEC_ARTIC_3,12165,207,1759,5,43,1,2014,1.0,True,False,False,False,False,True,1.0
PHEC_ARTIC_3,12964,27,153,0,7,1,187,0.5959391321527938,True,True,True,True,False,True,0.8641214473062631
PHEC_ARTIC_3,15358,145,142,4,6,1,297,0.5410754862669682,True,True,False,True,False,True,0.824681743308126
PHEC_ARTIC_3,17002,91,152,5,8,1,256,1.0,True,True,False,True,False,True,1.0
PHEC_ARTIC_3,18549,910,3902,18,182,1,5012,0.00018444876149186114,True,False,False,False,False,True,0.001559698727175178
PHEC_ARTIC_3,18981,6880,229,122,9,1,7240,0.040317469848401524,True,False,False,True,False,True,0.1321412887744509
PHEC_ARTIC_3,19669,560,66,15,2,1,643,0.6985267179675243,True,True,False,True,False,True,0.9429664634631841
PHEC_ARTIC_3,19858,58,1230,0,26,1,1314,0.6255727601737888,True,False,True,True,False,True,0.8835197199785694
PHEC_ARTIC_3,20577,3407,224,69,8,1,3708,0.1468752503210451,True,False,False,True,False,True,0.3573006664887104
PHEC_ARTIC_3,20951,887,1206,26,46,1,2165,0.3320983933158903,True,False,False,False,False,True,0.6353447995201739
PHEC_ARTIC_3,20987,359,3385,5,72,1,3821,0.4373315457411151,True,False,False,False,False,True,0.7350587812667533
PHEC_ARTIC_3,22644,1094,437,48,6,1,1585,0.004867053158970836,True,False,False,False,False,True,0.02392779157689383
PHEC_ARTIC_3,22646,1140,456,37,5,1,1638,0.014990435416849617,True,False,False,False,False,True,0.060708391707318184
PHEC_ARTIC_3,22667,2000,625,75,12,1,2712,0.028837795544184266,True,False,False,False,False,True,0.10194498291037715
PHEC_ARTIC_3,22721,1470,1204,41,26,1,2741,0.3230948429335859,True,False,False,False,False,True,0.626051785482677
PHEC_ARTIC_3,23235,4487,199,77,5,1,4768,0.4002331793465477,True,False,False,True,False,True,0.7010996844233609
PHEC_ARTIC_3,24809,5810,754,85,15,1,6664,0.2692798705239372,True,False,False,False,False,True,0.5570596487319388
PHEC_ARTIC_3,25219,120,937,2,44,1,1103,0.2242498008536143,True,False,False,False,False,True,0.48772024588944507
PHEC_ARTIC_3,25413,3073,317,52,11,1,3453,0.046263224170892334,True,False,False,False,False,True,0.14640786810968023
PHEC_ARTIC_3,25592,97,4272,3,171,1,4543,1.0,True,False,False,True,False,True,1.0
PHEC_ARTIC_3,26340,2277,477,44,10,1,2808,0.8556382855983199,True,False,False,False,False,True,1.0
PHEC_ARTIC_3,26839,78,2834,0,40,1,2952,0.6256523277237078,True,False,True,True,False,True,0.8835197199785694
PHEC_ARTIC_3,27021,104,56,4,4,1,168,0.45805986290596823,True,True,False,True,False,True,0.7523998058921654
PHEC_ARTIC_3,27406,208,2579,4,50,1,2841,1.0,True,False,False,True,False,True,1.0
PHEC_ARTIC_3,27794,116,23,14,1,1,154,0.4687848313753857,True,True,False,True,False,True,0.7634908578794802
PHEC_ARTIC_3,28728,158,1064,1,85,1,1308,0.0002351889568370853,True,False,False,False,False,True,0.0019049404396689592
PHEC_ARTIC_3,29086,316,8,15,0,1,339,1.0,True,True,True,True,False,True,1.0
PHEC_ARTIC_3,673,2772,4229,1,2,1,7004,1.0,True,False,False,True,False,True,1.0
PHEC_ARTIC_3,25599,260,6132,0,23,1,6415,1.0,True,False,True,True,False,True,1.0
PHEC_ARTIC_3,27649,729,607,0,0,1,1336,1.0,True,False,True,True,False,True,1.0
PHEC_ARTIC_3,29580,6677,5018,2,0,1,11697,0.5100404280120465,True,False,True,True,False,True,0.8008678918516285
PHEC_ARTIC_3,667,376,534,65,16,1,991,9.542859725028477e-12,True,True,False,False,False,True,1.5518158045161692e-10
PHEC_ARTIC_3,26020,1191,134,0,0,1,1325,1.0,True,False,True,True,False,True,1.0
PHEC_ARTIC_3,6738,9014,10626,46,179,1,19865,4.077309565450316e-15,True,False,False,False,False,True,7.835847655783608e-14
PHEC_ARTIC_3,9211,190,494,351,115,1,1150,1.7583357559826042e-58,True,False,False,False,False,True,1.0932711141609486e-56
PHEC_ARTIC_3,9247,3299,721,26,68,1,4114,1.0753226034599875e-29,True,False,False,False,False,True,3.666503199539377e-28
PHEC_ARTIC_3,12904,4513,4555,111,100,1,9279,0.4438219977499688,True,False,False,False,False,True,0.7406819706966876
PHEC_ARTIC_3,16846,11647,2598,4,1,1,14250,1.0,True,False,False,True,False,True,1.0
PHEC_ARTIC_3,25538,5862,4195,1,12,1,10070,0.00022395695082948428,True,False,False,False,False,True,0.0018350581164865494
PHEC_ARTIC_3,301,158,958,0,48,1,1164,0.001748082717129883,True,False,True,False,False,True,0.010014761149085562
PHEC_ARTIC_3,486,8547,3553,174,122,1,12396,1.930387631834095e-05,True,False,False,False,False,True,0.0001971420025940713
PHEC_ARTIC_3,12049,3755,4376,25,52,1,8208,0.021002687447315746,True,False,False,False,False,True,0.07872283911990334
PHEC_ARTIC_3,19582,3001,71,30,0,1,3102,1.0,True,False,True,True,False,True,1.0
PHEC_ARTIC_3,21650,462,3356,1,46,1,3865,0.038127383864625934,True,False,False,False,False,True,0.12733221088439056
PHEC_ARTIC_3,23723,769,9972,13,118,1,10872,0.23070349311604108,True,False,False,False,False,True,0.4976603922931743
PHEC_ARTIC_3,26528,319,7758,4,42,1,8123,0.10892967155245081,True,False,False,True,False,True,0.28677126483422294
PHEC_ARTIC_3,26840,755,15469,9,457,1,16690,0.0032549791348746157,True,False,False,False,False,True,0.016948339633312652
PHEC_ARTIC_3,28077,466,7288,0,2,1,7756,1.0,True,False,True,True,False,True,1.0
PHEC_ARTIC_3,1093,2716,1721,36,17,1,4490,0.3948772990239182,True,False,False,False,False,True,0.6978685297554829
PHEC_ARTIC_3,4548,1441,3358,16,84,1,4899,0.001844927285744995,True,False,False,False,False,True,0.01038250651506506
PHEC_ARTIC_3,4732,5376,378,101,7,1,5862,1.0,True,False,False,False,False,True,1.0
PHEC_ARTIC_3,5903,3640,2454,732,701,1,7527,3.0647437168480998e-09,True,False,False,False,False,True,4.348233702964351e-08
PHEC_ARTIC_3,14694,4101,2180,67,26,1,6374,0.18870598818289697,True,False,False,False,False,True,0.4289510312028432
PHEC_ARTIC_3,25549,1797,11031,5,99,1,12932,0.004130878337969094,True,False,False,False,False,True,0.020742700252889937
PHEC_ARTIC_3,28810,1516,502,0,0,1,2018,1.0,True,False,True,True,False,True,1.0
PHEC_ARTIC_3,1820,670,4740,11,58,1,5479,0.3584359529918822,True,False,False,False,False,True,0.6631013165167992
PHEC_ARTIC_3,2228,2036,752,37,9,1,2834,0.3156896860535934,True,False,False,False,False,True,0.6185060206833145
PHEC_ARTIC_3,3076,661,3647,0,0,1,4308,1.0,True,False,True,True,False,True,1.0
PHEC_ARTIC_3,9130,1176,2699,0,0,1,3875,1.0,True,False,True,True,False,True,1.0
PHEC_ARTIC_3,9267,1469,201,25,1,1,1696,0.3541912969112079,True,False,False,True,False,True,0.6598628522017698
PHEC_ARTIC_3,13140,5988,1795,276,100,1,8159,0.11800177070610163,True,False,False,False,False,True,0.3036953728150099
PHEC_ARTIC_3,20270,1052,212,0,0,1,1264,1.0,True,False,True,True,False,True,1.0
PHEC_ARTIC_3,29459,1383,934,2,0,1,2319,0.5187037642671989,True,False,True,True,False,True,0.8057032066154862
PHEC_ARTIC_3,1300,2114,4958,23,104,1,7199,0.0032035259344163815,True,False,False,False,False,True,0.01676300451820849
PHEC_ARTIC_3,4345,4886,4746,17,46,1,9695,0.00019371608154960325,True,False,False,False,False,True,0.0016250626841105606
PHEC_ARTIC_3,5107,523,1592,33,62,1,2210,0.03903581162947284,True,False,False,False,False,True,0.1295474188142945
PHEC_ARTIC_3,6627,4568,2389,32,26,1,7015,0.09742764620150932,True,False,False,False,False,True,0.26571838319405516
PHEC_ARTIC_3,9519,2538,390,2,0,1,2930,1.0,True,False,True,True,False,True,1.0
PHEC_ARTIC_3,15537,13719,1743,60,8,1,15530,0.8476072565078582,True,False,False,False,False,True,1.0
PHEC_ARTIC_3,17114,9020,4389,150,48,1,13607,0.011575935941074374,True,False,False,False,False,True,0.049139615621347846
PHEC_ARTIC_3,22752,1880,3169,0,0,1,5049,1.0,True,False,True,True,False,True,1.0
PHEC_ARTIC_3,23329,3677,2308,115,74,1,6174,0.8795414974306621,True,False,False,False,False,True,1.0
PHEC_ARTIC_3,25626,889,5536,0,58,1,6483,0.00034563991914294255,True,False,True,False,False,True,0.0026283553563603615
PHEC_ARTIC_3,27403,879,9593,0,1,1,10473,1.0,True,False,True,True,False,True,1.0
PHEC_ARTIC_3,29420,1848,101,0,0,1,1949,1.0,True,False,True,True,False,True,1.0
PHEC_ARTIC_3,1150,1245,2571,138,448,1,4402,8.37073391676313e-06,True,False,False,False,False,True,8.937238131331947e-05
PHEC_ARTIC_3,2485,174,1956,10,114,1,2254,1.0,True,False,False,False,False,True,1.0
PHEC_ARTIC_3,5009,3079,2510,12,38,1,5639,1.1007134406890504e-05,True,False,False,False,False,True,0.00011634541068083263
PHEC_ARTIC_3,7765,4970,421,0,0,1,5391,1.0,True,False,True,True,False,True,1.0
PHEC_ARTIC_3,17200,12737,1407,147,13,1,14304,0.5078312276503205,True,False,False,False,False,True,0.8008678918516285
PHEC_ARTIC_3,17616,882,3756,71,217,1,4926,0.021080755651343035,True,False,False,False,False,True,0.0788756061007773
PHEC_ARTIC_3,18804,1613,2827,53,59,1,4552,0.021924030604281566,True,False,False,False,False,True,0.0810269242962434
PHEC_ARTIC_3,19011,5602,1092,104,21,1,6819,0.9026731347454247,True,False,False,False,False,True,1.0
PHEC_ARTIC_3,24621,834,972,8,15,1,1829,0.3005158014615632,True,False,False,False,False,True,0.6016007616380157
