centre_protocol,position,a_major_fw,b_major_rv,c_minor_fw,d_minor_rv,sample_count,total_reads,p_combined,low_sample_flag,low_reads_flag,zero_cell_flag,low_expected_flag,pseudo_count_flag,underpowered_flag,q_value
NORW_ARTIC_4.1,2832,8034,88392,72,153,80,96651,5.0085094569317324e-24,False,False,False,False,False,False,2.0925796828595261e-22
NORW_ARTIC_4.1,3037,27549,62240,25,103,93,89917,0.00532166624268734,False,False,False,False,False,False,0.042009282367389
NORW_ARTIC_4.1,3738,32,757,1,18,1,808,0.5513158278670882,True,True,False,True,False,True,1.0
NORW_ARTIC_4.1,5386,258830,51215,316,77,99,310438,0.10293671538964719,False,False,False,False,False,False,0.4430416921167478
NORW_ARTIC_4.1,8393,131065,13825,235,56,95,145181,4.0445583854856405e-07,False,False,False,False,False,False,6.792478935624414e-06
NORW_ARTIC_4.1,10029,71049,289570,104,474,99,361197,0.320192733985176,False,False,False,False,False,False,0.8412425664365131
NORW_ARTIC_4.1,10135,13822,12332,787,728,8,27669,0.5081957337145697,True,False,False,False,False,True,0.9911949771456469
NORW_ARTIC_4.1,10449,170045,173434,89,81,99,343649,0.4901396814997438,False,False,False,False,False,False,0.9781313353203134
NORW_ARTIC_4.1,11364,1812,475,24,6,1,2317,1.0,True,False,False,False,False,True,1.0
NORW_ARTIC_4.1,11537,70796,170683,30,65,98,241574,0.6522949824279456,False,False,False,False,False,False,1.0
NORW_ARTIC_4.1,13195,144631,180075,93,158,98,324957,0.01859843329045853,False,False,False,False,False,False,0.12148678194979817
NORW_ARTIC_4.1,13791,57351,6527,5240,869,50,69987,9.003791522099549e-21,False,False,False,False,False,False,3.3529336689905493e-19
NORW_ARTIC_4.1,14030,4490,29978,3,772,18,35243,1.8002694977484676e-41,False,False,False,False,False,False,1.0279538832143751e-39
NORW_ARTIC_4.1,14041,1854,19342,1,973,17,22170,3.0220868632138444e-36,False,False,False,False,False,False,1.6177608739641612e-34
NORW_ARTIC_4.1,14408,42490,40043,59,62,92,82654,0.5854269908317737,False,False,False,False,False,False,1.0
NORW_ARTIC_4.1,15240,15656,72172,11,68,94,87907,0.4616145611957943,False,False,False,False,False,False,0.9714321171110512
NORW_ARTIC_4.1,19077,119038,69786,4463,1269,60,194556,1.88055876519278e-125,False,False,False,False,False,False,2.1475981098501547e-123
NORW_ARTIC_4.1,19334,725,133,1,0,1,859,1.0,True,True,True,True,False,True,1.0
NORW_ARTIC_4.1,20407,318,355,0,12,1,685,0.0006033425891011328,True,True,True,False,False,True,0.006301986921525856
NORW_ARTIC_4.1,21762,77226,112694,123,234,98,190277,0.017583123398462797,False,False,False,False,False,False,0.11584573223679527
NORW_ARTIC_4.1,21846,33552,211998,32,273,98,245855,0.11299511865347758,False,False,False,False,False,False,0.47911049072625517
NORW_ARTIC_4.1,22578,23229,32617,26,37,91,55909,1.0,False,False,False,False,False,False,1.0
NORW_ARTIC_4.1,22673,10073,50815,15,73,86,60976,0.8858532071592651,False,False,False,False,False,False,1.0
NORW_ARTIC_4.1,22674,10057,50177,24,113,85,60371,0.8183791847384269,False,False,False,False,False,False,1.0
NORW_ARTIC_4.1,22679,9911,50201,4,33,85,60149,0.5049992830089748,False,False,False,False,False,False,0.99038572610286
NORW_ARTIC_4.1,22686,9800,50163,40,161,85,60164,0.18071006746283616,False,False,False,False,False,False,0.633039561480242
NORW_ARTIC_4.1,22992,38660,3148,58,7,86,41873,0.3398901017738673,False,False,False,True,False,True,0.8512160004950801
NORW_ARTIC_4.1,22995,39070,3766,14,3,87,42853,0.18372367475703008,False,False,False,True,False,True,0.6359769413621419
NORW_ARTIC_4.1,23013,45501,5084,74,7,88,50666,0.8530597398307715,False,False,False,False,False,False,1.0
NORW_ARTIC_4.1,23040,56007,8368,89,53,91,64517,2.48215607214062e-13,False,False,False,False,False,False,6.643645861838878e-12
NORW_ARTIC_4.1,23048,60806,8846,135,50,91,69837,1.834477452393798e-07,False,False,False,False,False,False,3.2733957041151837e-06
NORW_ARTIC_4.1,23055,63146,9193,75,30,91,72444,1.3281304861548799e-05,False,False,False,False,False,False,0.00017500673252179302
NORW_ARTIC_4.1,23063,66390,10738,89,8,91,77225,0.13990001982995515,False,False,False,False,False,False,0.5483952722396181
NORW_ARTIC_4.1,23075,68263,15529,36,13,91,83841,0.14467160965626774,False,False,False,False,False,False,0.5569044209914306
NORW_ARTIC_4.1,23202,22385,75306,3,90,91,97784,1.8337560405865114e-07,False,False,False,False,False,False,3.2733957041151837e-06
NORW_ARTIC_4.1,23403,123051,62723,56,19,97,185849,0.14264408382403826,False,False,False,False,False,False,0.5515785904979177
NORW_ARTIC_4.1,23525,33078,184260,44,243,97,217625,0.9345200064246957,False,False,False,False,False,False,1.0
NORW_ARTIC_4.1,23599,12656,123480,7,43,97,136186,0.22587233309997878,False,False,False,True,False,True,0.7022128976411318
NORW_ARTIC_4.1,23604,11892,118716,2,26,97,130636,1.0,False,False,False,True,False,True,1.0
NORW_ARTIC_4.1,23948,84756,13344,86,52,94,98238,1.5289016459334444e-12,False,False,False,False,False,False,3.6750317635221523e-11
NORW_ARTIC_4.1,24130,14321,89664,2,952,94,104939,2.0204497199719384e-57,False,False,False,False,False,False,1.5047958131791003e-55
NORW_ARTIC_4.1,24424,29199,165161,30,99,95,194489,0.013107600950543613,False,False,False,False,False,False,0.09053758237210165
NORW_ARTIC_4.1,24469,197516,158063,86,246,98,355911,7.559675372046978e-28,False,False,False,False,False,False,3.4078220821885456e-26
NORW_ARTIC_4.1,24503,209143,154178,557,456,98,364334,0.09798691098536338,False,False,False,False,False,False,0.43079863468055113
NORW_ARTIC_4.1,24637,166,704,1,16,1,887,0.22133739822360554,True,True,False,True,False,True,0.6956898406551125
NORW_ARTIC_4.1,25000,39075,112797,74,260,95,152206,0.14933932202429667,False,False,False,False,False,False,0.5699080430833549
NORW_ARTIC_4.1,25584,29860,83452,59,169,96,113540,0.9400358548292288,False,False,False,False,False,False,1.0
NORW_ARTIC_4.1,25708,1426,5696,163,191,9,7476,1.5161748274402955e-26,True,False,False,False,False,True,6.659506357449298e-25
NORW_ARTIC_4.1,26530,103916,239349,69,137,98,343471,0.32427451256415263,False,False,False,False,False,False,0.8454828615257131
NORW_ARTIC_4.1,26709,104267,31311,972,437,90,136987,1.1940144877604737e-11,False,False,False,False,False,False,2.691245812544331e-10
NORW_ARTIC_4.1,27259,141596,25026,416,147,93,167185,1.0169354040730377e-11,False,False,False,False,False,False,2.322680462902818e-10
NORW_ARTIC_4.1,27285,352,44,8,1,1,405,1.0,True,True,False,True,False,True,1.0
NORW_ARTIC_4.1,27807,238072,105708,238,154,98,344172,0.00035875662096575636,False,False,False,False,False,False,0.0039394236648355166
NORW_ARTIC_4.1,28271,191767,217467,310,166,98,409710,1.3504795115806638e-15,False,False,False,False,False,False,4.058546321645047e-14
NORW_ARTIC_4.1,28311,195115,212310,258,368,98,408051,0.0008783561124377636,False,False,False,False,False,False,0.008829501044584668
NORW_ARTIC_4.1,28881,58479,54628,85,63,98,113255,0.1877246301208394,False,False,False,False,False,False,0.6383586919423448
NORW_ARTIC_4.1,28882,58369,54516,116,109,98,113110,1.0,False,False,False,False,False,False,1.0
NORW_ARTIC_4.1,28883,58627,54793,23,14,98,113457,0.24962385470279827,False,False,False,False,False,False,0.7385244613227866
NORW_ARTIC_4.1,29298,2353,641,15,4,2,3013,1.0,True,False,False,True,False,True,1.0
NORW_ARTIC_4.1,29301,6193,2430,312,108,8,9043,0.2908207197867529,True,False,False,False,False,True,0.8061098592147374
NORW_ARTIC_4.1,436,596,130,27,5,1,758,1.0,True,True,False,False,False,True,1.0
NORW_ARTIC_4.1,1721,57,97,8,9,1,171,0.4392973534412469,True,True,False,False,False,True,0.9525523625884251
NORW_ARTIC_4.1,3735,48,386,2,52,1,488,0.10033882017887116,True,True,False,False,False,True,0.43735470474912547
NORW_ARTIC_4.1,4086,14,7,3,1,1,25,1.0,True,True,False,True,False,True,1.0
NORW_ARTIC_4.1,5743,115774,76951,680,2378,55,195783,0.0,False,False,False,False,False,False,0.0
NORW_ARTIC_4.1,5744,44378,37155,379,1352,23,83264,4.2872100921326824e-165,False,False,False,False,False,False,7.343990887823285e-163
NORW_ARTIC_4.1,5765,12922,12613,120,177,11,25832,0.000552663777992079,False,False,False,False,False,False,0.005808055531904487
NORW_ARTIC_4.1,5766,27436,25522,173,282,17,53413,4.3329806953723756e-09,False,False,False,False,False,False,8.836185632348666e-08
NORW_ARTIC_4.1,5999,41,19,19,1,1,80,0.017496211754645198,True,True,False,False,False,True,0.11571818816875376
NORW_ARTIC_4.1,8461,78,33,8,2,1,121,0.7220496872210805,True,True,False,True,False,True,1.0
NORW_ARTIC_4.1,10523,120,28,33,9,1,190,0.8253735737748394,True,True,False,False,False,True,1.0
NORW_ARTIC_4.1,13191,381,658,9,21,1,1069,0.5651487163828738,True,False,False,False,False,True,1.0
NORW_ARTIC_4.1,16920,23917,17979,481,900,31,43277,3.907759066522205e-60,False,False,False,False,False,False,3.1876148956916846e-58
NORW_ARTIC_4.1,16925,36072,30025,701,1328,41,68126,2.458657039004132e-71,False,False,False,False,False,False,2.2166734251653044e-69
NORW_ARTIC_4.1,18454,164,142,4,3,1,313,1.0,True,True,False,True,False,True,1.0
NORW_ARTIC_4.1,20762,473,2110,9,138,3,2730,4.923464951097646e-05,True,False,False,False,False,True,0.0005981486142716502
NORW_ARTIC_4.1,21618,4551,2099,355,405,5,7410,2.140920212071575e-31,True,False,False,False,False,True,1.1113322191753359e-29
NORW_ARTIC_4.1,22122,66,73,5,7,1,151,0.7702296645655589,True,True,False,False,False,True,1.0
NORW_ARTIC_4.1,22227,44,75,1,12,1,132,0.05997575433081036,True,True,False,True,False,True,0.3002879550722848
NORW_ARTIC_4.1,22599,6437,13237,13,11,22,19698,0.030153739580242752,False,False,False,False,False,False,0.18187801373575999
NORW_ARTIC_4.1,25296,49,43,0,23,2,115,4.78886270118313e-07,True,True,True,False,False,True,7.88780942992952e-06
NORW_ARTIC_4.1,25336,118,300,0,188,8,606,2.4295369109539545e-22,True,True,True,False,False,True,9.678597042939823e-21
NORW_ARTIC_4.1,25653,27,60,2,2,1,91,0.5896313424403314,True,True,False,True,False,True,1.0
NORW_ARTIC_4.1,26577,19027,67745,14621,5286,53,106679,0.0,False,False,False,False,False,False,0.0
NORW_ARTIC_4.1,27513,83,100,7,1,1,191,0.02731383572306423,True,True,False,True,False,True,0.16770107739644813
NORW_ARTIC_4.1,28088,903,592,15,3,1,1513,0.05327881012150969,True,False,False,False,False,True,0.2765654598125639
NORW_ARTIC_4.1,28998,121,117,6,2,1,246,0.2830758952151614,True,True,False,True,False,True,0.7936317651449616
NORW_ARTIC_4.1,2278,15643,2687,696,68,20,19094,3.443559118566127e-06,False,False,False,False,False,False,4.915680641753146e-05
NORW_ARTIC_4.1,2850,486,1600,1,122,6,2209,9.262983663390984e-13,True,False,False,False,False,True,2.3334545610865818e-11
NORW_ARTIC_4.1,2851,526,1798,2,128,7,2454,8.146044982664109e-12,True,False,False,False,False,True,1.8856993317977864e-10
NORW_ARTIC_4.1,3241,54663,18157,554,202,27,73576,0.2720029781820328,False,False,False,False,False,False,0.7731403938517969
NORW_ARTIC_4.1,5924,15107,36329,97,699,28,52232,2.1576438595731504e-30,False,False,False,False,False,False,1.0560125518425162e-28
NORW_ARTIC_4.1,9245,5,9,5,0,1,19,0.0325077399380805,True,True,True,True,False,True,0.19135999489323677
NORW_ARTIC_4.1,12676,347,95,1,0,1,443,1.0,True,True,True,True,False,True,1.0
NORW_ARTIC_4.1,13065,8624,15106,170,230,10,24130,0.01190705806954186,False,False,False,False,False,False,0.08529047326818236
NORW_ARTIC_4.1,13786,31284,3933,1849,266,32,37332,0.0472871096478865,False,False,False,False,False,False,0.2515615491516447
NORW_ARTIC_4.1,14028,339,1917,5,21,2,2282,0.5782827566434494,True,False,False,True,False,True,1.0
NORW_ARTIC_4.1,14758,473,76,34,6,1,589,0.8134499694295757,True,True,False,False,False,True,1.0
NORW_ARTIC_4.1,14843,291,262,62,58,1,673,0.9197285834769865,True,True,False,False,False,True,1.0
NORW_ARTIC_4.1,16667,10821,66235,728,866,27,78650,6.805373790769757e-197,False,False,False,False,False,False,1.665372186226942e-194
NORW_ARTIC_4.1,16672,11833,75602,1099,1260,32,89794,1.79521386e-316,False,False,False,False,False,False,7.688003346e-314
NORW_ARTIC_4.1,19025,20524,4026,490,185,17,25225,1.4580889085125771e-12,False,False,False,False,False,False,3.568151857545778e-11
NORW_ARTIC_4.1,19217,5603,37396,266,80,7,43345,7.12197215674681e-159,True,False,False,False,False,True,1.1090853004097532e-156
NORW_ARTIC_4.1,19984,1018,447,55,34,2,1554,0.15585463665816268,True,False,False,False,False,True,0.5867670166932586
NORW_ARTIC_4.1,20198,14304,4709,316,57,6,19386,1.1458366728468769e-05,True,False,False,False,False,True,0.00015319360789656144
NORW_ARTIC_4.1,24942,5925,6702,35,81,7,12743,0.0003423689313050797,True,False,False,False,False,True,0.003808298567049361
NORW_ARTIC_4.1,26194,7587,14240,262,165,11,22254,1.9742914083206295e-28,False,False,False,False,False,False,9.140435628251995e-27
NORW_ARTIC_4.1,26270,3412,17675,2780,299,14,24166,0.0,False,False,False,False,False,False,0.0
NORW_ARTIC_4.1,2470,2039,8656,5,21,16,10721,1.0,False,False,False,True,False,True,1.0
NORW_ARTIC_4.1,14203,11,3,2,2,1,18,0.5326797385620915,True,True,False,True,False,True,1.0
NORW_ARTIC_4.1,19065,89940,40894,2284,713,32,133831,4.58133988784077e-19,False,False,False,False,False,False,1.5695670455742477e-17
NORW_ARTIC_4.1,19104,49,36,0,0,1,85,1.0,True,True,True,True,False,True,1.0
NORW_ARTIC_4.1,19770,18,107,1,3,1,129,0.47561196928872257,True,True,False,True,False,True,0.9771259629579897
NORW_ARTIC_4.1,23895,24,1,0,0,1,25,1.0,True,True,True,True,False,True,1.0
NORW_ARTIC_4.1,25122,25,8,3,3,1,39,0.3234875742615681,True,True,False,True,False,True,0.8454828615257131
NORW_ARTIC_4.1,25324,21,24,0,23,2,68,2.17840879661902e-05,True,True,True,False,False,True,0.00027438340210355743
NORW_ARTIC_4.1,26310,118,85,3,3,1,209,0.6979648043507228,True,True,False,True,False,True,1.0
NORW_ARTIC_4.1,28256,166,86,6,3,1,261,1.0,True,True,False,True,False,True,1.0
NORW_ARTIC_4.1,360,1611,326,34,5,1,1976,0.6656981583309592,True,False,False,False,False,True,1.0
NORW_ARTIC_4.1,518,1940,1302,24,41,2,3307,0.00029031544524382713,True,False,False,False,False,True,0.003293446077501165
NORW_ARTIC_4.1,520,905,563,24,5,1,1497,0.02021631876175694,True,False,False,False,False,True,0.12970244958385632
NORW_ARTIC_4.1,2976,3061,799,137,36,1,4033,1.0,True,False,False,False,False,True,1.0
NORW_ARTIC_4.1,6148,2901,20285,8,376,18,23570,3.0569159710534597e-13,False,False,False,False,False,False,8.05614932063781e-12
NORW_ARTIC_4.1,6393,26,29,4,4,1,63,1.0,True,True,False,True,False,True,1.0
NORW_ARTIC_4.1,6486,5021,792,76,0,4,5889,2.5787022904381285e-05,True,False,True,False,False,True,0.0003200954364869938
NORW_ARTIC_4.1,6616,5646,1230,29,4,1,6909,0.49830492353954126,True,False,False,False,False,True,0.9834059147733113
NORW_ARTIC_4.1,6808,4733,11373,16,47,3,16169,0.5797778989503806,True,False,False,False,False,True,1.0
NORW_ARTIC_4.1,7312,8,22,0,0,1,30,1.0,True,True,True,True,False,True,1.0
NORW_ARTIC_4.1,7967,395,2810,4,27,1,3236,0.7878104353189685,True,False,False,True,False,True,1.0
NORW_ARTIC_4.1,8607,2541,13457,11,55,3,16064,0.8657725624136592,True,False,False,False,False,True,1.0
NORW_ARTIC_4.1,8669,2653,19893,17,93,6,22656,0.23451751296602896,True,False,False,False,False,True,0.7173723209121564
NORW_ARTIC_4.1,8835,2865,3819,1380,1183,62,9247,3.191246267907418e-21,False,False,False,False,False,False,1.2148010793167572e-19
NORW_ARTIC_4.1,15017,2645,1187,16,13,1,3861,0.11141246802348474,True,False,False,False,False,True,0.47357210353406787
NORW_ARTIC_4.1,15192,736,2051,1,23,1,2811,0.00948094547360134,True,False,False,False,False,True,0.06911004083523019
NORW_ARTIC_4.1,15521,1404,4001,966,1178,60,7549,1.580217856859494e-56,False,False,False,False,False,False,1.1278804953334638e-54
NORW_ARTIC_4.1,18163,1402,2151,4,2,26,3559,0.22111568455945368,False,False,False,True,False,True,0.6956898406551125
NORW_ARTIC_4.1,18457,851,1283,1,6,1,2141,0.25482335079916296,True,False,False,True,False,True,0.7449017063463587
NORW_ARTIC_4.1,19214,5646,29769,237,49,8,35701,4.6117548914577546e-136,True,False,False,False,False,True,6.076873945436257e-134
NORW_ARTIC_4.1,19524,3554,876,32,9,1,4471,0.6953455576294794,True,False,False,False,False,True,1.0
NORW_ARTIC_4.1,19641,4297,1250,20,9,1,5576,0.26941268347380504,True,False,False,False,False,True,0.7730384033343852
NORW_ARTIC_4.1,22813,108,126,0,0,7,234,1.0,True,True,True,True,False,True,1.0
NORW_ARTIC_4.1,22882,114,120,0,0,8,234,1.0,True,True,True,True,False,True,1.0
NORW_ARTIC_4.1,22898,103,111,0,0,8,214,1.0,True,True,True,True,False,True,1.0
NORW_ARTIC_4.1,23705,16,6,3,3,1,28,0.35183946488294315,True,True,False,True,False,True,0.8668099266871305
NORW_ARTIC_4.1,27389,2372,5805,15,63,2,8255,0.06012771079380834,True,False,False,False,False,True,0.3002879550722848
NORW_ARTIC_4.1,27482,2729,2183,17,11,1,4940,0.7038789301584134,True,False,False,False,False,True,1.0
NORW_ARTIC_4.1,27617,1597,1016,107,73,1,2793,0.6929562691295397,True,False,False,False,False,True,1.0
NORW_ARTIC_4.1,27694,523,2228,6,54,1,2811,0.09353866593422613,True,False,False,False,False,True,0.4216361802604662
NORW_ARTIC_4.1,27810,4319,2648,22,19,1,7008,0.33297066552703763,True,False,False,False,False,True,0.8502183160052676
NORW_ARTIC_4.1,499,1917,1800,17,22,2,3756,0.3381738290424552,True,False,False,False,False,True,0.8502183160052676
NORW_ARTIC_4.1,1222,489,2352,3,15,1,2859,1.0,True,False,False,True,False,True,1.0
NORW_ARTIC_4.1,1354,1122,5172,0,82,4,6376,1.995575479694383e-07,True,False,True,False,False,True,3.5241451512541013e-06
NORW_ARTIC_4.1,1701,11862,5921,201,4,11,17988,1.1003973808975736e-29,False,False,False,False,False,False,5.236057537437621e-28
NORW_ARTIC_4.1,5647,116863,28410,2655,571,35,148499,0.008583099511130263,False,False,False,False,False,False,0.06379393386271623
NORW_ARTIC_4.1,5648,118063,29146,2656,580,35,150445,0.007903260496150331,False,False,False,False,False,False,0.0599039169464846
NORW_ARTIC_4.1,7732,1308,3933,12,66,2,5319,0.06334618788679279,True,False,False,False,False,True,0.3145275937683364
NORW_ARTIC_4.1,8373,2288,282,16,2,1,2588,1.0,True,False,False,True,False,True,1.0
NORW_ARTIC_4.1,9191,148,103,6,2,1,259,0.47933780284375105,True,True,False,True,False,True,0.9771259629579897
NORW_ARTIC_4.1,9884,3302,330,20,1,1,3653,1.0,True,False,False,True,False,True,1.0
NORW_ARTIC_4.1,9890,3430,334,17,3,1,3784,0.415157878422807,True,False,False,True,False,True,0.9375667283685608
NORW_ARTIC_4.1,11186,60239,40100,708,256,14,101303,5.150924024096362e-18,False,False,False,False,False,False,1.6648175194862392e-16
NORW_ARTIC_4.1,12911,2494,414,23,2,1,2933,0.5653708235667998,True,False,False,True,False,True,1.0
NORW_ARTIC_4.1,13040,864,1319,8,6,1,2197,0.2721562507254136,True,False,False,False,False,True,0.7731403938517969
NORW_ARTIC_4.1,13239,3687,869,31,13,2,4600,0.08439906210051305,True,False,False,False,False,True,0.39609751610459965
NORW_ARTIC_4.1,14552,5216,6481,137,60,16,11894,2.7812840918379678e-12,False,False,False,False,False,False,6.52649267029923e-11
NORW_ARTIC_4.1,15838,2024,8604,13,57,1,10698,1.0,True,False,False,False,False,True,1.0
NORW_ARTIC_4.1,16965,2276,6882,7,34,1,9199,0.28255639820379996,True,False,False,False,False,True,0.7934739510214908
NORW_ARTIC_4.1,17011,2087,7320,11,27,1,9445,0.3284168459052884,True,False,False,False,False,True,0.8471087718637184
NORW_ARTIC_4.1,17901,104,269,8,9,1,390,0.10207454667340612,True,True,False,True,False,True,0.44154974356450677
NORW_ARTIC_4.1,18833,3712,10849,705,829,37,16095,7.533045436011532e-60,False,False,False,False,False,False,5.865503105403525e-58
NORW_ARTIC_4.1,19053,1474,607,11,6,1,2098,0.5961045538603895,True,False,False,True,False,True,1.0
NORW_ARTIC_4.1,19638,3341,1014,43,9,2,4407,0.4082043636580802,True,False,False,False,False,True,0.9359662395456168
NORW_ARTIC_4.1,19730,30292,73710,799,492,24,105293,2.2106389181968052e-129,False,False,False,False,False,False,2.7048746191936624e-127
NORW_ARTIC_4.1,20612,1489,2902,7,22,1,4420,0.3275978986564522,True,False,False,False,False,True,0.8471087718637184
NORW_ARTIC_4.1,21475,489,286,5,3,1,783,1.0,True,True,False,True,False,True,1.0
NORW_ARTIC_4.1,23393,3689,1524,40,13,2,5266,0.544323850821612,True,False,False,False,False,True,1.0
NORW_ARTIC_4.1,24708,343,2035,2,15,1,2395,1.0,True,False,False,True,False,True,1.0
NORW_ARTIC_4.1,26062,3776,353,22,0,2,4151,0.25191877813179686,True,False,True,True,False,True,0.7389329913352192
NORW_ARTIC_4.1,26078,5822,556,212,16,4,6606,0.4709617900403854,True,False,False,False,False,True,0.9770497047288524
NORW_ARTIC_4.1,26300,9316,27190,40,117,5,36663,1.0,True,False,False,False,False,True,1.0
NORW_ARTIC_4.1,26598,1164,2559,5,21,1,3749,0.20997162641431907,True,False,False,False,False,True,0.6786441434862803
NORW_ARTIC_4.1,26678,1183,354,17,6,1,1560,0.8028040170401185,True,False,False,False,False,True,1.0
NORW_ARTIC_4.1,545,702,1210,10,54,3,1976,0.0003155382866764817,True,False,False,False,False,True,0.003532791405730805
NORW_ARTIC_4.1,7597,73,71,2,2,1,148,1.0,True,True,False,True,False,True,1.0
NORW_ARTIC_4.1,8680,5,32,1,3,1,41,0.4829663276389849,True,True,False,True,False,True,0.9781313353203134
NORW_ARTIC_4.1,11562,180,717,78,233,1,1208,0.06523501522574453,True,False,False,False,False,True,0.32203913856397803
NORW_ARTIC_4.1,27291,13,4,16,1,1,34,0.335288367546432,True,True,False,True,False,True,0.8502183160052676
NORW_ARTIC_4.1,28113,2496,557,1,0,1,3054,1.0,True,False,True,True,False,True,1.0
NORW_ARTIC_4.1,1173,3399,4244,88,60,6,7791,0.00031351283092929683,True,False,False,False,False,True,0.003532791405730805
NORW_ARTIC_4.1,1178,11403,15659,307,199,20,27568,1.4479171222762967e-16,False,False,False,False,False,False,4.4290750543916e-15
NORW_ARTIC_4.1,1499,7335,17900,119,349,11,25703,0.08978063411850368,False,False,False,False,False,False,0.4129261600382538
NORW_ARTIC_4.1,1500,6669,16148,101,278,9,23196,0.30511537167974917,True,False,False,False,False,True,0.8205064861654793
NORW_ARTIC_4.1,1503,6670,15981,102,308,9,23061,0.048713243748452074,True,False,False,False,False,True,0.2570072260585031
NORW_ARTIC_4.1,2165,1586,8781,39,13,1,10419,1.7845344714741605e-21,True,False,False,False,False,True,6.947517158261902e-20
NORW_ARTIC_4.1,3007,18260,11202,248,313,16,30023,3.9505659002484453e-17,False,False,False,False,False,False,1.2304217067501067e-15
NORW_ARTIC_4.1,3531,7167,1609,66,2,2,8844,0.0002210486435548253,True,False,False,False,False,True,0.0025413176269088304
NORW_ARTIC_4.1,3535,7255,1663,71,7,2,8996,0.027533555550273967,True,False,False,False,False,True,0.16844635949149753
NORW_ARTIC_4.1,3701,6056,31973,109,603,13,38741,0.7173349379598715,False,False,False,False,False,False,1.0
NORW_ARTIC_4.1,4229,1294,3065,30,25,2,4414,0.00015433631331559816,True,False,False,False,False,True,0.001823297273859446
NORW_ARTIC_4.1,5210,3126,14378,35,71,2,17610,0.00018094309553665948,True,False,False,False,False,True,0.002122983031878751
NORW_ARTIC_4.1,5629,13965,13088,239,222,10,27514,0.9625240518004059,False,False,False,False,False,False,1.0
NORW_ARTIC_4.1,6226,3644,7934,19,127,9,11724,3.424979985686788e-07,True,False,False,False,False,True,5.866990715481468e-06
NORW_ARTIC_4.1,7692,4545,9969,17,27,1,14558,0.3288542517742981,True,False,False,False,False,True,0.8471087718637184
NORW_ARTIC_4.1,8782,334,760,4,19,1,1117,0.2507825916610553,True,False,False,False,False,True,0.7389329913352192
NORW_ARTIC_4.1,8829,1220,3171,429,424,42,5244,2.839122091869397e-36,False,False,False,False,False,False,1.5688439172168637e-34
NORW_ARTIC_4.1,9531,5464,3118,32,16,1,8630,0.7640959967900267,True,False,False,False,False,True,1.0
NORW_ARTIC_4.1,9679,12275,8043,248,247,6,20813,4.939052585963041e-06,True,False,False,False,False,True,6.992228991532802e-05
NORW_ARTIC_4.1,10062,1745,10423,35,187,2,12390,0.5619644772723463,True,False,False,False,False,True,1.0
NORW_ARTIC_4.1,10074,1908,10527,33,194,2,12662,0.8523889933144632,True,False,False,False,False,True,1.0
NORW_ARTIC_4.1,10541,10488,3139,86,25,4,13738,1.0,True,False,False,False,False,True,1.0
NORW_ARTIC_4.1,10620,3397,6036,24,68,3,9525,0.04962869772996854,True,False,False,False,False,True,0.2599815266404774
NORW_ARTIC_4.1,12471,3154,3471,39,29,2,6693,0.11408229345764749,True,False,False,False,False,True,0.4813690249066706
NORW_ARTIC_4.1,13026,10527,10686,155,143,10,21511,0.4148745741667661,False,False,False,False,False,False,0.9375667283685608
NORW_ARTIC_4.1,13481,3948,27880,139,507,22,32474,1.4558447839779016e-10,False,False,False,False,False,False,3.1567874872837283e-09
NORW_ARTIC_4.1,13521,782,1505,5,20,1,2312,0.20141536872733073,True,False,False,False,False,True,0.6686521833913132
NORW_ARTIC_4.1,13693,240,615,30,15,1,900,2.661344247914347e-07,True,True,False,False,False,True,4.6049320168457334e-06
NORW_ARTIC_4.1,15510,452,1802,9,138,14,2401,6.647482414764208e-06,False,False,False,False,False,False,9.183175303621845e-05
NORW_ARTIC_4.1,16177,29018,32644,229,188,9,62079,0.0016020623995181436,True,False,False,False,False,True,0.01467557695387476
NORW_ARTIC_4.1,16654,2294,12325,12,55,2,14686,0.6132322969063378,True,False,False,False,False,True,1.0
NORW_ARTIC_4.1,16657,2296,12356,13,78,2,14743,0.8847533365196324,True,False,False,False,False,True,1.0
NORW_ARTIC_4.1,17144,7354,2906,305,373,18,10938,1.569366901834754e-44,False,False,False,False,False,False,9.956761121640494e-43
NORW_ARTIC_4.1,17707,5157,1487,48,18,1,6710,0.372819779842129,True,False,False,False,False,True,0.8990436465429705
NORW_ARTIC_4.1,18118,338,288,38,46,1,710,0.16215319260202554,True,True,False,False,False,True,0.6005857646188637
NORW_ARTIC_4.1,18825,1867,5647,179,242,15,7935,1.8672905559968955e-14,False,False,False,False,False,False,5.243719217086363e-13
NORW_ARTIC_4.1,18827,2131,6320,188,247,16,8886,2.0416428332828786e-15,False,False,False,False,False,False,5.927685039684019e-14
NORW_ARTIC_4.1,19668,5202,6554,51,45,2,11852,0.09837066354043587,True,False,False,False,False,True,0.43079863468055113
NORW_ARTIC_4.1,19672,7695,10571,206,205,3,18677,0.0014423191892079725,True,False,False,False,False,True,0.013575235006116796
NORW_ARTIC_4.1,19997,55958,24388,992,467,28,81805,0.1770669998763217,False,False,False,False,False,False,0.6253933418312145
NORW_ARTIC_4.1,20004,50388,23883,1121,401,27,75793,1.162668446056672e-06,False,False,False,False,False,False,1.8105918619046174e-05
NORW_ARTIC_4.1,20429,6812,13679,8,18,1,20517,1.0,True,False,False,False,False,True,1.0
NORW_ARTIC_4.1,20628,10554,32853,94,291,8,43792,0.9524625884124953,True,False,False,False,False,True,1.0
NORW_ARTIC_4.1,21001,6634,24419,108,616,15,31777,1.4836889070499455e-05,False,False,False,False,False,False,0.00019401214486843945
NORW_ARTIC_4.1,22336,3124,7611,73,158,10,10966,0.42103760661061795,False,False,False,False,False,False,0.9407509419655216
NORW_ARTIC_4.1,23118,14864,7331,317,135,14,22647,0.17231335580976734,False,False,False,False,False,False,0.6188108563985983
NORW_ARTIC_4.1,23854,408,587,1,1,21,997,1.0,False,True,False,True,False,True,1.0
NORW_ARTIC_4.1,25258,1918,1175,82,29,3,3204,0.012341038477845978,True,False,False,False,False,True,0.08735619385351306
NORW_ARTIC_4.1,25259,1922,1148,82,54,3,3206,0.5881103722885523,True,False,False,False,False,True,1.0
NORW_ARTIC_4.1,25711,5221,19702,39,241,12,25203,0.0038015854985980055,False,False,False,False,False,False,0.030863108810892815
NORW_ARTIC_4.1,26125,32780,4862,129,490,10,38261,1.6956601684662793e-299,False,False,False,False,False,False,5.8093317371654724e-297
NORW_ARTIC_4.1,26234,30374,200117,647,2132,45,233270,9.788128324962043e-47,False,False,False,False,False,False,6.448870700253838e-45
NORW_ARTIC_4.1,26383,19416,2916,163,160,9,22655,5.584416709719003e-55,True,False,False,False,False,True,3.826442329499461e-53
NORW_ARTIC_4.1,26522,4701,12160,2,10,3,16873,0.5293257897354942,True,False,False,True,False,True,1.0
NORW_ARTIC_4.1,27416,2003,7014,21,51,2,9089,0.15671823225913603,True,False,False,False,False,True,0.5887244119734649
NORW_ARTIC_4.1,27418,1974,6983,21,53,2,9031,0.20484594660977903,True,False,False,False,False,True,0.6728930107511525
NORW_ARTIC_4.1,28093,84810,46743,1394,356,35,133303,3.7191665313617336e-43,False,False,False,False,False,False,2.2753329529366606e-41
NORW_ARTIC_4.1,28705,7359,9015,228,172,9,16774,2.060213762618771e-06,True,False,False,False,False,True,3.15102337086246e-05
NORW_ARTIC_4.1,2377,624,1409,8,9,1,2050,0.1853667174208772,True,False,False,False,False,True,0.637616841248921
NORW_ARTIC_4.1,10002,8318,10407,58,72,2,18855,1.0,True,False,False,False,False,True,1.0
NORW_ARTIC_4.1,11083,24094,5694,348,63,6,30199,0.05757069700430844,True,False,False,False,False,True,0.2909103361899125
NORW_ARTIC_4.1,16561,10592,6851,114,45,6,17602,0.0053566727463849485,True,False,False,False,False,True,0.04209165327778632
NORW_ARTIC_4.1,18804,208,496,79,167,1,950,0.46827918352525255,True,True,False,False,False,True,0.9768573827358951
NORW_ARTIC_4.1,21789,1554,4474,16,37,1,6081,0.4354879729211633,True,False,False,False,False,True,0.9503068759413411
NORW_ARTIC_4.1,23664,239,44,0,0,4,283,1.0,True,True,True,True,False,True,1.0
NORW_ARTIC_4.1,27384,2706,4991,79,128,3,7904,0.3768866562934333,True,False,False,False,False,True,0.9029466324904214
NORW_ARTIC_4.1,29144,690,1906,2,18,1,2616,0.12576379351252914,True,False,False,False,False,True,0.5082267658268154
NORW_ARTIC_4.1,506,516,455,14,8,1,993,0.3910119719571483,True,True,False,False,False,True,0.9155532212530607
NORW_ARTIC_4.1,1568,1797,839,5,2,1,2643,1.0,True,False,False,True,False,True,1.0
NORW_ARTIC_4.1,5730,5690,3344,16,11,2,9061,0.6934973222736442,True,False,False,False,False,True,1.0
NORW_ARTIC_4.1,7884,458,638,5,5,1,1106,0.7498639369084972,True,False,False,True,False,True,1.0
NORW_ARTIC_4.1,9304,431,222,6,3,1,662,1.0,True,True,False,True,False,True,1.0
NORW_ARTIC_4.1,13031,1288,1843,1,0,1,3132,0.41155810983397184,True,False,True,True,False,True,0.9375667283685608
NORW_ARTIC_4.1,19595,3249,693,15,3,1,3960,1.0,True,False,False,True,False,True,1.0
NORW_ARTIC_4.1,21575,7078,5513,367,234,5,13192,0.02051168357739965,True,False,False,False,False,True,0.1311063954033045
NORW_ARTIC_4.1,24581,11572,4383,242,88,5,16285,0.8031971947603009,True,False,False,False,False,True,1.0
NORW_ARTIC_4.1,25855,74,170,0,0,2,244,1.0,True,True,True,True,False,True,1.0
NORW_ARTIC_4.1,1001,993,228,387,60,1,1668,0.012773259473476012,True,False,False,False,False,True,0.08904964417935796
NORW_ARTIC_4.1,3467,816,646,18,8,1,1488,0.23147790250832967,True,False,False,False,False,True,0.711888055649495
NORW_ARTIC_4.1,3680,166,791,4,19,1,980,1.0,True,True,False,True,False,True,1.0
NORW_ARTIC_4.1,4096,29,17,2,2,1,50,0.6291576204950065,True,True,False,True,False,True,1.0
NORW_ARTIC_4.1,5263,431,71,224,27,1,753,0.20785001995671057,True,True,False,False,False,True,0.6756111654380365
NORW_ARTIC_4.1,5503,292,968,6,14,1,1280,0.4341565449831586,True,False,False,True,False,True,0.9492321604845886
NORW_ARTIC_4.1,5883,117,18,7,2,1,144,0.6126949187690686,True,True,False,True,False,True,1.0
NORW_ARTIC_4.1,7507,897,222,27,15,2,1161,0.018157270389637215,True,False,False,False,False,True,0.11917013094807874
NORW_ARTIC_4.1,10378,148,289,14,14,1,465,0.10130104850680853,True,True,False,False,False,True,0.4393131546637038
NORW_ARTIC_4.1,11246,3060,7429,94,124,5,10707,1.639655139378175e-05,True,False,False,False,False,True,0.0002127825192238495
NORW_ARTIC_4.1,11249,1463,4495,70,93,3,6121,4.981295249297488e-07,True,False,False,False,False,True,8.12662739242533e-06
NORW_ARTIC_4.1,11254,12563,37246,377,410,11,50596,8.143990506802488e-42,False,False,False,False,False,False,4.8105709441905734e-40
NORW_ARTIC_4.1,11373,27926,12894,243,145,7,41208,0.015815446005964805,True,False,False,False,False,True,0.10541579380629461
NORW_ARTIC_4.1,11556,322,1287,3,12,1,1624,1.0,True,False,False,True,False,True,1.0
NORW_ARTIC_4.1,12210,124,205,4,5,1,338,0.7344890349646884,True,True,False,True,False,True,1.0
NORW_ARTIC_4.1,13390,378,832,8,8,1,1226,0.1720237128537761,True,False,False,False,False,True,0.6188108563985983
NORW_ARTIC_4.1,15280,30,78,0,0,1,108,1.0,True,True,True,True,False,True,1.0
NORW_ARTIC_4.1,16150,446,840,1,24,1,1311,0.0004829622360903103,True,False,False,False,False,True,0.005170714440141885
NORW_ARTIC_4.1,16608,281,306,11,1,1,599,0.0025530617263076097,True,True,False,False,False,True,0.021866973685824676
NORW_ARTIC_4.1,16765,4928,2792,105,15,6,7840,1.2098433732937585e-08,True,False,False,False,False,True,2.3550701118775095e-07
NORW_ARTIC_4.1,18941,3799,658,57,16,4,4530,0.09658787522542182,True,False,False,False,False,True,0.42643049036378244
NORW_ARTIC_4.1,19003,403,146,6,4,1,559,0.4697815973317606,True,True,False,True,False,True,0.9768573827358951
NORW_ARTIC_4.1,20564,3439,1811,66,56,7,5372,0.012065962752435534,True,False,False,False,False,True,0.08576346138971813
NORW_ARTIC_4.1,26767,340,281,181,234,2,1036,0.00048599929704321986,True,False,False,False,False,True,0.005170911775372892
NORW_ARTIC_4.1,27194,201,73,5,5,1,284,0.14421628152874438,True,True,False,True,False,True,0.5564020050872504
NORW_ARTIC_4.1,27833,1479,471,9,9,1,1968,0.022399959615195003,True,False,False,True,False,True,0.14211529933640388
NORW_ARTIC_4.1,2441,282,1303,0,2,1,1587,1.0,True,False,True,True,False,True,1.0
NORW_ARTIC_4.1,4122,1691,569,39,29,8,2328,0.0018499698584715047,True,False,False,False,False,True,0.016591614489851768
NORW_ARTIC_4.1,6522,2521,1093,0,0,1,3614,1.0,True,False,True,True,False,True,1.0
NORW_ARTIC_4.1,9665,937,1033,16,19,1,2005,0.8658918908464988,True,False,False,False,False,True,1.0
NORW_ARTIC_4.1,10279,959,858,149,133,1,2099,1.0,True,False,False,False,False,True,1.0
NORW_ARTIC_4.1,10970,635,2919,10,79,4,3643,0.12160187608785238,True,False,False,False,False,True,0.5019823347179465
NORW_ARTIC_4.1,15121,3142,1854,83,4,5,5083,1.5446718445627261e-12,True,False,False,False,False,True,3.6750317635221523e-11
NORW_ARTIC_4.1,21595,3994,5748,18,25,2,9785,1.0,True,False,False,False,False,True,1.0
NORW_ARTIC_4.1,28531,619,1696,1648,609,1,4572,6.469780029363308e-223,True,False,False,False,False,True,1.8471221983832246e-220
NORW_ARTIC_4.1,5805,1132,3785,29,11,1,4957,5.843468209952919e-11,True,False,False,False,False,True,1.2999819537206949e-09
NORW_ARTIC_4.1,13990,1008,5145,3,139,2,6295,8.640169855589091e-08,True,False,False,False,False,True,1.608762061154795e-06
NORW_ARTIC_4.1,14008,498,4335,0,151,2,4984,2.227685789387807e-07,True,False,True,False,False,True,3.893903833899299e-06
NORW_ARTIC_4.1,14011,333,3339,0,119,2,3791,2.2622010169916153e-05,True,False,True,False,False,True,0.00028285768920486404
NORW_ARTIC_4.1,14033,631,6285,3,297,4,7216,4.4246143040155866e-09,True,False,False,False,False,True,8.916899179739646e-08
NORW_ARTIC_4.1,25047,118,994,0,0,1,1112,1.0,True,False,True,True,False,True,1.0
NORW_ARTIC_4.1,569,195,365,3,6,1,569,1.0,True,True,False,True,False,True,1.0
NORW_ARTIC_4.1,1471,255,308,34,50,1,647,0.48046330365491763,True,True,False,False,False,True,0.9771259629579897
NORW_ARTIC_4.1,1659,1487,262,21,3,1,1773,1.0,True,False,False,True,False,True,1.0
NORW_ARTIC_4.1,1985,6224,1778,81,27,2,8110,0.485452660534361,True,False,False,False,False,True,0.9781313353203134
NORW_ARTIC_4.1,2189,302,2142,4,27,1,2475,0.7881714041103315,True,False,False,True,False,True,1.0
NORW_ARTIC_4.1,2737,709,2925,6,18,1,3658,0.44703428970906556,True,False,False,True,False,True,0.9562277018481723
NORW_ARTIC_4.1,2799,314,2396,2,19,1,2731,1.0,True,False,False,True,False,True,1.0
NORW_ARTIC_4.1,3142,3415,490,43,2,2,3950,0.11408979808062361,True,False,False,False,False,True,0.4813690249066706
NORW_ARTIC_4.1,3268,1268,1351,11,6,1,2636,0.2257802243930242,True,False,False,False,False,True,0.7022128976411318
NORW_ARTIC_4.1,3769,69,714,0,18,1,801,0.39086985537172925,True,True,True,True,False,True,0.9155532212530607
NORW_ARTIC_4.1,5059,2428,409,19,6,1,2862,0.24602381999270273,True,False,False,True,False,True,0.7354952943237343
NORW_ARTIC_4.1,5260,1891,2421,6,30,1,4348,0.0010377160045212106,True,False,False,False,False,True,0.010100042703095646
NORW_ARTIC_4.1,5690,3220,760,25,13,1,4018,0.035372353643073035,True,False,False,False,False,True,0.19926182073343512
NORW_ARTIC_4.1,5691,6247,1573,130,34,2,7984,0.8440603723333391,True,False,False,False,False,True,1.0
NORW_ARTIC_4.1,5754,1641,1377,10,10,1,3038,0.8226700128076714,True,False,False,False,False,True,1.0
NORW_ARTIC_4.1,5818,880,3688,16,59,2,4643,0.6581023304033782,True,False,False,False,False,True,1.0
NORW_ARTIC_4.1,6047,334,562,4,8,1,908,1.0,True,True,False,True,False,True,1.0
NORW_ARTIC_4.1,7659,1132,5009,10,71,1,6222,0.19308587270477484,True,False,False,False,False,True,0.6460080077017174
NORW_ARTIC_4.1,9913,5090,1203,34,7,1,6334,0.8443199125779294,True,False,False,False,False,True,1.0
NORW_ARTIC_4.1,9999,2998,2886,22,18,1,5924,0.6372983615342722,True,False,False,False,False,True,1.0
NORW_ARTIC_4.1,10064,633,4526,4,23,1,5186,0.5660684098747188,True,False,False,True,False,True,1.0
NORW_ARTIC_4.1,10456,2392,4379,3,41,2,6815,2.000129626645452e-05,True,False,False,False,False,True,0.0002537942259587896
NORW_ARTIC_4.1,11459,3454,1220,36,14,1,4724,0.7475134004877304,True,False,False,False,False,True,1.0
NORW_ARTIC_4.1,11463,3018,1239,19,10,1,4286,0.5406667488139724,True,False,False,False,False,True,1.0
NORW_ARTIC_4.1,12172,165,320,5,6,1,496,0.5229058635389632,True,True,False,True,False,True,0.9997073038417901
NORW_ARTIC_4.1,12503,343,1304,2,14,1,1663,0.5475611769575459,True,False,False,True,False,True,1.0
NORW_ARTIC_4.1,12655,5319,986,91,18,3,6414,0.7903528779285678,True,False,False,False,False,True,1.0
NORW_ARTIC_4.1,12668,2498,569,21,2,1,3090,0.28957074561623825,True,False,False,True,False,True,0.8061098592147374
NORW_ARTIC_4.1,12745,755,2555,35,59,2,3404,0.0018238921014545766,True,False,False,False,False,True,0.016443827209429947
NORW_ARTIC_4.1,12967,3219,761,20,3,1,4003,0.600429800497706,True,False,False,True,False,True,1.0
NORW_ARTIC_4.1,13115,477,2940,2,21,1,3440,0.7609404724105908,True,False,False,True,False,True,1.0
NORW_ARTIC_4.1,13948,380,487,6,8,1,881,1.0,True,True,False,False,False,True,1.0
NORW_ARTIC_4.1,14704,1220,446,31,9,2,1706,0.7174596991008337,True,False,False,False,False,True,1.0
NORW_ARTIC_4.1,15695,3559,813,33,6,1,4411,0.8356966240830147,True,False,False,False,False,True,1.0
NORW_ARTIC_4.1,15718,1813,1037,17,3,1,2870,0.06009059384687507,True,False,False,False,False,True,0.3002879550722848
NORW_ARTIC_4.1,15872,996,4266,5,25,1,5292,1.0,True,False,False,False,False,True,1.0
NORW_ARTIC_4.1,16026,2004,919,15,4,1,2942,0.45862807426487284,True,False,False,False,False,True,0.9698382066287943
NORW_ARTIC_4.1,17427,1513,223,20,3,1,1759,1.0,True,False,False,True,False,True,1.0
NORW_ARTIC_4.1,17676,341,1148,2,44,1,1535,0.0017363220028364633,True,False,False,False,False,True,0.01573714069237493
NORW_ARTIC_4.1,17866,213,407,24,24,1,668,0.04068415549813358,True,True,False,False,False,True,0.22149341856998123
NORW_ARTIC_4.1,18331,912,113,11,2,1,1038,0.6467532105146329,True,False,False,True,False,True,1.0
NORW_ARTIC_4.1,19184,643,3270,4,20,1,3937,1.0,True,False,False,True,False,True,1.0
NORW_ARTIC_4.1,19225,1176,2958,0,19,1,4153,0.0033556588461907764,True,False,True,False,False,True,0.02763578655540769
NORW_ARTIC_4.1,19344,2318,710,22,10,2,3060,0.2980624883591731,True,False,False,False,False,True,0.8091617156248233
NORW_ARTIC_4.1,19769,388,2197,2,24,1,2611,0.41231100232706197,True,False,False,True,False,True,0.9375667283685608
NORW_ARTIC_4.1,20048,855,1531,16,11,1,2413,0.015071184794217011,True,False,False,False,False,True,0.10244817282735612
NORW_ARTIC_4.1,20107,3741,2191,11,26,1,5969,5.033200260461618e-05,True,False,False,False,False,True,0.0006071740877585036
NORW_ARTIC_4.1,20233,10956,3151,67,21,2,14195,0.7014716618018388,True,False,False,False,False,True,1.0
NORW_ARTIC_4.1,20311,1553,2242,33,34,1,3862,0.1708206862040794,True,False,False,False,False,True,0.616033337826501
NORW_ARTIC_4.1,20322,1419,2453,10,7,1,3889,0.07621180459226556,True,False,False,False,False,True,0.36264117018486364
NORW_ARTIC_4.1,20374,738,4667,7,43,1,5455,0.8382579062125832,True,False,False,False,False,True,1.0
NORW_ARTIC_4.1,20516,1262,235,11,1,1,1509,0.7040693619690598,True,False,False,True,False,True,1.0
NORW_ARTIC_4.1,21654,2467,1278,28,4,1,3777,0.008302742727815466,True,False,False,False,False,True,0.062107416125536656
NORW_ARTIC_4.1,22580,45,89,11,21,1,166,1.0,True,True,False,False,False,True,1.0
NORW_ARTIC_4.1,22581,51,98,4,12,1,165,0.582324816176729,True,True,False,False,False,True,1.0
NORW_ARTIC_4.1,22582,30,66,19,20,1,135,0.07520522545337291,True,True,False,False,False,True,0.3596301562875379
NORW_ARTIC_4.1,23351,1178,194,15,2,1,1389,1.0,True,False,False,True,False,True,1.0
NORW_ARTIC_4.1,24736,156,1521,3,30,1,1710,1.0,True,False,False,True,False,True,1.0
NORW_ARTIC_4.1,25337,256,764,0,219,11,1239,3.725700071767183e-25,False,False,True,False,False,True,1.5955310557342962e-23
NORW_ARTIC_4.1,26016,2238,135,25,3,1,2401,0.21522262556935207,True,False,False,True,False,True,0.686548151955866
NORW_ARTIC_4.1,26333,954,2705,2,39,1,3700,0.000932335582666954,True,False,False,False,False,True,0.00917868306384191
NORW_ARTIC_4.1,26514,663,1431,13,28,1,2135,1.0,True,False,False,False,False,True,1.0
NORW_ARTIC_4.1,26654,941,175,18,145,1,1279,5.544228198648591e-79,True,False,False,False,False,True,5.2762571690472425e-77
NORW_ARTIC_4.1,26715,1113,426,28,7,1,1574,0.4433636159500835,True,False,False,False,False,True,0.9562277018481723
NORW_ARTIC_4.1,26917,43,474,0,10,1,527,1.0,True,True,True,True,False,True,1.0
NORW_ARTIC_4.1,27220,1060,163,12,1,1,1236,1.0,True,False,False,True,False,True,1.0
NORW_ARTIC_4.1,27837,9941,2508,56,19,3,12524,0.2510821410491036,True,False,False,False,False,True,0.7389329913352192
NORW_ARTIC_4.1,27966,641,3784,2,18,1,4445,0.7571640692868657,True,False,False,True,False,True,1.0
NORW_ARTIC_4.1,28062,2154,2246,16,16,1,4432,1.0,True,False,False,False,False,True,1.0
NORW_ARTIC_4.1,28706,271,252,0,0,1,523,1.0,True,True,True,True,False,True,1.0
NORW_ARTIC_4.1,524,356,257,6,10,1,629,0.12530268012117912,True,True,False,False,False,True,0.5082267658268154
NORW_ARTIC_4.1,1588,1418,308,10,1,1,1737,0.7004725963478025,True,False,False,True,False,True,1.0
NORW_ARTIC_4.1,2902,3943,649,633,96,4,5321,0.5274093616716022,True,False,False,False,False,True,1.0
NORW_ARTIC_4.1,4815,1688,2306,59,85,2,4138,0.7970255289449897,True,False,False,False,False,True,1.0
NORW_ARTIC_4.1,7438,1849,171,16,1,1,2037,1.0,True,False,False,True,False,True,1.0
NORW_ARTIC_4.1,8950,119,80,3,3,1,205,0.687824279082566,True,True,False,True,False,True,1.0
NORW_ARTIC_4.1,9787,16,95,1,3,1,115,0.4774913428241631,True,True,False,True,False,True,0.9771259629579897
NORW_ARTIC_4.1,11674,683,2631,2,22,1,3338,0.20235695871775125,True,False,False,True,False,True,0.6691843055666176
NORW_ARTIC_4.1,12672,1515,527,16,5,1,2063,1.0,True,False,False,False,False,True,1.0
NORW_ARTIC_4.1,13280,1238,521,16,6,1,1781,1.0,True,False,False,False,False,True,1.0
NORW_ARTIC_4.1,14960,3721,14192,255,71,16,18239,1.8278724543615393e-106,False,False,False,False,False,False,1.956965946450823e-104
NORW_ARTIC_4.1,18765,38,16,2,2,1,58,0.5808329601433049,True,True,False,True,False,True,1.0
NORW_ARTIC_4.1,19210,9114,49451,282,80,10,58927,2.969110749473265e-151,False,False,False,False,False,False,4.238405594873085e-149
NORW_ARTIC_4.1,20763,186,1896,0,17,1,2099,0.39123465146365466,True,False,True,True,False,True,0.9155532212530607
NORW_ARTIC_4.1,20764,170,1879,0,15,1,2064,0.6280849504395769,True,False,True,True,False,True,1.0
NORW_ARTIC_4.1,21137,807,185,15,4,1,1011,0.7674224785572803,True,False,False,True,False,True,1.0
NORW_ARTIC_4.1,21596,3587,2119,61,14,2,5781,0.0006879724600340675,True,False,False,False,False,True,0.007056867209810525
NORW_ARTIC_4.1,21859,299,2339,5,18,1,2661,0.1738860423332958,True,False,False,True,False,True,0.6196699644144794
NORW_ARTIC_4.1,23300,1176,197,10,5,1,1388,0.05425043649755409,True,False,False,True,False,True,0.27907206522615663
NORW_ARTIC_4.1,24054,345,447,2,0,2,794,0.1906829595230306,True,True,True,True,False,True,0.6417287026777041
NORW_ARTIC_4.1,27950,185,902,5,8,1,1100,0.05735504923462615,True,False,False,True,False,True,0.2906781045530018
NORW_ARTIC_4.1,368,1093,365,53,10,1,1521,0.10274759948524975,True,False,False,False,False,True,0.4430416921167478
NORW_ARTIC_4.1,5466,1154,2452,25,64,1,3695,0.49049317982495577,True,False,False,False,False,True,0.9781313353203134
NORW_ARTIC_4.1,6485,25,93,5,4,1,127,0.0333684419578874,True,True,False,True,False,True,0.19508580571283657
NORW_ARTIC_4.1,17304,34,44,0,0,1,78,1.0,True,True,True,True,False,True,1.0
NORW_ARTIC_4.1,21197,497,801,10,5,1,1313,0.032137482332501084,True,False,False,False,False,True,0.18983278357094607
NORW_ARTIC_4.1,23191,727,1621,6,17,2,2371,0.8209965603267271,True,False,False,False,False,True,1.0
NORW_ARTIC_4.1,25819,6,18,0,0,1,24,1.0,True,True,True,True,False,True,1.0
NORW_ARTIC_4.1,9073,382,101,20,1,1,504,0.09363775438195202,True,True,False,True,False,True,0.4216361802604662
NORW_ARTIC_4.1,11148,17432,4358,128,25,3,21943,0.30979222650245963,True,False,False,False,False,True,0.8239505084974253
NORW_ARTIC_4.1,14933,808,2530,10,12,1,3360,0.041514589256152534,True,False,False,False,False,True,0.2244716679851556
NORW_ARTIC_4.1,19212,10330,58568,364,135,11,69397,4.9560220902599675e-183,False,False,False,False,False,False,1.0612082300769155e-180
NORW_ARTIC_4.1,23077,1776,402,144,19,1,2341,0.033783730615640425,True,False,False,False,False,True,0.1955119275155137
NORW_ARTIC_4.1,28632,628,217,1,0,1,846,1.0,True,True,True,True,False,True,1.0
NORW_ARTIC_4.1,29371,2840,6194,0,189,11,9223,3.3122302882309843e-31,False,False,True,False,False,True,1.668779554041081e-29
NORW_ARTIC_4.1,1633,3814,1081,25,2,1,4922,0.09858322521586459,True,False,False,False,False,True,0.43079863468055113
NORW_ARTIC_4.1,2197,2821,3066,15,27,1,5929,0.12321991674703861,True,False,False,False,False,True,0.5051162168301837
NORW_ARTIC_4.1,3961,24,131,0,1,1,156,1.0,True,True,True,True,False,True,1.0
NORW_ARTIC_4.1,9451,284,1122,4,13,1,1423,0.7610444080383441,True,False,False,True,False,True,1.0
NORW_ARTIC_4.1,13869,5620,1299,21,6,1,6946,0.6228835436639337,True,False,False,False,False,True,1.0
NORW_ARTIC_4.1,17009,2829,9039,12,24,1,11904,0.1756369791809934,True,False,False,False,False,True,0.6216242672252928
NORW_ARTIC_4.1,26019,2734,562,14,3,1,3313,1.0,True,False,False,True,False,True,1.0
NORW_ARTIC_4.1,29632,5085,2113,7,3,22,7208,1.0,False,False,False,True,False,True,1.0
NORW_ARTIC_4.1,2591,642,107,23,4,1,776,1.0,True,True,False,True,False,True,1.0
NORW_ARTIC_4.1,3674,283,1224,5,44,1,1556,0.1880099227098188,True,False,False,False,False,True,0.6383586919423448
NORW_ARTIC_4.1,4640,837,127,50,0,2,1014,0.0016561460769725128,True,False,True,False,False,True,0.015090309733265502
NORW_ARTIC_4.1,6115,22,113,1,8,1,144,1.0,True,True,False,True,False,True,1.0
NORW_ARTIC_4.1,6541,20,1,2,2,1,25,0.05652173913043479,True,True,False,True,False,True,0.28815993788819877
NORW_ARTIC_4.1,12427,43,40,12,5,1,100,0.18816807299507227,True,True,False,False,False,True,0.6383586919423448
NORW_ARTIC_4.1,15763,1406,1831,11,7,1,3255,0.1552304907532618,True,False,False,False,False,True,0.5857044728201266
NORW_ARTIC_4.1,17444,2427,390,209,43,1,3069,0.15737008798393748,True,False,False,False,False,True,0.5898795639310391
NORW_ARTIC_4.1,17678,70,1032,29,458,1,1589,0.8223978131212168,True,False,False,False,False,True,1.0
NORW_ARTIC_4.1,20886,10,7,2,2,1,21,1.0,True,True,False,True,False,True,1.0
NORW_ARTIC_4.1,21043,38,30,12,1,1,81,0.013582231879944008,True,True,False,True,False,True,0.09343920968009674
NORW_ARTIC_4.1,25334,66,142,0,42,2,250,1.1593765209061762e-06,True,True,True,False,False,True,1.8105918619046174e-05
NORW_ARTIC_4.1,28332,2140,1677,450,535,1,4802,6.07010783440444e-09,True,False,False,False,False,True,1.2090807814342796e-07
NORW_ARTIC_4.1,28943,197,48,26,7,1,278,0.8174737924020434,True,True,False,False,False,True,1.0
NORW_ARTIC_4.1,2942,904,246,1,0,2,1151,1.0,True,False,True,True,False,True,1.0
NORW_ARTIC_4.1,3517,1965,477,24,9,1,2475,0.2706622173406856,True,False,False,False,False,True,0.7731403938517969
NORW_ARTIC_4.1,5549,519,2969,14,66,1,3568,0.5249159094992928,True,False,False,False,False,True,1.0
NORW_ARTIC_4.1,10992,159,746,0,2,1,907,1.0,True,True,True,True,False,True,1.0
NORW_ARTIC_4.1,15472,10,10,2,2,1,24,1.0,True,True,False,True,False,True,1.0
NORW_ARTIC_4.1,15661,5892,777,27,4,1,6700,0.7781514609055225,True,False,False,True,False,True,1.0
NORW_ARTIC_4.1,16580,668,572,9,5,1,1254,0.591893954613461,True,False,False,False,False,True,1.0
NORW_ARTIC_4.1,20124,4033,2682,29,19,1,6763,1.0,True,False,False,False,False,True,1.0
NORW_ARTIC_4.1,23516,455,2459,28,5,1,2947,5.4742259128898036e-18,True,False,False,False,False,True,1.7365461090333767e-16
NORW_ARTIC_4.1,27884,584,860,23,30,1,1497,0.6715596180908712,True,False,False,False,False,True,1.0
NORW_ARTIC_4.1,29347,749,856,119,150,2,1874,0.4681720680690583,True,False,False,False,False,True,0.9768573827358951
NORW_ARTIC_4.1,3104,3259,2665,31,2,6,5957,1.4019193691994478e-06,True,False,False,False,False,True,2.163502594088878e-05
NORW_ARTIC_4.1,29377,878,3428,0,61,2,4367,2.170197315544246e-06,True,False,True,False,False,True,3.2890465008757105e-05
NORW_ARTIC_4.1,7926,700,3097,4,24,2,3825,0.8063783293210731,True,False,False,False,False,True,1.0
NORW_ARTIC_4.1,9277,1028,323,14,4,1,1369,1.0,True,False,False,True,False,True,1.0
NORW_ARTIC_4.1,17808,966,751,12,3,1,1732,0.0717756901727526,True,False,False,False,False,True,0.34830526137655865
NORW_ARTIC_4.1,17848,854,1309,15,9,1,2187,0.033674048469077844,True,False,False,False,False,True,0.1955119275155137
NORW_ARTIC_4.1,27963,1349,8549,20,33,1,9951,1.1196685810299659e-05,True,False,False,False,False,True,0.00015222160946859773
NORW_ARTIC_4.1,2462,55,643,2,10,1,710,0.2495836305618932,True,True,False,True,False,True,0.7385244613227866
NORW_ARTIC_4.1,4714,3193,519,27,3,1,3742,0.7904359812108118,True,False,False,True,False,True,1.0
NORW_ARTIC_4.1,4945,1339,2750,5,25,1,4119,0.07716336631896721,True,False,False,False,False,True,0.36615192937504387
NORW_ARTIC_4.1,5157,717,1329,8,11,1,2065,0.6299034107675362,True,False,False,False,False,True,1.0
NORW_ARTIC_4.1,5515,839,5409,0,4,1,6252,1.0,True,False,True,True,False,True,1.0
NORW_ARTIC_4.1,5526,846,5878,30,183,2,6937,0.5290254648572441,True,False,False,False,False,True,1.0
NORW_ARTIC_4.1,5842,527,2961,6,33,1,3527,1.0,True,False,False,False,False,True,1.0
NORW_ARTIC_4.1,6199,77,936,0,9,1,1022,1.0,True,False,True,True,False,True,1.0
NORW_ARTIC_4.1,6549,1348,288,15,2,1,1653,0.7521094511999356,True,False,False,True,False,True,1.0
NORW_ARTIC_4.1,7410,2091,118,29,1,1,2239,1.0,True,False,False,True,False,True,1.0
NORW_ARTIC_4.1,7726,1777,5004,2,51,2,6834,2.8651158682582577e-05,True,False,False,False,False,True,0.00035308945916017235
NORW_ARTIC_4.1,7733,1486,3899,5,33,1,5423,0.04599092840061014,True,False,False,False,False,True,0.2454282253901719
NORW_ARTIC_4.1,8675,306,1268,6,19,1,1599,0.6096213724356283,True,False,False,True,False,True,1.0
NORW_ARTIC_4.1,9083,648,228,8,5,1,889,0.34239942828120035,True,True,False,True,False,True,0.8562484972929871
NORW_ARTIC_4.1,9868,3320,380,33,4,1,3737,0.7880923857090274,True,False,False,True,False,True,1.0
NORW_ARTIC_4.1,11026,3519,772,37,2,1,4330,0.03472440107132113,True,False,False,False,False,True,0.19838569396710634
NORW_ARTIC_4.1,11349,9567,8278,81,28,2,17954,1.1536471347727043e-05,True,False,False,False,False,True,0.00015319360789656144
NORW_ARTIC_4.1,11422,8560,2638,44,8,1,11250,0.1915220813940796,True,False,False,False,False,True,0.6432888733883497
NORW_ARTIC_4.1,12789,849,7232,23,247,2,8351,0.36168280392783764,True,False,False,False,False,True,0.8825678677042533
NORW_ARTIC_4.1,13998,643,6726,0,150,2,7519,2.18885756625704e-06,True,False,True,False,False,True,3.2890465008757105e-05
NORW_ARTIC_4.1,14000,822,7626,0,187,3,8635,8.977657834957051e-09,True,False,True,False,False,True,1.767669870262233e-07
NORW_ARTIC_4.1,14803,2133,489,20,2,1,2644,0.406523924179463,True,False,False,True,False,True,0.9359662395456168
NORW_ARTIC_4.1,16056,979,807,10,6,1,1802,0.6198740389511832,True,False,False,False,False,True,1.0
NORW_ARTIC_4.1,18486,2545,6803,13,26,2,9387,0.37315822106949914,True,False,False,False,False,True,0.8990436465429705
NORW_ARTIC_4.1,19605,3824,481,20,3,1,4328,0.7373238812085927,True,False,False,True,False,True,1.0
NORW_ARTIC_4.1,20208,9620,1795,40,12,1,11467,0.17808130372060732,True,False,False,False,False,True,0.627362835798918
NORW_ARTIC_4.1,20406,7675,27217,43,142,5,35077,0.6572795770365276,True,False,False,False,False,True,1.0
NORW_ARTIC_4.1,20641,803,3292,6,19,1,4120,0.6124000960617708,True,False,False,True,False,True,1.0
NORW_ARTIC_4.1,20755,595,2444,7,17,2,3063,0.2977236541820326,True,False,False,True,False,True,0.8091617156248233
NORW_ARTIC_4.1,21673,5022,2003,38,7,1,7070,0.06681533085848099,True,False,False,False,False,True,0.3251552890925509
NORW_ARTIC_4.1,24678,535,2409,5,17,1,2966,0.5789077632432391,True,False,False,True,False,True,1.0
NORW_ARTIC_4.1,25986,1043,87,10,1,1,1141,0.5880834655535684,True,False,False,True,False,True,1.0
NORW_ARTIC_4.1,26362,5662,923,80,8,3,6673,0.21637964027953338,True,False,False,False,False,True,0.688319027255197
NORW_ARTIC_4.1,26422,4109,2466,23,19,1,6617,0.3382502078612091,True,False,False,False,False,True,0.8502183160052676
NORW_ARTIC_4.1,26714,898,195,15,3,1,1111,1.0,True,False,False,True,False,True,1.0
NORW_ARTIC_4.1,26849,66,785,1,17,1,869,1.0,True,True,False,True,False,True,1.0
NORW_ARTIC_4.1,26897,24,450,1,18,1,493,1.0,True,True,False,True,False,True,1.0
NORW_ARTIC_4.1,27212,1340,222,12,2,1,1576,1.0,True,False,False,True,False,True,1.0
NORW_ARTIC_4.1,2259,2136,324,11,3,1,2474,0.4158944905606232,True,False,False,True,False,True,0.9375667283685608
NORW_ARTIC_4.1,2507,1066,405,8,20,1,1499,2.256366054465124e-06,True,False,False,False,False,True,3.3610043924337026e-05
NORW_ARTIC_4.1,6207,48,523,1,1,1,573,0.16385359840857228,True,True,False,True,False,True,0.6036155141373857
NORW_ARTIC_4.1,6782,1975,3364,19,15,2,5373,0.031248730943492772,True,False,False,False,False,True,0.18754967635532882
NORW_ARTIC_4.1,7676,1330,4915,8,12,1,6265,0.05372755274929221,True,False,False,True,False,True,0.27721475258896855
NORW_ARTIC_4.1,7683,3659,8290,14,38,3,12001,0.6521172561627278,True,False,False,False,False,True,1.0
NORW_ARTIC_4.1,8453,6270,1229,155,30,1,7684,1.0,True,False,False,False,False,True,1.0
NORW_ARTIC_4.1,13345,1062,3195,6,12,1,4275,0.4167655803133224,True,False,False,True,False,True,0.9381332970784774
NORW_ARTIC_4.1,17023,3032,11073,10,32,1,14147,0.7075187582205854,True,False,False,False,False,True,1.0
NORW_ARTIC_4.1,19270,238,1142,0,20,1,1400,0.035478607894744725,True,False,True,True,False,True,0.19926182073343512
NORW_ARTIC_4.1,20531,7180,1509,24,8,1,8721,0.24546169699969075,True,False,False,False,False,True,0.7350977044763467
NORW_ARTIC_4.1,24803,6483,6420,6,88,5,12997,6.855388904564781e-20,True,False,False,False,False,True,2.396587998677443e-18
NORW_ARTIC_4.1,26004,3936,215,27,0,1,4178,0.39848771089436524,True,False,True,True,False,True,0.9274584901658256
NORW_ARTIC_4.1,26526,2852,4964,20,28,1,7864,0.45588587093977195,True,False,False,False,False,True,0.9665006149997888
NORW_ARTIC_4.1,1594,2058,644,17,2,1,2721,0.27689782434271115,True,False,False,True,False,True,0.7840012581908292
NORW_ARTIC_4.1,1790,439,2085,3,15,1,2542,1.0,True,False,False,True,False,True,1.0
NORW_ARTIC_4.1,2112,671,3548,8,41,1,4268,0.8461743814104694,True,False,False,False,False,True,1.0
NORW_ARTIC_4.1,2130,531,3448,5,15,1,3999,0.17490440581291133,True,False,False,True,False,True,0.6211645843921364
NORW_ARTIC_4.1,4630,206,707,0,9,1,922,0.22024649624316156,True,True,True,True,False,True,0.6956898406551125
NORW_ARTIC_4.1,4852,1185,2793,12,21,1,4011,0.445537349841552,True,False,False,False,False,True,0.9562277018481723
NORW_ARTIC_4.1,4929,545,2848,4,20,1,3417,1.0,True,False,False,True,False,True,1.0
NORW_ARTIC_4.1,5354,3763,716,29,6,1,4514,0.8172375892467225,True,False,False,False,False,True,1.0
NORW_ARTIC_4.1,5392,2211,950,24,9,1,3194,0.8496133337248698,True,False,False,False,False,True,1.0
NORW_ARTIC_4.1,5425,1477,1327,20,11,1,2835,0.20910056716275754,True,False,False,False,False,True,0.6779343767325167
NORW_ARTIC_4.1,5492,996,3920,6,34,1,4956,0.5529174337632968,True,False,False,False,False,True,1.0
NORW_ARTIC_4.1,5534,646,3774,4,21,1,4445,0.7775636484912378,True,False,False,True,False,True,1.0
NORW_ARTIC_4.1,5701,3603,1092,25,6,1,4726,0.8308774444688183,True,False,False,False,False,True,1.0
NORW_ARTIC_4.1,6991,253,976,5,9,1,1243,0.18318687213551327,True,False,False,True,False,True,0.6359769413621419
NORW_ARTIC_4.1,8343,734,62,12,0,1,808,0.6143108289876907,True,True,True,True,False,True,1.0
NORW_ARTIC_4.1,9041,378,72,9,0,1,459,0.36615833043513535,True,True,True,True,False,True,0.8884266572739191
NORW_ARTIC_4.1,9628,2956,1155,26,12,2,4149,0.592323528266812,True,False,False,False,False,True,1.0
NORW_ARTIC_4.1,9657,1137,900,9,4,1,2050,0.40869979403392953,True,False,False,False,False,True,0.9359662395456168
NORW_ARTIC_4.1,9658,1133,903,10,5,1,2051,0.4449201137051477,True,False,False,False,False,True,0.9562277018481723
NORW_ARTIC_4.1,11673,495,2870,2,21,1,3388,0.5631410523812953,True,False,False,True,False,True,1.0
NORW_ARTIC_4.1,12191,443,1585,6,11,1,2045,0.23364001142052226,True,False,False,True,False,True,0.7159666181813141
NORW_ARTIC_4.1,12363,1077,195,9,4,1,1285,0.12807749469363014,True,False,False,True,False,True,0.5114143319584812
NORW_ARTIC_4.1,12527,2880,1522,38,4,2,4444,0.00043254051154915593,True,False,False,False,False,True,0.004689505672681672
NORW_ARTIC_4.1,12970,3677,957,18,3,1,4655,0.5971514801621077,True,False,False,True,False,True,1.0
NORW_ARTIC_4.1,13899,1943,486,18,5,1,2452,0.7952345207308733,True,False,False,True,False,True,1.0
NORW_ARTIC_4.1,13923,1105,809,23,17,2,1954,1.0,True,False,False,False,False,True,1.0
NORW_ARTIC_4.1,15779,2123,4646,11,19,1,6799,0.5561353799892123,True,False,False,False,False,True,1.0
NORW_ARTIC_4.1,15880,1688,6163,6,38,1,7895,0.2687315068258223,True,False,False,False,False,True,0.7730024144055231
NORW_ARTIC_4.1,15891,2302,6057,6,38,1,8403,0.04153970738546078,True,False,False,False,False,True,0.2244716679851556
NORW_ARTIC_4.1,15900,2664,5840,46,12,1,8562,8.92258626501855e-14,True,False,False,False,False,True,2.4260936939645675e-12
NORW_ARTIC_4.1,17477,3458,772,21,6,1,4257,0.6161130040436229,True,False,False,True,False,True,1.0
NORW_ARTIC_4.1,17499,1378,901,13,12,1,2304,0.41533332604442597,True,False,False,False,False,True,0.9375667283685608
NORW_ARTIC_4.1,17624,483,3200,4,17,1,3704,0.3462539105855073,True,False,False,True,False,True,0.8594772991794171
NORW_ARTIC_4.1,18923,2717,679,42,4,1,3442,0.06179617425488165,True,False,False,False,False,True,0.307723390984338
NORW_ARTIC_4.1,18968,3281,525,19,1,1,3826,0.5086166870467155,True,False,False,True,False,True,0.9911949771456469
NORW_ARTIC_4.1,19240,729,3355,3,20,1,4107,0.7849403653382616,True,False,False,True,False,True,1.0
NORW_ARTIC_4.1,19785,391,2137,1,16,1,2545,0.4971870633098141,True,False,False,True,False,True,0.9834059147733113
NORW_ARTIC_4.1,19947,2278,378,21,6,1,2683,0.2630770856736802,True,False,False,True,False,True,0.7625229234501086
NORW_ARTIC_4.1,20225,5414,1408,42,8,1,6872,0.4868103565243861,True,False,False,False,False,True,0.9781313353203134
NORW_ARTIC_4.1,21662,3809,1690,18,8,1,5525,1.0,True,False,False,False,False,True,1.0
NORW_ARTIC_4.1,21691,3217,1073,28,10,1,4328,0.8514195117648491,True,False,False,False,False,True,1.0
NORW_ARTIC_4.1,23217,288,955,4,11,1,1258,0.7596748555497972,True,False,False,True,False,True,1.0
NORW_ARTIC_4.1,23996,949,174,9,5,1,1137,0.054853868737054744,True,False,False,True,False,True,0.28133136870231973
NORW_ARTIC_4.1,24064,286,319,5,8,1,618,0.5856109168742748,True,True,False,False,False,True,1.0
NORW_ARTIC_4.1,26463,1518,1485,28,33,1,3064,0.5188282630176703,True,False,False,False,False,True,0.9963596575664452
NORW_ARTIC_4.1,27728,3729,1119,25,2,1,4875,0.0642194165320932,True,False,False,False,False,True,0.31794179340888923
NORW_ARTIC_4.1,27771,4473,1194,26,4,1,5697,0.3743180675730123,True,False,False,False,False,True,0.8993083446740113
NORW_ARTIC_4.1,27856,4232,1325,19,7,1,5583,0.6511114904325586,True,False,False,False,False,True,1.0
NORW_ARTIC_4.1,28760,1032,3767,19,96,3,4914,0.24905550632609316,True,False,False,False,False,True,0.7385244613227866
NORW_ARTIC_4.1,6524,3444,611,22,2,1,4079,0.56542970073643,True,False,False,True,False,True,1.0
NORW_ARTIC_4.1,15656,3771,564,20,5,1,4360,0.36347385888069106,True,False,False,True,False,True,0.8844186367366815
NORW_ARTIC_4.1,20056,846,1659,17,15,1,2537,0.02493563543941381,True,False,False,False,False,True,0.15532634002805765
NORW_ARTIC_4.1,28662,969,383,2,0,1,1354,1.0,True,False,True,True,False,True,1.0
NORW_ARTIC_4.1,552,638,1194,40,42,3,1914,0.012788215101063663,True,False,False,False,False,True,0.08904964417935796
NORW_ARTIC_4.1,2056,548,1167,19,36,1,1770,0.6626577754701755,True,False,False,False,False,True,1.0
NORW_ARTIC_4.1,2180,251,1526,5,20,1,1802,0.3861133179550192,True,False,False,True,False,True,0.9113803705265503
NORW_ARTIC_4.1,3112,1437,177,41,7,1,1662,0.4796249439366783,True,False,False,False,False,True,0.9771259629579897
NORW_ARTIC_4.1,3361,564,2420,11,55,1,3050,0.7513899279229603,True,False,False,False,False,True,1.0
NORW_ARTIC_4.1,3653,492,2746,6,19,3,3263,0.25728996440756996,True,False,False,True,False,True,0.7495539269220534
NORW_ARTIC_4.1,4696,1413,401,16,6,1,1836,0.6049292295846703,True,False,False,True,False,True,1.0
NORW_ARTIC_4.1,5218,353,1590,8,30,1,1981,0.6706290633982102,True,False,False,False,False,True,1.0
NORW_ARTIC_4.1,5819,309,1195,18,52,1,1574,0.29324020917452365,True,False,False,False,False,True,0.8075891934340177
NORW_ARTIC_4.1,7565,846,550,23,23,2,1442,0.16857107894716092,True,False,False,False,False,True,0.6130682402734853
NORW_ARTIC_4.1,8002,43,273,3,23,2,342,1.0,True,True,False,True,False,True,1.0
NORW_ARTIC_4.1,10371,238,1112,7,29,1,1386,0.8242330125112052,True,False,False,False,False,True,1.0
NORW_ARTIC_4.1,11501,734,878,8,15,1,1635,0.39981372043614954,True,False,False,False,False,True,0.9292820937681467
NORW_ARTIC_4.1,11567,478,2583,2,26,1,3089,0.297909132128384,True,False,False,True,False,True,0.8091617156248233
NORW_ARTIC_4.1,11658,477,2250,2,17,1,2746,0.5567067074934705,True,False,False,True,False,True,1.0
NORW_ARTIC_4.1,11751,373,89,10,5,1,477,0.18856362996078604,True,True,False,True,False,True,0.6383586919423448
NORW_ARTIC_4.1,12750,354,1389,6,31,1,1780,0.6805272709046646,True,False,False,False,False,True,1.0
NORW_ARTIC_4.1,13069,971,1470,17,14,1,2472,0.09839700498056508,True,False,False,False,False,True,0.43079863468055113
NORW_ARTIC_4.1,13342,567,1066,7,42,2,1682,0.0020807826256451075,True,False,False,False,False,True,0.018373096070773552
NORW_ARTIC_4.1,15800,1060,5075,10,42,1,6187,0.7123994244877321,True,False,False,False,False,True,1.0
NORW_ARTIC_4.1,16247,644,317,14,2,1,977,0.1073178846169762,True,True,False,False,False,True,0.4584427340371078
NORW_ARTIC_4.1,16579,488,475,7,4,1,974,0.5471118946306244,True,True,False,False,False,True,1.0
NORW_ARTIC_4.1,19610,833,207,20,4,1,1064,1.0,True,False,False,True,False,True,1.0
NORW_ARTIC_4.1,20251,457,278,13,6,1,754,0.640184380908998,True,True,False,False,False,True,1.0
NORW_ARTIC_4.1,20441,907,670,20,2,1,1599,0.0015881800285845742,True,False,False,False,False,True,0.014626625747125675
NORW_ARTIC_4.1,21639,1743,801,22,4,1,2570,0.09015433966976469,True,False,False,False,False,True,0.4129261600382538
NORW_ARTIC_4.1,21733,2294,1553,55,48,2,3950,0.2225449555368526,True,False,False,False,False,True,0.6969278040852441
NORW_ARTIC_4.1,21786,578,1845,12,58,1,2493,0.252862211035664,True,False,False,False,False,True,0.7404324230839187
NORW_ARTIC_4.1,22591,74,102,3,3,1,182,0.6988472427760486,True,True,False,True,False,True,1.0
NORW_ARTIC_4.1,24723,240,1890,3,33,1,2166,0.7911595407814167,True,False,False,True,False,True,1.0
NORW_ARTIC_4.1,25010,133,379,4,6,1,522,0.2985597748133619,True,True,False,True,False,True,0.8092292630621659
NORW_ARTIC_4.1,26046,3832,600,38,5,1,4475,1.0,True,False,False,False,False,True,1.0
NORW_ARTIC_4.1,26081,4335,715,66,11,1,5127,1.0,True,False,False,False,False,True,1.0
NORW_ARTIC_4.1,26309,1619,3799,8,38,1,5464,0.07446727252488972,True,False,False,False,False,True,0.3573177530395969
NORW_ARTIC_4.1,27219,488,118,8,5,1,619,0.1490500941602834,True,True,False,True,False,True,0.5699080430833549
NORW_ARTIC_4.1,27274,598,194,11,5,1,808,0.5595835308119136,True,True,False,True,False,True,1.0
NORW_ARTIC_4.1,27945,326,935,5,26,1,1292,0.29784186202823704,True,False,False,False,False,True,0.8091617156248233
NORW_ARTIC_4.1,29016,373,459,8,10,1,850,1.0,True,True,False,False,False,True,1.0
NORW_ARTIC_4.1,2256,563,92,5,4,1,664,0.029024067200063695,True,True,False,True,False,True,0.1763057699067699
NORW_ARTIC_4.1,2735,2643,11099,41,162,5,13945,0.7200203737694009,True,False,False,False,False,True,1.0
NORW_ARTIC_4.1,3731,391,2476,33,9,2,2909,1.0449447904294827e-20,True,False,False,False,False,True,3.8084902680972424e-19
NORW_ARTIC_4.1,4206,176,282,0,0,1,458,1.0,True,True,True,True,False,True,1.0
NORW_ARTIC_4.1,6833,987,979,0,1,1,1967,0.49822064056939497,True,False,True,True,False,True,0.9834059147733113
NORW_ARTIC_4.1,13488,99,939,1,4,1,1043,0.3964767282603795,True,False,False,True,False,True,0.9252924189509946
NORW_ARTIC_4.1,16064,1675,1773,3,0,1,3451,0.11485285218346745,True,False,True,True,False,True,0.48339787663459394
NORW_ARTIC_4.1,19169,1722,6654,7,27,1,8410,1.0,True,False,False,False,False,True,1.0
NORW_ARTIC_4.1,25081,1015,1386,11,11,1,2423,0.518806683719081,True,False,False,False,False,True,0.9963596575664452
NORW_ARTIC_4.1,7700,1138,2760,6,17,1,3921,0.8226625827971692,True,False,False,False,False,True,1.0
NORW_ARTIC_4.1,8840,12,12,1,1,1,26,1.0,True,True,False,True,False,True,1.0
NORW_ARTIC_4.1,16575,661,477,11,2,1,1151,0.08584247548538583,True,False,False,False,False,True,0.40177093034553535
NORW_ARTIC_4.1,16900,1408,835,4,1,1,2248,0.6568964221313505,True,False,False,True,False,True,1.0
NORW_ARTIC_4.1,21294,116,1202,1,1,1,1320,0.16947756564890756,True,False,False,True,False,True,0.6137739322549232
NORW_ARTIC_4.1,21295,116,1202,1,0,1,1319,0.0887035633055345,True,False,True,True,False,True,0.41067352416859626
NORW_ARTIC_4.1,21296,114,1203,3,1,1,1321,0.0025383508852702625,True,False,False,True,False,True,0.021850226464663114
NORW_ARTIC_4.1,836,258,232,10,11,1,511,0.6631321583190402,True,True,False,False,False,True,1.0
NORW_ARTIC_4.1,1052,1186,136,21,1,1,1344,0.7184581951377771,True,False,False,True,False,True,1.0
NORW_ARTIC_4.1,1674,1724,306,32,6,1,2068,0.8209537727671337,True,False,False,False,False,True,1.0
NORW_ARTIC_4.1,2780,172,676,8,16,1,872,0.12708148236112168,True,True,False,True,False,True,0.5110107494943696
NORW_ARTIC_4.1,3572,486,401,16,11,1,914,0.6983687970758656,True,True,False,False,False,True,1.0
NORW_ARTIC_4.1,6594,142,58,5,2,1,207,1.0,True,True,False,True,False,True,1.0
NORW_ARTIC_4.1,7793,146,25,7,0,1,178,0.5954041031580224,True,True,True,True,False,True,1.0
NORW_ARTIC_4.1,10307,370,437,12,11,1,830,0.6723446132676174,True,True,False,False,False,True,1.0
NORW_ARTIC_4.1,12207,185,345,5,6,1,541,0.5287443169168902,True,True,False,True,False,True,1.0
NORW_ARTIC_4.1,12582,4732,793,133,8,2,5666,0.002022393912280542,True,False,False,False,False,True,0.017950055812106572
NORW_ARTIC_4.1,16611,384,483,13,10,2,890,0.29000926993394116,True,True,False,False,False,True,0.8061098592147374
NORW_ARTIC_4.1,18321,989,185,13,3,1,1190,0.7290164278751127,True,False,False,True,False,True,1.0
NORW_ARTIC_4.1,20258,5232,4090,18,24,2,9364,0.08843692203854553,True,False,False,False,False,True,0.41054863808137804
NORW_ARTIC_4.1,20753,117,489,0,20,1,626,0.03499784822946699,True,True,True,True,False,True,0.19904387609709895
NORW_ARTIC_4.1,20756,117,485,3,21,1,626,0.5965843495113059,True,True,False,True,False,True,1.0
NORW_ARTIC_4.1,24027,109,121,6,4,1,240,0.5264366214026632,True,True,False,True,False,True,1.0
NORW_ARTIC_4.1,24870,232,108,10,5,1,355,1.0,True,True,False,True,False,True,1.0
NORW_ARTIC_4.1,25464,62,18,4,1,1,85,1.0,True,True,False,True,False,True,1.0
NORW_ARTIC_4.1,26735,103,37,13,1,1,154,0.19041084916742124,True,True,False,True,False,True,0.6417287026777041
NORW_ARTIC_4.1,27803,1057,467,17,1,1,1542,0.01918206685608268,True,False,False,False,False,True,0.12399577556403636
NORW_ARTIC_4.1,28826,114,492,3,17,1,626,1.0,True,True,False,True,False,True,1.0
NORW_ARTIC_4.1,1758,562,1040,0,0,1,1602,1.0,True,False,True,True,False,True,1.0
NORW_ARTIC_4.1,5664,3585,879,6,17,1,4487,3.3292157676794093e-08,True,False,False,True,False,True,6.336607344483142e-07
NORW_ARTIC_4.1,13576,733,210,0,0,1,943,1.0,True,True,True,True,False,True,1.0
NORW_ARTIC_4.1,22139,6614,15532,58,86,4,22290,0.007984409877174851,True,False,False,False,False,True,0.060245390270095255
NORW_ARTIC_4.1,23917,1483,165,0,0,1,1648,1.0,True,False,True,True,False,True,1.0
NORW_ARTIC_4.1,29392,340,1505,0,0,1,1845,1.0,True,False,True,True,False,True,1.0
NORW_ARTIC_4.1,1279,160,883,4,15,1,1062,0.5176943815247063,True,False,False,True,False,True,0.9963596575664452
NORW_ARTIC_4.1,2554,620,121,13,0,1,754,0.2416507966001707,True,True,True,True,False,True,0.7275005528578073
NORW_ARTIC_4.1,7633,535,1849,10,38,1,2432,1.0,True,False,False,False,False,True,1.0
NORW_ARTIC_4.1,7685,412,1755,7,38,1,2212,0.7013899842232139,True,False,False,False,False,True,1.0
NORW_ARTIC_4.1,9816,1230,219,18,2,1,1469,0.7555101958079298,True,False,False,True,False,True,1.0
NORW_ARTIC_4.1,10111,1060,2458,7,46,1,3571,0.006146559368047668,True,False,False,False,False,True,0.04785934635211662
NORW_ARTIC_4.1,10637,334,842,5,20,1,1201,0.5007964659158526,True,False,False,False,False,True,0.9852722793158466
NORW_ARTIC_4.1,11176,1515,1081,21,13,1,2630,0.7296798526772112,True,False,False,False,False,True,1.0
NORW_ARTIC_4.1,12632,1760,452,19,4,1,2235,1.0,True,False,False,True,False,True,1.0
NORW_ARTIC_4.1,12739,254,721,98,272,1,1345,0.8895884304522321,True,False,False,False,False,True,1.0
NORW_ARTIC_4.1,12947,2915,662,41,9,1,3627,1.0,True,False,False,False,False,True,1.0
NORW_ARTIC_4.1,12965,2949,665,36,8,1,3658,1.0,True,False,False,False,False,True,1.0
NORW_ARTIC_4.1,13266,302,87,9,2,1,400,1.0,True,True,False,True,False,True,1.0
NORW_ARTIC_4.1,15678,3670,502,41,8,1,4221,0.3741185141139212,True,False,False,False,False,True,0.8993083446740113
NORW_ARTIC_4.1,15755,1233,1081,11,4,1,2329,0.1926835391214299,True,False,False,False,False,True,0.6459234882876896
NORW_ARTIC_4.1,16686,214,1392,3,23,1,1632,1.0,True,False,False,True,False,True,1.0
NORW_ARTIC_4.1,16953,376,1068,11,29,1,1484,0.8555228474827783,True,False,False,False,False,True,1.0
NORW_ARTIC_4.1,17369,861,105,14,0,1,980,0.38468335484364813,True,True,True,True,False,True,0.9113803705265503
NORW_ARTIC_4.1,17564,652,2341,29,95,2,3117,0.6581187309646559,True,False,False,False,False,True,1.0
NORW_ARTIC_4.1,18348,2070,433,51,20,1,2574,0.02560889807587837,True,False,False,False,False,True,0.15836838412989043
NORW_ARTIC_4.1,19037,1473,494,20,1,1,1988,0.03852926033193785,True,False,False,False,False,True,0.2149586090590031
NORW_ARTIC_4.1,19074,1146,626,16,10,1,1798,0.8367007519131178,True,False,False,False,False,True,1.0
NORW_ARTIC_4.1,24023,113,75,3,3,1,194,0.6860166120341754,True,True,False,True,False,True,1.0
NORW_ARTIC_4.1,26264,326,1845,8,32,1,2211,0.3729281864079601,True,False,False,False,False,True,0.8990436465429705
NORW_ARTIC_4.1,26705,199,58,8,2,1,267,1.0,True,True,False,True,False,True,1.0
NORW_ARTIC_4.1,26819,39,142,8,10,1,199,0.04067745265799281,True,True,False,True,False,True,0.22149341856998123
NORW_ARTIC_4.1,4938,43,212,1,6,1,262,1.0,True,True,False,True,False,True,1.0
NORW_ARTIC_4.1,5869,704,2777,69,187,4,3737,0.013008051331688428,True,False,False,False,False,True,0.090213732514908
NORW_ARTIC_4.1,11640,50,376,1,6,1,433,0.5867757167811355,True,True,False,True,False,True,1.0
NORW_ARTIC_4.1,24707,86,757,10,70,1,923,0.5636763568982779,True,True,False,False,False,True,1.0
NORW_ARTIC_4.1,24738,53,704,2,11,1,770,0.2363446669635795,True,True,False,True,False,True,0.7198497999978951
NORW_ARTIC_4.1,24799,287,1393,0,32,2,1712,0.0063451097365956124,True,False,True,False,False,True,0.048960238643190476
NORW_ARTIC_4.1,26607,2,36,0,0,1,38,1.0,True,True,True,True,False,True,1.0
NORW_ARTIC_4.1,27846,47,21,0,2,1,70,0.10476190476190476,True,True,True,True,False,True,0.4497672753311851
NORW_ARTIC_4.1,29382,32,206,2,11,1,251,0.6910047274942259,True,True,False,True,False,True,1.0
NORW_ARTIC_4.1,654,179,738,3,12,1,932,1.0,True,True,False,True,False,True,1.0
NORW_ARTIC_4.1,1157,734,643,16,7,1,1400,0.14235107738646577,True,False,False,False,False,True,0.5515785904979177
NORW_ARTIC_4.1,1221,333,1608,28,138,1,2107,1.0,True,False,False,False,False,True,1.0
NORW_ARTIC_4.1,2126,165,993,2,10,1,1170,0.6847474025171988,True,False,False,True,False,True,1.0
NORW_ARTIC_4.1,2910,52,12,4,0,1,68,1.0,True,True,True,True,False,True,1.0
NORW_ARTIC_4.1,4708,1680,241,24,5,1,1950,0.4012755422313561,True,False,False,True,False,True,0.9314159943662778
NORW_ARTIC_4.1,5289,1979,567,19,3,1,2568,0.44429103388887237,True,False,False,True,False,True,0.9562277018481723
NORW_ARTIC_4.1,5586,3666,11777,14,127,3,15584,3.7981032753434657e-05,True,False,False,False,False,True,0.0004647250650473826
NORW_ARTIC_4.1,8397,275,41,7,2,1,325,0.3389008146312198,True,True,False,True,False,True,0.8502183160052676
NORW_ARTIC_4.1,9795,385,50,8,0,1,443,0.6056803255681815,True,True,True,True,False,True,1.0
NORW_ARTIC_4.1,9858,1238,132,18,4,1,1392,0.262756194933854,True,False,False,True,False,True,0.7625229234501086
NORW_ARTIC_4.1,9917,2327,529,55,16,1,2927,0.4391670233650574,True,False,False,False,False,True,0.9525523625884251
NORW_ARTIC_4.1,11201,1588,1739,28,34,2,3389,0.702536128168859,True,False,False,False,False,True,1.0
NORW_ARTIC_4.1,11630,271,2265,1,23,1,2560,0.5053106390040278,True,False,False,True,False,True,0.99038572610286
NORW_ARTIC_4.1,13458,44,444,0,0,1,488,1.0,True,True,True,True,False,True,1.0
NORW_ARTIC_4.1,14677,235,87,18,2,2,342,0.11662190555232901,True,True,False,False,False,True,0.489640500517499
NORW_ARTIC_4.1,16441,316,345,2,7,1,670,0.18183175002947685,True,True,False,True,False,True,0.634374313239295
NORW_ARTIC_4.1,16852,2102,517,24,7,1,2650,0.6528676713386823,True,False,False,False,False,True,1.0
NORW_ARTIC_4.1,16985,715,2632,9,36,1,3392,1.0,True,False,False,False,False,True,1.0
NORW_ARTIC_4.1,17040,391,2430,6,40,1,2867,1.0,True,False,False,False,False,True,1.0
NORW_ARTIC_4.1,18297,735,91,13,2,1,841,0.6774201856093576,True,True,False,True,False,True,1.0
NORW_ARTIC_4.1,20098,408,1622,5,25,1,2060,0.819228376569066,True,False,False,False,False,True,1.0
NORW_ARTIC_4.1,20168,1994,1747,8,22,1,3771,0.005008293586651352,True,False,False,False,False,True,0.03971855052747114
NORW_ARTIC_4.1,20239,2129,640,68,17,1,2854,0.6009054079879441,True,False,False,False,False,True,1.0
NORW_ARTIC_4.1,20602,577,722,11,10,1,1320,0.5115579635744845,True,False,False,False,False,True,0.9936027583319441
NORW_ARTIC_4.1,20703,672,3347,13,59,2,4091,0.7502615776747978,True,False,False,False,False,True,1.0
NORW_ARTIC_4.1,21638,1801,442,95,21,1,2359,0.7208116782442242,True,False,False,False,False,True,1.0
NORW_ARTIC_4.1,21779,608,2028,38,115,1,2789,0.6223528108974432,True,False,False,False,False,True,1.0
NORW_ARTIC_4.1,23174,9,16,2,2,1,29,0.6220790703549326,True,True,False,True,False,True,1.0
NORW_ARTIC_4.1,23366,1369,253,42,8,1,1672,0.845403984737614,True,False,False,False,False,True,1.0
NORW_ARTIC_4.1,24470,2094,607,57,5,1,2763,0.004922477186256367,True,False,False,False,False,True,0.039219550790963516
NORW_ARTIC_4.1,25312,56,101,0,18,1,175,0.0008814037820338459,True,True,True,False,False,True,0.008829501044584668
NORW_ARTIC_4.1,26365,1730,236,55,10,1,2031,0.4369874619713336,True,False,False,False,False,True,0.952365804525311
NORW_ARTIC_4.1,27984,2237,15477,36,224,6,17974,0.5723233060914268,True,False,False,False,False,True,1.0
NORW_ARTIC_4.1,5519,85,1030,31,331,1,1477,0.5744206118946875,True,False,False,False,False,True,1.0
NORW_ARTIC_4.1,13352,39,191,14,30,1,274,0.03520741065815586,True,True,False,False,False,True,0.19904387609709895
NORW_ARTIC_4.1,14789,20,8,2,2,1,32,0.5717463848720801,True,True,False,True,False,True,1.0
NORW_ARTIC_4.1,16214,49,17,2,4,1,72,0.05583076655912112,True,True,False,True,False,True,0.2854868749724611
NORW_ARTIC_4.1,19943,428,66,27,3,1,524,0.7839848290410195,True,True,False,True,False,True,1.0
NORW_ARTIC_4.1,28027,2091,69,196,6,1,2362,1.0,True,False,False,False,False,True,1.0
NORW_ARTIC_4.1,637,43,325,3,15,1,386,0.4612662759088362,True,True,False,True,False,True,0.9714321171110512
NORW_ARTIC_4.1,1274,135,1129,3,22,1,1289,0.7442803673163501,True,False,False,True,False,True,1.0
NORW_ARTIC_4.1,2102,116,666,10,32,1,824,0.12355148561111909,True,True,False,False,False,True,0.5051162168301837
NORW_ARTIC_4.1,2116,104,666,1,15,1,786,0.7095799444226976,True,True,False,True,False,True,1.0
NORW_ARTIC_4.1,4067,167,26,8,2,1,203,0.6314240431426474,True,True,False,True,False,True,1.0
NORW_ARTIC_4.1,4208,62,145,2,4,1,213,1.0,True,True,False,True,False,True,1.0
NORW_ARTIC_4.1,5591,184,1352,1,29,1,1566,0.24660457196535196,True,False,False,True,False,True,0.7359470936875399
NORW_ARTIC_4.1,6076,92,199,3,5,1,299,0.7121204842078815,True,True,False,True,False,True,1.0
NORW_ARTIC_4.1,6542,47,6,2,2,1,57,0.09048378522062732,True,True,False,True,False,True,0.4133299308878256
NORW_ARTIC_4.1,8361,122,9,10,0,1,141,1.0,True,True,True,True,False,True,1.0
NORW_ARTIC_4.1,9973,1631,929,37,15,2,2612,0.3089725032290227,True,False,False,False,False,True,0.8239505084974253
NORW_ARTIC_4.1,10077,122,890,1,19,1,1032,0.4975635285711425,True,False,False,True,False,True,0.9834059147733113
NORW_ARTIC_4.1,10513,364,51,13,0,1,428,0.3806337272490932,True,True,True,True,False,True,0.9068505907895642
NORW_ARTIC_4.1,11222,222,249,6,6,1,483,1.0,True,True,False,False,False,True,1.0
NORW_ARTIC_4.1,12758,279,1550,5,15,1,1849,0.21658141021047939,True,False,False,True,False,True,0.688319027255197
NORW_ARTIC_4.1,12875,378,1435,3,51,1,1867,0.003297891251563173,True,False,False,False,False,True,0.027291244994819882
NORW_ARTIC_4.1,13042,189,243,4,7,1,443,0.7628365465810586,True,True,False,True,False,True,1.0
NORW_ARTIC_4.1,13830,865,128,53,9,2,1055,0.6969793514536471,True,False,False,False,False,True,1.0
NORW_ARTIC_4.1,14917,38,121,2,4,1,165,0.6330414741991162,True,True,False,True,False,True,1.0
NORW_ARTIC_4.1,14952,30,115,2,7,1,154,1.0,True,True,False,True,False,True,1.0
NORW_ARTIC_4.1,15059,166,33,4,2,1,205,0.27214772178296126,True,True,False,True,False,True,0.7731403938517969
NORW_ARTIC_4.1,15824,590,4092,8,49,1,4739,0.6891750148626796,True,False,False,False,False,True,1.0
NORW_ARTIC_4.1,15840,551,4044,11,72,1,4678,0.7324551142910531,True,False,False,False,False,True,1.0
NORW_ARTIC_4.1,15899,305,3383,1,51,1,3740,0.12340087071694608,True,False,False,True,False,True,0.5051162168301837
NORW_ARTIC_4.1,16332,125,267,2,9,1,403,0.5140934876048653,True,True,False,True,False,True,0.996201520664179
NORW_ARTIC_4.1,16849,916,189,16,8,1,1129,0.05288126138757232,True,False,False,True,False,True,0.27617561206375424
NORW_ARTIC_4.1,17644,333,2081,4,39,2,2457,0.5061954217380318,True,False,False,False,False,True,0.9909860084997124
NORW_ARTIC_4.1,17649,616,3246,8,75,2,3945,0.12979985285816648,True,False,False,False,False,True,0.5170863905721841
NORW_ARTIC_4.1,17666,110,1161,0,17,1,1288,0.38877698782528936,True,False,True,True,False,True,0.9148007969020888
NORW_ARTIC_4.1,18325,288,37,13,3,1,341,0.41522550698711364,True,True,False,True,False,True,0.9375667283685608
NORW_ARTIC_4.1,19860,600,112,15,1,1,728,0.4887745797860207,True,True,False,True,False,True,0.9781313353203134
NORW_ARTIC_4.1,20080,201,1044,0,16,1,1261,0.0911292212154488,True,False,True,True,False,True,0.4151711594203824
NORW_ARTIC_4.1,20087,184,1022,12,32,1,1250,0.0535522526553584,True,False,False,False,False,True,0.2771450416877007
NORW_ARTIC_4.1,21660,2219,446,94,21,1,2780,0.7019765192223155,True,False,False,False,False,True,1.0
NORW_ARTIC_4.1,28148,2819,826,31,7,1,3683,0.6967987677823402,True,False,False,False,False,True,1.0
NORW_ARTIC_4.1,28251,1020,1882,123,147,1,3172,0.0008918565495113042,True,False,False,False,False,True,0.00888226900763293
NORW_ARTIC_4.1,28253,987,1926,118,144,1,3175,0.0004113373604434182,True,False,False,False,False,True,0.004488031200252073
NORW_ARTIC_4.1,28254,968,2028,117,174,1,3287,0.007358405711905812,True,False,False,False,False,True,0.05602199548664292
NORW_ARTIC_4.1,28788,96,637,2,9,1,744,0.645597521178606,True,True,False,True,False,True,1.0
NORW_ARTIC_4.1,29484,73,731,3,17,1,824,0.41916854107647794,True,True,False,True,False,True,0.9398373178848256
NORW_ARTIC_4.1,2221,300,1302,0,1,2,1603,1.0,True,False,True,True,False,True,1.0
NORW_ARTIC_4.1,3728,121,896,2,11,1,1030,0.6615166725631891,True,False,False,True,False,True,1.0
NORW_ARTIC_4.1,5498,876,3575,12,59,2,4522,0.6525869762445047,True,False,False,False,False,True,1.0
NORW_ARTIC_4.1,10989,52,291,7,21,1,371,0.18010790422919076,True,True,False,True,False,True,0.6322230326733684
NORW_ARTIC_4.1,11750,292,109,7,1,1,409,0.687959638646407,True,True,False,True,False,True,1.0
NORW_ARTIC_4.1,15565,8340,520,71,3,2,8934,0.8011610989429998,True,False,False,True,False,True,1.0
NORW_ARTIC_4.1,15843,725,3779,6,22,1,4532,0.4384620463158784,True,False,False,True,False,True,0.9525523625884251
NORW_ARTIC_4.1,18366,923,225,11,3,1,1162,0.7443730272812652,True,False,False,True,False,True,1.0
NORW_ARTIC_4.1,21302,257,2126,3,27,2,2413,1.0,True,False,False,True,False,True,1.0
NORW_ARTIC_4.1,21672,1015,741,6,10,1,1772,0.12797337768905456,True,False,False,False,False,True,0.5114143319584812
NORW_ARTIC_4.1,26907,21,332,1,13,1,367,0.5859082031748539,True,True,False,True,False,True,1.0
NORW_ARTIC_4.1,27181,696,30,7,1,1,734,0.2931318071566558,True,True,False,True,False,True,0.8075891934340177
NORW_ARTIC_4.1,27532,398,535,44,101,1,1078,0.004904643983886043,True,False,False,False,False,True,0.039219550790963516
NORW_ARTIC_4.1,1519,12,94,0,7,1,113,1.0,True,True,True,True,False,True,1.0
NORW_ARTIC_4.1,2502,41,2,2,2,1,47,0.031345835786168806,True,True,False,True,False,True,0.18754967635532882
NORW_ARTIC_4.1,14323,3,23,2,2,1,30,0.11877394636015323,True,True,False,True,False,True,0.49503593701932475
NORW_ARTIC_4.1,15634,303,26,7,0,1,336,1.0,True,True,True,True,False,True,1.0
NORW_ARTIC_4.1,17589,16,162,8,83,1,269,1.0,True,True,False,False,False,True,1.0
NORW_ARTIC_4.1,27208,487,42,11,1,1,541,1.0,True,True,False,True,False,True,1.0
NORW_ARTIC_4.1,28281,1599,176,29,3,1,1807,1.0,True,False,False,True,False,True,1.0
NORW_ARTIC_4.1,5881,1037,4272,7,16,1,5332,0.19027978254874972,True,False,False,True,False,True,0.6417287026777041
NORW_ARTIC_4.1,16434,2355,1294,12,8,1,3669,0.6475400069693136,True,False,False,False,False,True,1.0
NORW_ARTIC_4.1,19265,110,2926,0,24,1,3060,1.0,True,False,True,True,False,True,1.0
NORW_ARTIC_4.1,19271,27,44,0,8,1,79,0.045745523089394294,True,True,True,True,False,True,0.24526698698096822
NORW_ARTIC_4.1,21864,189,1296,2,27,1,1514,0.5696019382737809,True,False,False,True,False,True,1.0
NORW_ARTIC_4.1,27222,3447,508,30,2,2,3987,0.4222814812516861,True,False,False,True,False,True,0.9407509419655216
NORW_ARTIC_4.1,27507,964,2507,7,21,1,3499,0.8351381063883838,True,False,False,False,False,True,1.0
NORW_ARTIC_4.1,4794,526,375,6,7,1,914,0.4063634291657741,True,True,False,False,False,True,0.9359662395456168
NORW_ARTIC_4.1,11514,329,477,0,3,1,809,0.2752328384878043,True,True,True,True,False,True,0.7805858482278291
NORW_ARTIC_4.1,431,1452,252,26,2,1,1732,0.4159665578284333,True,False,False,True,False,True,0.9375667283685608
NORW_ARTIC_4.1,1878,2744,753,89,9,1,3595,0.002370206032958264,True,False,False,False,False,True,0.02060996413430206
NORW_ARTIC_4.1,2656,1907,805,30,14,1,2756,0.7415687339052692,True,False,False,False,False,True,1.0
NORW_ARTIC_4.1,4388,991,223,27,3,1,1244,0.3380118401114013,True,False,False,False,False,True,0.8502183160052676
NORW_ARTIC_4.1,4823,465,533,8,7,1,1013,0.6141913214001091,True,False,False,False,False,True,1.0
NORW_ARTIC_4.1,6957,114,175,8,6,1,303,0.26404676500370516,True,True,False,False,False,True,0.7640407237353833
NORW_ARTIC_4.1,7424,5234,476,56,2,2,5768,0.23304781277606057,True,False,False,True,False,True,0.7154317263179063
NORW_ARTIC_4.1,10009,2255,2969,40,45,1,5309,0.5084295515461708,True,False,False,False,False,True,0.9911949771456469
NORW_ARTIC_4.1,10742,146,1052,2,17,1,1217,1.0,True,False,False,True,False,True,1.0
NORW_ARTIC_4.1,10758,141,930,6,5,1,1082,0.0014677922873200888,True,False,False,True,False,True,0.013739498296061817
NORW_ARTIC_4.1,11253,1002,3408,23,90,1,4523,0.6489695491459623,True,False,False,False,False,True,1.0
NORW_ARTIC_4.1,13011,1642,908,13,11,1,2574,0.2937506952652473,True,False,False,False,False,True,0.8076965344933685
NORW_ARTIC_4.1,13079,661,2030,14,24,1,2729,0.08918854241350449,True,False,False,False,False,True,0.4118058575588496
NORW_ARTIC_4.1,13125,412,3035,9,61,1,3517,0.8517674314523598,True,False,False,False,False,True,1.0
NORW_ARTIC_4.1,13781,424,34,11,0,1,469,1.0,True,True,True,True,False,True,1.0
NORW_ARTIC_4.1,13902,744,262,18,6,1,1030,1.0,True,False,False,False,False,True,1.0
NORW_ARTIC_4.1,13905,752,288,11,7,1,1058,0.2960128026205903,True,False,False,False,False,True,0.8091617156248233
NORW_ARTIC_4.1,13924,368,321,7,5,1,701,0.7791434784003237,True,True,False,False,False,True,1.0
NORW_ARTIC_4.1,15723,2580,1243,15,8,1,3846,0.8252453779122041,True,False,False,False,False,True,1.0
NORW_ARTIC_4.1,16259,249,56,4,2,1,311,0.311206058959623,True,True,False,True,False,True,0.8239505084974253
NORW_ARTIC_4.1,16564,639,362,7,8,1,1016,0.18423725108156092,True,False,False,False,False,True,0.6362871191586973
NORW_ARTIC_4.1,16631,380,813,7,14,1,1214,1.0,True,False,False,False,False,True,1.0
NORW_ARTIC_4.1,16791,2827,337,33,4,2,3201,1.0,True,False,False,True,False,True,1.0
NORW_ARTIC_4.1,17450,1629,417,29,8,1,2083,0.8374890725222806,True,False,False,False,False,True,1.0
NORW_ARTIC_4.1,19663,600,524,13,14,1,1151,0.697223467935965,True,False,False,False,False,True,1.0
NORW_ARTIC_4.1,20123,2300,443,44,5,1,2792,0.3282061716887793,True,False,False,False,False,True,0.8471087718637184
NORW_ARTIC_4.1,20464,625,2126,0,23,1,2774,0.004488785037604437,True,False,True,False,False,True,0.036270230044416985
NORW_ARTIC_4.1,21316,1023,1798,23,5,2,2849,9.838751491075297e-07,True,False,False,False,False,True,1.5605353059455543e-05
NORW_ARTIC_4.1,23557,196,1466,5,30,1,1697,0.5976932681912034,True,False,False,True,False,True,1.0
NORW_ARTIC_4.1,24201,534,159,12,2,1,707,0.7471171418315097,True,True,False,True,False,True,1.0
NORW_ARTIC_4.1,27879,988,1157,10,7,1,2162,0.33468617525772504,True,False,False,False,False,True,0.8502183160052676
NORW_ARTIC_4.1,27925,692,1983,5,18,1,2698,0.8126753539670619,True,False,False,False,False,True,1.0
NORW_ARTIC_4.1,27942,576,2686,6,27,1,3295,1.0,True,False,False,False,False,True,1.0
NORW_ARTIC_4.1,1459,309,237,0,0,1,546,1.0,True,True,True,True,False,True,1.0
NORW_ARTIC_4.1,2076,676,1569,16,4,1,2265,6.552891398890394e-06,True,False,False,False,False,True,9.183175303621845e-05
NORW_ARTIC_4.1,11137,3178,668,20,7,1,3873,0.3034314139249057,True,False,False,True,False,True,0.8172610252411375
NORW_ARTIC_4.1,14332,141,608,1,8,1,758,1.0,True,True,False,True,False,True,1.0
NORW_ARTIC_4.1,15566,2945,122,17,1,1,3085,0.5202222993535075,True,False,False,True,False,True,0.9968017883585664
NORW_ARTIC_4.1,17361,1417,148,11,2,1,1578,0.354555332250604,True,False,False,True,False,True,0.8708544206256673
NORW_ARTIC_4.1,19164,1443,7735,0,4,2,9182,1.0,True,False,True,True,False,True,1.0
NORW_ARTIC_4.1,20442,1933,3386,12,10,1,5341,0.11758591567856311,True,False,False,False,False,True,0.4924808644434685
NORW_ARTIC_4.1,28048,2011,1918,31,19,1,3979,0.15430838799028915,True,False,False,False,False,True,0.5852514566914033
NORW_ARTIC_4.1,3605,558,828,6,7,1,1399,0.7782855798014774,True,False,False,False,False,True,1.0
NORW_ARTIC_4.1,4885,485,1883,18,83,1,2469,0.6138837015827348,True,False,False,False,False,True,1.0
NORW_ARTIC_4.1,26637,1634,802,21,2,1,2459,0.01266510273069259,True,False,False,False,False,True,0.08891524990850987
NORW_ARTIC_4.1,26905,90,1315,0,0,1,1405,1.0,True,False,True,True,False,True,1.0
NORW_ARTIC_4.1,28006,712,3694,5,70,1,4481,0.025043475541360435,True,False,False,False,False,True,0.15543287537083486
NORW_ARTIC_4.1,29023,325,416,0,1,1,742,1.0,True,True,True,True,False,True,1.0
NORW_ARTIC_4.1,1013,1693,248,87,19,1,2047,0.13741529934057062,True,False,False,False,False,True,0.5411319718859713
NORW_ARTIC_4.1,1149,1084,837,48,36,2,2005,0.9110974692766851,True,False,False,False,False,True,1.0
NORW_ARTIC_4.1,1150,924,854,0,2,1,1780,0.23112340602914147,True,False,True,True,False,True,0.711888055649495
NORW_ARTIC_4.1,3287,40,39,2,2,1,83,1.0,True,True,False,True,False,True,1.0
NORW_ARTIC_4.1,4996,130,666,2,12,1,810,1.0,True,True,False,True,False,True,1.0
NORW_ARTIC_4.1,6713,20,21,5,6,1,52,1.0,True,True,False,False,False,True,1.0
NORW_ARTIC_4.1,9549,104,18,9,0,1,131,0.6103796452612946,True,True,True,True,False,True,1.0
NORW_ARTIC_4.1,9603,123,46,13,9,1,191,0.21236374282204942,True,True,False,False,False,True,0.6800708869279413
NORW_ARTIC_4.1,10595,514,261,35,21,2,831,0.5614174409623407,True,True,False,False,False,True,1.0
NORW_ARTIC_4.1,14627,29,139,1,10,1,179,0.693576862936234,True,True,False,True,False,True,1.0
NORW_ARTIC_4.1,15879,799,6184,3,41,1,7027,0.47548847770188635,True,False,False,False,False,True,0.9771259629579897
NORW_ARTIC_4.1,15970,53,12,7,3,1,75,0.4083919340638435,True,True,False,True,False,True,0.9359662395456168
NORW_ARTIC_4.1,16280,272,97,23,10,1,402,0.6811915080617498,True,True,False,False,False,True,1.0
NORW_ARTIC_4.1,16520,44,6,7,1,1,58,1.0,True,True,False,True,False,True,1.0
NORW_ARTIC_4.1,17690,87,967,1,20,1,1075,1.0,True,False,False,True,False,True,1.0
NORW_ARTIC_4.1,20160,127,792,1,50,1,970,0.009604314687629364,True,True,False,False,False,True,0.06941852767894136
NORW_ARTIC_4.1,23311,1761,302,68,10,1,2141,0.7457246725026665,True,False,False,False,False,True,1.0
NORW_ARTIC_4.1,23539,398,1794,27,197,1,2416,0.02119753607940095,True,False,False,False,False,True,0.1349865401636202
NORW_ARTIC_4.1,24124,22,147,0,0,1,169,1.0,True,True,True,True,False,True,1.0
NORW_ARTIC_4.1,24312,30,12,3,2,1,47,0.6265301292945807,True,True,False,True,False,True,1.0
NORW_ARTIC_4.1,26326,357,625,62,13,1,1057,3.08622772176536e-15,True,False,False,False,False,True,8.811180145640103e-14
NORW_ARTIC_4.1,28313,2758,3361,63,95,2,6277,0.22429391021010836,True,False,False,False,False,True,0.7011231171348826
NORW_ARTIC_4.1,829,470,356,2,3,1,831,0.6570200395960439,True,True,False,True,False,True,1.0
NORW_ARTIC_4.1,1458,535,451,1,3,1,990,0.33813622332684756,True,True,False,True,False,True,0.8502183160052676
NORW_ARTIC_4.1,1625,2777,837,23,6,1,3643,1.0,True,False,False,False,False,True,1.0
NORW_ARTIC_4.1,12280,2018,1653,22,16,1,3709,0.7461815293103676,True,False,False,False,False,True,1.0
NORW_ARTIC_4.1,26256,569,3361,10,64,1,4004,1.0,True,False,False,False,False,True,1.0
NORW_ARTIC_4.1,28677,824,625,12,2,1,1463,0.031422508531219716,True,False,False,False,False,True,0.18754967635532882
NORW_ARTIC_4.1,433,367,42,36,6,1,451,0.42905349407842164,True,True,False,True,False,True,0.9473990878707165
NORW_ARTIC_4.1,1042,894,65,36,2,1,997,1.0,True,True,False,True,False,True,1.0
NORW_ARTIC_4.1,2789,5,116,1,10,1,132,0.4129873558655337,True,True,False,True,False,True,0.9375667283685608
NORW_ARTIC_4.1,4577,2,43,0,4,1,49,1.0,True,True,True,True,False,True,1.0
NORW_ARTIC_4.1,10192,311,31,56,7,1,405,0.6377262834823787,True,True,False,False,False,True,1.0
NORW_ARTIC_4.1,11068,150,17,10,1,1,178,1.0,True,True,False,True,False,True,1.0
NORW_ARTIC_4.1,11650,58,1043,3,62,1,1166,1.0,True,False,False,True,False,True,1.0
NORW_ARTIC_4.1,14769,77,12,6,1,1,96,1.0,True,True,False,True,False,True,1.0
NORW_ARTIC_4.1,17487,677,160,17,5,1,859,0.5927219143141016,True,True,False,True,False,True,1.0
NORW_ARTIC_4.1,19269,185,163,12,0,1,360,0.000675654001128886,True,True,True,False,False,True,0.007014516993538071
NORW_ARTIC_4.1,19342,193,35,14,2,1,244,1.0,True,True,False,True,False,True,1.0
NORW_ARTIC_4.1,20922,3,11,1,10,1,25,0.6043478260869566,True,True,False,True,False,True,1.0
NORW_ARTIC_4.1,21458,52,10,6,0,1,68,0.5813635442696022,True,True,True,True,False,True,1.0
NORW_ARTIC_4.1,24477,1626,163,98,2,1,1889,0.009756874375020819,True,False,False,False,False,True,0.07022489833785993
NORW_ARTIC_4.1,27687,17,47,2,3,1,69,0.6106513379483568,True,True,False,True,False,True,1.0
NORW_ARTIC_4.1,28724,39,39,5,5,1,88,1.0,True,True,False,False,False,True,1.0
NORW_ARTIC_4.1,3936,25,122,0,0,1,147,1.0,True,True,True,True,False,True,1.0
NORW_ARTIC_4.1,17615,116,1383,1,16,1,1516,1.0,True,False,False,True,False,True,1.0
NORW_ARTIC_4.1,29253,4071,696,38,4,2,4809,0.5082935686847841,True,False,False,False,False,True,0.9911949771456469
NORW_ARTIC_4.1,1385,974,142,40,7,1,1163,0.6551136793156664,True,False,False,False,False,True,1.0
NORW_ARTIC_4.1,3177,8847,725,136,8,4,9716,0.4290410347334386,True,False,False,False,False,True,0.9473990878707165
NORW_ARTIC_4.1,3178,6054,490,101,2,3,6647,0.03390152443050548,True,False,False,False,False,True,0.19553303484665283
NORW_ARTIC_4.1,3180,8320,724,123,4,4,9171,0.04550924042687336,True,False,False,False,False,True,0.24514883286551595
NORW_ARTIC_4.1,3181,6111,491,106,6,3,6714,0.5825699105692078,True,False,False,False,False,True,1.0
NORW_ARTIC_4.1,5031,3915,318,55,7,1,4295,0.2308200095454286,True,False,False,True,False,True,0.711888055649495
NORW_ARTIC_4.1,11455,351,108,0,0,1,459,1.0,True,True,True,True,False,True,1.0
NORW_ARTIC_4.1,12885,3108,429,412,52,1,4001,0.5959629441028733,True,False,False,False,False,True,1.0
NORW_ARTIC_4.1,14653,25,8,12,3,2,48,1.0,True,True,False,True,False,True,1.0
NORW_ARTIC_4.1,23987,299,42,1,0,1,342,1.0,True,True,True,True,False,True,1.0
NORW_ARTIC_4.1,29195,313,726,0,0,1,1039,1.0,True,False,True,True,False,True,1.0
NORW_ARTIC_4.1,29625,648,196,69,21,1,934,1.0,True,True,False,False,False,True,1.0
NORW_ARTIC_4.1,29666,451,524,2,1,1,978,0.599108534305727,True,True,False,True,False,True,1.0
NORW_ARTIC_4.1,1854,83,523,1,8,1,615,1.0,True,True,False,True,False,True,1.0
NORW_ARTIC_4.1,4024,59,11,5,0,1,75,1.0,True,True,True,True,False,True,1.0
NORW_ARTIC_4.1,4454,295,67,7,3,1,372,0.4063836064996198,True,True,False,True,False,True,0.9359662395456168
NORW_ARTIC_4.1,4770,1337,408,25,8,1,1778,0.8383461690048231,True,False,False,False,False,True,1.0
NORW_ARTIC_4.1,5144,268,335,5,6,1,614,1.0,True,True,False,True,False,True,1.0
NORW_ARTIC_4.1,5306,1136,791,23,5,1,1955,0.011949628478904708,True,False,False,False,False,True,0.08529047326818236
NORW_ARTIC_4.1,5512,1028,5573,246,1127,2,7974,0.031974548433895605,True,False,False,False,False,True,0.18952388050956115
NORW_ARTIC_4.1,7497,5401,855,60,12,2,6328,0.48860839572901404,True,False,False,False,False,True,0.9781313353203134
NORW_ARTIC_4.1,7851,92,60,4,4,1,160,0.7144044650969998,True,True,False,True,False,True,1.0
NORW_ARTIC_4.1,8263,7,26,2,2,1,37,0.24356120826709055,True,True,False,True,False,True,0.7319655258974143
NORW_ARTIC_4.1,10179,803,136,31,4,1,974,0.8070950395684009,True,True,False,False,False,True,1.0
NORW_ARTIC_4.1,10188,836,138,29,7,1,1010,0.3389631806891402,True,False,False,False,False,True,0.8502183160052676
NORW_ARTIC_4.1,11134,4905,1196,110,27,2,6238,1.0,True,False,False,False,False,True,1.0
NORW_ARTIC_4.1,11193,773,827,21,19,1,1640,0.633563348984346,True,False,False,False,False,True,1.0
NORW_ARTIC_4.1,11332,1493,1310,6,25,1,2834,0.00018251828507962213,True,False,False,False,False,True,0.0021268967506217194
NORW_ARTIC_4.1,11401,1926,837,75,12,1,2850,0.0005174926287266217,True,False,False,False,False,True,0.005472005388942611
NORW_ARTIC_4.1,11722,226,47,6,2,1,281,0.6318430229916565,True,True,False,True,False,True,1.0
NORW_ARTIC_4.1,12713,453,525,9,12,1,999,0.8273196449218116,True,True,False,False,False,True,1.0
NORW_ARTIC_4.1,12748,339,1238,11,31,1,1619,0.45033179761814657,True,False,False,False,False,True,0.9594755837312003
NORW_ARTIC_4.1,13043,463,595,12,14,1,1084,0.8432557386678107,True,False,False,False,False,True,1.0
NORW_ARTIC_4.1,15862,547,5608,2,57,1,6214,0.1685125893319797,True,False,False,False,False,True,0.6130682402734853
NORW_ARTIC_4.1,15960,491,110,143,31,1,775,1.0,True,True,False,False,False,True,1.0
NORW_ARTIC_4.1,16050,325,309,11,7,1,652,0.4783142680839916,True,True,False,False,False,True,0.9771259629579897
NORW_ARTIC_4.1,16678,132,654,8,17,1,811,0.058873628342688014,True,True,False,True,False,True,0.29661919220889577
NORW_ARTIC_4.1,17504,800,870,21,14,1,1705,0.1737170065734838,True,False,False,False,False,True,0.6196699644144794
NORW_ARTIC_4.1,18403,1181,434,20,8,1,1643,0.8312503889905904,True,False,False,False,False,True,1.0
NORW_ARTIC_4.1,18815,9,13,2,2,1,26,1.0,True,True,False,True,False,True,1.0
NORW_ARTIC_4.1,19085,437,244,0,0,1,681,1.0,True,True,True,True,False,True,1.0
NORW_ARTIC_4.1,19209,483,1978,35,7,3,2503,2.7401600467617144e-18,True,False,False,False,False,True,9.026719538659262e-17
NORW_ARTIC_4.1,20201,1390,617,40,5,1,2052,0.0030070962562524645,True,False,False,False,False,True,0.025127589692490106
NORW_ARTIC_4.1,20488,1457,692,18,4,1,2171,0.24939386740778738,True,False,False,False,False,True,0.7385244613227866
NORW_ARTIC_4.1,20657,321,1645,7,38,1,2011,1.0,True,False,False,False,False,True,1.0
NORW_ARTIC_4.1,23163,43,49,5,3,1,100,0.47535930250998604,True,True,False,True,False,True,0.9771259629579897
NORW_ARTIC_4.1,23271,1763,566,61,16,2,2406,0.5883894007097048,True,False,False,False,False,True,1.0
NORW_ARTIC_4.1,23610,75,757,2,26,1,860,1.0,True,True,False,True,False,True,1.0
NORW_ARTIC_4.1,24409,153,333,4,9,1,499,1.0,True,True,False,True,False,True,1.0
NORW_ARTIC_4.1,24979,59,130,3,2,1,194,0.32953400092280505,True,True,False,True,False,True,0.8475852005717193
NORW_ARTIC_4.1,27379,206,288,8,7,1,509,0.43044723533025697,True,True,False,False,False,True,0.9489782678516476
NORW_ARTIC_4.1,28348,1919,1286,24,5,1,3234,0.012491421706592759,True,False,False,False,False,True,0.08805681227733908
NORW_ARTIC_4.1,28849,234,730,3,31,1,998,0.03933314775572299,True,True,False,False,False,True,0.21805075115065853
NORW_ARTIC_4.1,29181,1123,253,16,1,1,1393,0.3381376840512018,True,False,False,True,False,True,0.8502183160052676
NORW_ARTIC_4.1,29427,153,1308,5,30,1,1496,0.40800069766072566,True,False,False,True,False,True,0.9359662395456168
NORW_ARTIC_4.1,1637,1560,292,40,7,1,1899,1.0,True,False,False,False,False,True,1.0
NORW_ARTIC_4.1,5513,279,1882,4,20,1,2185,0.5406507867807668,True,False,False,True,False,True,1.0
NORW_ARTIC_4.1,5563,213,1599,4,25,1,1841,0.7689529425387926,True,False,False,True,False,True,1.0
NORW_ARTIC_4.1,7664,179,854,3,17,1,1053,1.0,True,False,False,True,False,True,1.0
NORW_ARTIC_4.1,9947,1196,407,18,6,1,1627,1.0,True,False,False,False,False,True,1.0
NORW_ARTIC_4.1,10344,229,1235,3,12,1,1479,0.7177020837901276,True,False,False,True,False,True,1.0
NORW_ARTIC_4.1,10689,131,686,1,14,1,832,0.4875042536796481,True,True,False,True,False,True,0.9781313353203134
NORW_ARTIC_4.1,11108,1453,263,28,2,1,1746,0.30086377407916326,True,False,False,True,False,True,0.8129016482612093
NORW_ARTIC_4.1,11950,30,159,13,4,1,206,3.5411230474236454e-07,True,True,False,True,False,True,6.0058849309274305e-06
NORW_ARTIC_4.1,12776,261,2067,5,21,1,2354,0.205849263404739,True,False,False,True,False,True,0.6728930107511525
NORW_ARTIC_4.1,13806,1825,165,19,1,1,2010,1.0,True,False,False,True,False,True,1.0
NORW_ARTIC_4.1,14705,535,294,16,3,1,848,0.0901444419817348,True,True,False,False,False,True,0.4129261600382538
NORW_ARTIC_4.1,14878,337,686,4,8,1,1035,1.0,True,False,False,True,False,True,1.0
NORW_ARTIC_4.1,14981,309,707,1,10,1,1027,0.18848085187445404,True,False,False,True,False,True,0.6383586919423448
NORW_ARTIC_4.1,15561,2738,127,44,3,1,2912,0.46543122285700866,True,False,False,True,False,True,0.9760751641259597
NORW_ARTIC_4.1,15583,3121,217,20,0,1,3358,0.6360034734984461,True,False,True,True,False,True,1.0
NORW_ARTIC_4.1,15632,3925,397,18,2,1,4342,0.7055009384841079,True,False,False,True,False,True,1.0
NORW_ARTIC_4.1,15638,4048,426,25,2,1,4501,1.0,True,False,False,True,False,True,1.0
NORW_ARTIC_4.1,15797,774,4469,9,39,1,5291,0.4151295380211757,True,False,False,False,False,True,0.9375667283685608
NORW_ARTIC_4.1,15915,676,2669,1,22,1,3368,0.06618694475691847,True,False,False,True,False,True,0.32347557992130016
NORW_ARTIC_4.1,17003,3433,11617,21,66,3,15137,0.7977042348016445,True,False,False,False,False,True,1.0
NORW_ARTIC_4.1,17365,998,120,11,2,1,1131,0.642291464271876,True,False,False,True,False,True,1.0
NORW_ARTIC_4.1,19724,299,848,6,15,1,1168,0.8034844827815385,True,False,False,False,False,True,1.0
NORW_ARTIC_4.1,20324,441,929,11,13,1,1394,0.1866372982730927,True,False,False,False,False,True,0.6383586919423448
NORW_ARTIC_4.1,21716,1303,742,19,8,1,2072,0.5497071868889648,True,False,False,False,False,True,1.0
NORW_ARTIC_4.1,21742,1035,1075,23,24,1,2157,1.0,True,False,False,False,False,True,1.0
NORW_ARTIC_4.1,21835,549,2059,4,23,1,2635,0.6339581211435432,True,False,False,False,False,True,1.0
NORW_ARTIC_4.1,26006,649,35,25,1,1,710,1.0,True,True,False,True,False,True,1.0
NORW_ARTIC_4.1,26842,42,269,6,32,1,349,0.6253366202639756,True,True,False,False,False,True,1.0
NORW_ARTIC_4.1,27851,1376,365,13,5,1,1759,0.5587359990962018,True,False,False,True,False,True,1.0
NORW_ARTIC_4.1,28472,293,1047,0,3,1,1343,1.0,True,False,True,True,False,True,1.0
NORW_ARTIC_4.1,29113,77,281,4,22,1,384,0.6204128557011536,True,True,False,False,False,True,1.0
NORW_ARTIC_4.1,3540,1296,157,2,0,1,1455,1.0,True,False,True,True,False,True,1.0
NORW_ARTIC_4.1,4554,168,1241,12,100,1,1521,0.8789665870642416,True,False,False,False,False,True,1.0
NORW_ARTIC_4.1,5064,2948,276,32,0,1,3256,0.10660518730946839,True,False,True,True,False,True,0.4565367146527984
NORW_ARTIC_4.1,13672,11,11,1,2,1,25,1.0,True,True,False,True,False,True,1.0
NORW_ARTIC_4.1,19231,826,4154,1,29,1,5010,0.04876085724986194,True,False,False,True,False,True,0.2570072260585031
NORW_ARTIC_4.1,5041,84,23,17,6,1,130,0.5928976571717919,True,True,False,False,False,True,1.0
NORW_ARTIC_4.1,12762,158,890,1,20,1,1069,0.34680054854674447,True,False,False,True,False,True,0.8594772991794171
NORW_ARTIC_4.1,12784,142,907,4,15,1,1068,0.31486168069898135,True,False,False,True,False,True,0.8297816292882386
NORW_ARTIC_4.1,19220,94,189,6,23,1,312,0.21181626518549873,True,True,False,False,False,True,0.6800708869279413
NORW_ARTIC_4.1,19983,4745,1567,37,14,2,6363,0.6287240636673334,True,False,False,False,False,True,1.0
NORW_ARTIC_4.1,22508,21,13,2,2,1,38,1.0,True,True,False,True,False,True,1.0
NORW_ARTIC_4.1,23392,1109,448,96,26,2,1679,0.09414889711367949,True,False,False,False,False,True,0.4216361802604662
NORW_ARTIC_4.1,23569,86,434,4,13,1,537,0.5048417377276408,True,True,False,True,False,True,0.99038572610286
NORW_ARTIC_4.1,24269,21,5,11,2,1,39,1.0,True,True,False,True,False,True,1.0
NORW_ARTIC_4.1,24499,648,134,224,32,1,1038,0.09451739242266143,True,False,False,False,False,True,0.4216361802604662
NORW_ARTIC_4.1,26638,33,171,1,8,1,213,1.0,True,True,False,True,False,True,1.0
NORW_ARTIC_4.1,29198,264,102,15,2,1,383,0.17326759741641518,True,True,False,True,False,True,0.6196699644144794
NORW_ARTIC_4.1,1707,1244,922,15,7,1,2188,0.38835636222874137,True,False,False,False,False,True,0.9148007969020888
NORW_ARTIC_4.1,5654,3881,859,21,7,1,4768,0.32879197721890485,True,False,False,False,False,True,0.8471087718637184
NORW_ARTIC_4.1,7584,2712,1938,13,13,1,4676,0.42837949588673546,True,False,False,False,False,True,0.9473990878707165
NORW_ARTIC_4.1,7666,1507,6707,8,28,1,8250,0.5197628131152293,True,False,False,False,False,True,0.9968017883585664
NORW_ARTIC_4.1,8935,254,208,4,4,1,470,1.0,True,True,False,True,False,True,1.0
NORW_ARTIC_4.1,9202,470,482,13,9,2,974,0.3960477471521591,True,True,False,False,False,True,0.9252924189509946
NORW_ARTIC_4.1,9542,840,483,6,5,1,1334,0.5434054077000533,True,False,False,True,False,True,1.0
NORW_ARTIC_4.1,13397,1135,5466,32,91,4,6724,0.015565804725684609,True,False,False,False,False,True,0.10494060198777902
NORW_ARTIC_4.1,18533,821,3009,4,16,1,3850,1.0,True,False,False,True,False,True,1.0
NORW_ARTIC_4.1,19187,1335,5658,5,21,1,7019,1.0,True,False,False,True,False,True,1.0
NORW_ARTIC_4.1,25587,396,1773,24,154,2,2347,0.12666817748603604,True,False,False,False,False,True,0.5105472659613641
NORW_ARTIC_4.1,29559,101,34,6,3,1,144,0.6945146465780823,True,True,False,True,False,True,1.0
NORW_ARTIC_4.1,3369,218,2305,1,35,1,2559,0.36230772187120897,True,False,False,True,False,True,0.8828351743462033
NORW_ARTIC_4.1,13570,36,1,0,0,1,37,1.0,True,True,True,True,False,True,1.0
NORW_ARTIC_4.1,13896,747,95,1,1,1,844,0.21467001737194516,True,True,False,True,False,True,0.6860629473099665
NORW_ARTIC_4.1,14117,351,459,0,1,1,811,1.0,True,True,True,True,False,True,1.0
NORW_ARTIC_4.1,15620,10667,1392,55,4,2,12118,0.31074597195574605,True,False,False,False,False,True,0.8239505084974253
NORW_ARTIC_4.1,18568,110,1549,5,43,1,1707,0.25174532514019843,True,False,False,True,False,True,0.7389329913352192
NORW_ARTIC_4.1,21972,437,26,14,2,1,479,0.2387744724548517,True,True,False,True,False,True,0.7226513627476342
NORW_ARTIC_4.1,22185,140,528,3,12,1,683,1.0,True,True,False,True,False,True,1.0
NORW_ARTIC_4.1,26774,223,261,12,6,1,502,0.09653642336307049,True,True,False,False,False,True,0.42643049036378244
NORW_ARTIC_4.1,26775,220,260,14,6,1,500,0.03996739831087778,True,True,False,False,False,True,0.21989368324109285
NORW_ARTIC_4.1,664,443,1381,0,24,1,1848,0.0026134470740479896,True,False,True,False,False,True,0.02227281013852839
NORW_ARTIC_4.1,3700,387,2884,6,33,1,3310,0.455500428096589,True,False,False,True,False,True,0.9665006149997888
NORW_ARTIC_4.1,5393,5190,1544,58,13,2,6805,0.397358924907696,True,False,False,False,False,True,0.9260895760093649
NORW_ARTIC_4.1,7640,466,1503,4,14,1,1987,1.0,True,False,False,True,False,True,1.0
NORW_ARTIC_4.1,18712,625,933,28,4,2,1590,9.021828399245494e-08,True,False,False,False,False,True,1.6617625857965087e-06
NORW_ARTIC_4.1,23923,1189,129,9,1,1,1328,1.0,True,False,False,True,False,True,1.0
NORW_ARTIC_4.1,26409,3612,1586,21,11,1,5230,0.7005133954632276,True,False,False,False,False,True,1.0
NORW_ARTIC_4.1,443,782,225,0,0,1,1007,1.0,True,False,True,True,False,True,1.0
NORW_ARTIC_4.1,4838,657,1086,39,63,1,1845,0.9166024255841991,True,False,False,False,False,True,1.0
NORW_ARTIC_4.1,7638,36,69,3,3,1,111,0.42232193483449276,True,True,False,True,False,True,0.9407509419655216
NORW_ARTIC_4.1,15683,6344,975,468,77,1,7864,0.6017279274256098,True,False,False,False,False,True,1.0
NORW_ARTIC_4.1,17049,422,1722,25,101,1,2270,1.0,True,False,False,False,False,True,1.0
NORW_ARTIC_4.1,21819,588,1849,34,105,1,2576,0.9190227513801983,True,False,False,False,False,True,1.0
NORW_ARTIC_4.1,29204,787,111,42,6,1,946,1.0,True,True,False,False,False,True,1.0
NORW_ARTIC_4.1,1542,17,48,5,9,1,79,0.5177497828793958,True,True,False,True,False,True,0.9963596575664452
NORW_ARTIC_4.1,1894,673,360,7,32,1,1072,3.969351831841915e-09,True,False,False,False,False,True,8.192168298729158e-08
NORW_ARTIC_4.1,5030,202,47,8,3,1,260,0.447132743245993,True,True,False,True,False,True,0.9562277018481723
NORW_ARTIC_4.1,6136,23,90,2,13,1,128,0.7338951917087311,True,True,False,True,False,True,1.0
NORW_ARTIC_4.1,6554,142,62,15,6,2,225,1.0,True,True,False,False,False,True,1.0
NORW_ARTIC_4.1,11109,72,16,19,4,1,111,1.0,True,True,False,True,False,True,1.0
NORW_ARTIC_4.1,11509,363,512,50,68,1,993,0.9207932171012608,True,True,False,False,False,True,1.0
NORW_ARTIC_4.1,12232,99,177,6,6,1,288,0.3647931707817844,True,True,False,True,False,True,0.8863697894314847
NORW_ARTIC_4.1,13133,122,436,3,11,1,572,1.0,True,True,False,True,False,True,1.0
NORW_ARTIC_4.1,13238,149,31,22,4,1,206,1.0,True,True,False,True,False,True,1.0
NORW_ARTIC_4.1,13427,431,2325,2,25,2,2783,0.41894874931520076,True,False,False,True,False,True,0.9398373178848256
NORW_ARTIC_4.1,14371,12,10,9,10,1,41,0.7578617967687007,True,True,False,False,False,True,1.0
NORW_ARTIC_4.1,14583,11,34,2,4,1,51,0.6376767543280031,True,True,False,True,False,True,1.0
NORW_ARTIC_4.1,15298,13,52,0,8,1,73,0.33599260954229726,True,True,True,True,False,True,0.8502183160052676
NORW_ARTIC_4.1,15686,5343,794,61,7,1,6205,0.7149141821099979,True,False,False,False,False,True,1.0
NORW_ARTIC_4.1,15738,10592,8161,247,201,3,19201,0.5959481169893146,True,False,False,False,False,True,1.0
NORW_ARTIC_4.1,16959,451,871,18,30,1,1370,0.6438651848717456,True,False,False,False,False,True,1.0
NORW_ARTIC_4.1,19248,82,98,8,0,1,188,0.0023291968400024755,True,True,True,True,False,True,0.020356705035327757
NORW_ARTIC_4.1,19817,52,129,5,13,1,199,1.0,True,True,False,False,False,True,1.0
NORW_ARTIC_4.1,23577,77,425,5,45,1,552,0.4057861530280301,True,True,False,False,False,True,0.9359662395456168
NORW_ARTIC_4.1,26049,261,32,31,5,1,329,0.5775576305379565,True,True,False,True,False,True,1.0
NORW_ARTIC_4.1,27766,192,217,0,0,1,409,1.0,True,True,True,True,False,True,1.0
NORW_ARTIC_4.1,27967,167,283,2,19,1,471,0.009354884448855029,True,True,False,False,False,True,0.06877646807248354
NORW_ARTIC_4.1,28054,1171,433,31,7,1,1642,0.27143015836799345,True,False,False,False,False,True,0.7731403938517969
NORW_ARTIC_4.1,28539,736,1612,22,4,1,2374,3.61501857330054e-08,True,False,False,False,False,True,6.804974523147059e-07
NORW_ARTIC_4.1,28738,318,446,19,16,1,799,0.1619414392785496,True,True,False,False,False,True,0.6005857646188637
NORW_ARTIC_4.1,1233,116,586,2,12,1,716,1.0,True,True,False,True,False,True,1.0
NORW_ARTIC_4.1,1664,1422,211,15,2,1,1650,1.0,True,False,False,True,False,True,1.0
NORW_ARTIC_4.1,1706,641,623,6,8,1,1278,0.6010894096584656,True,False,False,False,False,True,1.0
NORW_ARTIC_4.1,5199,202,1028,5,30,2,1265,1.0,True,False,False,False,False,True,1.0
NORW_ARTIC_4.1,5558,189,1491,2,19,1,1701,1.0,True,False,False,True,False,True,1.0
NORW_ARTIC_4.1,12914,538,102,11,1,1,652,0.7020443039941875,True,True,False,True,False,True,1.0
NORW_ARTIC_4.1,15237,46,186,1,8,1,241,1.0,True,True,False,True,False,True,1.0
NORW_ARTIC_4.1,15911,372,2539,0,27,1,2938,0.04072996313458499,True,False,True,True,False,True,0.22149341856998123
NORW_ARTIC_4.1,18384,935,214,11,1,1,1161,0.7066655563297838,True,False,False,True,False,True,1.0
NORW_ARTIC_4.1,20079,159,956,1,15,1,1131,0.7143950310899736,True,False,False,True,False,True,1.0
NORW_ARTIC_4.1,20604,110,138,2,6,1,256,0.4719415636908321,True,True,False,True,False,True,0.9771259629579897
NORW_ARTIC_4.1,21705,773,226,13,5,1,1017,0.575835246582859,True,False,False,True,False,True,1.0
NORW_ARTIC_4.1,21833,270,1188,5,19,1,1482,0.7908060337281384,True,False,False,True,False,True,1.0
NORW_ARTIC_4.1,21847,170,1167,4,10,1,1351,0.09425344962096889,True,False,False,True,False,True,0.4216361802604662
NORW_ARTIC_4.1,24500,884,261,9,0,1,1154,0.22188217981892827,True,False,True,True,False,True,0.6961248608604838
NORW_ARTIC_4.1,24601,221,399,8,12,1,640,0.8131945303871562,True,True,False,False,False,True,1.0
NORW_ARTIC_4.1,24642,141,471,1,13,1,626,0.20935626695359094,True,True,False,True,False,True,0.6779343767325167
NORW_ARTIC_4.1,27264,250,62,5,2,1,319,0.6309901016402919,True,True,False,True,False,True,1.0
NORW_ARTIC_4.1,558,662,2058,7,17,1,2744,0.6327898233964866,True,False,False,False,False,True,1.0
NORW_ARTIC_4.1,4675,3106,1377,55,29,1,4567,0.47460194792126864,True,False,False,False,False,True,0.9771259629579897
NORW_ARTIC_4.1,5173,1236,5062,67,259,2,6624,0.668501972404388,True,False,False,False,False,True,1.0
NORW_ARTIC_4.1,5622,6415,7102,515,113,2,14145,1.1795723002109596e-68,True,False,False,False,False,True,1.0103036751306869e-66
NORW_ARTIC_4.1,6820,2778,2732,28,43,1,5581,0.07321980593491362,True,False,False,False,False,True,0.3543093999053871
NORW_ARTIC_4.1,7767,1695,269,38,6,1,2008,1.0,True,False,False,False,False,True,1.0
NORW_ARTIC_4.1,7785,1305,220,741,85,1,2351,0.00461262138555697,True,False,False,False,False,True,0.03709587057962014
NORW_ARTIC_4.1,12578,6714,3160,15,16,1,9905,0.03178028966311942,True,False,False,False,False,True,0.18902651455876238
NORW_ARTIC_4.1,14013,683,5674,2,109,1,6468,0.0008344649726579321,True,False,False,False,False,True,0.0085085624890657
NORW_ARTIC_4.1,14259,1140,1752,6,16,1,2914,0.2805627821304631,True,False,False,False,False,True,0.7911162096244643
NORW_ARTIC_4.1,15594,7078,603,33,3,1,7717,0.758865814614691,True,False,False,True,False,True,1.0
NORW_ARTIC_4.1,18045,83,3,3,1,1,90,0.16892481576712495,True,True,False,True,False,True,0.6130682402734853
NORW_ARTIC_4.1,18978,4358,763,78,5,1,5204,0.01908110598358226,True,False,False,False,False,True,0.12381035814347124
NORW_ARTIC_4.1,19547,5649,2376,14,29,1,8068,5.961255734634809e-07,True,False,False,False,False,True,9.63361422021644e-06
NORW_ARTIC_4.1,21668,5160,2827,1338,509,1,9834,9.693012237989831e-11,True,False,False,False,False,True,2.1287346107277667e-09
NORW_ARTIC_4.1,21676,6387,2227,59,29,1,8702,0.14206908242384841,True,False,False,False,False,True,0.5515785904979177
NORW_ARTIC_4.1,22013,2792,619,25,6,1,3442,0.8161066913861879,True,False,False,False,False,True,1.0
NORW_ARTIC_4.1,23349,3491,490,32,4,1,4017,1.0,True,False,False,True,False,True,1.0
NORW_ARTIC_4.1,24933,1153,1096,18,9,1,2276,0.12410269336767393,True,False,False,False,False,True,0.5061616993781558
NORW_ARTIC_4.1,25964,531,308,15,1,1,855,0.014934075236453792,True,True,False,False,False,True,0.1019206011157185
NORW_ARTIC_4.1,26291,5247,4115,18,20,1,9400,0.3266773517250292,True,False,False,False,False,True,0.8471087718637184
NORW_ARTIC_4.1,26681,2444,644,92,26,1,3206,0.7302260940794854,True,False,False,False,False,True,1.0
NORW_ARTIC_4.1,26835,394,2601,2,22,1,3019,0.7606714711600582,True,False,False,True,False,True,1.0
NORW_ARTIC_4.1,28045,7700,6149,23,45,2,13917,0.000345884673959579,True,False,False,False,False,True,0.0038225835257597344
NORW_ARTIC_4.1,7077,691,7069,6,20,1,7786,0.024514787268591548,True,False,False,True,False,True,0.15326215544196103
NORW_ARTIC_4.1,7461,12042,1157,37,3,1,13239,1.0,True,False,False,True,False,True,1.0
NORW_ARTIC_4.1,8527,629,481,8,6,1,1124,1.0,True,False,False,False,False,True,1.0
NORW_ARTIC_4.1,13486,672,2075,6,48,2,2801,0.023707412546921613,True,False,False,False,False,True,0.14875750070650814
NORW_ARTIC_4.1,14352,1158,4767,16,73,1,6014,0.7886408350770933,True,False,False,False,False,True,1.0
NORW_ARTIC_4.1,15312,385,644,16,4,1,1049,0.00020718616158936154,True,False,False,False,False,True,0.002398039829747137
NORW_ARTIC_4.1,18748,181,373,4,5,1,563,0.48500032755618855,True,True,False,True,False,True,0.9781313353203134
NORW_ARTIC_4.1,24142,207,1299,0,0,1,1506,1.0,True,False,True,True,False,True,1.0
NORW_ARTIC_4.1,27509,1781,6318,8,61,1,8168,0.0398373060849395,True,False,False,False,False,True,0.21989368324109285
NORW_ARTIC_4.1,28694,460,493,7,6,1,966,0.783589735713033,True,True,False,False,False,True,1.0
NORW_ARTIC_4.1,472,4763,1132,176,46,3,6117,0.6027619084285093,True,False,False,False,False,True,1.0
NORW_ARTIC_4.1,4223,58,176,8,10,1,252,0.09221955631866152,True,True,False,True,False,True,0.41902413786171666
NORW_ARTIC_4.1,4615,16,87,1,4,1,108,0.5828043261035679,True,True,False,True,False,True,1.0
NORW_ARTIC_4.1,6990,3,10,0,0,1,13,1.0,True,True,True,True,False,True,1.0
NORW_ARTIC_4.1,7420,1403,87,178,8,1,1676,0.5009761560327509,True,False,False,False,False,True,0.9852722793158466
NORW_ARTIC_4.1,8986,48,57,13,36,1,154,0.0332332337132067,True,True,False,False,False,True,0.1949607169545311
NORW_ARTIC_4.1,9960,2349,1267,21,8,1,3645,0.4421394036544122,True,False,False,False,False,True,0.9562277018481723
NORW_ARTIC_4.1,10325,752,1229,59,80,1,2120,0.3207535697217487,True,False,False,False,False,True,0.8414255205717541
NORW_ARTIC_4.1,10828,12,5,2,2,1,21,0.5742690058479532,True,True,False,True,False,True,1.0
NORW_ARTIC_4.1,12218,78,258,1,10,1,347,0.46745295052331265,True,True,False,True,False,True,0.9768573827358951
NORW_ARTIC_4.1,12235,68,249,2,10,1,329,1.0,True,True,False,True,False,True,1.0
NORW_ARTIC_4.1,15917,667,4479,2,31,1,5179,0.3060979933575799,True,False,False,True,False,True,0.8218587188425304
NORW_ARTIC_4.1,16469,627,358,0,0,1,985,1.0,True,True,True,True,False,True,1.0
NORW_ARTIC_4.1,16589,478,252,37,23,1,790,0.574115012096694,True,True,False,False,False,True,1.0
NORW_ARTIC_4.1,16973,582,1900,70,186,1,2738,0.16584742052541662,True,False,False,False,False,True,0.6096494235193963
NORW_ARTIC_4.1,21105,215,34,9,3,1,261,0.38618365806358196,True,True,False,True,False,True,0.9113803705265503
NORW_ARTIC_4.1,21784,1315,4775,71,210,1,6371,0.15965620200277927,True,False,False,False,False,True,0.5958411198927253
NORW_ARTIC_4.1,21785,1319,4753,71,224,1,6367,0.3482062146120931,True,False,False,False,False,True,0.8594772991794171
NORW_ARTIC_4.1,21812,913,3927,190,936,1,5966,0.1250858045971065,True,False,False,False,False,True,0.5082267658268154
NORW_ARTIC_4.1,21875,521,5848,26,305,2,6700,0.9180894825588264,True,False,False,False,False,True,1.0
NORW_ARTIC_4.1,23127,31,26,6,3,1,66,0.7202962964622789,True,True,False,True,False,True,1.0
NORW_ARTIC_4.1,23298,1510,247,54,8,1,1819,1.0,True,False,False,False,False,True,1.0
NORW_ARTIC_4.1,24612,1265,2395,15,26,1,3701,0.8690366507745892,True,False,False,False,False,True,1.0
NORW_ARTIC_4.1,25466,54,3,6,2,1,65,0.11049810844892807,True,True,False,True,False,True,0.4708538800323726
NORW_ARTIC_4.1,26201,502,829,44,73,1,1448,1.0,True,False,False,False,False,True,1.0
NORW_ARTIC_4.1,26351,2134,553,21,3,1,2711,0.44945362719094667,True,False,False,True,False,True,0.9587970901346098
NORW_ARTIC_4.1,27216,145,22,12,4,1,183,0.25131785149442726,True,True,False,True,False,True,0.7389329913352192
NORW_ARTIC_4.1,28087,6174,1679,760,185,1,8798,0.20641390878970534,True,False,False,False,False,True,0.6728930107511525
NORW_ARTIC_4.1,28432,940,1661,250,485,1,3336,0.2955863960369194,True,False,False,False,False,True,0.8091617156248233
NORW_ARTIC_4.1,28551,1479,3026,32,7,1,4544,4.2412368991594064e-10,True,False,False,False,False,True,9.081548510325078e-09
NORW_ARTIC_4.1,28953,423,109,28,2,1,562,0.0948738473672506,True,True,False,False,False,True,0.4221270143898709
NORW_ARTIC_4.1,521,132,77,129,87,1,425,0.48655260887483226,True,True,False,False,False,True,0.9781313353203134
NORW_ARTIC_4.1,2208,36,226,2,11,1,275,0.6969418407670932,True,True,False,True,False,True,1.0
NORW_ARTIC_4.1,7519,309,115,17,9,1,450,0.49715208948399126,True,True,False,False,False,True,0.9834059147733113
NORW_ARTIC_4.1,16340,18,32,2,2,1,54,0.6215664140192443,True,True,False,True,False,True,1.0
NORW_ARTIC_4.1,16376,21,52,1,5,1,79,1.0,True,True,False,True,False,True,1.0
NORW_ARTIC_4.1,18402,118,55,4,3,1,180,0.6825620906827361,True,True,False,True,False,True,1.0
NORW_ARTIC_4.1,18410,113,48,33,15,1,209,0.8590825191620033,True,True,False,False,False,True,1.0
NORW_ARTIC_4.1,20490,20,9,2,2,1,33,0.586021505376344,True,True,False,True,False,True,1.0
NORW_ARTIC_4.1,23309,22,47,17,4,1,90,0.00010167715546523408,True,True,False,False,False,True,0.0012179927784052168
NORW_ARTIC_4.1,24879,255,183,4,3,1,445,1.0,True,True,False,True,False,True,1.0
NORW_ARTIC_4.1,27422,129,207,9,9,1,354,0.33260753795027576,True,True,False,False,False,True,0.8502183160052676
NORW_ARTIC_4.1,27584,22,3,4,0,1,29,1.0,True,True,True,True,False,True,1.0
NORW_ARTIC_4.1,28001,863,7188,20,123,2,8194,0.21943757194498525,True,False,False,False,False,True,0.6956898406551125
NORW_ARTIC_4.1,28331,1494,578,248,89,1,2409,0.5998942775402677,True,False,False,False,False,True,1.0
NORW_ARTIC_4.1,28931,244,63,27,4,1,338,0.4770614011614801,True,True,False,False,False,True,0.9771259629579897
NORW_ARTIC_4.1,29039,126,176,5,6,1,313,1.0,True,True,False,True,False,True,1.0
NORW_ARTIC_4.1,532,237,272,0,0,1,509,1.0,True,True,True,True,False,True,1.0
NORW_ARTIC_4.1,536,210,247,22,26,1,505,1.0,True,True,False,False,False,True,1.0
NORW_ARTIC_4.1,2479,2,8,1,2,1,13,1.0,True,True,False,True,False,True,1.0
NORW_ARTIC_4.1,2652,1538,778,58,26,1,2400,0.7242072921695845,True,False,False,False,False,True,1.0
NORW_ARTIC_4.1,2687,786,785,0,1,1,1572,1.0,True,False,True,True,False,True,1.0
NORW_ARTIC_4.1,2689,786,806,1,1,1,1594,1.0,True,False,False,True,False,True,1.0
NORW_ARTIC_4.1,2718,600,1184,13,16,1,1813,0.23568665228954272,True,False,False,False,False,True,0.7196635211621866
NORW_ARTIC_4.1,3649,413,1730,7,23,1,2173,0.6401078591806848,True,False,False,False,False,True,1.0
NORW_ARTIC_4.1,3655,434,1773,6,17,1,2230,0.4315565564504526,True,False,False,True,False,True,0.9492321604845886
NORW_ARTIC_4.1,4207,24,63,4,4,1,95,0.22903612097608453,True,True,False,True,False,True,0.7093712533855202
NORW_ARTIC_4.1,4214,23,70,3,4,1,100,0.3720549394383683,True,True,False,True,False,True,0.8990436465429705
NORW_ARTIC_4.1,4845,707,1394,18,47,1,2166,0.35218897196394794,True,False,False,False,False,True,0.8668099266871305
NORW_ARTIC_4.1,5338,1837,363,149,21,1,2370,0.1940553080872395,True,False,False,False,False,True,0.6479858533205483
NORW_ARTIC_4.1,7532,4594,1032,132,27,1,5785,0.7550768139479228,True,False,False,False,False,True,1.0
NORW_ARTIC_4.1,11058,2601,244,60,6,1,2911,0.8238647883861357,True,False,False,False,False,True,1.0
NORW_ARTIC_4.1,11067,2691,298,141,14,1,3144,0.7841275495651143,True,False,False,False,False,True,1.0
NORW_ARTIC_4.1,11075,7841,1220,198,25,2,9284,0.37106070814354297,True,False,False,False,False,True,0.8990436465429705
NORW_ARTIC_4.1,11652,252,2312,5,119,1,2688,0.028162103513871623,True,False,False,False,False,True,0.17167858832477612
NORW_ARTIC_4.1,12231,53,186,8,12,1,259,0.09651582267145398,True,True,False,True,False,True,0.42643049036378244
NORW_ARTIC_4.1,12560,2131,618,5,26,1,2780,1.038184834628326e-12,True,False,False,False,False,True,2.5774066981424965e-11
NORW_ARTIC_4.1,13839,357,77,10,1,1,445,0.6978986226211567,True,True,False,True,False,True,1.0
NORW_ARTIC_4.1,14097,473,338,29,7,1,847,0.008602684601452101,True,True,False,False,False,True,0.06379393386271623
NORW_ARTIC_4.1,14292,226,529,4,19,1,778,0.2491428939444955,True,True,False,False,False,True,0.7385244613227866
NORW_ARTIC_4.1,15682,11121,1991,75,17,2,13204,0.3814862799297254,True,False,False,False,False,True,0.9076194409994717
NORW_ARTIC_4.1,16367,70,289,10,27,1,396,0.28468948312473846,True,True,False,False,False,True,0.795696983268408
NORW_ARTIC_4.1,16497,915,168,32,4,1,1119,0.6393896685146867,True,False,False,False,False,True,1.0
NORW_ARTIC_4.1,18414,657,374,8,6,1,1045,0.5893887929176229,True,False,False,False,False,True,1.0
NORW_ARTIC_4.1,19017,1419,329,58,9,1,1815,0.33712199856531966,True,False,False,False,False,True,0.8502183160052676
NORW_ARTIC_4.1,20110,1324,1262,8,41,1,2635,7.604106877618437e-07,True,False,False,False,False,True,1.21736776461312e-05
NORW_ARTIC_4.1,20525,1241,268,19,4,1,1532,1.0,True,False,False,True,False,True,1.0
NORW_ARTIC_4.1,20586,547,522,13,10,1,1092,0.6767350276508906,True,False,False,False,False,True,1.0
NORW_ARTIC_4.1,21562,1305,846,7,11,1,2169,0.08739082624679585,True,False,False,False,False,True,0.40790322986583455
NORW_ARTIC_4.1,21628,1765,861,7,17,1,2650,0.0002264955691691065,True,False,False,False,False,True,0.002586579399911196
NORW_ARTIC_4.1,21933,176,12,19,2,1,209,0.6374761638303963,True,True,False,True,False,True,1.0
NORW_ARTIC_4.1,24511,2871,642,164,28,1,3705,0.21146714019304497,True,False,False,False,False,True,0.6800708869279413
NORW_ARTIC_4.1,26489,900,1428,118,187,1,2633,1.0,True,False,False,False,False,True,1.0
NORW_ARTIC_4.1,27722,1719,259,7,24,1,2009,1.6150371907192333e-15,True,False,False,True,False,True,4.769928806382839e-14
NORW_ARTIC_4.1,27758,2317,342,4,14,1,2677,7.935607042670868e-10,True,False,False,True,False,True,1.6782339338389133e-08
NORW_ARTIC_4.1,590,477,1656,9,20,1,2162,0.2658678229619135,True,False,False,False,False,True,0.7667198328851142
NORW_ARTIC_4.1,15404,9,5,2,2,1,18,1.0,True,True,False,True,False,True,1.0
NORW_ARTIC_4.1,17154,38,30,4,3,1,75,1.0,True,True,False,True,False,True,1.0
NORW_ARTIC_4.1,21998,788,113,50,7,1,958,1.0,True,True,False,False,False,True,1.0
NORW_ARTIC_4.1,27493,1747,1551,16,10,1,3324,0.43420035522577155,True,False,False,False,False,True,0.9492321604845886
NORW_ARTIC_4.1,27610,1399,527,6,3,2,1935,0.7121076831984767,True,False,False,True,False,True,1.0
NORW_ARTIC_4.1,6757,6,21,1,4,1,32,1.0,True,True,False,True,False,True,1.0
NORW_ARTIC_4.1,7795,119,17,3,2,1,141,0.13445149671737117,True,True,False,True,False,True,0.5319062676139881
NORW_ARTIC_4.1,9749,47,237,5,17,1,306,0.5531883874857271,True,True,False,True,False,True,1.0
NORW_ARTIC_4.1,15136,56,58,5,2,1,121,0.43921942585044194,True,True,False,True,False,True,0.9525523625884251
NORW_ARTIC_4.1,15796,1568,6836,71,357,1,8832,0.30788845588242775,True,False,False,False,False,True,0.8239505084974253
NORW_ARTIC_4.1,15813,1454,6987,5,21,1,8467,0.7941583435640311,True,False,False,True,False,True,1.0
NORW_ARTIC_4.1,18470,25,24,2,2,1,53,1.0,True,True,False,True,False,True,1.0
NORW_ARTIC_4.1,18519,18,37,1,5,1,61,0.6552921788619444,True,True,False,True,False,True,1.0
NORW_ARTIC_4.1,19048,34,9,2,2,1,47,0.2294172062904718,True,True,False,True,False,True,0.7093712533855202
NORW_ARTIC_4.1,20063,431,1816,30,149,1,2426,0.48845445810950017,True,False,False,False,False,True,0.9781313353203134
NORW_ARTIC_4.1,21797,1069,3519,118,422,1,5128,0.4832571954102014,True,False,False,False,False,True,0.9781313353203134
NORW_ARTIC_4.1,22154,92,19,9,1,1,121,1.0,True,True,False,True,False,True,1.0
NORW_ARTIC_4.1,26191,253,186,8,11,1,458,0.2368661506416726,True,True,False,False,False,True,0.7198497999978951
NORW_ARTIC_4.1,26488,919,1200,9,12,1,2140,1.0,True,False,False,False,False,True,1.0
NORW_ARTIC_4.1,29495,83,1049,2,32,1,1166,1.0,True,False,False,True,False,True,1.0
NORW_ARTIC_4.1,2828,42,445,2,16,1,505,0.6643836491574342,True,True,False,True,False,True,1.0
NORW_ARTIC_4.1,3125,317,102,11,1,1,431,0.30866026863114854,True,True,False,True,False,True,0.8239505084974253
NORW_ARTIC_4.1,3707,67,619,0,13,1,699,0.6254220674603019,True,True,True,True,False,True,1.0
NORW_ARTIC_4.1,5143,231,246,9,9,1,495,1.0,True,True,False,False,False,True,1.0
NORW_ARTIC_4.1,5444,336,491,3,9,1,839,0.3787820573491949,True,True,False,True,False,True,0.9049562960100012
NORW_ARTIC_4.1,5713,417,110,9,2,1,538,1.0,True,True,False,True,False,True,1.0
NORW_ARTIC_4.1,6984,35,96,3,5,1,139,0.6835162162533339,True,True,False,True,False,True,1.0
NORW_ARTIC_4.1,7727,160,662,3,20,1,845,0.5960138892393823,True,True,False,True,False,True,1.0
NORW_ARTIC_4.1,8482,147,53,4,2,1,206,0.6587656432004925,True,True,False,True,False,True,1.0
NORW_ARTIC_4.1,10406,350,818,7,19,1,1194,0.8313981142131506,True,False,False,False,False,True,1.0
NORW_ARTIC_4.1,11968,105,68,7,0,1,180,0.04581753405365431,True,True,True,True,False,True,0.24526698698096822
NORW_ARTIC_4.1,12274,97,183,3,7,1,290,1.0,True,True,False,True,False,True,1.0
NORW_ARTIC_4.1,12664,828,128,14,1,1,971,0.7072317632767838,True,True,False,True,False,True,1.0
NORW_ARTIC_4.1,13813,655,117,19,4,1,795,0.7675160923136903,True,True,False,True,False,True,1.0
NORW_ARTIC_4.1,14120,240,392,13,36,1,681,0.12579576690634542,True,True,False,False,False,True,0.5082267658268154
NORW_ARTIC_4.1,14745,596,122,13,1,1,732,0.48471859858049915,True,True,False,True,False,True,0.9781313353203134
NORW_ARTIC_4.1,14857,358,316,0,0,1,674,1.0,True,True,True,True,False,True,1.0
NORW_ARTIC_4.1,15837,575,3974,12,81,1,4642,0.8753604146527398,True,False,False,False,False,True,1.0
NORW_ARTIC_4.1,16425,460,331,17,1,1,809,0.0011686072841157456,True,True,False,False,False,True,0.011183375853018282
NORW_ARTIC_4.1,16733,934,677,16,4,1,1631,0.06572163309229728,True,False,False,False,False,True,0.32347557992130016
NORW_ARTIC_4.1,16975,414,1540,6,18,1,1978,0.618901262850521,True,False,False,False,False,True,1.0
NORW_ARTIC_4.1,17740,66,26,7,4,1,103,0.7263771892194556,True,True,False,True,False,True,1.0
NORW_ARTIC_4.1,19117,253,505,4,14,1,776,0.44890012596960177,True,True,False,False,False,True,0.9587970901346098
NORW_ARTIC_4.1,20385,150,1226,2,17,1,1395,1.0,True,False,False,True,False,True,1.0
NORW_ARTIC_4.1,20436,580,1185,4,18,1,1787,0.17399956385485382,True,False,False,False,False,True,0.6196699644144794
NORW_ARTIC_4.1,21528,115,199,2,5,1,321,1.0,True,True,False,True,False,True,1.0
NORW_ARTIC_4.1,24698,108,575,2,9,1,694,0.6888962096075507,True,True,False,True,False,True,1.0
NORW_ARTIC_4.1,26013,409,20,1,0,1,430,1.0,True,True,True,True,False,True,1.0
NORW_ARTIC_4.1,26242,66,560,4,14,1,644,0.12117016812135585,True,True,False,True,False,True,0.5019823347179465
NORW_ARTIC_4.1,26659,299,63,24,5,1,391,1.0,True,True,False,False,False,True,1.0
NORW_ARTIC_4.1,27297,477,136,9,1,1,623,0.699350042549985,True,True,False,True,False,True,1.0
NORW_ARTIC_4.1,27452,98,441,3,6,1,548,0.22001054683090868,True,True,False,True,False,True,0.6956898406551125
NORW_ARTIC_4.1,27615,135,56,8,4,1,203,0.7515129881060358,True,True,False,True,False,True,1.0
NORW_ARTIC_4.1,28090,557,120,6,13,1,696,2.576479157257712e-06,True,True,False,True,False,True,3.77222974049783e-05
NORW_ARTIC_4.1,28242,1623,377,24,3,1,2027,0.45563404135729685,True,False,False,False,False,True,0.9665006149997888
NORW_ARTIC_4.1,28320,4479,4038,81,30,2,8628,1.9977490909365826e-05,True,False,False,False,False,True,0.0002537942259587896
NORW_ARTIC_4.1,28468,311,1747,3,25,1,2086,0.7891166559440853,True,False,False,True,False,True,1.0
NORW_ARTIC_4.1,28557,608,1458,16,24,1,2106,0.16232995272535547,True,False,False,False,False,True,0.6005857646188637
NORW_ARTIC_4.1,29423,68,685,2,11,1,766,0.33644166680789234,True,True,False,True,False,True,0.8502183160052676
NORW_ARTIC_4.1,1051,2168,337,16,3,2,2524,0.7341388175785879,True,False,False,True,False,True,1.0
NORW_ARTIC_4.1,1918,742,259,27,6,1,1034,0.41858339383117604,True,False,False,False,False,True,0.9398373178848256
NORW_ARTIC_4.1,2738,121,307,3,7,1,438,1.0,True,True,False,True,False,True,1.0
NORW_ARTIC_4.1,2763,95,309,5,15,1,424,0.7936906210301503,True,True,False,True,False,True,1.0
NORW_ARTIC_4.1,4922,554,2639,5,27,2,3225,1.0,True,False,False,False,False,True,1.0
NORW_ARTIC_4.1,5165,113,232,3,9,1,357,0.7578753918074987,True,True,False,True,False,True,1.0
NORW_ARTIC_4.1,8524,164,177,11,17,1,369,0.4335573800855588,True,True,False,False,False,True,0.9492321604845886
NORW_ARTIC_4.1,10521,255,129,5,6,1,395,0.19668712424951598,True,True,False,True,False,True,0.6554961942401185
NORW_ARTIC_4.1,11262,337,1003,16,37,1,1393,0.4216799512348409,True,False,False,False,False,True,0.9407509419655216
NORW_ARTIC_4.1,12062,199,88,5,3,1,295,0.7055595303476494,True,True,False,True,False,True,1.0
NORW_ARTIC_4.1,13078,181,425,8,13,1,627,0.4692519047502237,True,True,False,False,False,True,0.9768573827358951
NORW_ARTIC_4.1,16137,170,304,1,0,1,475,0.36,True,True,True,True,False,True,0.8809714285714286
NORW_ARTIC_4.1,19229,83,543,1,19,1,646,0.49689880271966047,True,True,False,True,False,True,0.9834059147733113
NORW_ARTIC_4.1,21621,646,342,5,17,1,1010,0.00012238993522894695,True,False,False,False,False,True,0.0014559302711610147
NORW_ARTIC_4.1,25352,38,124,11,1,1,174,3.423229070042623e-06,True,True,False,True,False,True,4.915680641753146e-05
NORW_ARTIC_4.1,25627,26,51,2,2,1,81,0.6057508985779029,True,True,False,True,False,True,1.0
NORW_ARTIC_4.1,26938,6,66,1,7,1,80,0.5362791264590063,True,True,False,True,False,True,1.0
NORW_ARTIC_4.1,27401,126,261,3,11,1,401,0.5622597617797598,True,True,False,True,False,True,1.0
NORW_ARTIC_4.1,28340,1337,687,1,0,1,2025,1.0,True,False,True,True,False,True,1.0
NORW_ARTIC_4.1,29418,142,798,2,12,1,954,1.0,True,True,False,True,False,True,1.0
NORW_ARTIC_4.1,635,857,3013,13,50,1,3933,0.8789113248918105,True,False,False,False,False,True,1.0
NORW_ARTIC_4.1,832,473,493,13,10,1,989,0.5307816190022387,True,True,False,False,False,True,1.0
NORW_ARTIC_4.1,1553,3292,1124,40,2,2,4458,0.00098950455204384,True,False,False,False,False,True,0.009685835986577703
NORW_ARTIC_4.1,1653,582,206,11,3,1,802,1.0,True,True,False,True,False,True,1.0
NORW_ARTIC_4.1,2620,400,153,8,2,1,563,0.7347234570716349,True,True,False,True,False,True,1.0
NORW_ARTIC_4.1,3439,371,983,9,3,1,1366,0.0008802348324873686,True,False,False,True,False,True,0.008829501044584668
NORW_ARTIC_4.1,3508,402,91,12,4,1,509,0.5146864130975304,True,True,False,True,False,True,0.996223531792169
NORW_ARTIC_4.1,3545,438,129,12,7,1,586,0.1681862693883262,True,True,False,True,False,True,0.6130682402734853
NORW_ARTIC_4.1,5619,340,234,10,4,1,588,0.4205579780193949,True,True,False,False,False,True,0.9407509419655216
NORW_ARTIC_4.1,7674,130,353,1,10,1,494,0.3025310011269817,True,True,False,True,False,True,0.8161190628827082
NORW_ARTIC_4.1,9974,935,649,15,11,1,1610,1.0,True,False,False,False,False,True,1.0
NORW_ARTIC_4.1,10846,86,35,0,0,1,121,1.0,True,True,True,True,False,True,1.0
NORW_ARTIC_4.1,11210,288,349,3,8,1,648,0.3608149410047148,True,True,False,True,False,True,0.8817061254508936
NORW_ARTIC_4.1,13994,144,495,4,14,1,657,1.0,True,True,False,True,False,True,1.0
NORW_ARTIC_4.1,17492,666,497,13,9,1,1185,1.0,True,False,False,False,False,True,1.0
NORW_ARTIC_4.1,18495,407,634,5,8,1,1054,1.0,True,False,False,False,False,True,1.0
NORW_ARTIC_4.1,21257,66,317,3,7,1,393,0.38992472642505305,True,True,False,True,False,True,0.9155532212530607
NORW_ARTIC_4.1,26298,358,1812,4,15,1,2189,0.5393737062408672,True,False,False,True,False,True,1.0
NORW_ARTIC_4.1,27298,283,153,6,3,1,445,1.0,True,True,False,True,False,True,1.0
NORW_ARTIC_4.1,28106,394,143,1,0,1,538,1.0,True,True,True,True,False,True,1.0
NORW_ARTIC_4.1,4855,814,2425,7,10,1,3256,0.15835572951776666,True,False,False,True,False,True,0.5922780887858827
NORW_ARTIC_4.1,8609,238,1202,2,9,1,1451,0.7014444949565357,True,False,False,True,False,True,1.0
NORW_ARTIC_4.1,9961,2470,1392,14,16,1,3892,0.0569747990726667,True,False,False,False,False,True,0.28960780656224944
NORW_ARTIC_4.1,10750,324,1298,1,14,1,1637,0.32877475989474253,True,False,False,True,False,True,0.8471087718637184
NORW_ARTIC_4.1,11654,949,5113,11,62,2,6135,1.0,True,False,False,False,False,True,1.0
NORW_ARTIC_4.1,15639,5375,649,21,3,1,6048,0.7388646686125829,True,False,False,True,False,True,1.0
NORW_ARTIC_4.1,15703,3712,1046,20,5,1,4783,1.0,True,False,False,False,False,True,1.0
NORW_ARTIC_4.1,15715,2282,1188,11,7,1,3488,0.803911525761884,True,False,False,False,False,True,1.0
NORW_ARTIC_4.1,16744,2491,1094,3,1,1,3589,1.0,True,False,False,True,False,True,1.0
NORW_ARTIC_4.1,18369,2334,637,29,10,1,3010,0.5556342278534987,True,False,False,False,False,True,1.0
NORW_ARTIC_4.1,18431,1411,1228,0,1,1,2640,0.465530303030303,True,False,True,True,False,True,0.9760751641259597
NORW_ARTIC_4.1,20528,2956,593,15,7,1,3571,0.07943606690413872,True,False,False,True,False,True,0.37589497957676693
NORW_ARTIC_4.1,20954,12,48,2,2,1,64,0.20566719548739645,True,True,False,True,False,True,0.6728930107511525
NORW_ARTIC_4.1,25652,157,438,2,9,1,606,0.7363745270439339,True,True,False,True,False,True,1.0
NORW_ARTIC_4.1,26543,2028,5030,12,30,1,7100,1.0,True,False,False,False,False,True,1.0
NORW_ARTIC_4.1,26571,387,3666,4,60,1,4117,0.5181431996649393,True,False,False,False,False,True,0.9963596575664452
NORW_ARTIC_4.1,27400,290,1005,0,0,1,1295,1.0,True,False,True,True,False,True,1.0
NORW_ARTIC_4.1,5649,3326,1036,18,6,1,4386,0.813733292142242,True,False,False,False,False,True,1.0
NORW_ARTIC_4.1,7712,1460,2284,24,46,1,3814,0.45972482415795735,True,False,False,False,False,True,0.9698382066287943
NORW_ARTIC_4.1,10078,510,4439,12,144,2,5105,0.34745998553672974,True,False,False,False,False,True,0.8594772991794171
NORW_ARTIC_4.1,11124,3034,662,30,5,1,3731,0.8239806902739325,True,False,False,False,False,True,1.0
NORW_ARTIC_4.1,23230,256,1134,365,25,1,1780,6.021581811186417e-173,True,False,False,False,False,True,1.1461077380624813e-170
NORW_ARTIC_4.1,24820,1354,1021,18,2,1,2395,0.002434133754377387,True,False,False,False,False,True,0.021058945056810423
NORW_ARTIC_4.1,3003,483,326,0,1,1,810,0.40370370370370373,True,True,True,True,False,True,0.9357840926176516
NORW_ARTIC_4.1,4622,163,1398,4,40,1,1605,1.0,True,False,False,True,False,True,1.0
NORW_ARTIC_4.1,5025,2805,323,42,4,1,3174,1.0,True,False,False,True,False,True,1.0
NORW_ARTIC_4.1,5621,3099,1645,242,99,1,5085,0.033628704617540514,True,False,False,False,False,True,0.1955119275155137
NORW_ARTIC_4.1,10323,636,1040,12,16,1,1704,0.6952502564553757,True,False,False,False,False,True,1.0
NORW_ARTIC_4.1,13863,2190,398,13,1,1,2602,0.7089615271294294,True,False,False,True,False,True,1.0
NORW_ARTIC_4.1,21597,1797,2124,35,79,1,4035,0.0015362458832410193,True,False,False,False,False,True,0.014224806475631709
NORW_ARTIC_4.1,26114,2586,476,2,0,1,3064,1.0,True,False,True,True,False,True,1.0
NORW_ARTIC_4.1,26542,1222,2533,4,19,1,3778,0.17835709342327677,True,False,False,False,False,True,0.627362835798918
NORW_ARTIC_4.1,28818,135,866,2,28,1,1031,0.41338766774213276,True,False,False,True,False,True,0.9375667283685608
NORW_ARTIC_4.1,445,913,210,35,9,1,1167,0.6982001381583405,True,False,False,False,False,True,1.0
NORW_ARTIC_4.1,578,228,959,7,17,1,1211,0.2925709757850132,True,False,False,True,False,True,0.8075891934340177
NORW_ARTIC_4.1,625,174,941,3,19,1,1137,1.0,True,False,False,True,False,True,1.0
NORW_ARTIC_4.1,787,435,103,18,3,1,559,0.7788748178110914,True,True,False,True,False,True,1.0
NORW_ARTIC_4.1,823,331,300,10,11,2,652,0.6654980309706986,True,True,False,False,False,True,1.0
NORW_ARTIC_4.1,1670,960,197,25,7,1,1189,0.4754754100972163,True,False,False,False,False,True,0.9771259629579897
NORW_ARTIC_4.1,1719,389,416,11,7,1,823,0.3436900063277795,True,True,False,False,False,True,0.8569737712365157
NORW_ARTIC_4.1,1961,2643,715,168,47,1,3573,0.8636258546334425,True,False,False,False,False,True,1.0
NORW_ARTIC_4.1,2038,717,1276,36,47,1,2076,0.19959686489233774,True,False,False,False,False,True,0.6639018049719895
NORW_ARTIC_4.1,2791,206,1236,11,104,1,1557,0.20662097119387404,True,False,False,False,False,True,0.6728930107511525
NORW_ARTIC_4.1,3247,1471,551,25,10,1,2057,0.8493504693768295,True,False,False,False,False,True,1.0
NORW_ARTIC_4.1,3598,428,583,35,42,1,1088,0.6331426322227663,True,False,False,False,False,True,1.0
NORW_ARTIC_4.1,4057,143,40,6,1,1,190,1.0,True,True,False,True,False,True,1.0
NORW_ARTIC_4.1,4342,210,115,16,2,1,343,0.04005068836615351,True,True,False,False,False,True,0.21989368324109285
NORW_ARTIC_4.1,4399,261,79,7,1,1,348,0.6875565744317473,True,True,False,True,False,True,1.0
NORW_ARTIC_4.1,4854,1207,2461,34,73,1,3775,0.8355064482869343,True,False,False,False,False,True,1.0
NORW_ARTIC_4.1,5390,1156,359,12,3,1,1530,1.0,True,False,False,True,False,True,1.0
NORW_ARTIC_4.1,5411,672,423,37,25,1,1157,0.7901064673283194,True,False,False,False,False,True,1.0
NORW_ARTIC_4.1,5767,619,866,14,17,1,1516,0.7159026106236894,True,False,False,False,False,True,1.0
NORW_ARTIC_4.1,5784,603,1355,13,25,1,1996,0.7230833688998801,True,False,False,False,False,True,1.0
NORW_ARTIC_4.1,5918,337,1143,4,30,1,1514,0.14922652761905147,True,False,False,False,False,True,0.5699080430833549
NORW_ARTIC_4.1,7551,1715,684,94,48,1,2541,0.18231886554926635,True,False,False,False,False,True,0.6347809282233603
NORW_ARTIC_4.1,7723,445,1738,15,96,1,2294,0.08837679309237387,True,False,False,False,False,True,0.41054863808137804
NORW_ARTIC_4.1,8608,79,357,6,21,1,463,0.608607077978022,True,True,False,True,False,True,1.0
NORW_ARTIC_4.1,10138,759,909,7,76,1,1751,8.238030939188744e-13,True,False,False,False,False,True,2.1381434846712604e-11
NORW_ARTIC_4.1,11230,823,1211,57,77,1,2168,0.6504438274517528,True,False,False,False,False,True,1.0
NORW_ARTIC_4.1,11502,507,689,25,23,1,1244,0.18479362559466067,True,False,False,False,False,True,0.6369245083373315
NORW_ARTIC_4.1,12375,1009,217,13,3,1,1242,1.0,True,False,False,True,False,True,1.0
NORW_ARTIC_4.1,12391,959,260,58,19,1,1296,0.476611926363643,True,False,False,False,False,True,0.9771259629579897
NORW_ARTIC_4.1,12395,808,318,22,7,1,1155,0.8344492671594831,True,False,False,False,False,True,1.0
NORW_ARTIC_4.1,12811,142,939,1,24,1,1106,0.23700834045464847,True,False,False,True,False,True,0.7198497999978951
NORW_ARTIC_4.1,12859,2447,1189,143,28,1,3807,3.1732316548359824e-06,True,False,False,False,False,True,4.606564258249184e-05
NORW_ARTIC_4.1,12932,5679,1537,121,38,2,7375,0.43400314790008043,True,False,False,False,False,True,0.9492321604845886
NORW_ARTIC_4.1,12988,4616,1423,198,42,1,6279,0.02925377383326417,True,False,False,False,False,True,0.17707319638297356
NORW_ARTIC_4.1,13000,3584,1441,112,57,1,5194,0.1670419996078576,True,False,False,False,False,True,0.6127257929941329
NORW_ARTIC_4.1,13114,830,4042,27,160,1,5059,0.4263191434545554,True,False,False,False,False,True,0.9468444597127567
NORW_ARTIC_4.1,13142,757,3777,19,127,1,4680,0.2599893265415467,True,False,False,False,False,True,0.7561319462914593
NORW_ARTIC_4.1,13373,653,2493,16,50,2,3212,0.5394440330350692,True,False,False,False,False,True,1.0
NORW_ARTIC_4.1,14019,159,917,9,53,1,1138,1.0,True,False,False,False,False,True,1.0
NORW_ARTIC_4.1,14290,107,187,7,10,1,311,0.7967503855064415,True,True,False,False,False,True,1.0
NORW_ARTIC_4.1,14731,566,122,14,4,1,706,0.5438211922978748,True,True,False,True,False,True,1.0
NORW_ARTIC_4.1,14865,401,485,10,14,1,910,0.8364563019081261,True,True,False,False,False,True,1.0
NORW_ARTIC_4.1,14874,392,586,13,19,1,1010,1.0,True,False,False,False,False,True,1.0
NORW_ARTIC_4.1,15571,2482,181,126,2,1,2791,0.015740596475669267,True,False,False,False,False,True,0.1053267256360213
NORW_ARTIC_4.1,16913,1180,1222,16,19,1,2437,0.7355751976406995,True,False,False,False,False,True,1.0
NORW_ARTIC_4.1,17580,645,2496,11,36,1,3188,0.5887841784761337,True,False,False,False,False,True,1.0
NORW_ARTIC_4.1,18290,612,130,16,1,1,759,0.3319054739493426,True,True,False,True,False,True,0.8502183160052676
NORW_ARTIC_4.1,18357,752,198,28,8,1,986,0.8351509483195068,True,True,False,False,False,True,1.0
NORW_ARTIC_4.1,18546,221,771,12,29,1,1033,0.3389953939472258,True,False,False,False,False,True,0.8502183160052676
NORW_ARTIC_4.1,18802,5,9,1,3,1,18,1.0,True,True,False,True,False,True,1.0
NORW_ARTIC_4.1,19132,610,2110,103,198,1,3021,1.1395700343719295e-05,True,False,False,False,False,True,0.00015319360789656144
NORW_ARTIC_4.1,19207,362,1963,67,169,1,2561,2.390390115751366e-06,True,False,False,False,False,True,3.529946783001801e-05
NORW_ARTIC_4.1,19309,10,3,8,0,1,21,0.2571428571428571,True,True,True,True,False,True,0.7495539269220534
NORW_ARTIC_4.1,19374,91,58,0,0,1,149,1.0,True,True,True,True,False,True,1.0
NORW_ARTIC_4.1,20131,2076,830,40,3,1,2949,0.0009299744780025415,True,False,False,False,False,True,0.00917868306384191
NORW_ARTIC_4.1,20274,1192,892,58,40,1,2182,0.75432290714649,True,False,False,False,False,True,1.0
NORW_ARTIC_4.1,21046,561,107,16,1,1,685,0.4958267034697031,True,True,False,True,False,True,0.9834059147733113
NORW_ARTIC_4.1,21277,56,518,4,8,1,586,0.02628759115015079,True,True,False,True,False,True,0.1619807325187349
NORW_ARTIC_4.1,21369,268,235,16,2,1,521,0.002875814154562317,True,True,False,False,False,True,0.024148380621398277
NORW_ARTIC_4.1,21372,270,190,14,4,1,478,0.142252098204547,True,True,False,False,False,True,0.5515785904979177
NORW_ARTIC_4.1,22017,145,46,8,3,1,202,0.7299920553906262,True,True,False,True,False,True,1.0
NORW_ARTIC_4.1,22641,40,108,2,6,1,156,1.0,True,True,False,True,False,True,1.0
NORW_ARTIC_4.1,23478,397,966,10,40,1,1413,0.20306416943631317,True,False,False,False,False,True,0.6702291372724556
NORW_ARTIC_4.1,24038,216,153,11,8,1,388,1.0,True,True,False,False,False,True,1.0
NORW_ARTIC_4.1,24178,106,430,4,21,1,561,0.7996571947609479,True,True,False,True,False,True,1.0
NORW_ARTIC_4.1,24867,704,369,38,16,1,1127,0.557131012751571,True,False,False,False,False,True,1.0
NORW_ARTIC_4.1,25186,327,74,34,6,1,441,0.6731471332241347,True,True,False,False,False,True,1.0
NORW_ARTIC_4.1,25595,113,436,3,16,1,568,0.7770601121251326,True,True,False,True,False,True,1.0
NORW_ARTIC_4.1,26050,2255,225,79,6,1,2565,0.6991729198819304,True,False,False,False,False,True,1.0
NORW_ARTIC_4.1,26512,453,778,29,33,1,1293,0.13808501882174537,True,False,False,False,False,True,0.5425221037652519
NORW_ARTIC_4.1,27549,306,53,4,5,1,368,0.0062876787177772895,True,True,False,True,False,True,0.04873662282150451
NORW_ARTIC_4.1,27586,317,88,13,4,1,422,0.7715139489763672,True,True,False,True,False,True,1.0
NORW_ARTIC_4.1,27838,2672,758,70,21,1,3521,0.798808253781309,True,False,False,False,False,True,1.0
NORW_ARTIC_4.1,28191,411,412,21,10,1,854,0.06628133599087938,True,True,False,False,False,True,0.32347557992130016
NORW_ARTIC_4.1,28234,1744,689,23,4,1,2460,0.13653600562680876,True,False,False,False,False,True,0.5389082434071968
NORW_ARTIC_4.1,28252,1875,1008,38,6,1,2927,0.0022266803298579716,True,False,False,False,False,True,0.019560530282290798
NORW_ARTIC_4.1,28378,1690,1507,23,15,1,3235,0.4146074588420924,True,False,False,False,False,True,0.9375667283685608
NORW_ARTIC_4.1,28602,612,146,20,5,1,783,1.0,True,True,False,True,False,True,1.0
NORW_ARTIC_4.1,28793,117,673,3,21,1,814,1.0,True,True,False,True,False,True,1.0
NORW_ARTIC_4.1,29024,288,357,9,4,1,658,0.0944275587048226,True,True,False,False,False,True,0.4216361802604662
NORW_ARTIC_4.1,29036,268,374,20,20,1,682,0.3253205846949623,True,True,False,False,False,True,0.8469212182104413
NORW_ARTIC_4.1,29179,1184,592,28,2,1,1806,0.001259461120217216,True,False,False,False,False,True,0.011919651375315421
NORW_ARTIC_4.1,29260,4410,804,57,7,2,5278,0.3861496656422795,True,False,False,False,False,True,0.9113803705265503
NORW_ARTIC_4.1,29543,451,94,10,3,1,558,0.48086233903887055,True,True,False,True,False,True,0.9771259629579897
NORW_ARTIC_4.1,4745,4943,1193,17,8,1,6161,0.12745771574394305,True,False,False,True,False,True,0.5113233420828441
NORW_ARTIC_4.1,15720,6811,3538,31,24,1,10404,0.15456515111725871,True,False,False,False,False,True,0.5852514566914033
NORW_ARTIC_4.1,20544,5399,1793,11,5,1,7208,0.5659460712357609,True,False,False,True,False,True,1.0
NORW_ARTIC_4.1,23444,3572,3659,0,1,1,7232,1.0,True,False,True,True,False,True,1.0
NORW_ARTIC_4.1,29449,391,2805,26,216,1,3438,0.5411592527727147,True,False,False,False,False,True,1.0
NORW_ARTIC_4.1,409,2593,470,25,7,1,3095,0.32190698675076623,True,False,False,True,False,True,0.8431600432783831
NORW_ARTIC_4.1,959,596,308,4,12,1,920,0.0011136729180398453,True,True,False,False,False,True,0.010778088749165284
NORW_ARTIC_4.1,1147,1130,924,19,14,1,2087,0.8607283665256615,True,False,False,False,False,True,1.0
NORW_ARTIC_4.1,1572,1467,272,16,2,1,1757,1.0,True,False,False,True,False,True,1.0
NORW_ARTIC_4.1,3201,1272,275,26,3,1,1576,0.4588386118233996,True,False,False,False,False,True,0.9698382066287943
NORW_ARTIC_4.1,3251,869,442,29,12,1,1352,0.6174365511885616,True,False,False,False,False,True,1.0
NORW_ARTIC_4.1,3942,2,4,2,2,1,10,1.0,True,True,False,True,False,True,1.0
NORW_ARTIC_4.1,4495,51,98,3,5,1,157,1.0,True,True,False,True,False,True,1.0
NORW_ARTIC_4.1,4761,3114,1062,52,8,1,4236,0.035176782399921364,True,False,False,False,False,True,0.19904387609709895
NORW_ARTIC_4.1,4827,1928,2408,22,23,1,4381,0.551115654079686,True,False,False,False,False,True,1.0
NORW_ARTIC_4.1,5175,237,808,2,18,1,1065,0.2773524591147942,True,False,False,True,False,True,0.7840012581908292
NORW_ARTIC_4.1,9995,952,1049,21,25,1,2047,0.8816437906702093,True,False,False,False,False,True,1.0
NORW_ARTIC_4.1,10153,1428,616,23,2,1,2069,0.014448684810274122,True,False,False,False,False,True,0.09900238831999829
NORW_ARTIC_4.1,10717,122,766,4,10,1,902,0.11866975894852336,True,True,False,True,False,True,0.49503593701932475
NORW_ARTIC_4.1,12908,6389,1102,64,7,2,7562,0.31217489324308023,True,False,False,False,False,True,0.8252401113046242
NORW_ARTIC_4.1,13829,2685,555,25,3,1,3268,0.45929332868935824,True,False,False,True,False,True,0.9698382066287943
NORW_ARTIC_4.1,13906,2996,1126,29,10,1,4161,1.0,True,False,False,False,False,True,1.0
NORW_ARTIC_4.1,13952,905,1743,6,21,1,2675,0.2250949891285579,True,False,False,False,False,True,0.7022128976411318
NORW_ARTIC_4.1,15690,10952,2534,109,28,1,13623,0.5844893215486897,True,False,False,False,False,True,1.0
NORW_ARTIC_4.1,15946,1036,193,10,3,1,1242,0.44367349670169864,True,False,False,True,False,True,0.9562277018481723
NORW_ARTIC_4.1,16632,335,637,4,9,1,985,1.0,True,True,False,True,False,True,1.0
NORW_ARTIC_4.1,17597,875,3836,9,31,1,4751,0.5397321228157771,True,False,False,False,False,True,1.0
NORW_ARTIC_4.1,18305,675,116,14,2,1,807,1.0,True,True,False,True,False,True,1.0
NORW_ARTIC_4.1,19009,2017,476,1,0,1,2494,1.0,True,False,True,True,False,True,1.0
NORW_ARTIC_4.1,19751,268,908,4,12,1,1192,0.769413008365228,True,False,False,True,False,True,1.0
NORW_ARTIC_4.1,19891,1470,233,23,4,1,1730,0.779756689444278,True,False,False,True,False,True,1.0
NORW_ARTIC_4.1,19911,1854,447,16,2,1,2319,0.5522643366735602,True,False,False,True,False,True,1.0
NORW_ARTIC_4.1,20009,1322,737,15,8,1,2082,1.0,True,False,False,False,False,True,1.0
NORW_ARTIC_4.1,20622,1375,3724,18,36,1,5153,0.28474153575220906,True,False,False,False,False,True,0.795696983268408
NORW_ARTIC_4.1,20627,1312,3530,9,42,1,4893,0.15394630499047787,True,False,False,False,False,True,0.5852514566914033
NORW_ARTIC_4.1,23268,2366,559,23,3,1,2951,0.453928462235313,True,False,False,True,False,True,0.9659372121852065
NORW_ARTIC_4.1,24185,589,1163,6,14,1,1772,0.816209461879077,True,False,False,False,False,True,1.0
NORW_ARTIC_4.1,26027,1629,129,16,0,1,1774,0.6236422320409332,True,False,True,True,False,True,1.0
NORW_ARTIC_4.1,26410,1756,1119,39,26,1,2940,0.8979110723673174,True,False,False,False,False,True,1.0
NORW_ARTIC_4.1,26738,390,273,9,7,1,679,1.0,True,True,False,False,False,True,1.0
NORW_ARTIC_4.1,27382,248,434,4,9,1,695,0.7781287489296286,True,True,False,True,False,True,1.0
NORW_ARTIC_4.1,27383,251,440,4,9,1,704,0.7782602434147051,True,True,False,True,False,True,1.0
NORW_ARTIC_4.1,27729,1356,1419,6,18,1,2799,0.023224430818488136,True,False,False,False,False,True,0.14626268379437565
NORW_ARTIC_4.1,28063,2128,1332,24,10,1,3494,0.3757366366606011,True,False,False,False,False,True,0.9014521829126186
NORW_ARTIC_4.1,29272,3200,698,18,5,1,3921,0.5886603697529547,True,False,False,True,False,True,1.0
NORW_ARTIC_4.1,4112,60,24,0,0,1,84,1.0,True,True,True,True,False,True,1.0
NORW_ARTIC_4.1,4205,27,37,2,3,1,69,1.0,True,True,False,True,False,True,1.0
NORW_ARTIC_4.1,9605,55,25,2,2,1,84,0.5905573513566461,True,True,False,True,False,True,1.0
NORW_ARTIC_4.1,10235,1433,301,27,7,1,1768,0.6468855475900966,True,False,False,False,False,True,1.0
NORW_ARTIC_4.1,12564,2127,309,21,1,1,2458,0.3479115422165767,True,False,False,True,False,True,0.8594772991794171
NORW_ARTIC_4.1,12782,390,2558,5,42,1,2995,0.8273928082587796,True,False,False,False,False,True,1.0
NORW_ARTIC_4.1,14767,289,95,15,3,1,402,0.5798336870376151,True,True,False,True,False,True,1.0
NORW_ARTIC_4.1,15559,2945,105,108,10,1,3168,0.009593246585036899,True,False,False,True,False,True,0.06941852767894136
NORW_ARTIC_4.1,15867,1975,11880,10,55,2,13920,0.7240809740158082,True,False,False,False,False,True,1.0
NORW_ARTIC_4.1,16208,470,312,12,1,1,795,0.019984628115154335,True,True,False,False,False,True,0.12869799985435856
NORW_ARTIC_4.1,18363,1282,309,27,11,1,1629,0.14938045028863184,True,False,False,False,False,True,0.5699080430833549
NORW_ARTIC_4.1,19087,550,381,23,17,1,971,0.8704906436827028,True,True,False,False,False,True,1.0
NORW_ARTIC_4.1,20340,676,1594,18,31,2,2319,0.34363075534906407,True,False,False,False,False,True,0.8569737712365157
NORW_ARTIC_4.1,24355,214,126,3,4,1,347,0.4319198045733767,True,True,False,True,False,True,0.9492321604845886
NORW_ARTIC_4.1,28306,2177,1883,7,32,1,4099,6.621030595790312e-06,True,False,False,False,False,True,9.183175303621845e-05
NORW_ARTIC_4.1,28429,588,1109,16,25,1,1738,0.6190879077835842,True,False,False,False,False,True,1.0
NORW_ARTIC_4.1,28642,842,208,25,3,1,1078,0.33389453756046295,True,False,False,False,False,True,0.8502183160052676
NORW_ARTIC_4.1,28825,90,653,1,19,1,763,0.49596003984268844,True,True,False,True,False,True,0.9834059147733113
NORW_ARTIC_4.1,29191,1014,251,7,4,1,1276,0.2450756011283452,True,False,False,True,False,True,0.7350977044763467
NORW_ARTIC_4.1,4891,386,1529,1,2,1,1918,0.49159725533406556,True,False,False,True,False,True,0.9791931376595979
NORW_ARTIC_4.1,5822,737,4709,1,6,1,5453,1.0,True,False,False,True,False,True,1.0
NORW_ARTIC_4.1,21781,767,2369,50,156,1,3342,1.0,True,False,False,False,False,True,1.0
NORW_ARTIC_4.1,1093,419,93,0,0,1,512,1.0,True,True,True,True,False,True,1.0
NORW_ARTIC_4.1,1914,74,157,0,0,1,231,1.0,True,True,True,True,False,True,1.0
NORW_ARTIC_4.1,4156,41,21,2,2,1,66,0.6061674436674437,True,True,False,True,False,True,1.0
NORW_ARTIC_4.1,4715,622,97,8,3,1,730,0.18154432443377738,True,True,False,True,False,True,0.634374313239295
NORW_ARTIC_4.1,10299,182,157,7,6,1,352,1.0,True,True,False,False,False,True,1.0
NORW_ARTIC_4.1,10464,48,468,1,14,1,531,1.0,True,True,False,True,False,True,1.0
NORW_ARTIC_4.1,11112,19,7,0,0,1,26,1.0,True,True,True,True,False,True,1.0
NORW_ARTIC_4.1,12741,188,554,8,38,1,788,0.2916413812075591,True,True,False,False,False,True,0.8070786526794003
NORW_ARTIC_4.1,14035,4,42,0,9,1,55,1.0,True,True,True,True,False,True,1.0
NORW_ARTIC_4.1,18699,40,12,6,2,1,60,1.0,True,True,False,True,False,True,1.0
NORW_ARTIC_4.1,29069,11,41,2,3,1,57,0.3191548052521241,True,True,False,True,False,True,0.8398036580597367
NORW_ARTIC_4.1,29455,47,461,1,13,1,522,1.0,True,True,False,True,False,True,1.0
NORW_ARTIC_4.1,1595,974,220,1,0,1,1195,1.0,True,False,True,True,False,True,1.0
NORW_ARTIC_4.1,8327,3,5,5,0,1,13,0.07536907536907538,True,True,True,True,False,True,0.3596301562875379
NORW_ARTIC_4.1,8523,8,11,2,2,1,23,1.0,True,True,False,True,False,True,1.0
NORW_ARTIC_4.1,10081,95,564,16,93,1,768,1.0,True,True,False,False,False,True,1.0
NORW_ARTIC_4.1,14846,144,133,9,12,1,298,0.49974579069740943,True,True,False,False,False,True,0.9851145448385068
NORW_ARTIC_4.1,16167,322,194,13,3,1,532,0.18757468898618318,True,True,False,False,False,True,0.6383586919423448
NORW_ARTIC_4.1,17543,381,614,33,44,1,1072,0.46652375517142397,True,False,False,False,False,True,0.9768573827358951
NORW_ARTIC_4.1,17563,365,1241,25,67,1,1698,0.3107558193208784,True,False,False,False,False,True,0.8239505084974253
NORW_ARTIC_4.1,18502,109,434,3,8,1,554,0.4711284624086586,True,True,False,True,False,True,0.9770497047288524
NORW_ARTIC_4.1,18543,72,376,5,11,1,464,0.1600458613105915,True,True,False,True,False,True,0.5959968704892246
NORW_ARTIC_4.1,21066,77,14,4,1,1,96,0.5808263665190848,True,True,False,True,False,True,1.0
NORW_ARTIC_4.1,23488,358,1132,13,63,1,1566,0.21239808786132433,True,False,False,False,False,True,0.6800708869279413
NORW_ARTIC_4.1,24624,298,533,68,125,1,1024,0.9335874357200031,True,False,False,False,False,True,1.0
NORW_ARTIC_4.1,24651,265,712,11,47,1,1035,0.22087701940240306,True,False,False,False,False,True,0.6956898406551125
NORW_ARTIC_4.1,28567,492,832,60,144,1,1528,0.03444292820728845,True,False,False,False,False,True,0.1979890470439098
NORW_ARTIC_4.1,29226,628,90,67,8,1,793,0.8533477745546288,True,True,False,False,False,True,1.0
NORW_ARTIC_4.1,10432,90,93,3,2,1,188,0.6807703425350484,True,True,False,True,False,True,1.0
NORW_ARTIC_4.1,16936,53,37,2,2,1,94,1.0,True,True,False,True,False,True,1.0
NORW_ARTIC_4.1,17439,71,26,0,0,1,97,1.0,True,True,True,True,False,True,1.0
NORW_ARTIC_4.1,18343,156,27,48,6,1,237,0.6554035953628423,True,True,False,False,False,True,1.0
NORW_ARTIC_4.1,21577,66,28,42,41,1,177,0.00886240961424523,True,True,False,False,False,True,0.06543667098794
NORW_ARTIC_4.1,23294,45,24,18,2,1,89,0.04841740190139615,True,True,False,False,False,True,0.25677711906220313
NORW_ARTIC_4.1,23419,81,51,3,2,1,137,1.0,True,True,False,True,False,True,1.0
NORW_ARTIC_4.1,25014,4,15,2,2,1,23,0.27046866177300954,True,True,False,True,False,True,0.7731403938517969
NORW_ARTIC_4.1,477,673,252,25,9,1,959,1.0,True,True,False,False,False,True,1.0
NORW_ARTIC_4.1,4682,785,107,14,2,1,908,1.0,True,True,False,True,False,True,1.0
NORW_ARTIC_4.1,4880,273,816,5,17,1,1111,1.0,True,False,False,False,False,True,1.0
NORW_ARTIC_4.1,5300,985,286,17,3,1,1291,0.5913443344016059,True,False,False,True,False,True,1.0
NORW_ARTIC_4.1,5736,270,199,4,4,1,477,0.728025947012086,True,True,False,True,False,True,1.0
NORW_ARTIC_4.1,15071,156,35,4,2,1,197,0.31431820599125965,True,True,False,True,False,True,0.8296257116533556
NORW_ARTIC_4.1,15889,335,3034,5,51,1,3425,1.0,True,False,False,False,False,True,1.0
NORW_ARTIC_4.1,18545,90,289,4,21,1,404,0.46989520337091506,True,True,False,False,False,True,0.9768573827358951
NORW_ARTIC_4.1,20005,566,322,24,7,1,919,0.13093847175423282,True,True,False,False,False,True,0.5204120698723916
NORW_ARTIC_4.1,20084,205,914,3,11,1,1133,0.7299393350450514,True,False,False,True,False,True,1.0
NORW_ARTIC_4.1,20402,301,226,2,11,1,540,0.003433808513744615,True,True,False,False,False,True,0.028144086048059933
NORW_ARTIC_4.1,20467,777,226,16,1,1,1020,0.14104950959776416,True,False,False,True,False,True,0.5515785904979177
NORW_ARTIC_4.1,21135,233,53,0,0,1,286,1.0,True,True,True,True,False,True,1.0
NORW_ARTIC_4.1,21472,62,30,3,2,1,97,1.0,True,True,False,True,False,True,1.0
NORW_ARTIC_4.1,24596,426,387,8,8,1,829,1.0,True,True,False,False,False,True,1.0
NORW_ARTIC_4.1,24656,230,617,8,15,1,870,0.47683617744752554,True,True,False,False,False,True,0.9771259629579897
NORW_ARTIC_4.1,28625,567,138,9,4,1,718,0.29998523161826296,True,True,False,True,False,True,0.8118083756115079
NORW_ARTIC_4.1,1605,1151,737,1,2,1,1891,0.5645801690106733,True,False,False,True,False,True,1.0
NORW_ARTIC_4.1,5531,410,1590,0,0,1,2000,1.0,True,False,True,True,False,True,1.0
NORW_ARTIC_4.1,3909,24,73,0,0,1,97,1.0,True,True,True,True,False,True,1.0
NORW_ARTIC_4.1,8293,24,133,0,0,1,157,1.0,True,True,True,True,False,True,1.0
NORW_ARTIC_4.1,1050,1568,268,11,3,1,1850,0.44550717748055263,True,False,False,True,False,True,0.9562277018481723
NORW_ARTIC_4.1,1216,457,1610,10,37,1,2114,1.0,True,False,False,False,False,True,1.0
NORW_ARTIC_4.1,2514,1896,732,23,1,1,2652,0.0094533429856531,True,False,False,False,False,True,0.06911004083523019
NORW_ARTIC_4.1,11416,3844,869,5,0,1,4718,0.5918353988738492,True,False,True,True,False,True,1.0
NORW_ARTIC_4.1,19653,2074,1228,274,151,1,3727,0.5221783139360983,True,False,False,False,False,True,0.9994317896899847
NORW_ARTIC_4.1,21304,228,1687,3,16,1,1934,0.4885599557593406,True,False,False,True,False,True,0.9781313353203134
NORW_ARTIC_4.1,21305,227,1683,4,19,1,1933,0.34472888932569806,True,False,False,True,False,True,0.858314807289129
NORW_ARTIC_4.1,25916,79,390,3,21,1,493,0.7807361103210189,True,True,False,True,False,True,1.0
NORW_ARTIC_4.1,25926,73,406,3,4,1,486,0.08041273290452933,True,True,False,True,False,True,0.37946835114451444
NORW_ARTIC_4.1,27669,526,1056,7,8,1,1597,0.28093156912392137,True,False,False,False,False,True,0.7911162096244643
NORW_ARTIC_4.1,29635,588,217,0,0,1,805,1.0,True,True,True,True,False,True,1.0
NORW_ARTIC_4.1,5812,806,3929,3,9,1,4747,0.4418361610266234,True,False,False,True,False,True,0.9562277018481723
NORW_ARTIC_4.1,6783,759,1929,4,11,1,2703,1.0,True,False,False,True,False,True,1.0
NORW_ARTIC_4.1,6796,723,1854,27,63,1,2667,0.7206086431058065,True,False,False,False,False,True,1.0
NORW_ARTIC_4.1,13815,3085,507,17,2,1,3611,1.0,True,False,False,True,False,True,1.0
NORW_ARTIC_4.1,16726,3061,1551,136,45,1,4793,0.015621630768758698,True,False,False,False,False,True,0.10494060198777902
NORW_ARTIC_4.1,23863,249,13,8,0,1,270,1.0,True,True,True,True,False,True,1.0
NORW_ARTIC_4.1,25572,274,467,3,4,1,748,0.7139911097993056,True,True,False,True,False,True,1.0
NORW_ARTIC_4.1,25573,273,471,0,0,1,744,1.0,True,True,True,True,False,True,1.0
NORW_ARTIC_4.1,25574,274,479,1,1,1,755,1.0,True,True,False,True,False,True,1.0
NORW_ARTIC_4.1,27362,791,1088,8,5,1,1892,0.1702996041043935,True,False,False,False,False,True,0.6154498350861309
NORW_ARTIC_4.1,27768,2056,1516,8,9,1,3589,0.4630074960527183,True,False,False,False,False,True,0.9731679027463882
NORW_ARTIC_4.1,2773,607,4479,4,46,1,5136,0.5125211004031796,True,False,False,False,False,True,0.9942793261502226
NORW_ARTIC_4.1,2782,581,4270,1,0,1,4852,0.11995053586150041,True,False,True,True,False,True,0.4987263784726947
NORW_ARTIC_4.1,4764,3308,1070,15,5,1,4398,1.0,True,False,False,True,False,True,1.0
NORW_ARTIC_4.1,5602,4765,2019,33,3,1,6820,0.0030769874728493758,True,False,False,False,False,True,0.02558679388830573
NORW_ARTIC_4.1,5612,5116,1977,26,6,1,7125,0.3239596870525771,True,False,False,False,False,True,0.8454828615257131
NORW_ARTIC_4.1,5799,1728,5747,12,35,1,7522,0.7284645844334204,True,False,False,False,False,True,1.0
NORW_ARTIC_4.1,6914,1553,893,11,11,1,2468,0.26549564822441674,True,False,False,False,False,True,0.7667198328851142
NORW_ARTIC_4.1,9234,298,213,5,3,1,519,1.0,True,True,False,True,False,True,1.0
NORW_ARTIC_4.1,9610,1461,572,9,6,1,2048,0.3862592813790283,True,False,False,True,False,True,0.9113803705265503
NORW_ARTIC_4.1,10190,2058,398,17,4,1,2477,0.7645112694847566,True,False,False,True,False,True,1.0
NORW_ARTIC_4.1,11269,1399,6889,7,39,1,8334,1.0,True,False,False,False,False,True,1.0
NORW_ARTIC_4.1,14725,2209,422,17,8,1,2656,0.049516943098751494,True,False,False,True,False,True,0.2599815266404774
NORW_ARTIC_4.1,18756,222,333,6,3,1,564,0.16800087520020218,True,True,False,True,False,True,0.6130682402734853
NORW_ARTIC_4.1,18964,5898,1081,34,9,1,7022,0.2958124220114885,True,False,False,False,False,True,0.8091617156248233
NORW_ARTIC_4.1,19161,1785,7127,7,56,1,8975,0.08246847607154255,True,False,False,False,False,True,0.3881002733806384
NORW_ARTIC_4.1,19178,1676,7068,6,32,1,8782,0.8358616335466089,True,False,False,False,False,True,1.0
NORW_ARTIC_4.1,20363,1451,8781,3,40,1,10275,0.26894888440495723,True,False,False,False,False,True,0.7730024144055231
NORW_ARTIC_4.1,20699,2656,11046,11,54,2,13767,0.7531276492562494,True,False,False,False,False,True,1.0
NORW_ARTIC_4.1,21540,807,2077,5,24,1,2913,0.29661643310031005,True,False,False,False,False,True,0.8091617156248233
NORW_ARTIC_4.1,22025,2090,419,16,5,1,2530,0.37834708334531636,True,False,False,True,False,True,0.9049562960100012
NORW_ARTIC_4.1,23329,2790,1307,44,28,1,4169,0.2052738994034085,True,False,False,False,False,True,0.6728930107511525
NORW_ARTIC_4.1,25002,1228,3722,28,78,2,5056,0.7332609032903326,True,False,False,False,False,True,1.0
NORW_ARTIC_4.1,25413,1935,1345,1,1,1,3282,1.0,True,False,False,True,False,True,1.0
NORW_ARTIC_4.1,26645,683,566,23,6,1,1278,0.008018650894093239,True,False,False,False,False,True,0.060245390270095255
NORW_ARTIC_4.1,1953,4170,1309,17,7,1,5503,0.630732864127654,True,False,False,False,False,True,1.0
NORW_ARTIC_4.1,2070,581,1755,447,852,1,3635,1.5000873294493275e-09,True,False,False,False,False,True,3.1337190187154854e-08
NORW_ARTIC_4.1,3088,301,712,3,38,1,1054,0.0012075154807223401,True,False,False,False,False,True,0.01149152232487427
NORW_ARTIC_4.1,3231,4228,1219,32,7,1,5486,0.6992019577547925,True,False,False,False,False,True,1.0
NORW_ARTIC_4.1,5163,782,1446,8,7,1,2243,0.17514448001249378,True,False,False,False,False,True,0.6211645843921364
NORW_ARTIC_4.1,9389,203,90,8,5,1,306,0.5507624393857103,True,True,False,True,False,True,1.0
NORW_ARTIC_4.1,9393,205,110,7,5,1,327,0.7594132313382853,True,True,False,True,False,True,1.0
NORW_ARTIC_4.1,20144,4167,2717,18,8,1,6910,0.4257018755575385,True,False,False,False,False,True,0.9468444597127567
NORW_ARTIC_4.1,21261,247,1450,18,144,1,1859,0.28901609771929054,True,False,False,False,False,True,0.8061098592147374
NORW_ARTIC_4.1,25121,924,650,3,11,1,1588,0.0059752306607172715,True,False,False,False,False,True,0.04673776311328167
NORW_ARTIC_4.1,26590,417,770,1,15,1,1203,0.015447881408658319,True,False,False,False,False,True,0.10459375831237827
NORW_ARTIC_4.1,2726,642,1943,14,13,1,2612,0.002828100678056674,True,False,False,False,False,True,0.02396783300158475
NORW_ARTIC_4.1,3757,525,4337,6,42,1,4910,0.6410910253794126,True,False,False,False,False,True,1.0
NORW_ARTIC_4.1,5604,3466,8507,14,81,1,12068,0.0019491336695785953,True,False,False,False,False,True,0.017389926958271528
NORW_ARTIC_4.1,5884,1895,3391,12,53,1,5351,0.0037763390247568043,True,False,False,False,False,True,0.03080413690194479
NORW_ARTIC_4.1,13033,2505,3184,53,70,1,5812,0.8548466625934683,True,False,False,False,False,True,1.0
NORW_ARTIC_4.1,14805,1150,424,8,5,1,1587,0.3548490283693612,True,False,False,True,False,True,0.8708544206256673
NORW_ARTIC_4.1,18593,878,3925,26,25,1,4854,1.588774095538322e-07,True,False,False,False,False,True,2.8952872613373888e-06
NORW_ARTIC_4.1,20401,3356,1931,31,110,1,5428,5.0684017808650944e-23,True,False,False,False,False,True,2.067183869195692e-21
NORW_ARTIC_4.1,20739,1113,7940,5,30,1,9088,0.6120136875283236,True,False,False,True,False,True,1.0
NORW_ARTIC_4.1,27484,4563,1501,71,8,1,6143,0.0015085286034657948,True,False,False,False,False,True,0.014044073357265796
NORW_ARTIC_4.1,29467,1561,5292,8,58,1,6919,0.03864988417406477,True,False,False,False,False,True,0.2149586090590031
NORW_ARTIC_4.1,667,1259,1043,232,69,1,2603,3.286825490389237e-14,True,False,False,False,False,True,9.081180750059295e-13
NORW_ARTIC_4.1,1859,374,1687,14,3,1,2078,2.0130392227509067e-08,True,False,False,True,False,True,3.8745350433396667e-07
NORW_ARTIC_4.1,6988,1174,5033,0,1,1,6208,1.0,True,False,True,True,False,True,1.0
NORW_ARTIC_4.1,12309,3422,1156,3,1,1,4582,1.0,True,False,False,True,False,True,1.0
NORW_ARTIC_4.1,12666,2546,537,0,0,1,3083,1.0,True,False,True,True,False,True,1.0
NORW_ARTIC_4.1,21324,3089,1574,217,52,1,4932,4.651345532979005e-07,True,False,False,False,False,True,7.73568436698353e-06
NORW_ARTIC_4.1,367,641,76,56,1,1,774,0.03474355410982598,True,True,False,False,False,True,0.19838569396710634
NORW_ARTIC_4.1,1981,1107,276,25,6,1,1414,1.0,True,False,False,False,False,True,1.0
NORW_ARTIC_4.1,2517,322,57,8,3,1,390,0.3861622680978018,True,True,False,True,False,True,0.9113803705265503
NORW_ARTIC_4.1,2655,416,236,10,5,1,667,1.0,True,True,False,False,False,True,1.0
NORW_ARTIC_4.1,3174,769,105,25,2,1,901,0.760931540855181,True,True,False,True,False,True,1.0
NORW_ARTIC_4.1,3643,287,770,5,6,1,1068,0.18377617394878007,True,False,False,True,False,True,0.6359769413621419
NORW_ARTIC_4.1,4872,129,396,3,12,1,540,1.0,True,True,False,True,False,True,1.0
NORW_ARTIC_4.1,5189,197,678,13,48,1,936,1.0,True,True,False,False,False,True,1.0
NORW_ARTIC_4.1,11224,276,224,9,2,1,511,0.12275916939277169,True,True,False,True,False,True,0.5051162168301837
NORW_ARTIC_4.1,11305,183,454,3,5,1,645,0.6959688820941414,True,True,False,True,False,True,1.0
NORW_ARTIC_4.1,15667,2013,413,10,3,1,2439,0.4743116539251676,True,False,False,True,False,True,0.9771259629579897
NORW_ARTIC_4.1,17572,441,1861,11,31,1,2344,0.2403759259107423,True,False,False,False,False,True,0.726215098915523
NORW_ARTIC_4.1,18532,236,639,14,48,1,937,0.5524996127494145,True,True,False,False,False,True,1.0
NORW_ARTIC_4.1,21195,67,98,3,5,1,173,1.0,True,True,False,True,False,True,1.0
NORW_ARTIC_4.1,23259,385,96,14,4,1,499,0.7675220119735224,True,True,False,True,False,True,1.0
NORW_ARTIC_4.1,24109,26,137,5,9,1,177,0.07393479914060269,True,True,False,True,False,True,0.35676143923338705
NORW_ARTIC_4.1,26479,178,158,15,10,1,361,0.5391015719270847,True,True,False,False,False,True,1.0
NORW_ARTIC_4.1,28398,1098,1165,30,31,1,2324,1.0,True,False,False,False,False,True,1.0
NORW_ARTIC_4.1,28424,769,1076,38,67,1,1950,0.308470806542511,True,False,False,False,False,True,0.8239505084974253
NORW_ARTIC_4.1,2953,1434,266,14,5,1,1719,0.2050417812312825,True,False,False,True,False,True,0.6728930107511525
NORW_ARTIC_4.1,4662,3510,1287,14,6,1,4817,0.8008067272391867,True,False,False,False,False,True,1.0
NORW_ARTIC_4.1,4669,3635,1004,15,4,1,4658,1.0,True,False,False,True,False,True,1.0
NORW_ARTIC_4.1,6716,794,1367,6,12,1,2179,1.0,True,False,False,False,False,True,1.0
NORW_ARTIC_4.1,7435,3645,302,32,1,1,3980,0.5115923133968329,True,False,False,True,False,True,0.9936027583319441
NORW_ARTIC_4.1,7448,3943,382,16,2,1,4343,0.6698426065398373,True,False,False,True,False,True,1.0
NORW_ARTIC_4.1,9142,387,518,0,2,1,907,0.5102112341829917,True,True,True,True,False,True,0.9931725501766646
NORW_ARTIC_4.1,14591,254,1289,2,22,1,1567,0.40735316896434626,True,False,False,True,False,True,0.9359662395456168
NORW_ARTIC_4.1,15849,1309,9620,3,27,1,10959,1.0,True,False,False,True,False,True,1.0
NORW_ARTIC_4.1,17070,739,5979,4,23,1,6745,0.5316105915033627,True,False,False,True,False,True,1.0
NORW_ARTIC_4.1,20367,917,6022,8,40,1,6987,0.5184277802397879,True,False,False,False,False,True,0.9963596575664452
NORW_ARTIC_4.1,23512,235,2361,26,8,1,2630,2.2450025557361628e-20,True,False,False,True,False,True,8.011852870783431e-19
NORW_ARTIC_4.1,27393,409,1275,6,19,1,1709,1.0,True,False,False,False,False,True,1.0
NORW_ARTIC_4.1,1292,102,1744,1,47,1,1894,0.5153978682202567,True,False,False,True,False,True,0.9963596575664452
NORW_ARTIC_4.1,1791,60,497,2,10,1,569,0.6296692401056097,True,True,False,True,False,True,1.0
NORW_ARTIC_4.1,4579,9,139,0,5,1,153,1.0,True,True,True,True,False,True,1.0
NORW_ARTIC_4.1,4784,902,258,16,3,1,1179,0.7801236431354217,True,False,False,True,False,True,1.0
NORW_ARTIC_4.1,4866,209,1150,8,20,1,1387,0.06621131063824076,True,False,False,True,False,True,0.32347557992130016
NORW_ARTIC_4.1,10258,614,341,31,15,1,1001,0.7535974932789762,True,False,False,False,False,True,1.0
NORW_ARTIC_4.1,11248,87,318,3,8,1,416,0.7099627651688494,True,True,False,True,False,True,1.0
NORW_ARTIC_4.1,11522,452,862,15,28,1,1357,1.0,True,False,False,False,False,True,1.0
NORW_ARTIC_4.1,15579,2457,57,2,0,1,2516,1.0,True,False,True,True,False,True,1.0
NORW_ARTIC_4.1,19917,1032,103,15,1,1,1151,1.0,True,False,False,True,False,True,1.0
NORW_ARTIC_4.1,19982,754,188,17,4,1,963,1.0,True,True,False,True,False,True,1.0
NORW_ARTIC_4.1,20594,94,133,9,8,1,244,0.4466948484885035,True,True,False,False,False,True,0.9562277018481723
NORW_ARTIC_4.1,21904,108,2011,9,113,1,2241,0.29039013798090135,True,False,False,False,False,True,0.8061098592147374
NORW_ARTIC_4.1,24943,52,57,4,1,1,114,0.2023439368572112,True,True,False,True,False,True,0.6691843055666176
NORW_ARTIC_4.1,27228,517,32,11,0,1,560,1.0,True,True,True,True,False,True,1.0
NORW_ARTIC_4.1,27776,771,250,16,9,1,1046,0.23810297118821105,True,False,False,False,False,True,0.7218944949476204
NORW_ARTIC_4.1,419,3628,610,26,5,1,4269,0.7961445500975649,True,False,False,True,False,True,1.0
NORW_ARTIC_4.1,11356,5763,5573,35,40,1,11411,0.48890862212198294,True,False,False,False,False,True,0.9781313353203134
NORW_ARTIC_4.1,12892,4330,1580,9,7,1,5926,0.15476877401121175,True,False,False,True,False,True,0.5852514566914033
NORW_ARTIC_4.1,14940,510,2083,0,0,1,2593,1.0,True,False,True,True,False,True,1.0
NORW_ARTIC_4.1,17445,5306,1117,67,16,1,6506,0.6617997073129902,True,False,False,False,False,True,1.0
NORW_ARTIC_4.1,19746,942,4604,14,84,1,5644,0.5866441590310661,True,False,False,False,False,True,1.0
NORW_ARTIC_4.1,22427,823,741,3,12,1,1579,0.016795246133762622,True,False,False,False,False,True,0.11151262258579603
NORW_ARTIC_4.1,25052,457,2269,3,20,1,2749,0.7850491583193169,True,False,False,True,False,True,1.0
NORW_ARTIC_4.1,25056,421,2230,0,17,1,2668,0.09276174307656741,True,False,True,True,False,True,0.4203726610850793
NORW_ARTIC_4.1,27206,2764,291,79,9,1,3143,0.8532310593388646,True,False,False,False,False,True,1.0
NORW_ARTIC_4.1,27407,913,3806,6,17,1,4742,0.42671565843447057,True,False,False,True,False,True,0.9468444597127567
NORW_ARTIC_4.1,27503,2148,2350,25,49,1,4572,0.018652086195444787,True,False,False,False,False,True,0.12148678194979817
NORW_ARTIC_4.1,6730,818,2868,17,87,1,3790,0.18648560132585285,True,False,False,False,False,True,0.6383586919423448
NORW_ARTIC_4.1,7980,362,2633,0,15,1,3010,0.24158270309501462,True,False,True,True,False,True,0.7275005528578073
NORW_ARTIC_4.1,9979,4181,3027,44,28,1,7280,0.6327518976372073,True,False,False,False,False,True,1.0
NORW_ARTIC_4.1,10749,1696,4300,3,25,1,6024,0.0366532980826694,True,False,False,False,False,True,0.20518660005102185
NORW_ARTIC_4.1,17727,1719,525,11,3,1,2258,1.0,True,False,False,True,False,True,1.0
NORW_ARTIC_4.1,26878,4,171,3,3,1,181,0.0006842650856496642,True,True,False,True,False,True,0.007056867209810525
NORW_ARTIC_4.1,28077,2419,1873,591,1478,1,6361,2.3781004425617258e-98,True,False,False,False,False,True,2.3962859165342565e-96
NORW_ARTIC_4.1,9438,7,28,2,6,1,43,1.0,True,True,False,True,False,True,1.0
NORW_ARTIC_4.1,11482,1649,1361,230,170,1,3410,0.3099306756574315,True,False,False,False,False,True,0.8239505084974253
NORW_ARTIC_4.1,11991,231,56,20,1,1,308,0.14177668458564735,True,True,False,True,False,True,0.5515785904979177
NORW_ARTIC_4.1,12002,255,73,7,1,1,336,1.0,True,True,False,True,False,True,1.0
NORW_ARTIC_4.1,12036,261,72,23,9,1,365,0.38010793204797666,True,True,False,False,False,True,0.9068505907895642
NORW_ARTIC_4.1,12265,320,365,3,5,1,693,0.7300406101932302,True,True,False,True,False,True,1.0
NORW_ARTIC_4.1,14855,345,306,12,15,1,678,0.434441339065918,True,True,False,False,False,True,0.9492321604845886
NORW_ARTIC_4.1,15660,9907,1893,442,88,1,12330,0.716958881498265,True,False,False,False,False,True,1.0
NORW_ARTIC_4.1,19096,376,360,42,25,1,803,0.07443915835185765,True,True,False,False,False,True,0.3573177530395969
NORW_ARTIC_4.1,20468,1658,2536,53,10,1,4257,8.939141123310816e-13,True,False,False,False,False,True,2.2854848871987207e-11
NORW_ARTIC_4.1,21881,448,3039,61,354,1,3902,0.281254974700116,True,False,False,False,False,True,0.7911162096244643
NORW_ARTIC_4.1,22180,145,182,9,1,1,337,0.006578953251829598,True,True,False,True,False,True,0.0505369817057583
NORW_ARTIC_4.1,29041,146,294,19,12,1,471,0.0028403211321200842,True,True,False,False,False,True,0.02396783300158475
NORW_ARTIC_4.1,5350,290,64,3,2,1,359,0.22925970418873942,True,True,False,True,False,True,0.7093712533855202
NORW_ARTIC_4.1,875,166,343,6,17,1,532,0.6505244992736448,True,True,False,False,False,True,1.0
NORW_ARTIC_4.1,1628,552,187,46,8,1,793,0.10106657388637533,True,True,False,False,False,True,0.4393131546637038
NORW_ARTIC_4.1,1930,2269,610,19,6,1,2904,0.8053720126215822,True,False,False,False,False,True,1.0
NORW_ARTIC_4.1,3392,366,1769,5,37,1,2177,0.5328209592903003,True,False,False,False,False,True,1.0
NORW_ARTIC_4.1,3682,157,804,6,34,1,1001,1.0,True,False,False,False,False,True,1.0
NORW_ARTIC_4.1,4586,32,172,1,11,1,216,0.6975152884195593,True,True,False,True,False,True,1.0
NORW_ARTIC_4.1,4655,806,154,25,0,1,985,0.022991852416065876,True,True,True,True,False,True,0.1453322626890068
NORW_ARTIC_4.1,5834,418,1513,23,81,1,2035,0.9029516787644916,True,False,False,False,False,True,1.0
NORW_ARTIC_4.1,6040,117,149,3,4,1,273,1.0,True,True,False,True,False,True,1.0
NORW_ARTIC_4.1,8439,178,25,6,1,1,210,1.0,True,True,False,True,False,True,1.0
NORW_ARTIC_4.1,9996,1761,1669,48,53,1,3531,0.4803305540753925,True,False,False,False,False,True,0.9771259629579897
NORW_ARTIC_4.1,10147,1009,1629,5,36,1,2679,0.0004805737127291878,True,False,False,False,False,True,0.005170714440141885
NORW_ARTIC_4.1,10369,257,1077,32,128,1,1494,0.8323659627890188,True,False,False,False,False,True,1.0
NORW_ARTIC_4.1,10527,404,87,29,5,1,525,0.8170841133919227,True,True,False,False,False,True,1.0
NORW_ARTIC_4.1,10726,55,406,2,18,1,481,1.0,True,True,False,True,False,True,1.0
NORW_ARTIC_4.1,12577,1880,399,14,5,1,2298,0.3583515234078404,True,False,False,True,False,True,0.8781919307548364
NORW_ARTIC_4.1,13068,700,1401,13,33,1,2147,0.5295789672907403,True,False,False,False,False,True,1.0
NORW_ARTIC_4.1,14308,179,488,3,16,1,686,0.42917787051236195,True,True,False,False,False,True,0.9473990878707165
NORW_ARTIC_4.1,14953,241,956,18,49,1,1264,0.21204763680778757,True,False,False,False,False,True,0.6800708869279413
NORW_ARTIC_4.1,15734,2287,1646,120,79,1,4132,0.5567257859473722,True,False,False,False,False,True,1.0
NORW_ARTIC_4.1,15888,1436,5067,48,17,1,6568,1.6208073319213569e-18,True,False,False,False,False,True,5.4440058031005576e-17
NORW_ARTIC_4.1,17781,42,30,4,5,1,81,0.48990143550938636,True,True,False,True,False,True,0.9781313353203134
NORW_ARTIC_4.1,17825,19,34,5,12,1,70,0.7720701413561176,True,True,False,False,False,True,1.0
NORW_ARTIC_4.1,21412,337,91,16,9,1,453,0.13233493064981738,True,True,False,False,False,True,0.5247447597294842
NORW_ARTIC_4.1,21952,338,38,8,1,1,385,1.0,True,True,False,True,False,True,1.0
NORW_ARTIC_4.1,22403,16,86,0,4,1,106,1.0,True,True,True,True,False,True,1.0
NORW_ARTIC_4.1,23560,152,837,4,48,1,1041,0.16282056878587997,True,False,False,False,False,True,0.6011026601944233
NORW_ARTIC_4.1,24381,157,97,5,6,1,265,0.3470122408357341,True,True,False,True,False,True,0.8594772991794171
NORW_ARTIC_4.1,24844,1172,363,23,8,1,1566,0.8309973417020236,True,False,False,False,False,True,1.0
NORW_ARTIC_4.1,27434,124,402,20,21,1,567,0.0011476942024170218,True,True,False,False,False,True,0.01104494476820426
NORW_ARTIC_4.1,27498,218,337,1,15,1,571,0.007211878060928495,True,True,False,False,False,True,0.055151549635582636
NORW_ARTIC_4.1,28245,1956,1859,18,52,1,3885,1.8559900563983096e-05,True,False,False,False,False,True,0.00023904593733912064
NORW_ARTIC_4.1,28312,2604,3225,10,49,1,5888,9.495949167684232e-06,True,False,False,False,False,True,0.0001301324873939447
NORW_ARTIC_4.1,28812,82,498,3,21,1,604,1.0,True,True,False,True,False,True,1.0
NORW_ARTIC_4.1,1923,3748,1960,20,18,1,5746,0.12161276643779789,True,False,False,False,False,True,0.5019823347179465
NORW_ARTIC_4.1,4999,3355,656,48,3,1,4062,0.05305281888578425,True,False,False,False,False,True,0.2762294186971077
NORW_ARTIC_4.1,16869,1347,611,0,0,1,1958,1.0,True,False,True,True,False,True,1.0
NORW_ARTIC_4.1,18583,882,2704,5,22,1,3613,0.653426230300169,True,False,False,False,False,True,1.0
