centre_protocol,position,a_major_fw,b_major_rv,c_minor_fw,d_minor_rv,sample_count,total_reads,p_combined,low_sample_flag,low_reads_flag,zero_cell_flag,low_expected_flag,pseudo_count_flag,underpowered_flag,q_value
NORT_ARTIC_4,1675,40,9,6,1,1,56,1.0,True,True,False,True,False,True,1.0
NORT_ARTIC_4,2205,221,216,6,5,2,448,1.0,True,True,False,False,False,True,1.0
NORT_ARTIC_4,2442,14,58,2,2,1,76,0.19316042791168964,True,True,False,True,False,True,1.0
NORT_ARTIC_4,3037,25603,61531,66,188,95,87388,0.26954538135360073,False,False,False,False,False,False,1.0
NORT_ARTIC_4,5386,95985,27338,93,35,84,123451,0.1662841708094039,False,False,False,False,False,False,1.0
NORT_ARTIC_4,5638,52,11,4,3,2,70,0.13738691453219837,True,True,False,True,False,True,1.0
NORT_ARTIC_4,7728,1813,2997,12,35,2,4857,0.09663494882832016,True,False,False,False,False,True,1.0
NORT_ARTIC_4,8393,85583,17374,220,77,84,103254,9.435896473010907e-05,False,False,False,False,False,False,0.007100941000325844
NORT_ARTIC_4,10204,85,29,0,0,1,114,1.0,True,True,True,True,False,True,1.0
NORT_ARTIC_4,10449,98284,89701,52,38,88,188075,0.34226477619270934,False,False,False,False,False,False,1.0
NORT_ARTIC_4,10983,132,590,5,10,2,737,0.1718729814411066,True,True,False,True,False,True,1.0
NORT_ARTIC_4,11537,33918,63697,35,57,84,97707,0.5122951017067597,False,False,False,False,False,False,1.0
NORT_ARTIC_4,12085,47,16,1,0,1,64,1.0,True,True,True,True,False,True,1.0
NORT_ARTIC_4,13195,101862,75196,162,113,82,177333,0.6694021308669479,False,False,False,False,False,False,1.0
NORT_ARTIC_4,13426,12,46,2,3,1,63,0.30669311766211443,True,True,False,True,False,True,1.0
NORT_ARTIC_4,13801,42,8,3,1,1,54,0.5288710549531859,True,True,False,True,False,True,1.0
NORT_ARTIC_4,13888,4236,1386,32,18,4,5672,0.07064209544166024,True,False,False,False,False,True,1.0
NORT_ARTIC_4,14408,67840,38813,298,150,94,107101,0.21858446034314258,False,False,False,False,False,False,1.0
NORT_ARTIC_4,14960,5874,14921,1401,331,40,22527,0.0,False,False,False,False,False,False,0.0
NORT_ARTIC_4,15240,24210,64322,44,109,82,88685,0.7166109281139983,False,False,False,False,False,False,1.0
NORT_ARTIC_4,15734,40,17,4,1,1,62,1.0,True,True,False,True,False,True,1.0
NORT_ARTIC_4,15905,1003,2594,9,24,2,3630,1.0,True,False,False,False,False,True,1.0
NORT_ARTIC_4,16580,10,1,3,0,1,14,1.0,True,True,True,True,False,True,1.0
NORT_ARTIC_4,17522,23,33,2,2,1,60,1.0,True,True,False,True,False,True,1.0
NORT_ARTIC_4,18163,7479,18576,16,36,74,26107,0.7595133516894385,False,False,False,False,False,False,1.0
NORT_ARTIC_4,18691,736,312,13,10,2,1071,0.1703269687780361,True,False,False,False,False,True,1.0
NORT_ARTIC_4,21762,24825,33092,96,156,79,58169,0.14218787206217065,False,False,False,False,False,False,1.0
NORT_ARTIC_4,21846,15578,65939,57,218,88,81792,0.48960339617367066,False,False,False,False,False,False,1.0
NORT_ARTIC_4,22062,3,5,4,3,1,15,0.6192696192696192,True,True,False,True,False,True,1.0
NORT_ARTIC_4,22578,34841,47812,129,168,85,82950,0.6804324050796734,False,False,False,False,False,False,1.0
NORT_ARTIC_4,22673,20414,65217,62,115,82,85808,0.0007629522764282868,False,False,False,False,False,False,0.046439109884362936
NORT_ARTIC_4,22674,19334,63823,119,296,86,83572,0.010364488161035362,False,False,False,False,False,False,0.4124866971012054
NORT_ARTIC_4,22679,19378,63886,25,84,86,83373,1.0,False,False,False,False,False,False,1.0
NORT_ARTIC_4,22686,19102,63842,85,272,86,83301,0.7059437342165931,False,False,False,False,False,False,1.0
NORT_ARTIC_4,23202,18528,52386,3,43,81,70960,0.0011791861089912432,False,False,False,False,False,False,0.06685823705636651
NORT_ARTIC_4,23403,62210,36999,68,30,95,99307,0.20949561141640968,False,False,False,False,False,False,1.0
NORT_ARTIC_4,23525,24888,88589,35,165,87,113677,0.14566522750456856,False,False,False,False,False,False,1.0
NORT_ARTIC_4,23599,14074,65657,13,43,86,79787,0.29131180921502386,False,False,False,False,False,False,1.0
NORT_ARTIC_4,23604,17020,70297,2,20,94,87339,0.28813289957984245,False,False,False,True,False,True,1.0
NORT_ARTIC_4,23948,57932,15405,60,221,83,73618,4.3914300158059884e-94,False,False,False,False,False,False,3.0293548059034977e-91
NORT_ARTIC_4,24130,16808,64550,6,499,81,81863,3.633572363588129e-41,False,False,False,False,False,False,7.915450533100665e-39
NORT_ARTIC_4,24424,27340,99236,56,151,86,126783,0.06270588079744158,False,False,False,False,False,False,1.0
NORT_ARTIC_4,24469,66395,92601,60,229,87,159285,5.5280707650088456e-14,False,False,False,False,False,False,6.72961320481518e-12
NORT_ARTIC_4,24503,63681,83410,428,569,82,148088,0.822476044084051,False,False,False,False,False,False,1.0
NORT_ARTIC_4,24617,18,28,1,2,1,49,1.0,True,True,False,True,False,True,1.0
NORT_ARTIC_4,25000,20606,52254,76,206,83,73142,0.6434629324514118,False,False,False,False,False,False,1.0
NORT_ARTIC_4,25161,3144,1027,34,18,3,4223,0.1060023341000764,True,False,False,False,False,True,1.0
NORT_ARTIC_4,25286,42,17,0,8,1,67,0.00016582567373035973,True,True,True,True,False,True,0.011251679730655063
NORT_ARTIC_4,25763,49,14,5,2,1,70,0.6552858238452008,True,True,False,True,False,True,1.0
NORT_ARTIC_4,26100,68,12,2,2,1,84,0.1276215975011156,True,True,False,True,False,True,1.0
NORT_ARTIC_4,26270,23481,102275,4579,905,69,131240,0.0,False,False,False,False,False,False,0.0
NORT_ARTIC_4,26577,8895,30602,2592,475,83,42564,0.0,False,False,False,False,False,False,0.0
NORT_ARTIC_4,27259,78107,24785,209,57,87,103158,0.3505171104733472,False,False,False,False,False,False,1.0
NORT_ARTIC_4,27763,32,33,3,3,1,71,1.0,True,True,False,True,False,True,1.0
NORT_ARTIC_4,27807,117322,59839,375,221,87,177757,0.09077555196191622,False,False,False,False,False,False,1.0
NORT_ARTIC_4,28262,385,407,6,11,2,809,0.3318232617305194,True,True,False,False,False,True,1.0
NORT_ARTIC_4,28271,83429,108186,197,109,87,191921,2.6789302866048874e-13,False,False,False,False,False,False,2.9967817449344944e-11
NORT_ARTIC_4,28311,82181,103876,256,388,87,186701,0.025955928964459554,False,False,False,False,False,False,0.7114674833370734
NORT_ARTIC_4,28881,42565,53486,146,183,94,96380,1.0,False,False,False,False,False,False,1.0
NORT_ARTIC_4,28882,36793,43475,171,199,86,80638,0.9167311662275418,False,False,False,False,False,False,1.0
NORT_ARTIC_4,28883,37013,43803,16,19,86,80851,1.0,False,False,False,False,False,False,1.0
NORT_ARTIC_4,1020,291,152,5,3,1,451,1.0,True,True,False,True,False,True,1.0
NORT_ARTIC_4,1289,111,355,3,7,1,476,0.7087259869643864,True,True,False,True,False,True,1.0
NORT_ARTIC_4,1977,2275,845,16,8,2,3144,0.49312546377842337,True,False,False,False,False,True,1.0
NORT_ARTIC_4,2832,6704,42182,196,125,80,49207,4.296578363621853e-85,False,False,False,False,False,False,2.222942230878856e-82
NORT_ARTIC_4,3126,314,299,4,4,1,621,1.0,True,True,False,True,False,True,1.0
NORT_ARTIC_4,3241,18171,9003,56,31,19,27261,0.6485500918388385,False,False,False,False,False,False,1.0
NORT_ARTIC_4,3547,411,93,6,2,1,512,0.645604564922625,True,True,False,True,False,True,1.0
NORT_ARTIC_4,5218,2115,9808,15,57,5,11995,0.5350596227409061,True,False,False,False,False,True,1.0
NORT_ARTIC_4,5282,1329,774,17,6,2,2126,0.38542630868030703,True,False,False,False,False,True,1.0
NORT_ARTIC_4,5286,628,299,9,2,1,938,0.5177498284799746,True,True,False,True,False,True,1.0
NORT_ARTIC_4,5545,111,682,2,7,1,802,0.3690827696863663,True,True,False,True,False,True,1.0
NORT_ARTIC_4,5924,8663,11434,18,33,18,20148,0.3217728470338914,False,False,False,False,False,False,1.0
NORT_ARTIC_4,7330,59,213,2,5,1,279,0.6494532570240225,True,True,False,True,False,True,1.0
NORT_ARTIC_4,7683,19645,45352,131,291,19,65419,0.709987309371738,False,False,False,False,False,False,1.0
NORT_ARTIC_4,7773,299,52,8,2,1,361,0.6494248577658438,True,True,False,True,False,True,1.0
NORT_ARTIC_4,8436,9324,2170,67,23,6,11584,0.10657958020454339,True,False,False,False,False,True,1.0
NORT_ARTIC_4,9704,4105,9373,32,63,4,13573,0.5030457374332011,True,False,False,False,False,True,1.0
NORT_ARTIC_4,10029,24547,65029,83,221,96,89880,1.0,False,False,False,False,False,False,1.0
NORT_ARTIC_4,10168,3717,1039,35,11,2,4802,0.7210034787402966,True,False,False,False,False,True,1.0
NORT_ARTIC_4,10171,3160,727,22,11,3,3920,0.042408339541907765,True,False,False,False,False,True,0.9552045103855041
NORT_ARTIC_4,11550,146,430,2,9,1,587,0.7386691231647864,True,True,False,True,False,True,1.0
NORT_ARTIC_4,12273,28940,36818,241,308,23,66307,0.965598573116087,False,False,False,False,False,False,1.0
NORT_ARTIC_4,12335,396,62,7,0,1,465,0.6013279238393785,True,True,True,True,False,True,1.0
NORT_ARTIC_4,12603,19422,15735,119,95,8,35371,0.9450923168368042,True,False,False,False,False,True,1.0
NORT_ARTIC_4,12935,353,80,5,3,1,441,0.1760690207911529,True,True,False,True,False,True,1.0
NORT_ARTIC_4,13065,124,214,3,4,1,345,0.7112745847062569,True,True,False,True,False,True,1.0
NORT_ARTIC_4,13229,599,308,9,3,1,919,0.7601627961576769,True,True,False,True,False,True,1.0
NORT_ARTIC_4,13478,42,399,1,6,1,448,0.5090295266956039,True,True,False,True,False,True,1.0
NORT_ARTIC_4,13719,11,27,2,2,1,42,0.575609756097561,True,True,False,True,False,True,1.0
NORT_ARTIC_4,13873,1728,587,18,9,2,2342,0.3740819025349153,True,False,False,False,False,True,1.0
NORT_ARTIC_4,14348,36,97,3,3,1,139,0.34943559113882916,True,True,False,True,False,True,1.0
NORT_ARTIC_4,14504,302,144,5,2,1,453,1.0,True,True,False,True,False,True,1.0
NORT_ARTIC_4,14797,142,45,3,3,1,193,0.1642328599079556,True,True,False,True,False,True,1.0
NORT_ARTIC_4,15090,5400,1682,42,24,4,7148,0.02027363078413345,True,False,False,False,False,True,0.6334597037339585
NORT_ARTIC_4,15971,1621,476,15,10,2,2122,0.05331431003002944,True,False,False,False,False,True,0.9880974014839219
NORT_ARTIC_4,16312,1250,1410,10,11,2,2681,1.0,True,False,False,False,False,True,1.0
NORT_ARTIC_4,16717,7006,5461,38,28,3,12533,0.9012056491192203,True,False,False,False,False,True,1.0
NORT_ARTIC_4,16727,8999,6089,45,37,3,15170,0.42972545790302114,True,False,False,False,False,True,1.0
NORT_ARTIC_4,16935,339,361,9,2,1,711,0.03375161878776192,True,True,False,False,False,True,0.8676891314443889
NORT_ARTIC_4,17426,4093,950,31,11,3,5085,0.23454281104702437,True,False,False,False,False,True,1.0
NORT_ARTIC_4,18476,202,344,2,6,1,554,0.7165245853308047,True,True,False,True,False,True,1.0
NORT_ARTIC_4,18495,225,588,2,17,1,832,0.12019799518657824,True,True,False,False,False,True,1.0
NORT_ARTIC_4,18952,418,158,5,4,1,585,0.2707874132744108,True,True,False,True,False,True,1.0
NORT_ARTIC_4,19045,231,176,3,3,1,413,1.0,True,True,False,True,False,True,1.0
NORT_ARTIC_4,19105,165,202,4,3,1,374,0.7058026575888989,True,True,False,True,False,True,1.0
NORT_ARTIC_4,20519,10469,2361,72,24,7,12926,0.11174281831916807,True,False,False,False,False,True,1.0
NORT_ARTIC_4,21575,1745,2264,118,166,3,4293,0.5359511262597687,True,False,False,False,False,True,1.0
NORT_ARTIC_4,21597,314,308,3,10,1,635,0.0889892297701,True,True,False,False,False,True,1.0
NORT_ARTIC_4,22033,215,70,6,1,1,292,1.0,True,True,False,True,False,True,1.0
NORT_ARTIC_4,22490,5997,1585,33,15,2,7630,0.10668475337614076,True,False,False,False,False,True,1.0
NORT_ARTIC_4,22992,34331,11016,118,45,84,45510,0.31553631843314606,False,False,False,False,False,False,1.0
NORT_ARTIC_4,22995,38199,18246,6,6,93,56457,0.22026743051907746,False,False,False,True,False,True,1.0
NORT_ARTIC_4,23013,39896,13094,76,12,85,53078,0.01794263674797609,False,False,False,False,False,False,0.5894013769831192
NORT_ARTIC_4,23040,44206,14909,180,345,86,59640,9.854776851042207e-84,False,False,False,False,False,False,4.532102376273744e-81
NORT_ARTIC_4,23048,44569,13264,157,189,81,58179,8.099721449024416e-37,False,False,False,False,False,False,1.5964165275005743e-34
NORT_ARTIC_4,23055,48023,15381,55,15,86,63474,0.6761865882330048,False,False,False,False,False,False,1.0
NORT_ARTIC_4,23063,50056,16072,108,9,86,66245,4.30458396420615e-06,False,False,False,False,False,False,0.00034934652995782854
NORT_ARTIC_4,23075,50393,19212,43,10,86,69658,0.1692954801006828,False,False,False,False,False,False,1.0
NORT_ARTIC_4,23664,817,366,8,5,12,1196,0.5558759938775526,False,False,False,True,False,True,1.0
NORT_ARTIC_4,23933,737,186,11,4,2,938,0.5202121342752168,True,True,False,True,False,True,1.0
NORT_ARTIC_4,24099,122,339,3,5,1,469,0.44459015941759217,True,True,False,True,False,True,1.0
NORT_ARTIC_4,24211,331,348,4,4,1,687,1.0,True,True,False,True,False,True,1.0
NORT_ARTIC_4,24462,377,346,6,4,1,733,0.7547398757028932,True,True,False,True,False,True,1.0
NORT_ARTIC_4,25176,1760,661,13,9,2,2443,0.1561163989631436,True,False,False,False,False,True,1.0
NORT_ARTIC_4,25415,1148,1313,12,12,2,2485,0.838054812837747,True,False,False,False,False,True,1.0
NORT_ARTIC_4,25584,22546,57700,109,231,85,80586,0.11579748869649643,False,False,False,False,False,False,1.0
NORT_ARTIC_4,26530,17149,37587,29,52,76,54817,0.40204746505225675,False,False,False,False,False,False,1.0
NORT_ARTIC_4,26709,30789,9776,69,21,80,40655,1.0,False,False,False,False,False,False,1.0
NORT_ARTIC_4,27288,664,183,7,5,1,859,0.14928267943637097,True,True,False,True,False,True,1.0
NORT_ARTIC_4,27407,9720,25116,81,196,15,35113,0.6378962251139398,False,False,False,False,False,False,1.0
NORT_ARTIC_4,29257,510,126,7,3,1,646,0.42669547466144137,True,True,False,True,False,True,1.0
NORT_ARTIC_4,29428,78,467,2,7,1,554,0.6245542566696508,True,True,False,True,False,True,1.0
NORT_ARTIC_4,681,418,788,4,10,1,1220,0.7814561002258031,True,False,False,True,False,True,1.0
NORT_ARTIC_4,1045,1451,353,8,4,1,1816,0.26751037792556853,True,False,False,True,False,True,1.0
NORT_ARTIC_4,1090,1542,480,8,5,1,2035,0.20564345462338476,True,False,False,True,False,True,1.0
NORT_ARTIC_4,1286,419,1506,6,12,1,1943,0.252117938024056,True,False,False,True,False,True,1.0
NORT_ARTIC_4,1311,381,1406,3,13,1,1803,1.0,True,False,False,True,False,True,1.0
NORT_ARTIC_4,1629,1934,643,11,6,1,2594,0.3970804493228676,True,False,False,True,False,True,1.0
NORT_ARTIC_4,1633,4985,1887,35,15,3,6922,0.7504940733444123,True,False,False,False,False,True,1.0
NORT_ARTIC_4,1778,458,1155,4,9,1,1626,0.7674690100966072,True,False,False,True,False,True,1.0
NORT_ARTIC_4,1807,1604,7529,14,55,4,9202,0.5268922915542867,True,False,False,False,False,True,1.0
NORT_ARTIC_4,1826,319,1620,7,16,1,1962,0.08764062229045878,True,False,False,True,False,True,1.0
NORT_ARTIC_4,1844,309,1527,2,11,1,1849,1.0,True,False,False,True,False,True,1.0
NORT_ARTIC_4,2008,834,343,6,6,1,1189,0.12183287481527304,True,False,False,True,False,True,1.0
NORT_ARTIC_4,2239,2287,874,19,8,2,3188,0.8299415984512593,True,False,False,False,False,True,1.0
NORT_ARTIC_4,2285,2394,807,21,8,2,3230,0.8299353435719203,True,False,False,False,False,True,1.0
NORT_ARTIC_4,2307,1504,554,9,4,1,2071,0.7571019482346457,True,False,False,True,False,True,1.0
NORT_ARTIC_4,2952,7005,2158,39,18,2,9220,0.15996124383677146,True,False,False,False,False,True,1.0
NORT_ARTIC_4,3481,5427,3117,45,29,5,8618,0.6293826054876757,True,False,False,False,False,True,1.0
NORT_ARTIC_4,3516,5262,1482,45,16,4,6805,0.43769293524307684,True,False,False,False,False,True,1.0
NORT_ARTIC_4,3610,1457,2039,11,17,2,3524,0.8496930823954713,True,False,False,False,False,True,1.0
NORT_ARTIC_4,3673,515,1487,8,16,1,2026,0.4804616304954451,True,False,False,False,False,True,1.0
NORT_ARTIC_4,4106,788,360,7,5,1,1160,0.5331908687132438,True,False,False,True,False,True,1.0
NORT_ARTIC_4,4863,720,1611,7,11,1,2349,0.45213627394201417,True,False,False,False,False,True,1.0
NORT_ARTIC_4,5275,7542,6784,40,41,3,14407,0.5783288442545014,True,False,False,False,False,True,1.0
NORT_ARTIC_4,5319,2437,815,15,4,1,3271,0.7969665533431474,True,False,False,True,False,True,1.0
NORT_ARTIC_4,5398,3318,1458,29,12,2,4817,1.0,True,False,False,False,False,True,1.0
NORT_ARTIC_4,5508,1514,5665,16,35,3,7230,0.08439604766967551,True,False,False,False,False,True,1.0
NORT_ARTIC_4,5593,3862,4771,25,28,3,8686,0.7822301568898546,True,False,False,False,False,True,1.0
NORT_ARTIC_4,5652,1117,371,8,3,1,1499,0.7408582435170857,True,False,False,True,False,True,1.0
NORT_ARTIC_4,5661,8306,3202,57,28,4,11593,0.3309115054296087,True,False,False,False,False,True,1.0
NORT_ARTIC_4,5684,4340,1695,32,17,3,6084,0.33827042600979906,True,False,False,False,False,True,1.0
NORT_ARTIC_4,5823,305,1056,4,8,1,1373,0.48429883658039763,True,False,False,True,False,True,1.0
NORT_ARTIC_4,5843,4778,14539,35,89,5,19441,0.403375297441081,True,False,False,False,False,True,1.0
NORT_ARTIC_4,5860,264,967,2,10,1,1243,1.0,True,False,False,True,False,True,1.0
NORT_ARTIC_4,5928,1392,888,12,10,1,2302,0.5201091405560252,True,False,False,False,False,True,1.0
NORT_ARTIC_4,6063,2068,3548,15,22,2,5653,0.732770916237291,True,False,False,False,False,True,1.0
NORT_ARTIC_4,6569,4676,1768,29,17,3,6490,0.1834590385095791,True,False,False,False,False,True,1.0
NORT_ARTIC_4,6572,2263,753,17,8,2,3041,0.48566323375770715,True,False,False,False,False,True,1.0
NORT_ARTIC_4,6579,2235,760,12,6,1,3013,0.42297395678589034,True,False,False,True,False,True,1.0
NORT_ARTIC_4,6600,2309,868,14,3,1,3194,0.5848783151779182,True,False,False,True,False,True,1.0
NORT_ARTIC_4,6610,2365,952,11,9,1,3337,0.13525498459459429,True,False,False,False,False,True,1.0
NORT_ARTIC_4,6760,1406,3652,9,21,2,5088,0.8383044532167949,True,False,False,False,False,True,1.0
NORT_ARTIC_4,6782,14328,22343,85,160,12,36916,0.16807230436674037,False,False,False,False,False,False,1.0
NORT_ARTIC_4,6798,1082,2031,9,11,1,3133,0.35239255069078945,True,False,False,False,False,True,1.0
NORT_ARTIC_4,6803,3419,5745,22,41,2,9227,0.7940587200854653,True,False,False,False,False,True,1.0
NORT_ARTIC_4,6808,7133,11040,46,74,7,18293,0.9253228812383132,True,False,False,False,False,True,1.0
NORT_ARTIC_4,7451,21131,7929,167,66,12,29293,0.7124429080877115,False,False,False,False,False,False,1.0
NORT_ARTIC_4,7475,4077,543,57,8,3,4685,0.8462643020740583,True,False,False,False,False,True,1.0
NORT_ARTIC_4,7480,2029,403,15,7,2,2454,0.07791119442608369,True,False,False,True,False,True,1.0
NORT_ARTIC_4,7591,2188,1740,25,20,3,3973,1.0,True,False,False,False,False,True,1.0
NORT_ARTIC_4,7601,3417,3631,19,25,2,7092,0.5462486492965253,True,False,False,False,False,True,1.0
NORT_ARTIC_4,7794,2009,590,19,8,2,2626,0.3640835664287725,True,False,False,False,False,True,1.0
NORT_ARTIC_4,8038,613,1066,6,8,1,1693,0.5922322093269257,True,False,False,False,False,True,1.0
NORT_ARTIC_4,8492,2166,1729,26,20,3,3941,1.0,True,False,False,False,False,True,1.0
NORT_ARTIC_4,8576,1375,4170,15,33,3,5593,0.31483806589108726,True,False,False,False,False,True,1.0
NORT_ARTIC_4,8629,659,2280,6,13,1,2958,0.40530393416600463,True,False,False,True,False,True,1.0
NORT_ARTIC_4,8654,576,2106,6,13,1,2701,0.2707726938583267,True,False,False,True,False,True,1.0
NORT_ARTIC_4,8658,567,2084,6,16,1,2673,0.4455593918705214,True,False,False,True,False,True,1.0
NORT_ARTIC_4,8661,552,1991,4,12,1,2559,0.7616294064313444,True,False,False,True,False,True,1.0
NORT_ARTIC_4,8669,9325,28543,67,204,17,38139,0.9437228063054297,False,False,False,False,False,False,1.0
NORT_ARTIC_4,8674,982,3312,8,24,2,4326,0.8325225699663332,True,False,False,False,False,True,1.0
NORT_ARTIC_4,8677,491,1896,5,12,1,2404,0.3688924659040949,True,False,False,True,False,True,1.0
NORT_ARTIC_4,8758,45,33,3,2,1,83,1.0,True,True,False,True,False,True,1.0
NORT_ARTIC_4,9511,19220,10152,141,82,11,29595,0.48084304276880463,False,False,False,False,False,False,1.0
NORT_ARTIC_4,9519,2208,614,15,2,1,2839,0.5531617164957652,True,False,False,True,False,True,1.0
NORT_ARTIC_4,9529,2378,766,12,8,1,3164,0.11800740646946578,True,False,False,True,False,True,1.0
NORT_ARTIC_4,9531,10853,4828,65,27,4,15773,0.8214469214081062,True,False,False,False,False,True,1.0
NORT_ARTIC_4,9589,5003,1891,28,16,2,6938,0.23433408257341737,True,False,False,False,False,True,1.0
NORT_ARTIC_4,9602,22571,7948,135,56,7,30710,0.3209739830940965,True,False,False,False,False,True,1.0
NORT_ARTIC_4,9662,1606,1331,15,12,1,2964,1.0,True,False,False,False,False,True,1.0
NORT_ARTIC_4,9789,1597,6204,8,45,3,7854,0.39557141192424705,True,False,False,False,False,True,1.0
NORT_ARTIC_4,10184,10215,2793,95,23,8,13126,0.6537030570765086,True,False,False,False,False,True,1.0
NORT_ARTIC_4,10333,762,1156,5,10,1,1933,0.7926613957480326,True,False,False,False,False,True,1.0
NORT_ARTIC_4,10363,728,2006,6,12,1,2752,0.5926420069362701,True,False,False,True,False,True,1.0
NORT_ARTIC_4,10370,719,2011,6,13,1,2749,0.604890488846805,True,False,False,False,False,True,1.0
NORT_ARTIC_4,10387,2141,8338,22,76,3,10577,0.6152076779286928,True,False,False,False,False,True,1.0
NORT_ARTIC_4,10777,3420,4216,23,29,2,7688,1.0,True,False,False,False,False,True,1.0
NORT_ARTIC_4,10795,1118,552,10,7,1,1687,0.45178915337375514,True,False,False,False,False,True,1.0
NORT_ARTIC_4,11086,814,728,10,5,1,1557,0.311933629569764,True,False,False,False,False,True,1.0
NORT_ARTIC_4,11092,800,686,6,7,1,1499,0.5909225969720313,True,False,False,False,False,True,1.0
NORT_ARTIC_4,11364,7459,5929,59,52,4,13499,0.6317553035517784,True,False,False,False,False,True,1.0
NORT_ARTIC_4,11393,4621,2718,38,21,2,7398,0.8927566240771583,True,False,False,False,False,True,1.0
NORT_ARTIC_4,11451,4820,1521,33,10,2,6384,1.0,True,False,False,False,False,True,1.0
NORT_ARTIC_4,11566,730,2523,5,12,1,3270,0.5585195334917732,True,False,False,True,False,True,1.0
NORT_ARTIC_4,12238,646,2874,7,21,2,3548,0.33412592202768976,True,False,False,False,False,True,1.0
NORT_ARTIC_4,12272,896,1790,3,19,1,2708,0.06664289712118897,True,False,False,False,False,True,1.0
NORT_ARTIC_4,12366,9471,2414,61,24,5,11970,0.0784955849707584,True,False,False,False,False,True,1.0
NORT_ARTIC_4,12384,855,257,11,6,1,1129,0.24990143276458032,True,False,False,True,False,True,1.0
NORT_ARTIC_4,12538,5841,6826,27,41,2,12735,0.3297513038860468,True,False,False,False,False,True,1.0
NORT_ARTIC_4,12555,11762,12586,75,63,5,24486,0.17178797527887352,True,False,False,False,False,True,1.0
NORT_ARTIC_4,12577,23938,25092,141,152,11,49323,0.8149653433303756,False,False,False,False,False,False,1.0
NORT_ARTIC_4,12617,3166,1894,22,11,2,5093,0.7199146677720523,True,False,False,False,False,True,1.0
NORT_ARTIC_4,12620,11748,7598,76,46,5,19468,0.7805251376785358,True,False,False,False,False,True,1.0
NORT_ARTIC_4,13273,6800,2793,40,25,3,9658,0.10171424553319922,True,False,False,False,False,True,1.0
NORT_ARTIC_4,13369,459,1227,3,10,1,1699,1.0,True,False,False,True,False,True,1.0
NORT_ARTIC_4,13782,1553,255,10,2,1,1820,0.6821133594906377,True,False,False,True,False,True,1.0
NORT_ARTIC_4,13791,31180,9178,707,164,28,41229,0.006093395499692087,False,False,False,False,False,False,0.27201251273451654
NORT_ARTIC_4,13823,2031,485,14,6,1,2536,0.2521996170097768,True,False,False,True,False,True,1.0
NORT_ARTIC_4,13869,5799,1812,32,15,3,7658,0.22781318587383176,True,False,False,False,False,True,1.0
NORT_ARTIC_4,13910,9135,3477,52,27,4,12691,0.20660337803022732,True,False,False,False,False,True,1.0
NORT_ARTIC_4,13912,2012,729,14,5,1,2760,1.0,True,False,False,False,False,True,1.0
NORT_ARTIC_4,13931,1005,825,8,6,1,1844,1.0,True,False,False,False,False,True,1.0
NORT_ARTIC_4,15578,12779,2299,81,12,5,15171,0.6636563899305232,True,False,False,False,False,True,1.0
NORT_ARTIC_4,15580,6451,1042,39,10,3,7542,0.21081878143395258,True,False,False,False,False,True,1.0
NORT_ARTIC_4,15604,2444,463,15,4,1,2926,0.528467019797915,True,False,False,True,False,True,1.0
NORT_ARTIC_4,15651,4956,1083,31,16,3,6086,0.00724004915201669,True,False,False,False,False,True,0.31215170250205293
NORT_ARTIC_4,15667,9080,2350,54,24,4,11508,0.03420809172144677,True,False,False,False,False,True,0.8739956273769642
NORT_ARTIC_4,15668,9702,2166,60,18,4,11946,0.30205902007126434,True,False,False,False,False,True,1.0
NORT_ARTIC_4,15753,2394,2232,20,17,2,4663,0.8693151183322282,True,False,False,False,False,True,1.0
NORT_ARTIC_4,15785,1153,2628,7,14,1,3802,0.8133137945829344,True,False,False,False,False,True,1.0
NORT_ARTIC_4,15821,4697,15664,26,86,4,20473,1.0,True,False,False,False,False,True,1.0
NORT_ARTIC_4,15827,2968,9187,31,53,3,12239,0.010621985612893996,True,False,False,False,False,True,0.41475847596007787
NORT_ARTIC_4,15872,1692,5195,13,29,2,6929,0.3684008442454193,True,False,False,False,False,True,1.0
NORT_ARTIC_4,15882,5009,11722,35,86,6,16852,0.8428130971982482,True,False,False,False,False,True,1.0
NORT_ARTIC_4,15911,15524,19641,110,97,7,35372,0.011338305902897035,True,False,False,False,False,True,0.43054356084487
NORT_ARTIC_4,15918,8288,7631,43,49,4,16011,0.3464866173898057,True,False,False,False,False,True,1.0
NORT_ARTIC_4,15920,2895,3832,24,31,2,6782,1.0,True,False,False,False,False,True,1.0
NORT_ARTIC_4,16051,346,368,5,3,1,722,0.4946220511189925,True,True,False,True,False,True,1.0
NORT_ARTIC_4,16256,40278,11470,249,87,16,52084,0.11360714236586401,False,False,False,False,False,False,1.0
NORT_ARTIC_4,16258,11176,3882,84,34,7,15176,0.46012737719869257,True,False,False,False,False,True,1.0
NORT_ARTIC_4,16263,10192,3397,55,25,3,13669,0.1971175624511448,True,False,False,False,False,True,1.0
NORT_ARTIC_4,16266,2421,882,16,4,1,3323,0.6181744041352181,True,False,False,False,False,True,1.0
NORT_ARTIC_4,16275,3153,1544,21,9,2,4727,0.846734039617619,True,False,False,False,False,True,1.0
NORT_ARTIC_4,16339,1786,4158,16,27,4,5987,0.31859880867828905,True,False,False,False,False,True,1.0
NORT_ARTIC_4,16345,749,1865,5,14,1,2633,1.0,True,False,False,False,False,True,1.0
NORT_ARTIC_4,16368,1007,3671,6,21,2,4705,1.0,True,False,False,False,False,True,1.0
NORT_ARTIC_4,16374,602,2296,8,11,1,2917,0.04091732465712396,True,False,False,True,False,True,0.9514427345833486
NORT_ARTIC_4,16380,550,2284,7,9,1,2850,0.023312553879194686,True,False,False,True,False,True,0.6700740312915751
NORT_ARTIC_4,16388,537,2267,7,13,1,2824,0.08625249125131265,True,False,False,True,False,True,1.0
NORT_ARTIC_4,16410,4964,10728,42,57,4,15791,0.029588145121114424,True,False,False,False,False,True,0.7900989203631781
NORT_ARTIC_4,16434,1519,3440,9,24,2,4992,0.8499203050908037,True,False,False,False,False,True,1.0
NORT_ARTIC_4,16441,10338,17971,61,97,6,28467,0.6192836259244175,True,False,False,False,False,True,1.0
NORT_ARTIC_4,16780,32372,12742,241,117,12,45472,0.06771040002821094,False,False,False,False,False,False,1.0
NORT_ARTIC_4,16812,38001,8742,264,66,16,47073,0.5246010113569641,False,False,False,False,False,False,1.0
NORT_ARTIC_4,16815,2799,726,18,6,2,3549,0.6124575996162636,True,False,False,True,False,True,1.0
NORT_ARTIC_4,16904,1278,853,6,6,1,2143,0.5595065731286858,True,False,False,True,False,True,1.0
NORT_ARTIC_4,16921,5975,4451,31,26,3,10483,0.6882565170186705,True,False,False,False,False,True,1.0
NORT_ARTIC_4,16950,8292,18465,39,86,5,26882,1.0,True,False,False,False,False,True,1.0
NORT_ARTIC_4,16953,1392,3159,8,13,1,4572,0.4796687837873608,True,False,False,False,False,True,1.0
NORT_ARTIC_4,16980,4188,11163,34,53,5,15438,0.021151418420701472,True,False,False,False,False,True,0.6455165252342834
NORT_ARTIC_4,17003,24643,47027,130,225,15,72025,0.3709105008530854,False,False,False,False,False,False,1.0
NORT_ARTIC_4,17006,1655,3533,6,20,1,5214,0.4035475761336048,True,False,False,False,False,True,1.0
NORT_ARTIC_4,17009,22046,36426,111,193,12,58776,0.7219153784646272,False,False,False,False,False,False,1.0
NORT_ARTIC_4,17011,23488,37764,115,171,10,61538,0.5422984509842572,False,False,False,False,False,False,1.0
NORT_ARTIC_4,17034,5160,9174,29,61,4,14424,0.5093131764414283,True,False,False,False,False,True,1.0
NORT_ARTIC_4,17043,21961,35140,115,167,10,57383,0.4257092133245898,False,False,False,False,False,False,1.0
NORT_ARTIC_4,17060,27351,43191,155,233,11,70930,0.6385231208716803,False,False,False,False,False,False,1.0
NORT_ARTIC_4,17061,3472,6404,29,37,3,9942,0.15471491268047488,True,False,False,False,False,True,1.0
NORT_ARTIC_4,17068,14362,25511,91,141,9,40105,0.3370020276620187,True,False,False,False,False,True,1.0
NORT_ARTIC_4,17272,294,620,4,5,1,923,0.4806763023195897,True,True,False,True,False,True,1.0
NORT_ARTIC_4,17275,818,1587,9,19,2,2433,1.0,True,False,False,False,False,True,1.0
NORT_ARTIC_4,17389,3598,1807,25,13,2,5443,1.0,True,False,False,False,False,True,1.0
NORT_ARTIC_4,17431,2331,642,14,2,1,2989,0.5466895265353333,True,False,False,True,False,True,1.0
NORT_ARTIC_4,17454,4187,1255,27,10,2,5479,0.5589408131585069,True,False,False,False,False,True,1.0
NORT_ARTIC_4,17585,689,2360,4,16,1,3069,1.0,True,False,False,True,False,True,1.0
NORT_ARTIC_4,17631,4714,7236,38,50,4,12038,0.5117707984119308,True,False,False,False,False,True,1.0
NORT_ARTIC_4,17635,13213,20367,70,128,7,33778,0.27391273774347324,True,False,False,False,False,True,1.0
NORT_ARTIC_4,17857,190,607,2,7,1,806,1.0,True,True,False,True,False,True,1.0
NORT_ARTIC_4,18339,3260,900,24,8,2,4192,0.6665419027543821,True,False,False,False,False,True,1.0
NORT_ARTIC_4,18351,1258,444,10,5,1,1717,0.5569205006733638,True,False,False,True,False,True,1.0
NORT_ARTIC_4,18502,5524,15296,43,96,4,20959,0.24790058620639804,True,False,False,False,False,True,1.0
NORT_ARTIC_4,18509,4093,10175,35,72,5,14375,0.39074623351709337,True,False,False,False,False,True,1.0
NORT_ARTIC_4,18853,393,1439,5,11,1,1848,0.3594913618153593,True,False,False,True,False,True,1.0
NORT_ARTIC_4,18923,887,1225,7,8,1,2127,0.795326639628916,True,False,False,False,False,True,1.0
NORT_ARTIC_4,18956,837,197,10,5,1,1049,0.18353033873382446,True,False,False,True,False,True,1.0
NORT_ARTIC_4,19008,9180,2980,40,23,3,12223,0.038542897894441236,True,False,False,False,False,True,0.9274945022389086
NORT_ARTIC_4,19195,2807,7290,67,47,7,10211,6.876991856404281e-12,True,False,False,False,False,True,6.942407144794468e-10
NORT_ARTIC_4,19316,241,91,6,4,1,342,0.47334045245352013,True,True,False,True,False,True,1.0
NORT_ARTIC_4,19334,246,100,5,3,1,354,0.6958678662954451,True,True,False,True,False,True,1.0
NORT_ARTIC_4,19617,1315,490,13,10,2,1828,0.09817623593188793,True,False,False,False,False,True,1.0
NORT_ARTIC_4,19736,2089,4653,14,34,3,6790,0.876222353213271,True,False,False,False,False,True,1.0
NORT_ARTIC_4,19782,95,305,4,6,1,410,0.26307707884762643,True,True,False,True,False,True,1.0
NORT_ARTIC_4,19885,5881,2575,43,22,4,8521,0.5887612272066083,True,False,False,False,False,True,1.0
NORT_ARTIC_4,19926,1739,464,13,7,1,2223,0.1639890459754372,True,False,False,True,False,True,1.0
NORT_ARTIC_4,19983,4196,2011,223,119,5,6549,0.37388187753460467,True,False,False,False,False,True,1.0
NORT_ARTIC_4,20003,1157,646,11,2,1,1816,0.15405930815534383,True,False,False,True,False,True,1.0
NORT_ARTIC_4,20085,1106,3644,9,17,2,4776,0.16925023715625595,True,False,False,False,False,True,1.0
NORT_ARTIC_4,20119,1328,2021,11,12,1,3372,0.5220163831346551,True,False,False,False,False,True,1.0
NORT_ARTIC_4,20147,2707,3284,25,19,2,6035,0.13051589449257156,True,False,False,False,False,True,1.0
NORT_ARTIC_4,20161,5764,6068,31,36,3,11899,0.7146079504461091,True,False,False,False,False,True,1.0
NORT_ARTIC_4,20192,2927,1866,18,14,2,4825,0.5891921539513185,True,False,False,False,False,True,1.0
NORT_ARTIC_4,20223,945,294,6,4,1,1249,0.2620937156369646,True,False,False,True,False,True,1.0
NORT_ARTIC_4,20442,25768,22230,129,152,14,48279,0.009823080418399882,False,False,False,False,False,False,0.4025517807104665
NORT_ARTIC_4,20456,8533,5961,50,42,3,14586,0.3962647253633118,True,False,False,False,False,True,1.0
NORT_ARTIC_4,20522,2403,651,13,7,1,3074,0.16701891539265762,True,False,False,True,False,True,1.0
NORT_ARTIC_4,20631,5569,13764,39,80,6,19452,0.3609566480054617,True,False,False,False,False,True,1.0
NORT_ARTIC_4,20690,3245,5554,25,28,2,8852,0.15260928070527363,True,False,False,False,False,True,1.0
NORT_ARTIC_4,20699,40342,55155,303,415,33,96215,1.0,False,False,False,False,False,False,1.0
NORT_ARTIC_4,20712,931,2193,7,12,1,3143,0.6151288185901815,True,False,False,False,False,True,1.0
NORT_ARTIC_4,20713,7230,10407,50,67,6,17754,0.7069417269105913,True,False,False,False,False,True,1.0
NORT_ARTIC_4,20715,974,2206,7,15,1,3202,1.0,True,False,False,False,False,True,1.0
NORT_ARTIC_4,21150,6963,3320,54,29,5,10366,0.6377005939981781,True,False,False,False,False,True,1.0
NORT_ARTIC_4,21229,1080,3817,12,37,3,4946,0.7288955857773267,True,False,False,False,False,True,1.0
NORT_ARTIC_4,21251,526,1862,5,14,1,2407,0.5876389397221956,True,False,False,True,False,True,1.0
NORT_ARTIC_4,21259,1465,5408,18,45,4,6936,0.16558736687375591,True,False,False,False,False,True,1.0
NORT_ARTIC_4,21294,932,4114,10,35,4,5091,0.5616223882316942,True,False,False,False,False,True,1.0
NORT_ARTIC_4,21690,1150,472,14,3,1,1639,0.42301087066303017,True,False,False,True,False,True,1.0
NORT_ARTIC_4,21740,701,550,5,6,1,1262,0.5500498703094351,True,False,False,True,False,True,1.0
NORT_ARTIC_4,22472,13874,5039,121,50,9,19084,0.4354143989621027,True,False,False,False,False,True,1.0
NORT_ARTIC_4,22533,618,284,9,5,1,916,0.7745025999159166,True,True,False,True,False,True,1.0
NORT_ARTIC_4,22736,4989,6965,51,69,6,12074,0.9259316311714918,True,False,False,False,False,True,1.0
NORT_ARTIC_4,23317,3373,2086,30,20,4,5509,0.8839294139093441,True,False,False,False,False,True,1.0
NORT_ARTIC_4,23369,1720,538,11,5,1,2274,0.5550551808392519,True,False,False,True,False,True,1.0
NORT_ARTIC_4,23493,692,1816,9,16,1,2533,0.3706005092129232,True,False,False,False,False,True,1.0
NORT_ARTIC_4,23854,1331,3852,4,10,63,5197,0.764285581645134,False,False,False,True,False,True,1.0
NORT_ARTIC_4,24862,313,133,5,4,1,455,0.4626432591592659,True,True,False,True,False,True,1.0
NORT_ARTIC_4,25739,2804,991,21,11,3,3827,0.31293639631647985,True,False,False,False,False,True,1.0
NORT_ARTIC_4,25794,1220,441,16,9,1,1686,0.36068021403820394,True,False,False,False,False,True,1.0
NORT_ARTIC_4,25929,895,2383,10,20,2,3308,0.536711404829854,True,False,False,False,False,True,1.0
NORT_ARTIC_4,26017,933,728,7,10,1,1678,0.2293602959313824,True,False,False,False,False,True,1.0
NORT_ARTIC_4,26304,9024,20879,60,119,8,30082,0.3281809611511298,True,False,False,False,False,True,1.0
NORT_ARTIC_4,26422,2244,1131,15,10,2,3400,0.5261002536886737,True,False,False,False,False,True,1.0
NORT_ARTIC_4,27652,418,516,7,7,1,948,0.7892749646906029,True,True,False,False,False,True,1.0
NORT_ARTIC_4,27728,2549,2492,20,21,2,5082,0.8760688124936973,True,False,False,False,False,True,1.0
NORT_ARTIC_4,27749,6328,4549,44,37,4,10958,0.49902165510853624,True,False,False,False,False,True,1.0
NORT_ARTIC_4,27768,10281,7076,71,40,6,17468,0.33361034031229175,True,False,False,False,False,True,1.0
NORT_ARTIC_4,28010,7718,14976,51,88,7,22833,0.529881558368783,True,False,False,False,False,True,1.0
NORT_ARTIC_4,28079,4428,2684,25,10,2,7147,0.2981711293604047,True,False,False,False,False,True,1.0
NORT_ARTIC_4,28093,31112,17539,522,134,20,49307,7.38079768592501e-18,False,False,False,False,False,False,1.0183040540681204e-15
NORT_ARTIC_4,28125,2616,1088,13,7,1,3724,0.6240786478467351,True,False,False,False,False,True,1.0
NORT_ARTIC_4,28252,820,1783,5,18,1,2626,0.37424358685049,True,False,False,False,False,True,1.0
NORT_ARTIC_4,28680,698,485,8,10,1,1201,0.23405497378502743,True,False,False,False,False,True,1.0
NORT_ARTIC_4,28862,337,916,4,9,1,1266,0.7566543316890524,True,False,False,True,False,True,1.0
NORT_ARTIC_4,29181,1305,355,18,6,2,1684,0.6214003782737508,True,False,False,False,False,True,1.0
NORT_ARTIC_4,430,418,118,6,2,1,544,0.6910578022965554,True,True,False,True,False,True,1.0
NORT_ARTIC_4,2271,2592,776,28,13,3,3409,0.1941002846345805,True,False,False,False,False,True,1.0
NORT_ARTIC_4,2924,644,199,8,3,1,854,0.7276654846650122,True,True,False,True,False,True,1.0
NORT_ARTIC_4,4355,1551,714,15,7,2,2287,1.0,True,False,False,False,False,True,1.0
NORT_ARTIC_4,4382,1371,794,15,8,2,2188,1.0,True,False,False,False,False,True,1.0
NORT_ARTIC_4,4519,99,241,2,5,1,347,1.0,True,True,False,True,False,True,1.0
NORT_ARTIC_4,4928,350,755,2,8,1,1115,0.7335519244826945,True,False,False,True,False,True,1.0
NORT_ARTIC_4,5202,331,957,5,10,2,1303,0.5531622378744575,True,False,False,True,False,True,1.0
NORT_ARTIC_4,5586,9754,10367,64,69,6,20254,1.0,True,False,False,False,False,True,1.0
NORT_ARTIC_4,5623,7587,5322,43,36,4,12988,0.49181837031533415,True,False,False,False,False,True,1.0
NORT_ARTIC_4,5818,3721,11691,38,85,6,15535,0.09042172816206305,True,False,False,False,False,True,1.0
NORT_ARTIC_4,5864,2869,9015,18,63,5,11965,0.7946143010457261,True,False,False,False,False,True,1.0
NORT_ARTIC_4,5939,800,484,8,4,1,1296,1.0,True,False,False,True,False,True,1.0
NORT_ARTIC_4,6084,657,1477,7,15,2,2156,1.0,True,False,False,False,False,True,1.0
NORT_ARTIC_4,6721,1980,3018,17,17,2,5032,0.2230534237108274,True,False,False,False,False,True,1.0
NORT_ARTIC_4,6864,4201,4596,38,37,4,8872,0.6435966937616304,True,False,False,False,False,True,1.0
NORT_ARTIC_4,7598,3359,3298,35,26,4,6718,0.3050841945536333,True,False,False,False,False,True,1.0
NORT_ARTIC_4,8113,485,185,5,5,1,680,0.1523741352018873,True,True,False,True,False,True,1.0
NORT_ARTIC_4,8649,1540,7502,13,60,5,9115,0.8756061700950495,True,False,False,False,False,True,1.0
NORT_ARTIC_4,9104,523,276,5,3,1,807,1.0,True,True,False,True,False,True,1.0
NORT_ARTIC_4,9530,6272,2750,42,26,4,9090,0.18599481205598728,True,False,False,False,False,True,1.0
NORT_ARTIC_4,9583,1912,529,10,3,1,2454,1.0,True,False,False,True,False,True,1.0
NORT_ARTIC_4,9621,1984,653,12,4,1,2653,1.0,True,False,False,True,False,True,1.0
NORT_ARTIC_4,9645,1208,737,8,5,1,1958,1.0,True,False,False,True,False,True,1.0
NORT_ARTIC_4,9688,622,830,5,8,1,1465,1.0,True,False,False,False,False,True,1.0
NORT_ARTIC_4,9710,5547,17189,41,99,6,22876,0.19907447424213703,True,False,False,False,False,True,1.0
NORT_ARTIC_4,9734,9691,42675,75,260,14,52701,0.07742521234222759,False,False,False,False,False,False,1.0
NORT_ARTIC_4,9806,4166,13591,34,121,7,17912,0.7040672008729105,True,False,False,False,False,True,1.0
NORT_ARTIC_4,9996,86,89,1,1,1,177,1.0,True,True,False,True,False,True,1.0
NORT_ARTIC_4,10699,2341,12400,14,78,4,14833,1.0,True,False,False,False,False,True,1.0
NORT_ARTIC_4,10761,1687,2013,15,13,2,3728,0.44883724423058524,True,False,False,False,False,True,1.0
NORT_ARTIC_4,10801,912,385,8,5,1,1310,0.5445072641586528,True,False,False,True,False,True,1.0
NORT_ARTIC_4,10861,919,395,6,4,1,1324,0.49993373333441465,True,False,False,True,False,True,1.0
NORT_ARTIC_4,10966,463,1538,8,15,2,2024,0.21321720686188977,True,False,False,False,False,True,1.0
NORT_ARTIC_4,10985,211,774,5,9,1,999,0.19782821833497288,True,True,False,True,False,True,1.0
NORT_ARTIC_4,11738,3751,1615,24,18,3,5408,0.0902411306217904,True,False,False,False,False,True,1.0
NORT_ARTIC_4,11892,590,2277,11,26,3,2904,0.21729893592098998,True,False,False,False,False,True,1.0
NORT_ARTIC_4,12056,1057,278,10,3,1,1348,0.740255298078105,True,False,False,True,False,True,1.0
NORT_ARTIC_4,12127,1272,1499,13,17,3,2801,0.854990591975552,True,False,False,False,False,True,1.0
NORT_ARTIC_4,12365,6955,1861,59,24,5,8899,0.10382331009013077,True,False,False,False,False,True,1.0
NORT_ARTIC_4,12605,6359,5166,38,24,2,11587,0.371336478638529,True,False,False,False,False,True,1.0
NORT_ARTIC_4,12910,659,246,7,4,1,916,0.5033585364143313,True,True,False,True,False,True,1.0
NORT_ARTIC_4,13129,1715,7116,20,54,4,8905,0.10523639196096021,True,False,False,False,False,True,1.0
NORT_ARTIC_4,13884,1220,387,9,5,1,1621,0.34641198498812314,True,False,False,True,False,True,1.0
NORT_ARTIC_4,13901,1212,371,9,4,1,1596,0.5176583967821965,True,False,False,True,False,True,1.0
NORT_ARTIC_4,14431,6807,3451,46,37,6,10341,0.046738545350293995,True,False,False,False,False,True,0.9785336679424218
NORT_ARTIC_4,14704,998,1866,9,19,2,2892,0.8442240348397932,True,False,False,False,False,True,1.0
NORT_ARTIC_4,15639,5065,1270,40,14,4,6389,0.3050050072570079,True,False,False,False,False,True,1.0
NORT_ARTIC_4,15985,640,229,6,5,1,880,0.17300734799816445,True,True,False,True,False,True,1.0
NORT_ARTIC_4,16169,1313,739,11,5,1,2068,0.7982919508136879,True,False,False,False,False,True,1.0
NORT_ARTIC_4,16176,7884,6783,44,36,2,14747,0.9105803276006861,True,False,False,False,False,True,1.0
NORT_ARTIC_4,16299,653,551,6,6,1,1216,0.7797380597601609,True,False,False,False,False,True,1.0
NORT_ARTIC_4,16740,14759,9672,81,57,5,24569,0.7271335556672917,True,False,False,False,False,True,1.0
NORT_ARTIC_4,16840,3458,921,29,9,2,4417,0.6898996722344164,True,False,False,False,False,True,1.0
NORT_ARTIC_4,16965,1286,3458,15,21,2,4780,0.05976600975301544,True,False,False,False,False,True,1.0
NORT_ARTIC_4,17872,161,649,4,8,1,822,0.2726737321698204,True,True,False,True,False,True,1.0
NORT_ARTIC_4,18294,3060,590,21,6,2,3677,0.42779109541409854,True,False,False,True,False,True,1.0
NORT_ARTIC_4,18554,1258,3212,12,30,2,4512,1.0,True,False,False,False,False,True,1.0
NORT_ARTIC_4,18712,1139,745,45,2,2,1931,5.3157572678735264e-08,True,False,False,False,False,True,4.4003838663457054e-06
NORT_ARTIC_4,18916,2279,2058,16,17,2,4370,0.7273247364986619,True,False,False,False,False,True,1.0
NORT_ARTIC_4,18970,915,313,9,3,1,1240,1.0,True,False,False,True,False,True,1.0
NORT_ARTIC_4,19169,7362,18674,52,118,9,26206,0.4953721721802714,True,False,False,False,False,True,1.0
NORT_ARTIC_4,19804,75,221,4,4,1,304,0.2121384883824051,True,True,False,True,False,True,1.0
NORT_ARTIC_4,20437,7177,6306,38,40,4,13561,0.42860135029871915,True,False,False,False,False,True,1.0
NORT_ARTIC_4,20711,13891,18477,106,137,12,32611,0.8453994111282395,False,False,False,False,False,False,1.0
NORT_ARTIC_4,20952,228,651,4,6,1,889,0.2971165953957651,True,True,False,True,False,True,1.0
NORT_ARTIC_4,21293,973,4885,11,31,3,5900,0.09893003346785917,True,False,False,False,False,True,1.0
NORT_ARTIC_4,21326,547,910,6,7,1,1470,0.5712150027442398,True,False,False,True,False,True,1.0
NORT_ARTIC_4,21628,5363,5362,31,37,4,10793,0.5433373325661321,True,False,False,False,False,True,1.0
NORT_ARTIC_4,23190,552,1218,8,18,3,1796,1.0,True,False,False,False,False,True,1.0
NORT_ARTIC_4,23332,762,261,10,3,1,1036,1.0,True,False,False,True,False,True,1.0
NORT_ARTIC_4,24565,1709,717,16,10,2,2452,0.38718627587706295,True,False,False,False,False,True,1.0
NORT_ARTIC_4,24576,2030,941,17,10,2,2998,0.5389202278004849,True,False,False,False,False,True,1.0
NORT_ARTIC_4,25133,852,380,8,4,1,1244,1.0,True,False,False,True,False,True,1.0
NORT_ARTIC_4,25633,689,1339,12,14,2,2054,0.21363965954207353,True,False,False,False,False,True,1.0
NORT_ARTIC_4,25903,1126,2321,11,20,3,3478,0.7053463671176514,True,False,False,False,False,True,1.0
NORT_ARTIC_4,25905,1275,2583,13,20,2,3891,0.4599016808847661,True,False,False,False,False,True,1.0
NORT_ARTIC_4,25962,1054,2534,10,17,2,3615,0.3992457773377659,True,False,False,False,False,True,1.0
NORT_ARTIC_4,26016,3031,1623,25,12,2,4691,0.8632067475532426,True,False,False,False,False,True,1.0
NORT_ARTIC_4,26406,368,147,6,3,1,524,0.7199914371653926,True,True,False,True,False,True,1.0
NORT_ARTIC_4,27191,1891,418,18,8,2,2335,0.1205765438608267,True,False,False,True,False,True,1.0
NORT_ARTIC_4,27680,226,676,4,6,1,912,0.28209689827495427,True,True,False,True,False,True,1.0
NORT_ARTIC_4,28043,4249,2391,32,19,3,6691,0.883988133454972,True,False,False,False,False,True,1.0
NORT_ARTIC_4,28130,1833,798,11,6,1,2648,0.6082088151942956,True,False,False,False,False,True,1.0
NORT_ARTIC_4,28154,1577,778,10,8,1,2373,0.3207481532868106,True,False,False,False,False,True,1.0
NORT_ARTIC_4,1047,1929,460,16,5,2,2410,0.5802450760790294,True,False,False,True,False,True,1.0
NORT_ARTIC_4,1071,8327,1627,54,17,5,10025,0.10529598255364328,True,False,False,False,False,True,1.0
NORT_ARTIC_4,1075,993,255,9,3,1,1260,0.7190820134107005,True,False,False,True,False,True,1.0
NORT_ARTIC_4,1138,587,335,10,4,1,936,0.7804086096862282,True,True,False,False,False,True,1.0
NORT_ARTIC_4,1626,13387,5046,90,36,7,18559,0.7640038012080657,True,False,False,False,False,True,1.0
NORT_ARTIC_4,1639,8070,2514,54,17,4,10655,1.0,True,False,False,False,False,True,1.0
NORT_ARTIC_4,1746,266,537,3,9,1,815,0.7598418815925991,True,True,False,True,False,True,1.0
NORT_ARTIC_4,1789,226,900,5,8,1,1139,0.1544262698686912,True,False,False,True,False,True,1.0
NORT_ARTIC_4,1937,1172,480,12,8,1,1672,0.3228032258444654,True,False,False,False,False,True,1.0
NORT_ARTIC_4,2222,11060,9172,84,63,8,20379,0.5616835774889462,True,False,False,False,False,True,1.0
NORT_ARTIC_4,2259,12754,3372,108,28,7,16262,1.0,True,False,False,False,False,True,1.0
NORT_ARTIC_4,2298,1702,629,15,7,1,2353,0.6313602089214898,True,False,False,False,False,True,1.0
NORT_ARTIC_4,2470,2325,7277,18,44,21,9664,0.3740303526680461,False,False,False,False,False,False,1.0
NORT_ARTIC_4,2911,6859,1800,55,16,5,8730,0.6625812684984322,True,False,False,False,False,True,1.0
NORT_ARTIC_4,2977,1173,504,9,4,1,1690,1.0,True,False,False,True,False,True,1.0
NORT_ARTIC_4,3007,520,507,8,9,1,1044,0.8111130170579884,True,False,False,False,False,True,1.0
NORT_ARTIC_4,3267,512,706,8,7,1,1233,0.4352532187550472,True,False,False,False,False,True,1.0
NORT_ARTIC_4,3506,1063,286,9,2,1,1360,1.0,True,False,False,True,False,True,1.0
NORT_ARTIC_4,4362,1008,528,7,5,1,1548,0.5599427597217793,True,False,False,True,False,True,1.0
NORT_ARTIC_4,4932,689,1043,5,9,1,1746,1.0,True,False,False,False,False,True,1.0
NORT_ARTIC_4,5064,1225,346,9,6,1,1586,0.1154434590185161,True,False,False,True,False,True,1.0
NORT_ARTIC_4,5234,3005,13813,37,91,7,16946,0.0024066796902164466,True,False,False,False,False,True,0.1260917371874161
NORT_ARTIC_4,5587,2213,2052,17,17,2,4299,0.8644621622983429,True,False,False,False,False,True,1.0
NORT_ARTIC_4,5685,1958,774,11,6,1,2749,0.5899620416158456,True,False,False,True,False,True,1.0
NORT_ARTIC_4,5838,554,1734,3,12,1,2303,1.0,True,False,False,True,False,True,1.0
NORT_ARTIC_4,5839,2263,7262,220,625,2,10370,0.14102216755146907,True,False,False,False,False,True,1.0
NORT_ARTIC_4,5881,3342,5796,20,32,2,9190,0.7744145248069018,True,False,False,False,False,True,1.0
NORT_ARTIC_4,5971,1153,258,10,1,1,1422,0.700106586589209,True,False,False,True,False,True,1.0
NORT_ARTIC_4,5985,1626,400,16,6,2,2048,0.4172650319001401,True,False,False,True,False,True,1.0
NORT_ARTIC_4,6025,1189,755,8,5,1,1957,1.0,True,False,False,False,False,True,1.0
NORT_ARTIC_4,6148,3835,15729,33,346,21,19943,8.651349043633815e-09,False,False,False,False,False,False,7.618709296085183e-07
NORT_ARTIC_4,6562,1605,632,9,5,1,2251,0.5559515002879954,True,False,False,True,False,True,1.0
NORT_ARTIC_4,6837,987,1365,8,11,1,2371,1.0,True,False,False,False,False,True,1.0
NORT_ARTIC_4,6862,1078,1197,7,9,1,2291,0.8073117569680338,True,False,False,False,False,True,1.0
NORT_ARTIC_4,6871,1329,2247,8,18,2,3602,0.5486313900419151,True,False,False,False,False,True,1.0
NORT_ARTIC_4,6907,939,424,8,5,1,1376,0.5577985266910741,True,False,False,True,False,True,1.0
NORT_ARTIC_4,7048,562,1831,9,17,3,2419,0.24240346618164377,True,False,False,False,False,True,1.0
NORT_ARTIC_4,7467,2547,546,19,8,2,3120,0.125052537454784,True,False,False,True,False,True,1.0
NORT_ARTIC_4,7621,1141,2874,10,19,2,4044,0.535388999237094,True,False,False,False,False,True,1.0
NORT_ARTIC_4,7636,2760,6621,17,46,3,9444,0.7817220128037259,True,False,False,False,False,True,1.0
NORT_ARTIC_4,7669,8935,30977,58,179,10,40149,0.43512496295804737,False,False,False,False,False,False,1.0
NORT_ARTIC_4,7676,1140,3089,10,20,2,4259,0.4150879935937407,True,False,False,False,False,True,1.0
NORT_ARTIC_4,7744,5045,6791,31,41,2,11908,1.0,True,False,False,False,False,True,1.0
NORT_ARTIC_4,8444,6911,1791,56,13,3,8771,0.8810533239007972,True,False,False,False,False,True,1.0
NORT_ARTIC_4,8482,1755,937,26,8,3,2726,0.20559922681867865,True,False,False,False,False,True,1.0
NORT_ARTIC_4,8599,4769,15402,35,90,8,20296,0.2470442915614589,True,False,False,False,False,True,1.0
NORT_ARTIC_4,8624,437,1439,4,10,1,1890,0.7504371011028231,True,False,False,True,False,True,1.0
NORT_ARTIC_4,8835,2408,4622,376,210,30,7616,4.464748964825012e-45,False,False,False,False,False,False,1.0266442203005958e-42
NORT_ARTIC_4,9067,697,227,6,3,1,933,0.6970204185438938,True,True,False,True,False,True,1.0
NORT_ARTIC_4,9345,314,284,4,3,1,605,1.0,True,True,False,True,False,True,1.0
NORT_ARTIC_4,9865,660,152,5,3,1,820,0.17855608811037715,True,True,False,True,False,True,1.0
NORT_ARTIC_4,10011,6995,8029,68,90,9,15182,0.42282875170019757,True,False,False,False,False,True,1.0
NORT_ARTIC_4,10166,3244,1244,26,13,3,4527,0.4727264755987944,True,False,False,False,False,True,1.0
NORT_ARTIC_4,10390,464,1377,6,11,1,1858,0.3988948526577723,True,False,False,True,False,True,1.0
NORT_ARTIC_4,10534,7096,1795,48,18,4,8957,0.1656866327158408,True,False,False,False,False,True,1.0
NORT_ARTIC_4,10545,5020,1197,30,8,2,6255,0.8360814865080105,True,False,False,False,False,True,1.0
NORT_ARTIC_4,10612,667,942,9,10,1,1628,0.6440349798670482,True,False,False,False,False,True,1.0
NORT_ARTIC_4,11169,1364,777,11,7,1,2159,0.8097696443651132,True,False,False,False,False,True,1.0
NORT_ARTIC_4,11256,4915,13522,31,69,4,18537,0.3640816683111643,True,False,False,False,False,True,1.0
NORT_ARTIC_4,11384,2076,1967,13,12,1,4068,1.0,True,False,False,False,False,True,1.0
NORT_ARTIC_4,11438,1738,600,10,4,1,2352,0.763936751439267,True,False,False,True,False,True,1.0
NORT_ARTIC_4,11443,11928,4229,77,33,5,16267,0.38400529503829917,True,False,False,False,False,True,1.0
NORT_ARTIC_4,11459,1766,792,13,11,2,2582,0.12463315448942383,True,False,False,False,False,True,1.0
NORT_ARTIC_4,11784,2145,1192,19,8,2,3364,0.5533369049206486,True,False,False,False,False,True,1.0
NORT_ARTIC_4,11880,380,1133,3,8,1,1524,1.0,True,False,False,True,False,True,1.0
NORT_ARTIC_4,12026,1251,322,9,4,1,1586,0.31893606571480604,True,False,False,True,False,True,1.0
NORT_ARTIC_4,12060,14467,2679,85,24,6,17255,0.0840279136794414,True,False,False,False,False,True,1.0
NORT_ARTIC_4,12298,3087,3118,22,18,2,6245,0.5297701982553932,True,False,False,False,False,True,1.0
NORT_ARTIC_4,12350,2083,416,16,7,2,2522,0.09047391617895235,True,False,False,True,False,True,1.0
NORT_ARTIC_4,12363,40147,11209,320,111,18,51787,0.05333455630458754,False,False,False,False,False,False,0.9880974014839219
NORT_ARTIC_4,12413,707,497,8,4,1,1216,0.7703794161479318,True,False,False,True,False,True,1.0
NORT_ARTIC_4,12416,1705,1285,15,10,2,3015,0.841122366057329,True,False,False,False,False,True,1.0
NORT_ARTIC_4,12519,3623,11755,28,71,5,15477,0.2849146180521331,True,False,False,False,False,True,1.0
NORT_ARTIC_4,12612,1529,1179,12,6,1,2726,0.4778678028534577,True,False,False,False,False,True,1.0
NORT_ARTIC_4,12670,2778,816,19,9,2,3622,0.2571618517630216,True,False,False,False,False,True,1.0
NORT_ARTIC_4,12673,5220,2102,55,15,3,7392,0.23116084399801723,True,False,False,False,False,True,1.0
NORT_ARTIC_4,12886,3702,2410,22,18,2,6152,0.5174796870499281,True,False,False,False,False,True,1.0
NORT_ARTIC_4,12928,2428,955,20,10,2,3413,0.5437875385791868,True,False,False,False,False,True,1.0
NORT_ARTIC_4,13373,376,1297,5,10,1,1688,0.3504218095346459,True,False,False,True,False,True,1.0
NORT_ARTIC_4,13786,7169,2164,91,31,6,9455,0.5893201049488184,True,False,False,False,False,True,1.0
NORT_ARTIC_4,13803,1197,348,8,6,1,1559,0.1013817316713124,True,False,False,True,False,True,1.0
NORT_ARTIC_4,14259,491,632,8,8,2,1139,0.6221974075352479,True,False,False,False,False,True,1.0
NORT_ARTIC_4,14297,285,563,5,5,1,858,0.31896725815076216,True,True,False,True,False,True,1.0
NORT_ARTIC_4,14463,960,353,7,5,1,1325,0.32424580687253135,True,False,False,True,False,True,1.0
NORT_ARTIC_4,15365,178,88,5,4,1,275,0.48826740750810005,True,True,False,True,False,True,1.0
NORT_ARTIC_4,15423,75,129,3,4,1,211,0.711110501454093,True,True,False,True,False,True,1.0
NORT_ARTIC_4,15521,2349,8501,293,300,29,11443,7.08768057406748e-47,False,False,False,False,False,False,1.7256417585920767e-44
NORT_ARTIC_4,15665,1796,411,12,4,1,2223,0.5188151197452169,True,False,False,True,False,True,1.0
NORT_ARTIC_4,15797,3495,10343,34,72,5,13944,0.11627091177845268,True,False,False,False,False,True,1.0
NORT_ARTIC_4,16242,3508,1826,30,17,2,5381,0.7599233698903785,True,False,False,False,False,True,1.0
NORT_ARTIC_4,16348,6329,19526,46,116,8,26017,0.27112847680753427,True,False,False,False,False,True,1.0
NORT_ARTIC_4,16392,439,1697,3,15,1,2154,1.0,True,False,False,True,False,True,1.0
NORT_ARTIC_4,16424,24211,43497,176,298,19,68182,0.5322803767934661,False,False,False,False,False,False,1.0
NORT_ARTIC_4,16829,2022,518,9,6,1,2555,0.09890278988589025,True,False,False,True,False,True,1.0
NORT_ARTIC_4,16986,10658,26149,58,118,7,36983,0.24430285513387484,True,False,False,False,False,True,1.0
NORT_ARTIC_4,17037,15985,27697,109,175,11,43966,0.5370433664523578,False,False,False,False,False,False,1.0
NORT_ARTIC_4,17192,4415,3719,33,23,3,8190,0.5044246924467655,True,False,False,False,False,True,1.0
NORT_ARTIC_4,17337,599,1214,5,10,1,1828,1.0,True,False,False,True,False,True,1.0
NORT_ARTIC_4,17577,1028,3452,11,26,2,4517,0.3287388705314206,True,False,False,False,False,True,1.0
NORT_ARTIC_4,17773,11905,5529,79,46,5,17559,0.2470130489338585,True,False,False,False,False,True,1.0
NORT_ARTIC_4,17931,618,1721,7,15,2,2361,0.6273431262600412,True,False,False,False,False,True,1.0
NORT_ARTIC_4,18537,835,1990,11,20,2,2856,0.552872403623404,True,False,False,False,False,True,1.0
NORT_ARTIC_4,18740,356,566,3,7,1,932,0.7489739207652986,True,True,False,True,False,True,1.0
NORT_ARTIC_4,18788,343,818,16,57,1,1234,0.18504831963179863,True,False,False,False,False,True,1.0
NORT_ARTIC_4,18921,1257,1058,8,10,1,2333,0.47932939710449796,True,False,False,False,False,True,1.0
NORT_ARTIC_4,18996,9007,3412,64,29,5,12512,0.416324469397168,True,False,False,False,False,True,1.0
NORT_ARTIC_4,19139,3406,7361,27,43,4,10837,0.24557978620635065,True,False,False,False,False,True,1.0
NORT_ARTIC_4,19418,34,118,3,5,1,160,0.387908684996396,True,True,False,True,False,True,1.0
NORT_ARTIC_4,19605,5158,1983,41,15,4,7197,1.0,True,False,False,False,False,True,1.0
NORT_ARTIC_4,19673,527,740,5,7,1,1279,1.0,True,False,False,True,False,True,1.0
NORT_ARTIC_4,20144,8363,5257,54,35,5,13709,0.9132116256097632,True,False,False,False,False,True,1.0
NORT_ARTIC_4,20163,3620,2818,22,19,2,6479,0.7543925396906093,True,False,False,False,False,True,1.0
NORT_ARTIC_4,20183,2215,1646,13,11,1,3885,0.8368781874235947,True,False,False,False,False,True,1.0
NORT_ARTIC_4,20190,4532,3372,31,22,3,7957,0.8902561077476847,True,False,False,False,False,True,1.0
NORT_ARTIC_4,20200,12765,6597,94,52,6,19508,0.7260603678063519,True,False,False,False,False,True,1.0
NORT_ARTIC_4,20205,3927,2367,26,16,3,6336,1.0,True,False,False,False,False,True,1.0
NORT_ARTIC_4,20209,2117,777,13,4,1,2911,1.0,True,False,False,True,False,True,1.0
NORT_ARTIC_4,20556,8907,4618,56,39,6,13620,0.15954308814905316,True,False,False,False,False,True,1.0
NORT_ARTIC_4,20622,10506,21000,99,160,13,31765,0.09852219351731613,False,False,False,False,False,False,1.0
NORT_ARTIC_4,20700,1023,1343,6,11,1,2383,0.6264513000389134,True,False,False,False,False,True,1.0
NORT_ARTIC_4,20729,37739,43764,310,314,27,82127,0.09845731253218373,False,False,False,False,False,False,1.0
NORT_ARTIC_4,21032,806,954,5,7,1,1772,1.0,True,False,False,False,False,True,1.0
NORT_ARTIC_4,21571,1314,1533,14,12,1,2873,0.4383422270355405,True,False,False,False,False,True,1.0
NORT_ARTIC_4,21572,6540,7411,42,47,4,14040,1.0,True,False,False,False,False,True,1.0
NORT_ARTIC_4,22212,609,922,40,55,1,1626,0.6668569889502505,True,False,False,False,False,True,1.0
NORT_ARTIC_4,22307,556,331,9,7,2,903,0.6098659736872178,True,True,False,False,False,True,1.0
NORT_ARTIC_4,22514,2532,832,19,9,2,3392,0.3805878880750987,True,False,False,False,False,True,1.0
NORT_ARTIC_4,22599,7546,15126,29,79,24,22780,0.1830120934416228,False,False,False,False,False,False,1.0
NORT_ARTIC_4,23667,14,5,2,1,1,22,1.0,True,True,False,True,False,True,1.0
NORT_ARTIC_4,23669,13,4,2,2,1,21,0.543859649122807,True,True,False,True,False,True,1.0
NORT_ARTIC_4,23986,1664,484,15,7,2,2170,0.3075705460259419,True,False,False,True,False,True,1.0
NORT_ARTIC_4,24303,3873,1457,34,14,4,5378,0.7471275332865737,True,False,False,False,False,True,1.0
NORT_ARTIC_4,24371,2344,2513,18,24,3,4899,0.5369601175746749,True,False,False,False,False,True,1.0
NORT_ARTIC_4,24399,964,1295,20,31,2,2310,0.6693870857272695,True,False,False,False,False,True,1.0
NORT_ARTIC_4,24430,911,4249,8,29,2,5197,0.5169719736471088,True,False,False,False,False,True,1.0
NORT_ARTIC_4,24543,922,1276,11,10,1,2219,0.3780340330657313,True,False,False,False,False,True,1.0
NORT_ARTIC_4,24820,9772,5682,98,54,5,15606,0.8000727120141102,True,False,False,False,False,True,1.0
NORT_ARTIC_4,24837,4064,2171,36,18,4,6289,0.8866126483097208,True,False,False,False,False,True,1.0
NORT_ARTIC_4,24991,401,769,2,7,1,1179,0.7262343519900185,True,False,False,True,False,True,1.0
NORT_ARTIC_4,25043,469,1132,5,12,2,1618,1.0,True,False,False,True,False,True,1.0
NORT_ARTIC_4,25048,322,787,4,6,1,1119,0.48903516760443,True,False,False,True,False,True,1.0
NORT_ARTIC_4,25050,325,786,4,7,1,1122,0.7397815284930187,True,False,False,True,False,True,1.0
NORT_ARTIC_4,25400,939,835,5,9,1,1788,0.28274506947740274,True,False,False,False,False,True,1.0
NORT_ARTIC_4,25586,290,945,5,11,1,1251,0.5517897288070504,True,False,False,True,False,True,1.0
NORT_ARTIC_4,25727,1156,965,9,10,1,2140,0.6452118734879554,True,False,False,False,False,True,1.0
NORT_ARTIC_4,25911,630,1609,11,15,2,2265,0.12567351579595057,True,False,False,False,False,True,1.0
NORT_ARTIC_4,27556,644,140,14,6,1,804,0.2332091280900566,True,True,False,True,False,True,1.0
NORT_ARTIC_4,27734,4730,2860,35,30,3,7655,0.16029485683764344,True,False,False,False,False,True,1.0
NORT_ARTIC_4,27780,1943,1072,12,6,1,3033,1.0,True,False,False,False,False,True,1.0
NORT_ARTIC_4,27941,1799,7081,14,51,4,8945,0.7581207050505887,True,False,False,False,False,True,1.0
NORT_ARTIC_4,27971,3131,15301,25,93,6,18550,0.22007987537152426,True,False,False,False,False,True,1.0
NORT_ARTIC_4,28051,1703,1473,10,10,1,3196,0.8237993188262847,True,False,False,False,False,True,1.0
NORT_ARTIC_4,28069,10410,7908,66,57,5,18441,0.5228452455061565,True,False,False,False,False,True,1.0
NORT_ARTIC_4,28131,1674,737,11,6,1,2428,0.7920588764760501,True,False,False,False,False,True,1.0
NORT_ARTIC_4,28135,3138,1370,30,17,3,4555,0.4259924300749018,True,False,False,False,False,True,1.0
NORT_ARTIC_4,421,11,4,3,5,1,23,0.17929734822990984,True,True,False,True,False,True,1.0
NORT_ARTIC_4,1112,15,7,1,2,1,25,0.5304347826086955,True,True,False,True,False,True,1.0
NORT_ARTIC_4,1191,26,28,1,0,2,55,0.49090909090909085,True,True,True,True,False,True,1.0
NORT_ARTIC_4,1827,8,25,2,11,1,46,0.7002697016169994,True,True,False,True,False,True,1.0
NORT_ARTIC_4,2427,6,15,2,2,1,25,0.5699604743083004,True,True,False,True,False,True,1.0
NORT_ARTIC_4,2463,8,15,2,2,1,27,0.6125356125356126,True,True,False,True,False,True,1.0
NORT_ARTIC_4,4585,11,29,1,2,1,43,1.0,True,True,False,True,False,True,1.0
NORT_ARTIC_4,4697,888,379,9,8,2,1284,0.17988827800019042,True,False,False,False,False,True,1.0
NORT_ARTIC_4,4902,12,26,1,2,1,41,1.0,True,True,False,True,False,True,1.0
NORT_ARTIC_4,5494,25,70,2,2,1,99,0.2989356004819922,True,True,False,True,False,True,1.0
NORT_ARTIC_4,7633,7,9,1,2,1,19,1.0,True,True,False,True,False,True,1.0
NORT_ARTIC_4,8004,5,11,2,2,1,20,0.5867905056759546,True,True,False,True,False,True,1.0
NORT_ARTIC_4,8057,458,327,13,5,2,803,0.3337422818502923,True,True,False,False,False,True,1.0
NORT_ARTIC_4,8982,29,7,2,2,1,40,0.21304300251668676,True,True,False,True,False,True,1.0
NORT_ARTIC_4,9523,37,13,8,5,1,63,0.492297335717893,True,True,False,True,False,True,1.0
NORT_ARTIC_4,12042,683,235,10,6,2,934,0.26364911281761244,True,True,False,True,False,True,1.0
NORT_ARTIC_4,12115,13,6,6,3,1,28,1.0,True,True,False,True,False,True,1.0
NORT_ARTIC_4,15813,2605,9420,19,40,3,12084,0.05725284978752562,True,False,False,False,False,True,1.0
NORT_ARTIC_4,16413,26,57,2,2,1,87,0.591062471500228,True,True,False,True,False,True,1.0
NORT_ARTIC_4,16512,11,3,2,1,1,17,1.0,True,True,False,True,False,True,1.0
NORT_ARTIC_4,17456,47,22,2,2,1,73,0.5937487941346709,True,True,False,True,False,True,1.0
NORT_ARTIC_4,17654,16,24,1,3,1,44,1.0,True,True,False,True,False,True,1.0
NORT_ARTIC_4,19718,40,46,3,3,2,92,1.0,True,True,False,True,False,True,1.0
NORT_ARTIC_4,21618,10559,11154,16,24,14,21753,0.3423799867634736,False,False,False,False,False,False,1.0
NORT_ARTIC_4,23410,3,5,2,2,1,12,1.0,True,True,False,True,False,True,1.0
NORT_ARTIC_4,25108,258,187,8,5,3,458,1.0,True,True,False,False,False,True,1.0
NORT_ARTIC_4,25943,7,15,1,2,1,25,1.0,True,True,False,True,False,True,1.0
NORT_ARTIC_4,26338,8,21,0,9,1,38,0.159095632679973,True,True,True,True,False,True,1.0
NORT_ARTIC_4,27776,3165,2013,27,19,2,5224,0.7624604881676368,True,False,False,False,False,True,1.0
NORT_ARTIC_4,29584,27,8,2,2,1,39,0.26698763540868803,True,True,False,True,False,True,1.0
NORT_ARTIC_4,1387,390,130,0,0,1,520,1.0,True,True,True,True,False,True,1.0
NORT_ARTIC_4,1923,15006,10981,95,89,8,26171,0.09962100338194259,True,False,False,False,False,True,1.0
NORT_ARTIC_4,1927,1627,711,10,7,1,2355,0.4270173115199295,True,False,False,False,False,True,1.0
NORT_ARTIC_4,2300,1323,389,10,4,1,1726,0.535946765848165,True,False,False,True,False,True,1.0
NORT_ARTIC_4,3748,168,633,1,9,1,811,0.6968502829892309,True,True,False,True,False,True,1.0
NORT_ARTIC_4,3882,132,84,4,2,1,222,1.0,True,True,False,True,False,True,1.0
NORT_ARTIC_4,4828,615,935,12,7,1,1569,0.0566141996512623,True,False,False,False,False,True,1.0
NORT_ARTIC_4,5261,4962,5592,21,32,2,10607,0.3345262383474395,True,False,False,False,False,True,1.0
NORT_ARTIC_4,5616,20917,15979,127,95,11,37118,0.8921514055150808,False,False,False,False,False,False,1.0
NORT_ARTIC_4,5624,5589,3524,37,29,3,9179,0.3779937042725512,True,False,False,False,False,True,1.0
NORT_ARTIC_4,5743,32417,36943,274,755,25,70389,2.516120639080812e-39,False,False,False,False,False,False,5.20711166257774e-37
NORT_ARTIC_4,5804,1799,5154,14,44,3,7011,0.8805962636781642,True,False,False,False,False,True,1.0
NORT_ARTIC_4,7692,11062,24820,69,125,8,36076,0.1607978642074667,True,False,False,False,False,True,1.0
NORT_ARTIC_4,7741,1074,1521,7,9,1,2611,1.0,True,False,False,False,False,True,1.0
NORT_ARTIC_4,7750,1989,3266,20,17,2,5292,0.059888600914048754,True,False,False,False,False,True,1.0
NORT_ARTIC_4,8405,2885,691,24,5,2,3605,1.0,True,False,False,False,False,True,1.0
NORT_ARTIC_4,8757,96,45,3,2,1,146,0.6570234970376015,True,True,False,True,False,True,1.0
NORT_ARTIC_4,9302,461,304,7,6,1,778,0.7765429180148482,True,True,False,False,False,True,1.0
NORT_ARTIC_4,9393,586,825,9,10,2,1430,0.6442549172476322,True,False,False,False,False,True,1.0
NORT_ARTIC_4,11151,7033,2110,46,18,4,9207,0.37123043160003766,True,False,False,False,False,True,1.0
NORT_ARTIC_4,11482,821,798,5,11,1,1635,0.13778058073731003,True,False,False,False,False,True,1.0
NORT_ARTIC_4,12023,6069,1550,99,22,6,7740,0.6487606113165727,True,False,False,False,False,True,1.0
NORT_ARTIC_4,12030,2799,643,22,9,2,3473,0.16267340209195258,True,False,False,False,False,True,1.0
NORT_ARTIC_4,12291,2360,2556,20,21,2,4957,1.0,True,False,False,False,False,True,1.0
NORT_ARTIC_4,12594,1244,1139,11,7,1,2401,0.48727812163958517,True,False,False,False,False,True,1.0
NORT_ARTIC_4,13935,704,707,11,6,1,1428,0.32938738069034545,True,False,False,False,False,True,1.0
NORT_ARTIC_4,14030,1351,6625,1,242,6,8219,4.812678395240722e-18,True,False,False,False,False,True,6.868853751000464e-16
NORT_ARTIC_4,14041,3240,14931,0,582,13,18753,2.4483847704946102e-49,False,False,True,False,False,True,6.333665353173245e-47
NORT_ARTIC_4,15195,296,713,5,9,1,1023,0.5671812888451617,True,False,False,True,False,True,1.0
NORT_ARTIC_4,15772,2401,3891,16,16,2,6324,0.20163852734972407,True,False,False,False,False,True,1.0
NORT_ARTIC_4,15792,1444,4461,15,33,2,5953,0.3110181998869497,True,False,False,False,False,True,1.0
NORT_ARTIC_4,15867,2021,8581,16,52,3,10670,0.3530936218041693,True,False,False,False,False,True,1.0
NORT_ARTIC_4,16676,563,2399,8,18,2,2988,0.13442108708520434,True,False,False,True,False,True,1.0
NORT_ARTIC_4,16967,2695,7255,25,43,3,10018,0.07646511903839595,True,False,False,False,False,True,1.0
NORT_ARTIC_4,17445,1733,391,11,7,1,2142,0.059518644612341055,True,False,False,True,False,True,1.0
NORT_ARTIC_4,19065,9593,6681,101,59,8,16434,0.2949070421865646,True,False,False,False,False,True,1.0
NORT_ARTIC_4,19077,14412,11956,361,152,14,26881,6.95462547369518e-13,False,False,False,False,False,False,7.380819188621628e-11
NORT_ARTIC_4,20753,10797,10000,67,63,6,20927,0.9301477631837742,True,False,False,False,False,True,1.0
NORT_ARTIC_4,20776,3167,1774,28,20,3,4989,0.4504092649323566,True,False,False,False,False,True,1.0
NORT_ARTIC_4,21169,559,469,8,5,1,1041,0.78115464551555,True,False,False,False,False,True,1.0
NORT_ARTIC_4,22291,846,573,21,17,5,1457,0.6177279602584582,True,False,False,False,False,True,1.0
NORT_ARTIC_4,24289,3451,841,26,9,2,4327,0.391227751738062,True,False,False,False,False,True,1.0
NORT_ARTIC_4,24689,142,725,2,9,1,878,0.6988040438625175,True,True,False,True,False,True,1.0
NORT_ARTIC_4,24877,7245,4581,47,31,3,11904,0.9072886952671109,True,False,False,False,False,True,1.0
NORT_ARTIC_4,25084,4710,3869,35,37,5,8651,0.2875696853389553,True,False,False,False,False,True,1.0
NORT_ARTIC_4,25659,576,907,3,9,1,1495,0.38819719728816426,True,False,False,True,False,True,1.0
NORT_ARTIC_4,26216,1666,6975,20,57,3,8718,0.14694192526765423,True,False,False,False,False,True,1.0
NORT_ARTIC_4,26875,141,936,5,12,2,1094,0.06420557178342201,True,False,False,True,False,True,1.0
NORT_ARTIC_4,29632,10420,4788,37,14,22,15259,0.6508354623600024,False,False,False,False,False,False,1.0
NORT_ARTIC_4,1374,539,188,7,4,1,738,0.4891366660183968,True,True,False,True,False,True,1.0
NORT_ARTIC_4,3731,5010,16059,198,60,13,21327,1.09802787049776e-70,False,False,False,False,False,False,4.544737355990228e-68
NORT_ARTIC_4,4360,6302,2829,43,23,4,9197,0.5056554701224468,True,False,False,False,False,True,1.0
NORT_ARTIC_4,4399,1409,706,68,35,2,2218,0.9149826826530181,True,False,False,False,False,True,1.0
NORT_ARTIC_4,4408,1070,462,12,7,1,1551,0.6155597885000836,True,False,False,False,False,True,1.0
NORT_ARTIC_4,4446,4152,2134,35,22,4,6343,0.4835606639285571,True,False,False,False,False,True,1.0
NORT_ARTIC_4,5026,4868,991,38,12,4,5909,0.18583523904763272,True,False,False,False,False,True,1.0
NORT_ARTIC_4,5293,11802,10405,84,75,7,22366,0.936649568351827,True,False,False,False,False,True,1.0
NORT_ARTIC_4,5425,587,514,14,10,1,1125,0.683143758171424,True,False,False,False,False,True,1.0
NORT_ARTIC_4,5872,388,1266,8,19,1,1681,0.4923438090610376,True,False,False,False,False,True,1.0
NORT_ARTIC_4,6622,1380,558,29,12,1,1979,1.0,True,False,False,False,False,True,1.0
NORT_ARTIC_4,6787,3773,4834,27,34,3,8668,1.0,True,False,False,False,False,True,1.0
NORT_ARTIC_4,6823,1226,1433,12,14,1,2685,1.0,True,False,False,False,False,True,1.0
NORT_ARTIC_4,7616,2097,5082,22,39,3,7240,0.2585442839872175,True,False,False,False,False,True,1.0
NORT_ARTIC_4,7911,285,521,5,7,1,818,0.7627136183308765,True,True,False,True,False,True,1.0
NORT_ARTIC_4,7915,292,526,4,9,1,831,1.0,True,True,False,True,False,True,1.0
NORT_ARTIC_4,8020,660,837,8,7,1,1512,0.6030791663064041,True,False,False,False,False,True,1.0
NORT_ARTIC_4,8117,700,405,15,6,1,1126,0.5017864057647552,True,False,False,False,False,True,1.0
NORT_ARTIC_4,8448,4510,1302,37,17,4,5866,0.13851018084540842,True,False,False,False,False,True,1.0
NORT_ARTIC_4,9226,836,843,3,1,1,1683,0.37307251598987834,True,False,False,True,False,True,1.0
NORT_ARTIC_4,9317,776,491,9,9,1,1285,0.3402101106118304,True,False,False,False,False,True,1.0
NORT_ARTIC_4,9594,12834,4881,95,33,7,17843,0.6924351347046795,True,False,False,False,False,True,1.0
NORT_ARTIC_4,10117,1051,870,13,7,1,1941,0.3786974930946533,True,False,False,False,False,True,1.0
NORT_ARTIC_4,10704,252,823,12,48,1,1135,0.6385696513514474,True,False,False,False,False,True,1.0
NORT_ARTIC_4,11956,235,829,72,12,1,1148,3.9186214717893607e-32,True,False,False,False,False,True,7.372351941698257e-30
NORT_ARTIC_4,12558,10172,12343,52,78,5,22645,0.2513191469821239,True,False,False,False,False,True,1.0
NORT_ARTIC_4,12911,1119,437,12,7,1,1575,0.4424327893114877,True,False,False,False,False,True,1.0
NORT_ARTIC_4,12981,1206,486,21,5,1,1718,0.38303144905350817,True,False,False,False,False,True,1.0
NORT_ARTIC_4,13086,442,1098,7,12,1,1559,0.4488040110565509,True,False,False,False,False,True,1.0
NORT_ARTIC_4,13088,447,1099,4,11,1,1561,1.0,True,False,False,True,False,True,1.0
NORT_ARTIC_4,13410,262,736,4,9,1,1011,0.7527161497128845,True,False,False,True,False,True,1.0
NORT_ARTIC_4,14414,644,472,10,7,1,1133,1.0,True,False,False,False,False,True,1.0
NORT_ARTIC_4,16966,1068,2373,18,41,2,3500,1.0,True,False,False,False,False,True,1.0
NORT_ARTIC_4,17140,965,465,13,5,1,1448,0.8031084504245625,True,False,False,False,False,True,1.0
NORT_ARTIC_4,17278,581,1090,14,29,1,1714,0.8716005833551395,True,False,False,False,False,True,1.0
NORT_ARTIC_4,17404,7232,1358,47,16,4,8653,0.054355624738058134,True,False,False,False,False,True,0.9880974014839219
NORT_ARTIC_4,17496,600,482,6,5,1,1093,1.0,True,False,False,True,False,True,1.0
NORT_ARTIC_4,18309,1067,333,10,6,1,1416,0.23602886981201104,True,False,False,True,False,True,1.0
NORT_ARTIC_4,18310,1089,330,16,9,1,1444,0.15278052782704343,True,False,False,False,False,True,1.0
NORT_ARTIC_4,18872,209,702,2,12,1,925,0.7477908739730602,True,True,False,True,False,True,1.0
NORT_ARTIC_4,19025,9115,3412,56,24,3,12607,0.6144050906415537,True,False,False,False,False,True,1.0
NORT_ARTIC_4,20642,1809,4391,25,39,3,6264,0.09692579007516912,True,False,False,False,False,True,1.0
NORT_ARTIC_4,21097,1189,380,30,8,2,1607,0.847836334847116,True,False,False,False,False,True,1.0
NORT_ARTIC_4,21516,436,465,1,0,1,902,0.4844789356984479,True,True,True,True,False,True,1.0
NORT_ARTIC_4,23492,438,1052,37,9,1,1536,2.736405942103819e-12,True,False,False,False,False,True,2.8314960485919266e-10
NORT_ARTIC_4,24378,514,456,4,1,2,975,0.3786180011337053,True,True,False,True,False,True,1.0
NORT_ARTIC_4,26038,21225,4898,119,34,5,26276,0.2983537208519109,True,False,False,False,False,True,1.0
NORT_ARTIC_4,26267,3518,14487,26,63,3,18094,0.030977710410076388,True,False,False,False,False,True,0.8114983758690264
NORT_ARTIC_4,26297,5924,13238,27,78,5,19267,0.28963669407775194,True,False,False,False,False,True,1.0
NORT_ARTIC_4,27523,5051,5128,36,40,4,10255,0.7306630273813874,True,False,False,False,False,True,1.0
NORT_ARTIC_4,28253,2078,2058,176,225,2,4537,0.016087191762990217,True,False,False,False,False,True,0.5457777598935779
NORT_ARTIC_4,28423,460,497,6,9,1,972,0.6091050222814781,True,True,False,False,False,True,1.0
NORT_ARTIC_4,29543,531,160,12,4,1,707,0.7720652471328437,True,True,False,True,False,True,1.0
NORT_ARTIC_4,1065,225,85,5,2,1,317,1.0,True,True,False,True,False,True,1.0
NORT_ARTIC_4,1171,2077,2420,27,14,4,4538,0.017217045199362756,True,False,False,False,False,True,0.5700908006412996
NORT_ARTIC_4,1722,65,112,3,6,1,186,1.0,True,True,False,True,False,True,1.0
NORT_ARTIC_4,4860,1149,2891,13,20,3,4073,0.1768441933617909,True,False,False,False,False,True,1.0
NORT_ARTIC_4,4917,407,1583,5,13,2,2008,0.39235887630184674,True,False,False,True,False,True,1.0
NORT_ARTIC_4,6222,26,108,0,6,1,140,0.5931574071674017,True,True,True,True,False,True,1.0
NORT_ARTIC_4,9223,190,162,9,25,2,386,0.0034868961760579787,True,True,False,False,False,True,0.17181265800838064
NORT_ARTIC_4,9441,50,138,3,5,1,196,0.448148491869388,True,True,False,True,False,True,1.0
NORT_ARTIC_4,11001,44,123,3,5,1,175,0.44436133310822845,True,True,False,True,False,True,1.0
NORT_ARTIC_4,11039,194,140,4,4,1,342,0.7252049254337005,True,True,False,True,False,True,1.0
NORT_ARTIC_4,12325,183,45,64,31,1,323,0.014781265407367171,True,True,False,False,False,True,0.5263216912653615
NORT_ARTIC_4,14320,47,143,2,3,1,195,0.6011062555111417,True,True,False,True,False,True,1.0
NORT_ARTIC_4,14333,40,138,3,6,1,187,0.4317126059710943,True,True,False,True,False,True,1.0
NORT_ARTIC_4,16527,235,81,6,2,1,324,1.0,True,True,False,True,False,True,1.0
NORT_ARTIC_4,17725,1570,591,13,9,2,2183,0.15679061010978934,True,False,False,False,False,True,1.0
NORT_ARTIC_4,19745,190,499,8,9,2,706,0.09900889147542383,True,True,False,True,False,True,1.0
NORT_ARTIC_4,20214,3221,1136,35,15,4,4407,0.5195797078681861,True,False,False,False,False,True,1.0
NORT_ARTIC_4,23302,156,133,0,0,1,289,1.0,True,True,True,True,False,True,1.0
NORT_ARTIC_4,25546,83,92,5,2,1,182,0.265821706470274,True,True,False,True,False,True,1.0
NORT_ARTIC_4,27529,121,195,38,60,1,414,1.0,True,True,False,False,False,True,1.0
NORT_ARTIC_4,28591,154,68,8,2,1,232,0.7272851425889915,True,True,False,True,False,True,1.0
NORT_ARTIC_4,28647,172,58,7,3,1,240,0.7174935554251625,True,True,False,True,False,True,1.0
NORT_ARTIC_4,1062,1242,372,10,6,1,1630,0.22829109699493866,True,False,False,True,False,True,1.0
NORT_ARTIC_4,1136,868,572,8,8,1,1456,0.44681662328141325,True,False,False,False,False,True,1.0
NORT_ARTIC_4,1704,966,682,8,8,1,1664,0.6115554474409682,True,False,False,False,False,True,1.0
NORT_ARTIC_4,1705,1875,1484,22,17,2,3398,1.0,True,False,False,False,False,True,1.0
NORT_ARTIC_4,1908,2384,1403,23,14,1,3824,1.0,True,False,False,False,False,True,1.0
NORT_ARTIC_4,1953,18561,5599,118,45,8,24323,0.19221735959378397,True,False,False,False,False,True,1.0
NORT_ARTIC_4,2120,593,2311,13,18,1,2935,0.006326541592253433,True,False,False,False,False,True,0.27856974096103143
NORT_ARTIC_4,2640,1622,609,14,6,1,2251,0.8023997077626662,True,False,False,False,False,True,1.0
NORT_ARTIC_4,2893,2183,497,19,3,1,2702,0.783490810116702,True,False,False,True,False,True,1.0
NORT_ARTIC_4,3100,958,2251,7,18,1,3234,1.0,True,False,False,False,False,True,1.0
NORT_ARTIC_4,3405,4876,9064,46,67,6,14053,0.23454467551542896,True,False,False,False,False,True,1.0
NORT_ARTIC_4,3459,2824,2834,24,22,3,5704,0.7696691592411196,True,False,False,False,False,True,1.0
NORT_ARTIC_4,4356,2027,829,18,4,2,2878,0.3481221607069257,True,False,False,False,False,True,1.0
NORT_ARTIC_4,4359,5697,1996,39,16,3,7748,0.6432585967459483,True,False,False,False,False,True,1.0
NORT_ARTIC_4,4395,2587,924,20,8,2,3539,0.8297028951327217,True,False,False,False,False,True,1.0
NORT_ARTIC_4,4717,1425,388,13,5,1,1831,0.562490054560053,True,False,False,True,False,True,1.0
NORT_ARTIC_4,4742,1707,668,19,10,3,2404,0.5330947691491474,True,False,False,False,False,True,1.0
NORT_ARTIC_4,4923,824,2162,10,21,2,3017,0.5489536787548741,True,False,False,False,False,True,1.0
NORT_ARTIC_4,4984,1491,848,14,7,1,2360,1.0,True,False,False,False,False,True,1.0
NORT_ARTIC_4,5022,1725,392,15,2,1,2134,0.7533703227366284,True,False,False,True,False,True,1.0
NORT_ARTIC_4,5220,611,2132,8,19,2,2770,0.35621765896974916,True,False,False,False,False,True,1.0
NORT_ARTIC_4,5292,11233,9048,53,39,4,20373,0.7527051944375175,True,False,False,False,False,True,1.0
NORT_ARTIC_4,5352,11404,3102,87,24,6,14617,0.9079589672181478,True,False,False,False,False,True,1.0
NORT_ARTIC_4,5596,8838,8000,69,63,4,16970,1.0,True,False,False,False,False,True,1.0
NORT_ARTIC_4,5598,2040,1642,14,8,1,3704,0.5219501410035933,True,False,False,False,False,True,1.0
NORT_ARTIC_4,5744,13659,16544,203,501,10,30907,1.6655482566361187e-18,False,False,False,False,False,False,2.553223790450702e-16
NORT_ARTIC_4,5765,5468,7956,57,81,4,13562,0.9306695902787511,True,False,False,False,False,True,1.0
NORT_ARTIC_4,5766,6230,9230,51,89,5,15600,0.38706035837430897,True,False,False,False,False,True,1.0
NORT_ARTIC_4,5786,1247,2434,7,13,1,3701,1.0,True,False,False,False,False,True,1.0
NORT_ARTIC_4,5863,781,2126,5,14,1,2926,1.0,True,False,False,False,False,True,1.0
NORT_ARTIC_4,5865,1294,4568,12,29,2,5903,0.2606941413955012,True,False,False,False,False,True,1.0
NORT_ARTIC_4,7640,6905,19225,31,88,7,26249,1.0,True,False,False,False,False,True,1.0
NORT_ARTIC_4,7659,1683,4804,12,26,2,6525,0.4581883336037931,True,False,False,False,False,True,1.0
NORT_ARTIC_4,7726,8719,14144,43,81,6,22987,0.4592261973110718,True,False,False,False,False,True,1.0
NORT_ARTIC_4,7754,5824,4525,41,41,5,10431,0.2652092607976543,True,False,False,False,False,True,1.0
NORT_ARTIC_4,7767,2570,723,20,10,2,3323,0.180708474240576,True,False,False,False,False,True,1.0
NORT_ARTIC_4,7924,960,2183,15,17,2,3175,0.054202543917710136,True,False,False,False,False,True,0.9880974014839219
NORT_ARTIC_4,8060,990,964,10,10,2,1974,1.0,True,False,False,False,False,True,1.0
NORT_ARTIC_4,8070,1413,1104,21,10,2,2548,0.20827553371629381,True,False,False,False,False,True,1.0
NORT_ARTIC_4,8329,1097,617,12,7,1,1733,1.0,True,False,False,False,False,True,1.0
NORT_ARTIC_4,8423,3553,944,25,11,2,4533,0.15578724093393684,True,False,False,False,False,True,1.0
NORT_ARTIC_4,8477,1686,829,10,7,1,2532,0.45082406347460546,True,False,False,False,False,True,1.0
NORT_ARTIC_4,8601,3488,9671,31,68,5,13258,0.3035551490571564,True,False,False,False,False,True,1.0
NORT_ARTIC_4,8665,2468,10972,21,74,8,13535,0.3520855317204298,True,False,False,False,False,True,1.0
NORT_ARTIC_4,8672,2688,6360,20,29,2,9097,0.11569780199034252,True,False,False,False,False,True,1.0
NORT_ARTIC_4,8679,1673,5990,13,48,4,7724,1.0,True,False,False,False,False,True,1.0
NORT_ARTIC_4,8681,699,2878,8,27,2,3612,0.6676053053483143,True,False,False,False,False,True,1.0
NORT_ARTIC_4,8985,403,155,8,5,1,571,0.36787129841975313,True,True,False,True,False,True,1.0
NORT_ARTIC_4,9560,16957,3820,96,27,5,20900,0.2951900568120852,True,False,False,False,False,True,1.0
NORT_ARTIC_4,10192,2514,634,21,9,2,3178,0.17561809136583292,True,False,False,False,False,True,1.0
NORT_ARTIC_4,10260,916,651,9,6,1,1582,1.0,True,False,False,False,False,True,1.0
NORT_ARTIC_4,10657,861,2584,7,20,1,3472,1.0,True,False,False,False,False,True,1.0
NORT_ARTIC_4,10766,1772,3120,15,26,2,4933,1.0,True,False,False,False,False,True,1.0
NORT_ARTIC_4,11019,4073,3920,28,38,3,8059,0.17567110333096947,True,False,False,False,False,True,1.0
NORT_ARTIC_4,11137,11582,3372,69,24,3,15047,0.45581321990904894,True,False,False,False,False,True,1.0
NORT_ARTIC_4,11721,2760,992,17,10,2,3779,0.27178195969984603,True,False,False,False,False,True,1.0
NORT_ARTIC_4,11787,1380,1072,14,8,1,2474,0.5257954668858151,True,False,False,False,False,True,1.0
NORT_ARTIC_4,11862,2265,4825,27,60,4,7177,0.9083165181918575,True,False,False,False,False,True,1.0
NORT_ARTIC_4,12232,395,1408,3,10,1,1816,1.0,True,False,False,True,False,True,1.0
NORT_ARTIC_4,12258,1370,1448,9,12,1,2839,0.6651881406454758,True,False,False,False,False,True,1.0
NORT_ARTIC_4,12267,1475,1505,12,13,2,3005,1.0,True,False,False,False,False,True,1.0
NORT_ARTIC_4,12270,2436,2436,20,16,2,4908,0.6164170277971106,True,False,False,False,False,True,1.0
NORT_ARTIC_4,12321,3058,1476,27,10,2,4571,0.5976239981584917,True,False,False,False,False,True,1.0
NORT_ARTIC_4,12351,10342,2605,69,19,4,13035,0.6906378389806973,True,False,False,False,False,True,1.0
NORT_ARTIC_4,12589,2626,2476,20,19,2,5141,1.0,True,False,False,False,False,True,1.0
NORT_ARTIC_4,12646,7394,1591,45,9,2,9039,1.0,True,False,False,False,False,True,1.0
NORT_ARTIC_4,12931,2161,787,15,7,1,2970,0.6294037129755775,True,False,False,False,False,True,1.0
NORT_ARTIC_4,13078,822,1631,11,15,1,2479,0.4040712339187078,True,False,False,False,False,True,1.0
NORT_ARTIC_4,14433,4910,2040,32,11,2,6993,0.7370349032381088,True,False,False,False,False,True,1.0
NORT_ARTIC_4,14462,1362,512,12,7,1,1893,0.4369530651771144,True,False,False,False,False,True,1.0
NORT_ARTIC_4,15657,19351,4052,85,22,3,23510,0.37051941718110193,True,False,False,False,False,True,1.0
NORT_ARTIC_4,15717,7638,5256,39,46,4,12979,0.014614539653531478,True,False,False,False,False,True,0.5259963445736242
NORT_ARTIC_4,15737,5519,4064,35,22,2,9640,0.593370190759982,True,False,False,False,False,True,1.0
NORT_ARTIC_4,15759,1831,2272,15,12,1,4130,0.3317214340713485,True,False,False,False,False,True,1.0
NORT_ARTIC_4,15795,1558,4633,14,33,2,6238,0.4998289837923048,True,False,False,False,False,True,1.0
NORT_ARTIC_4,16081,920,1935,8,13,1,2876,0.6402160391371041,True,False,False,False,False,True,1.0
NORT_ARTIC_4,16083,2967,6154,22,32,2,9175,0.2433327971949643,True,False,False,False,False,True,1.0
NORT_ARTIC_4,16097,878,2325,8,25,1,3236,0.8448728850997215,True,False,False,False,False,True,1.0
NORT_ARTIC_4,16149,5377,6601,39,31,3,12048,0.07177132700097931,True,False,False,False,False,True,1.0
NORT_ARTIC_4,16150,2774,3227,16,20,2,6037,0.868317474804408,True,False,False,False,False,True,1.0
NORT_ARTIC_4,16177,16256,14771,94,87,6,31208,0.9405497177440663,True,False,False,False,False,True,1.0
NORT_ARTIC_4,16205,6389,5711,38,44,3,12182,0.26758002556885024,True,False,False,False,False,True,1.0
NORT_ARTIC_4,16211,10723,9823,60,52,3,20658,0.7770663924291388,True,False,False,False,False,True,1.0
NORT_ARTIC_4,16235,5731,3371,32,23,2,9157,0.4853410245580566,True,False,False,False,False,True,1.0
NORT_ARTIC_4,16612,3829,5021,29,37,5,8916,0.9016212814745258,True,False,False,False,False,True,1.0
NORT_ARTIC_4,16747,2222,1285,15,5,1,3527,0.3556240184747139,True,False,False,False,False,True,1.0
NORT_ARTIC_4,16807,2657,643,13,5,1,3318,0.3725343283092925,True,False,False,True,False,True,1.0
NORT_ARTIC_4,16888,5893,3364,40,31,4,9328,0.21627539838759458,True,False,False,False,False,True,1.0
NORT_ARTIC_4,16929,6808,5544,44,26,4,12422,0.22817799563219843,True,False,False,False,False,True,1.0
NORT_ARTIC_4,17018,27999,42904,156,206,10,71265,0.16159819666485375,False,False,False,False,False,False,1.0
NORT_ARTIC_4,17023,20265,30947,111,162,9,51485,0.7101619859952988,True,False,False,False,False,True,1.0
NORT_ARTIC_4,17075,37530,55630,169,294,15,93623,0.10622108152937879,False,False,False,False,False,False,1.0
NORT_ARTIC_4,17396,5572,2541,46,25,3,8184,0.5207743608060489,True,False,False,False,False,True,1.0
NORT_ARTIC_4,17675,3073,3248,20,18,2,6359,0.6299037757190995,True,False,False,False,False,True,1.0
NORT_ARTIC_4,17697,5370,3056,38,25,3,8489,0.599827945719299,True,False,False,False,False,True,1.0
NORT_ARTIC_4,18510,4107,8477,32,54,4,12670,0.35871504241823937,True,False,False,False,False,True,1.0
NORT_ARTIC_4,18884,1082,861,12,10,1,1965,1.0,True,False,False,False,False,True,1.0
NORT_ARTIC_4,18964,2065,699,18,4,1,2786,0.6229058747411065,True,False,False,False,False,True,1.0
NORT_ARTIC_4,18977,2171,766,19,10,1,2966,0.2947279692557123,True,False,False,False,False,True,1.0
NORT_ARTIC_4,19085,1578,1283,9,12,1,2882,0.2781770240103213,True,False,False,False,False,True,1.0
NORT_ARTIC_4,19168,1417,3760,8,26,2,5211,0.7030484680680061,True,False,False,False,False,True,1.0
NORT_ARTIC_4,19234,6182,12964,41,107,7,19294,0.2519190327684204,True,False,False,False,False,True,1.0
NORT_ARTIC_4,19600,3247,1143,22,16,2,4428,0.03916283436541911,True,False,False,False,False,True,0.9327773558440329
NORT_ARTIC_4,19683,1165,1439,11,12,2,2627,0.8346180381848745,True,False,False,False,False,True,1.0
NORT_ARTIC_4,19828,1177,1963,14,17,2,3171,0.4563307933780336,True,False,False,False,False,True,1.0
NORT_ARTIC_4,20168,4946,4788,32,26,2,9792,0.5140450796108561,True,False,False,False,False,True,1.0
NORT_ARTIC_4,20531,5267,1657,36,17,3,6977,0.19495816385266712,True,False,False,False,False,True,1.0
NORT_ARTIC_4,20630,900,2070,10,9,1,2989,0.04472452314805987,True,False,False,False,False,True,0.9699283053782488
NORT_ARTIC_4,20640,850,2497,4,15,1,3366,0.796225735367317,True,False,False,True,False,True,1.0
NORT_ARTIC_4,20653,695,2481,7,14,1,3197,0.19548895052309168,True,False,False,True,False,True,1.0
NORT_ARTIC_4,20976,2343,8070,22,57,3,10492,0.2788862515653283,True,False,False,False,False,True,1.0
NORT_ARTIC_4,21094,1772,526,12,6,1,2316,0.27249076797781335,True,False,False,True,False,True,1.0
NORT_ARTIC_4,21447,2235,681,20,8,2,2944,0.5042744850826825,True,False,False,False,False,True,1.0
NORT_ARTIC_4,21647,2725,2621,20,24,2,5390,0.5454045023568133,True,False,False,False,False,True,1.0
NORT_ARTIC_4,21737,5104,3679,62,47,5,8892,0.8452614578042041,True,False,False,False,False,True,1.0
NORT_ARTIC_4,21960,547,133,6,4,1,690,0.11678868083684395,True,True,False,True,False,True,1.0
NORT_ARTIC_4,22072,1051,755,13,12,3,1831,0.5464369292694783,True,False,False,False,False,True,1.0
NORT_ARTIC_4,22115,496,452,6,4,1,958,0.7554749612393107,True,True,False,True,False,True,1.0
NORT_ARTIC_4,23321,3022,1351,22,11,2,4406,0.8501823503242552,True,False,False,False,False,True,1.0
NORT_ARTIC_4,23394,1540,798,15,7,1,2360,1.0,True,False,False,False,False,True,1.0
NORT_ARTIC_4,23411,1818,1372,17,12,2,3219,1.0,True,False,False,False,False,True,1.0
NORT_ARTIC_4,23416,1275,982,10,5,1,2272,0.602838560120591,True,False,False,False,False,True,1.0
NORT_ARTIC_4,24187,2324,2243,20,18,2,4605,0.8716817813623221,True,False,False,False,False,True,1.0
NORT_ARTIC_4,24241,3083,1857,25,9,2,4974,0.2152738155346265,True,False,False,False,False,True,1.0
NORT_ARTIC_4,24391,1931,2331,22,19,2,4303,0.3446018146522871,True,False,False,False,False,True,1.0
NORT_ARTIC_4,24717,246,967,4,11,1,1228,0.5224168052392583,True,False,False,True,False,True,1.0
NORT_ARTIC_4,25410,3907,3302,29,26,3,7264,0.8922088397759558,True,False,False,False,False,True,1.0
NORT_ARTIC_4,26300,19832,58948,133,373,18,79286,0.572032768862798,False,False,False,False,False,False,1.0
NORT_ARTIC_4,26302,4620,19615,33,119,5,24387,0.40759576863050406,True,False,False,False,False,True,1.0
NORT_ARTIC_4,26307,4849,10399,16,55,2,15319,0.09810051647043663,True,False,False,False,False,True,1.0
NORT_ARTIC_4,26334,1475,5052,14,33,2,6574,0.2923240922701905,True,False,False,False,False,True,1.0
NORT_ARTIC_4,26705,6283,1880,35,9,2,8207,0.857525284764665,True,False,False,False,False,True,1.0
NORT_ARTIC_4,27394,767,1326,8,11,1,2112,0.6378792125643963,True,False,False,False,False,True,1.0
NORT_ARTIC_4,27447,1070,5072,13,35,3,6190,0.08618423566575817,True,False,False,False,False,True,1.0
NORT_ARTIC_4,27474,8259,9419,65,68,5,17811,0.6629891402236109,True,False,False,False,False,True,1.0
NORT_ARTIC_4,27495,2135,2349,16,18,2,4518,1.0,True,False,False,False,False,True,1.0
NORT_ARTIC_4,27729,3938,2745,26,20,2,6729,0.764983829414825,True,False,False,False,False,True,1.0
NORT_ARTIC_4,27748,1943,1160,15,11,1,3129,0.684923009013521,True,False,False,False,False,True,1.0
NORT_ARTIC_4,27753,17764,9966,100,53,5,27883,0.8000619990300899,True,False,False,False,False,True,1.0
NORT_ARTIC_4,27966,1297,5323,11,41,4,6672,0.7278421371091753,True,False,False,False,False,True,1.0
NORT_ARTIC_4,29483,1839,3469,15,30,3,5353,1.0,True,False,False,False,False,True,1.0
NORT_ARTIC_4,1587,2713,1142,20,13,2,3888,0.25083009302703896,True,False,False,False,False,True,1.0
NORT_ARTIC_4,2656,1953,849,21,8,2,2831,0.8413592418297633,True,False,False,False,False,True,1.0
NORT_ARTIC_4,3469,7646,5963,49,48,5,13706,0.3044979631915107,True,False,False,False,False,True,1.0
NORT_ARTIC_4,4944,861,1157,6,10,1,2034,0.8021691005580016,True,False,False,False,False,True,1.0
NORT_ARTIC_4,4961,1088,1138,7,8,1,2241,1.0,True,False,False,False,False,True,1.0
NORT_ARTIC_4,5473,966,1654,16,23,2,2659,0.6180431443037577,True,False,False,False,False,True,1.0
NORT_ARTIC_4,6034,1069,985,11,12,1,2077,0.8343809845444992,True,False,False,False,False,True,1.0
NORT_ARTIC_4,6361,97,89,1,0,1,187,1.0,True,True,True,True,False,True,1.0
NORT_ARTIC_4,7632,7143,18595,42,108,7,25888,0.927351894212317,True,False,False,False,False,True,1.0
NORT_ARTIC_4,7666,1671,5330,15,33,2,7049,0.236055673680643,True,False,False,False,False,True,1.0
NORT_ARTIC_4,8397,1956,460,17,6,1,2439,0.42166706624829964,True,False,False,True,False,True,1.0
NORT_ARTIC_4,8431,4343,1529,27,13,2,5912,0.36731284386688595,True,False,False,False,False,True,1.0
NORT_ARTIC_4,8434,2173,637,23,8,1,2841,0.6679796385970245,True,False,False,False,False,True,1.0
NORT_ARTIC_4,8829,178,259,17,8,4,462,0.011131801565902696,True,True,False,False,False,True,0.4266159877895487
NORT_ARTIC_4,11688,1597,1322,10,12,1,2941,0.39887880951796434,True,False,False,False,False,True,1.0
NORT_ARTIC_4,12399,1674,1068,7,9,1,2758,0.19913565494426044,True,False,False,False,False,True,1.0
NORT_ARTIC_4,12868,3107,4119,25,32,3,7283,0.8940522031527669,True,False,False,False,False,True,1.0
NORT_ARTIC_4,13036,936,1151,9,10,1,2106,0.8217018017612271,True,False,False,False,False,True,1.0
NORT_ARTIC_4,13859,2248,646,22,6,1,2922,1.0,True,False,False,False,False,True,1.0
NORT_ARTIC_4,15684,3311,1048,20,4,1,4383,0.4811933622343727,True,False,False,False,False,True,1.0
NORT_ARTIC_4,15739,1838,1537,14,10,1,3399,0.8377791663019969,True,False,False,False,False,True,1.0
NORT_ARTIC_4,15750,2851,2748,25,21,2,5645,0.6600984313066356,True,False,False,False,False,True,1.0
NORT_ARTIC_4,15838,1040,3307,11,26,1,4384,0.43894674661564576,True,False,False,False,False,True,1.0
NORT_ARTIC_4,15845,1423,5077,11,37,2,6548,0.8612291613222716,True,False,False,False,False,True,1.0
NORT_ARTIC_4,16088,3067,7683,31,68,6,10849,0.5762634695797446,True,False,False,False,False,True,1.0
NORT_ARTIC_4,16261,4640,1602,39,18,3,6299,0.3602791707620393,True,False,False,False,False,True,1.0
NORT_ARTIC_4,16730,16798,11090,101,77,7,28066,0.35701569021632884,True,False,False,False,False,True,1.0
NORT_ARTIC_4,17126,1442,756,20,13,3,2231,0.5816123953006986,True,False,False,False,False,True,1.0
NORT_ARTIC_4,17543,1998,3081,14,21,2,5114,1.0,True,False,False,False,False,True,1.0
NORT_ARTIC_4,17687,2225,1823,14,22,2,4084,0.06389080142929417,True,False,False,False,False,True,1.0
NORT_ARTIC_4,18396,2603,1249,14,9,1,3875,0.5070529747752183,True,False,False,False,False,True,1.0
NORT_ARTIC_4,19149,1068,2393,11,19,1,3491,0.5520313622963511,True,False,False,False,False,True,1.0
NORT_ARTIC_4,19198,4883,14561,36,83,6,19563,0.2037422729203679,True,False,False,False,False,True,1.0
NORT_ARTIC_4,19239,673,1780,5,16,1,2474,0.8107811171605229,True,False,False,False,False,True,1.0
NORT_ARTIC_4,19671,935,1067,7,9,1,2018,1.0,True,False,False,False,False,True,1.0
NORT_ARTIC_4,20279,1241,1269,11,13,2,2534,0.8383257065663887,True,False,False,False,False,True,1.0
NORT_ARTIC_4,20979,3219,11275,24,76,5,14594,0.6311582858111762,True,False,False,False,False,True,1.0
NORT_ARTIC_4,21298,652,3015,9,24,2,3700,0.1691916206247812,True,False,False,False,False,True,1.0
NORT_ARTIC_4,21568,3361,3598,26,25,2,7010,0.7789864190293996,True,False,False,False,False,True,1.0
NORT_ARTIC_4,21655,10906,9226,72,64,5,20268,0.795994356204976,True,False,False,False,False,True,1.0
NORT_ARTIC_4,22744,166,852,4,7,1,1029,0.09199150222818049,True,False,False,True,False,True,1.0
NORT_ARTIC_4,24780,7081,4035,64,47,5,11227,0.1978473626811471,True,False,False,False,False,True,1.0
NORT_ARTIC_4,25672,1009,1073,11,19,1,2112,0.269393369515555,True,False,False,False,False,True,1.0
NORT_ARTIC_4,26251,2465,16118,13,86,2,18682,1.0,True,False,False,False,False,True,1.0
NORT_ARTIC_4,27929,2682,6991,20,46,4,9739,0.6790956760883855,True,False,False,False,False,True,1.0
NORT_ARTIC_4,27986,3065,18014,27,100,6,21206,0.04240458060733801,True,False,False,False,False,True,0.9552045103855041
NORT_ARTIC_4,28038,1338,1406,16,18,1,2778,0.8648122380735113,True,False,False,False,False,True,1.0
NORT_ARTIC_4,1046,766,217,8,5,2,996,0.17855892506877263,True,True,False,True,False,True,1.0
NORT_ARTIC_4,1738,707,1223,3,2,2,1935,0.3631787388584818,True,False,False,True,False,True,1.0
NORT_ARTIC_4,2196,61,88,3,3,1,155,0.6914591163937212,True,True,False,True,False,True,1.0
NORT_ARTIC_4,5870,20,71,2,2,1,95,0.22829989838371997,True,True,False,True,False,True,1.0
NORT_ARTIC_4,5934,60,47,3,3,1,113,1.0,True,True,False,True,False,True,1.0
NORT_ARTIC_4,6821,405,1539,7,10,2,1961,0.06503049538043867,True,False,False,True,False,True,1.0
NORT_ARTIC_4,7001,18,53,3,3,1,77,0.33635105906194596,True,True,False,True,False,True,1.0
NORT_ARTIC_4,7954,15,45,3,4,1,67,0.37507841101651535,True,True,False,True,False,True,1.0
NORT_ARTIC_4,8194,16,16,1,2,1,35,1.0,True,True,False,True,False,True,1.0
NORT_ARTIC_4,10135,2236,1689,6,1,4,3932,0.2505796893151241,True,False,False,True,False,True,1.0
NORT_ARTIC_4,11777,68,24,3,2,1,97,0.608005142411889,True,True,False,True,False,True,1.0
NORT_ARTIC_4,14322,13,43,0,0,1,56,1.0,True,True,True,True,False,True,1.0
NORT_ARTIC_4,14671,401,1068,7,13,2,1489,0.4528191354393575,True,False,False,False,False,True,1.0
NORT_ARTIC_4,15819,60,145,1,4,1,210,1.0,True,True,False,True,False,True,1.0
NORT_ARTIC_4,16585,64,66,2,5,1,137,0.44308723120366467,True,True,False,True,False,True,1.0
NORT_ARTIC_4,18724,27,26,2,2,1,57,1.0,True,True,False,True,False,True,1.0
NORT_ARTIC_4,18828,17,65,0,0,1,82,1.0,True,True,True,True,False,True,1.0
NORT_ARTIC_4,18878,24,59,2,2,1,87,0.5796117966031642,True,True,False,True,False,True,1.0
NORT_ARTIC_4,19145,71,132,4,5,1,212,0.723465120105567,True,True,False,True,False,True,1.0
NORT_ARTIC_4,19519,94,27,2,2,1,125,0.22967793527750194,True,True,False,True,False,True,1.0
NORT_ARTIC_4,20884,46,63,3,3,1,115,0.6987746134989001,True,True,False,True,False,True,1.0
NORT_ARTIC_4,22746,26,78,0,4,1,108,0.5703453661485756,True,True,True,True,False,True,1.0
NORT_ARTIC_4,24803,929,643,2,3,3,1577,0.4054197320044813,True,False,False,True,False,True,1.0
NORT_ARTIC_4,25324,55,21,0,32,3,108,1.190987503852033e-13,True,True,True,False,False,True,1.3693047995676571e-11
NORT_ARTIC_4,25336,59,43,0,44,4,146,3.4479261586395224e-13,True,True,True,False,False,True,3.755517465949732e-11
NORT_ARTIC_4,25337,164,386,0,127,6,677,1.0316677881009581e-17,True,True,True,False,False,True,1.377442895145118e-15
NORT_ARTIC_4,25708,2604,2321,11,10,4,4946,1.0,True,False,False,False,False,True,1.0
NORT_ARTIC_4,27898,43,71,3,4,1,121,1.0,True,True,False,True,False,True,1.0
NORT_ARTIC_4,29301,848,503,3,0,4,1354,0.29902530729349197,True,False,True,True,False,True,1.0
NORT_ARTIC_4,1102,966,406,2,0,1,1374,1.0,True,False,True,True,False,True,1.0
NORT_ARTIC_4,1854,257,1087,8,12,2,1364,0.03925296704331513,True,False,False,True,False,True,0.9327773558440329
NORT_ARTIC_4,2901,3035,827,22,9,2,3893,0.2799265692397315,True,False,False,False,False,True,1.0
NORT_ARTIC_4,3210,2909,914,22,8,2,3853,0.6722465938435569,True,False,False,False,False,True,1.0
NORT_ARTIC_4,3271,778,901,7,6,1,1692,0.5924108562968456,True,False,False,False,False,True,1.0
NORT_ARTIC_4,3787,224,68,23,185,1,500,1.0951839616145525e-51,True,True,False,False,False,True,3.0219776114150884e-49
NORT_ARTIC_4,4060,488,287,0,0,1,775,1.0,True,True,True,True,False,True,1.0
NORT_ARTIC_4,4439,1968,984,17,13,3,2982,0.24888731694855692,True,False,False,False,False,True,1.0
NORT_ARTIC_4,4741,1148,446,10,8,1,1612,0.18381763702930276,True,False,False,False,False,True,1.0
NORT_ARTIC_4,4865,519,1218,8,10,1,1755,0.19885594485214686,True,False,False,False,False,True,1.0
NORT_ARTIC_4,5290,5179,4116,28,25,3,9348,0.6798895433621827,True,False,False,False,False,True,1.0
NORT_ARTIC_4,7637,7837,20389,58,103,7,28387,0.02183433523382452,True,False,False,False,False,True,0.6455165252342834
NORT_ARTIC_4,7763,1065,372,8,4,1,1449,0.5210372518020053,True,False,False,True,False,True,1.0
NORT_ARTIC_4,7914,746,1477,8,15,2,2246,1.0,True,False,False,False,False,True,1.0
NORT_ARTIC_4,8527,780,805,7,5,1,1597,0.5745451479000858,True,False,False,False,False,True,1.0
NORT_ARTIC_4,8598,1603,4816,13,26,3,6458,0.26450243156866743,True,False,False,False,False,True,1.0
NORT_ARTIC_4,9535,16847,7115,96,48,6,24106,0.3604342346101038,True,False,False,False,False,True,1.0
NORT_ARTIC_4,9702,628,1301,5,9,1,1943,0.7804915820015759,True,False,False,True,False,True,1.0
NORT_ARTIC_4,11083,8077,3875,191,92,7,12235,1.0,True,False,False,False,False,True,1.0
NORT_ARTIC_4,11615,1985,8762,15,49,4,10811,0.3312526411133503,True,False,False,False,False,True,1.0
NORT_ARTIC_4,11711,1106,417,7,5,1,1535,0.3286496485596294,True,False,False,True,False,True,1.0
NORT_ARTIC_4,11808,755,773,7,7,1,1542,1.0,True,False,False,False,False,True,1.0
NORT_ARTIC_4,12061,3667,950,27,11,2,4655,0.22558219921719208,True,False,False,False,False,True,1.0
NORT_ARTIC_4,13296,824,678,8,9,1,1519,0.6262789663663388,True,False,False,False,False,True,1.0
NORT_ARTIC_4,14094,642,1158,15,33,1,1848,0.6470546217542013,True,False,False,False,False,True,1.0
NORT_ARTIC_4,15065,880,256,8,3,1,1147,0.7187924060933412,True,False,False,True,False,True,1.0
NORT_ARTIC_4,16092,525,1388,103,292,2,2308,0.6194527405992026,True,False,False,False,False,True,1.0
NORT_ARTIC_4,16289,1001,633,3,5,1,1642,0.27415094080509766,True,False,False,True,False,True,1.0
NORT_ARTIC_4,17398,7713,2717,48,17,3,10495,1.0,True,False,False,False,False,True,1.0
NORT_ARTIC_4,17474,1868,586,22,10,1,2486,0.4030611556793704,True,False,False,False,False,True,1.0
NORT_ARTIC_4,17767,8202,3092,50,25,2,11369,0.2447690735390951,True,False,False,False,False,True,1.0
NORT_ARTIC_4,17965,636,732,7,6,1,1381,0.7813704951744279,True,False,False,False,False,True,1.0
NORT_ARTIC_4,18405,1273,1003,11,6,1,2293,0.6253901128969059,True,False,False,False,False,True,1.0
NORT_ARTIC_4,19325,546,192,15,2,1,755,0.2635490317781026,True,True,False,True,False,True,1.0
NORT_ARTIC_4,20175,2931,2257,21,23,3,5232,0.28547760548935974,True,False,False,False,False,True,1.0
NORT_ARTIC_4,21627,1237,1179,5,9,1,2430,0.2911281311307329,True,False,False,False,False,True,1.0
NORT_ARTIC_4,21961,421,117,6,2,1,546,0.687394098602191,True,True,False,True,False,True,1.0
NORT_ARTIC_4,22384,83,242,2,4,1,331,0.6490010595792634,True,True,False,True,False,True,1.0
NORT_ARTIC_4,24817,8087,4886,52,33,4,13058,0.8231264586489915,True,False,False,False,False,True,1.0
NORT_ARTIC_4,24901,1121,688,9,5,1,1823,1.0,True,False,False,False,False,True,1.0
NORT_ARTIC_4,27846,21555,8986,131,58,10,30730,0.6896671167469131,False,False,False,False,False,False,1.0
NORT_ARTIC_4,28984,738,335,12,9,2,1094,0.3415631509928946,True,False,False,False,False,True,1.0
NORT_ARTIC_4,29188,3559,1649,43,12,3,5263,0.1442362129252029,True,False,False,False,False,True,1.0
NORT_ARTIC_4,29406,204,768,5,7,1,984,0.14483897231670773,True,True,False,True,False,True,1.0
NORT_ARTIC_4,921,376,1285,10,13,2,1684,0.024720548974806023,True,False,False,False,False,True,0.6960432122906267
NORT_ARTIC_4,924,203,736,5,8,1,952,0.17213182711059738,True,True,False,True,False,True,1.0
NORT_ARTIC_4,1000,772,625,10,4,1,1411,0.2854332319549739,True,False,False,False,False,True,1.0
NORT_ARTIC_4,1107,3035,1302,27,11,3,4375,1.0,True,False,False,False,False,True,1.0
NORT_ARTIC_4,1780,283,838,2,2,1,1125,0.26717464346029246,True,False,False,True,False,True,1.0
NORT_ARTIC_4,1981,14379,4784,84,36,5,19283,0.20521353226291222,True,False,False,False,False,True,1.0
NORT_ARTIC_4,2499,442,715,7,6,1,1170,0.2634661238184866,True,False,False,True,False,True,1.0
NORT_ARTIC_4,3258,1449,1598,9,12,2,3068,0.8271720608751056,True,False,False,False,False,True,1.0
NORT_ARTIC_4,4745,1969,781,20,12,2,2782,0.3236206100226996,True,False,False,False,False,True,1.0
NORT_ARTIC_4,4823,447,560,5,5,1,1017,0.7580177932274892,True,False,False,True,False,True,1.0
NORT_ARTIC_4,5533,1939,7002,23,61,6,9025,0.23068399588236715,True,False,False,False,False,True,1.0
NORT_ARTIC_4,5571,7837,16387,46,99,7,24369,0.9291601036592998,True,False,False,False,False,True,1.0
NORT_ARTIC_4,6004,1586,792,14,9,2,2401,0.6572128849164343,True,False,False,False,False,True,1.0
NORT_ARTIC_4,6118,405,1697,7,21,2,2130,0.46870777975526123,True,False,False,False,False,True,1.0
NORT_ARTIC_4,7738,895,1299,8,8,1,2210,0.4569761256229157,True,False,False,False,False,True,1.0
NORT_ARTIC_4,8399,3888,752,27,8,3,4675,0.25787900670857766,True,False,False,False,False,True,1.0
NORT_ARTIC_4,8524,1145,1133,12,19,3,2309,0.2113522987061343,True,False,False,False,False,True,1.0
NORT_ARTIC_4,8617,407,1348,4,9,1,1768,0.5143137391929637,True,False,False,True,False,True,1.0
NORT_ARTIC_4,8641,3630,11715,30,63,5,15438,0.06551124373906275,True,False,False,False,False,True,1.0
NORT_ARTIC_4,9256,3196,4006,28,28,2,7258,0.4200327695983359,True,False,False,False,False,True,1.0
NORT_ARTIC_4,9660,6680,5538,40,40,3,12298,0.43124312892262373,True,False,False,False,False,True,1.0
NORT_ARTIC_4,9970,1528,1042,16,11,2,2597,1.0,True,False,False,False,False,True,1.0
NORT_ARTIC_4,10110,870,677,6,6,1,1559,0.7731046672049755,True,False,False,False,False,True,1.0
NORT_ARTIC_4,10395,420,1288,5,10,1,1723,0.54607066765885,True,False,False,True,False,True,1.0
NORT_ARTIC_4,10473,1720,1090,14,13,2,2837,0.3277856141681979,True,False,False,False,False,True,1.0
NORT_ARTIC_4,10847,811,331,9,4,1,1155,1.0,True,False,False,True,False,True,1.0
NORT_ARTIC_4,11021,845,697,7,10,1,1559,0.32919974411669883,True,False,False,False,False,True,1.0
NORT_ARTIC_4,11229,893,1229,9,7,1,2138,0.3117351165686292,True,False,False,False,False,True,1.0
NORT_ARTIC_4,11439,1694,653,11,6,1,2364,0.5869481905330138,True,False,False,True,False,True,1.0
NORT_ARTIC_4,12021,13918,3412,95,35,5,17460,0.045954032046560594,True,False,False,False,False,True,0.975403787901099
NORT_ARTIC_4,12237,666,3138,11,21,3,3836,0.019027414089193787,True,False,False,False,False,True,0.6104997435284736
NORT_ARTIC_4,12275,2603,3152,20,19,2,5794,0.5193530409635937,True,False,False,False,False,True,1.0
NORT_ARTIC_4,12359,1408,405,13,6,1,1832,0.40399597084760613,True,False,False,True,False,True,1.0
NORT_ARTIC_4,12574,2854,2757,20,24,2,5655,0.5456822165399345,True,False,False,False,False,True,1.0
NORT_ARTIC_4,12703,1239,954,16,4,2,2213,0.04066902222161385,True,False,False,False,False,True,0.9510117682218064
NORT_ARTIC_4,13265,4359,1955,31,18,3,6363,0.43805450035307564,True,False,False,False,False,True,1.0
NORT_ARTIC_4,13308,562,693,2,9,1,1266,0.12479963213465747,True,False,False,True,False,True,1.0
NORT_ARTIC_4,13848,2912,883,22,8,2,3825,0.6655385381498664,True,False,False,False,False,True,1.0
NORT_ARTIC_4,13861,3250,883,23,8,2,4164,0.5140663840773116,True,False,False,False,False,True,1.0
NORT_ARTIC_4,13878,4297,1124,31,7,2,5459,0.8426410278503401,True,False,False,False,False,True,1.0
NORT_ARTIC_4,14130,723,762,8,6,1,1499,0.5979809497129356,True,False,False,False,False,True,1.0
NORT_ARTIC_4,14382,812,637,7,6,1,1462,1.0,True,False,False,False,False,True,1.0
NORT_ARTIC_4,15011,916,554,10,6,1,1486,1.0,True,False,False,False,False,True,1.0
NORT_ARTIC_4,15577,1587,317,9,2,1,1915,1.0,True,False,False,True,False,True,1.0
NORT_ARTIC_4,15620,5376,1069,41,13,3,6499,0.1431189078961999,True,False,False,False,False,True,1.0
NORT_ARTIC_4,15858,559,2303,5,12,1,2879,0.3530143504713036,True,False,False,True,False,True,1.0
NORT_ARTIC_4,15880,959,2129,5,16,1,3109,0.6372032872727532,True,False,False,False,False,True,1.0
NORT_ARTIC_4,16179,1799,1596,10,12,1,3417,0.5253515081843615,True,False,False,False,False,True,1.0
NORT_ARTIC_4,16695,953,5392,6,34,2,6385,1.0,True,False,False,False,False,True,1.0
NORT_ARTIC_4,16934,1198,1065,12,7,1,2282,0.4902374550505682,True,False,False,False,False,True,1.0
NORT_ARTIC_4,17022,1979,2977,12,15,1,4983,0.6950548311418425,True,False,False,False,False,True,1.0
NORT_ARTIC_4,17067,10634,15889,61,89,4,26673,0.9334587792969701,True,False,False,False,False,True,1.0
NORT_ARTIC_4,17650,2227,2771,15,33,2,5046,0.07917946605329863,True,False,False,False,False,True,1.0
NORT_ARTIC_4,17832,499,1186,10,14,2,1709,0.2592456394778222,True,False,False,False,False,True,1.0
NORT_ARTIC_4,18514,644,1507,4,10,1,2165,1.0,True,False,False,True,False,True,1.0
NORT_ARTIC_4,18857,448,1656,7,15,2,2126,0.2917660760068061,True,False,False,True,False,True,1.0
NORT_ARTIC_4,18982,1264,463,9,3,1,1739,1.0,True,False,False,True,False,True,1.0
NORT_ARTIC_4,19212,4035,8172,32,44,3,12283,0.11132390517817883,True,False,False,False,False,True,1.0
NORT_ARTIC_4,19651,963,593,12,8,1,1576,1.0,True,False,False,False,False,True,1.0
NORT_ARTIC_4,20411,691,1147,7,8,1,1853,0.5938147615417153,True,False,False,False,False,True,1.0
NORT_ARTIC_4,20573,1344,878,11,7,1,2240,1.0,True,False,False,False,False,True,1.0
NORT_ARTIC_4,20602,1354,1805,11,16,2,3186,1.0,True,False,False,False,False,True,1.0
NORT_ARTIC_4,21286,226,960,2,9,1,1197,1.0,True,False,False,True,False,True,1.0
NORT_ARTIC_4,21360,683,630,10,7,1,1330,0.6321239719165983,True,False,False,False,False,True,1.0
NORT_ARTIC_4,21475,726,418,7,3,1,1154,0.7546539965415313,True,False,False,True,False,True,1.0
NORT_ARTIC_4,21550,1164,1381,9,8,1,2562,0.6289717502570451,True,False,False,False,False,True,1.0
NORT_ARTIC_4,21592,2234,2926,17,22,2,5199,1.0,True,False,False,False,False,True,1.0
NORT_ARTIC_4,22078,405,329,4,5,1,743,0.7383563664152655,True,True,False,True,False,True,1.0
NORT_ARTIC_4,22327,198,195,4,3,1,400,1.0,True,True,False,True,False,True,1.0
NORT_ARTIC_4,24207,1062,827,9,6,1,1904,0.8013775334592879,True,False,False,False,False,True,1.0
NORT_ARTIC_4,24307,7006,2533,42,15,2,9596,1.0,True,False,False,False,False,True,1.0
NORT_ARTIC_4,24379,1453,1425,18,12,2,2908,0.3600887778942498,True,False,False,False,False,True,1.0
NORT_ARTIC_4,24505,983,1238,8,13,1,2242,0.6621283942784939,True,False,False,False,False,True,1.0
NORT_ARTIC_4,24838,5236,2827,29,19,2,8111,0.5450592659296816,True,False,False,False,False,True,1.0
NORT_ARTIC_4,24884,1030,596,8,4,1,1638,1.0,True,False,False,True,False,True,1.0
NORT_ARTIC_4,24900,6167,3084,48,22,4,9321,0.7999096634757868,True,False,False,False,False,True,1.0
NORT_ARTIC_4,25174,4865,1745,36,20,5,6666,0.1280124571020842,True,False,False,False,False,True,1.0
NORT_ARTIC_4,25722,1176,779,10,6,1,1971,1.0,True,False,False,False,False,True,1.0
NORT_ARTIC_4,27195,4486,1638,43,14,3,6181,0.7660395497286615,True,False,False,False,False,True,1.0
NORT_ARTIC_4,27305,1519,589,9,5,1,2122,0.5530194316888397,True,False,False,True,False,True,1.0
NORT_ARTIC_4,27428,1288,2765,12,14,2,4079,0.1388812737632295,True,False,False,False,False,True,1.0
NORT_ARTIC_4,27440,1802,3916,15,28,3,5761,0.6241934079464055,True,False,False,False,False,True,1.0
NORT_ARTIC_4,27501,1514,1938,13,18,2,3483,0.8581219059771023,True,False,False,False,False,True,1.0
NORT_ARTIC_4,27770,9322,4093,47,16,2,13478,0.41372110799276934,True,False,False,False,False,True,1.0
NORT_ARTIC_4,27837,7936,2688,44,21,4,10689,0.19916880340550122,True,False,False,False,False,True,1.0
NORT_ARTIC_4,27851,13276,4293,84,41,5,17694,0.036366706190242654,True,False,False,False,False,True,0.9019300084257204
NORT_ARTIC_4,27917,2901,6918,19,46,4,9884,1.0,True,False,False,False,False,True,1.0
NORT_ARTIC_4,28009,555,1293,6,9,1,1863,0.4049991816665196,True,False,False,True,False,True,1.0
NORT_ARTIC_4,28081,15242,10124,97,58,8,25521,0.5651484632086996,True,False,False,False,False,True,1.0
NORT_ARTIC_4,28117,1379,613,9,5,1,2006,0.772459631162632,True,False,False,True,False,True,1.0
NORT_ARTIC_4,28137,4124,1976,32,18,3,6150,0.6492479851486823,True,False,False,False,False,True,1.0
NORT_ARTIC_4,29283,863,281,7,5,1,1156,0.183600377809633,True,False,False,True,False,True,1.0
NORT_ARTIC_4,2251,8718,2053,65,20,4,10856,0.33093084812615986,True,False,False,False,False,True,1.0
NORT_ARTIC_4,4463,6575,3130,48,27,4,9780,0.535441029252001,True,False,False,False,False,True,1.0
NORT_ARTIC_4,5068,3495,697,30,6,2,4228,1.0,True,False,False,False,False,True,1.0
NORT_ARTIC_4,6672,699,609,8,3,1,1319,0.23797746641472584,True,False,False,False,False,True,1.0
NORT_ARTIC_4,6778,1482,2546,11,25,2,4064,0.4914494789188739,True,False,False,False,False,True,1.0
NORT_ARTIC_4,7252,1802,1138,114,6,6,3060,3.782332646795646e-17,True,False,False,False,False,True,4.8922108828397436e-15
NORT_ARTIC_4,7419,1065,941,9,6,1,2021,0.7962234996303234,True,False,False,False,False,True,1.0
NORT_ARTIC_4,8299,56,392,1,2,2,451,0.33389998633738105,True,True,False,True,False,True,1.0
NORT_ARTIC_4,8421,7483,1538,48,16,3,9085,0.09638241994155121,True,False,False,False,False,True,1.0
NORT_ARTIC_4,8693,2125,5585,19,35,2,7764,0.22250300443752025,True,False,False,False,False,True,1.0
NORT_ARTIC_4,9566,2371,467,16,4,1,2858,0.5585103359618223,True,False,False,True,False,True,1.0
NORT_ARTIC_4,9610,6165,2269,28,17,3,8479,0.12772609468894713,True,False,False,False,False,True,1.0
NORT_ARTIC_4,12739,922,1795,12,13,2,2742,0.14342880432958607,True,False,False,False,False,True,1.0
NORT_ARTIC_4,13882,2060,565,15,5,1,2645,0.7841839714195529,True,False,False,True,False,True,1.0
NORT_ARTIC_4,16778,4938,1638,30,11,2,6617,0.720962551250045,True,False,False,False,False,True,1.0
NORT_ARTIC_4,16817,20031,3940,123,33,5,24127,0.12843208742522072,True,False,False,False,False,True,1.0
NORT_ARTIC_4,17323,584,946,5,7,1,1542,0.7749880665363224,True,False,False,True,False,True,1.0
NORT_ARTIC_4,18357,7589,2612,75,33,6,10309,0.26753831404559675,True,False,False,False,False,True,1.0
NORT_ARTIC_4,19016,1708,546,9,6,1,2269,0.22146037210996058,True,False,False,True,False,True,1.0
NORT_ARTIC_4,19998,1122,547,8,6,1,1683,0.40709288708899993,True,False,False,True,False,True,1.0
NORT_ARTIC_4,20225,2066,741,11,4,1,2822,1.0,True,False,False,True,False,True,1.0
NORT_ARTIC_4,20499,3362,840,19,9,2,4230,0.1504955893878383,True,False,False,False,False,True,1.0
NORT_ARTIC_4,21009,733,1159,9,6,1,1907,0.11224637397458034,True,False,False,False,False,True,1.0
NORT_ARTIC_4,22438,1025,373,10,5,1,1413,0.562773264288699,True,False,False,True,False,True,1.0
NORT_ARTIC_4,23319,2099,1206,24,11,2,3340,0.5998154748429122,True,False,False,False,False,True,1.0
NORT_ARTIC_4,24940,348,431,5,6,1,790,1.0,True,True,False,True,False,True,1.0
NORT_ARTIC_4,26092,17068,2527,83,11,3,19689,0.8773545119249034,True,False,False,False,False,True,1.0
NORT_ARTIC_4,1056,923,250,12,6,1,1191,0.2451169458972169,True,False,False,True,False,True,1.0
NORT_ARTIC_4,1585,9498,3954,52,27,4,13531,0.3859119925911228,True,False,False,False,False,True,1.0
NORT_ARTIC_4,1627,1237,370,8,11,1,1626,0.0012115781524319545,True,False,False,True,False,True,0.06776651314751161
NORT_ARTIC_4,1810,1409,8035,14,70,4,9528,0.6444011226984541,True,False,False,False,False,True,1.0
NORT_ARTIC_4,1985,3221,1321,19,12,2,4573,0.23899840291437574,True,False,False,False,False,True,1.0
NORT_ARTIC_4,1989,1304,521,12,3,1,1840,0.5764608178380449,True,False,False,True,False,True,1.0
NORT_ARTIC_4,2527,553,414,0,0,1,967,1.0,True,True,True,True,False,True,1.0
NORT_ARTIC_4,3465,2699,2318,24,25,3,5066,0.5654312514194311,True,False,False,False,False,True,1.0
NORT_ARTIC_4,3626,469,906,5,9,1,1389,1.0,True,False,False,True,False,True,1.0
NORT_ARTIC_4,4092,1059,317,12,7,2,1395,0.17198382068758383,True,False,False,True,False,True,1.0
NORT_ARTIC_4,4364,2591,1051,20,9,2,3671,0.8374623345747066,True,False,False,False,False,True,1.0
NORT_ARTIC_4,4598,256,890,6,12,1,1164,0.26198325388106103,True,False,False,True,False,True,1.0
NORT_ARTIC_4,5204,3225,12257,18,72,6,15572,1.0,True,False,False,False,False,True,1.0
NORT_ARTIC_4,5436,632,661,9,9,1,1311,1.0,True,False,False,False,False,True,1.0
NORT_ARTIC_4,5613,1628,1390,12,14,1,3044,0.4374938581906176,True,False,False,False,False,True,1.0
NORT_ARTIC_4,5659,1829,616,11,5,1,2461,0.568544705977986,True,False,False,True,False,True,1.0
NORT_ARTIC_4,5989,4647,1130,37,12,4,5826,0.36891130525765314,True,False,False,False,False,True,1.0
NORT_ARTIC_4,6075,318,560,6,4,1,888,0.18320505287985756,True,True,False,True,False,True,1.0
NORT_ARTIC_4,6621,1751,651,14,7,1,2423,0.6218737028967736,True,False,False,False,False,True,1.0
NORT_ARTIC_4,6792,2521,4560,19,39,4,7139,0.6825709184946505,True,False,False,False,False,True,1.0
NORT_ARTIC_4,7069,277,649,4,7,1,937,0.7417575289384972,True,True,False,True,False,True,1.0
NORT_ARTIC_4,7623,1410,3519,12,21,2,4962,0.3364877922882701,True,False,False,False,False,True,1.0
NORT_ARTIC_4,7663,2181,6933,18,46,3,9178,0.4621572502974965,True,False,False,False,False,True,1.0
NORT_ARTIC_4,7700,8899,18537,55,118,9,27609,0.9350920268702024,True,False,False,False,False,True,1.0
NORT_ARTIC_4,7717,11721,21761,54,103,7,33639,0.9332270312158006,True,False,False,False,False,True,1.0
NORT_ARTIC_4,8068,1061,1092,11,10,2,2174,0.8290084490619776,True,False,False,False,False,True,1.0
NORT_ARTIC_4,9230,1030,1362,7,9,1,2408,1.0,True,False,False,False,False,True,1.0
NORT_ARTIC_4,9304,15569,9396,133,83,12,25181,0.8325474811867867,False,False,False,False,False,False,1.0
NORT_ARTIC_4,9639,3030,1909,20,11,2,4970,0.853710461853654,True,False,False,False,False,True,1.0
NORT_ARTIC_4,9650,6480,4750,41,28,3,11299,0.8079696781978007,True,False,False,False,False,True,1.0
NORT_ARTIC_4,9659,1394,901,9,12,1,2316,0.11641286001283607,True,False,False,False,False,True,1.0
NORT_ARTIC_4,9922,706,239,9,2,1,956,0.739665291131796,True,True,False,True,False,True,1.0
NORT_ARTIC_4,10176,2248,479,16,5,2,2748,0.39859105443797066,True,False,False,True,False,True,1.0
NORT_ARTIC_4,10195,10851,2381,80,20,5,13332,0.6013336383732977,True,False,False,False,False,True,1.0
NORT_ARTIC_4,10203,1590,454,12,6,1,2062,0.2596153536143148,True,False,False,True,False,True,1.0
NORT_ARTIC_4,11033,3342,2564,25,25,4,5956,0.3909053544347222,True,False,False,False,False,True,1.0
NORT_ARTIC_4,12072,2497,654,25,9,2,3185,0.3987637448615746,True,False,False,False,False,True,1.0
NORT_ARTIC_4,12086,1401,426,13,6,1,1846,0.41499442767977035,True,False,False,True,False,True,1.0
NORT_ARTIC_4,12234,268,1253,4,11,1,1536,0.3201250408874023,True,False,False,True,False,True,1.0
NORT_ARTIC_4,12503,597,1463,6,13,1,2079,0.8019316505380879,True,False,False,False,False,True,1.0
NORT_ARTIC_4,14397,1625,1125,13,16,2,2779,0.1315807674993389,True,False,False,False,False,True,1.0
NORT_ARTIC_4,14742,605,161,6,3,1,775,0.40855124833273637,True,True,False,True,False,True,1.0
NORT_ARTIC_4,15771,654,1115,5,9,1,1783,1.0,True,False,False,False,False,True,1.0
NORT_ARTIC_4,15974,1290,478,8,5,1,1781,0.3563072310958334,True,False,False,True,False,True,1.0
NORT_ARTIC_4,16338,556,1121,5,16,1,1698,0.48580910448507686,True,False,False,False,False,True,1.0
NORT_ARTIC_4,16364,2398,8571,19,55,4,11043,0.400850588924372,True,False,False,False,False,True,1.0
NORT_ARTIC_4,16404,756,1495,7,11,1,2269,0.623834643699655,True,False,False,False,False,True,1.0
NORT_ARTIC_4,16460,8048,10198,46,52,3,18344,0.6105449902385267,True,False,False,False,False,True,1.0
NORT_ARTIC_4,16625,429,635,3,8,1,1075,0.5403848940468277,True,False,False,True,False,True,1.0
NORT_ARTIC_4,16816,1779,468,13,3,1,2263,1.0,True,False,False,True,False,True,1.0
NORT_ARTIC_4,16838,22854,4877,119,28,5,27878,0.6636757325370055,True,False,False,False,False,True,1.0
NORT_ARTIC_4,16884,1046,599,8,5,1,1658,1.0,True,False,False,True,False,True,1.0
NORT_ARTIC_4,17355,3324,2747,26,25,2,6122,0.6721893528892064,True,False,False,False,False,True,1.0
NORT_ARTIC_4,17360,1480,1078,14,5,1,2577,0.2428255927662863,True,False,False,False,False,True,1.0
NORT_ARTIC_4,17365,16373,12195,99,77,7,28744,0.818726319815575,True,False,False,False,False,True,1.0
NORT_ARTIC_4,17525,755,786,7,9,1,1557,0.8033175396634369,True,False,False,False,False,True,1.0
NORT_ARTIC_4,17638,2041,3114,13,21,2,5189,1.0,True,False,False,False,False,True,1.0
NORT_ARTIC_4,17901,174,876,2,10,1,1062,1.0,True,False,False,True,False,True,1.0
NORT_ARTIC_4,18947,1118,565,9,5,1,1697,1.0,True,False,False,True,False,True,1.0
NORT_ARTIC_4,19197,477,1218,3,9,1,1707,1.0,True,False,False,True,False,True,1.0
NORT_ARTIC_4,20112,6995,6689,49,46,4,13779,1.0,True,False,False,False,False,True,1.0
NORT_ARTIC_4,20703,1643,2264,17,23,2,3947,1.0,True,False,False,False,False,True,1.0
NORT_ARTIC_4,20760,7942,8978,78,59,6,17057,0.020355192219525607,True,False,False,False,False,True,0.6334597037339585
NORT_ARTIC_4,20772,1166,1058,10,10,1,2244,0.8269390128614407,True,False,False,False,False,True,1.0
NORT_ARTIC_4,21577,2743,3071,16,28,2,5858,0.17344969792281623,True,False,False,False,False,True,1.0
NORT_ARTIC_4,22323,274,270,40,30,1,614,0.31101161674914174,True,True,False,False,False,True,1.0
NORT_ARTIC_4,23245,1523,2345,18,22,3,3908,0.5165135503804757,True,False,False,False,False,True,1.0
NORT_ARTIC_4,23247,712,824,7,7,1,1550,0.7949292774874365,True,False,False,False,False,True,1.0
NORT_ARTIC_4,24232,2125,1765,16,12,2,3918,0.8506220388688311,True,False,False,False,False,True,1.0
NORT_ARTIC_4,25109,994,768,11,11,1,1784,0.6663589971260424,True,False,False,False,False,True,1.0
NORT_ARTIC_4,25640,438,993,7,9,1,1447,0.2799323502692238,True,False,False,True,False,True,1.0
NORT_ARTIC_4,25855,415,511,0,2,1,928,0.5050426849681955,True,True,True,True,False,True,1.0
NORT_ARTIC_4,25932,1009,2664,15,22,3,3710,0.09468735191664615,True,False,False,False,False,True,1.0
NORT_ARTIC_4,25980,1865,2742,15,28,3,4650,0.5335349760971164,True,False,False,False,False,True,1.0
NORT_ARTIC_4,26126,2275,710,13,8,1,3006,0.12866207359029894,True,False,False,False,False,True,1.0
NORT_ARTIC_4,26321,2795,7225,21,48,4,10089,0.6862323134295998,True,False,False,False,False,True,1.0
NORT_ARTIC_4,26463,142,184,3,5,1,334,1.0,True,True,False,True,False,True,1.0
NORT_ARTIC_4,26682,79,33,4,1,1,117,1.0,True,True,False,True,False,True,1.0
NORT_ARTIC_4,27207,2588,685,21,10,2,3304,0.12481355770539457,True,False,False,False,False,True,1.0
NORT_ARTIC_4,27241,3003,1384,19,8,2,4414,1.0,True,False,False,False,False,True,1.0
NORT_ARTIC_4,27384,4031,4764,31,36,8,8862,1.0,True,False,False,False,False,True,1.0
NORT_ARTIC_4,27477,1722,1911,15,19,2,3667,0.73326303992295,True,False,False,False,False,True,1.0
NORT_ARTIC_4,27743,8533,5434,59,35,4,14061,0.8320084199839217,True,False,False,False,False,True,1.0
NORT_ARTIC_4,27805,4443,2580,25,19,3,7067,0.43321603329696984,True,False,False,False,False,True,1.0
NORT_ARTIC_4,27853,1759,551,14,6,1,2330,0.5975219452417486,True,False,False,True,False,True,1.0
NORT_ARTIC_4,27856,14926,5628,89,35,6,20678,0.8401050933467439,True,False,False,False,False,True,1.0
NORT_ARTIC_4,28771,420,1175,8,11,1,1614,0.12420713650083262,True,False,False,False,False,True,1.0
NORT_ARTIC_4,29371,2178,4071,0,121,8,6370,1.1389996274880762e-22,True,False,True,False,False,True,1.8131997916050565e-20
NORT_ARTIC_4,29468,504,987,3,16,1,1510,0.140786508297935,True,False,False,False,False,True,1.0
NORT_ARTIC_4,435,711,165,10,4,1,890,0.31768874183282114,True,True,False,True,False,True,1.0
NORT_ARTIC_4,1588,10012,4274,71,38,6,14395,0.2935906762050098,True,False,False,False,False,True,1.0
NORT_ARTIC_4,1615,5137,2143,30,14,2,7324,0.7410640785462239,True,False,False,False,False,True,1.0
NORT_ARTIC_4,1620,10045,3501,66,26,5,13638,0.6326946825330766,True,False,False,False,False,True,1.0
NORT_ARTIC_4,2356,257,861,3,9,1,1130,0.7435664208713388,True,False,False,True,False,True,1.0
NORT_ARTIC_4,3427,970,895,18,17,1,1900,1.0,True,False,False,False,False,True,1.0
NORT_ARTIC_4,4411,4813,2098,43,22,5,6976,0.5879736976970547,True,False,False,False,False,True,1.0
NORT_ARTIC_4,4885,1061,2511,11,16,2,3599,0.21093777784977827,True,False,False,False,False,True,1.0
NORT_ARTIC_4,4939,608,894,8,11,1,1521,1.0,True,False,False,False,False,True,1.0
NORT_ARTIC_4,5024,1989,503,16,10,2,2518,0.02815229775638791,True,False,False,False,False,True,0.7566387039849972
NORT_ARTIC_4,5469,1437,2425,11,18,2,3891,1.0,True,False,False,False,False,True,1.0
NORT_ARTIC_4,5510,530,1817,6,17,1,2370,0.6240122823403886,True,False,False,False,False,True,1.0
NORT_ARTIC_4,5576,13799,16692,88,98,7,30677,0.6052609486957209,True,False,False,False,False,True,1.0
NORT_ARTIC_4,5647,14496,5174,84,40,6,19794,0.15161584633015895,True,False,False,False,False,True,1.0
NORT_ARTIC_4,5850,422,1457,4,14,1,1897,1.0,True,False,False,True,False,True,1.0
NORT_ARTIC_4,6350,47,31,3,2,1,83,1.0,True,True,False,True,False,True,1.0
NORT_ARTIC_4,6623,1515,633,14,3,1,2165,0.4236245846650971,True,False,False,True,False,True,1.0
NORT_ARTIC_4,6709,518,552,5,6,1,1081,1.0,True,False,False,False,False,True,1.0
NORT_ARTIC_4,7426,6460,4759,48,40,4,11307,0.5892047409439065,True,False,False,False,False,True,1.0
NORT_ARTIC_4,7484,4511,750,35,9,3,5305,0.27533030825308935,True,False,False,False,False,True,1.0
NORT_ARTIC_4,7505,10598,2650,66,22,4,13336,0.2315795603528471,True,False,False,False,False,True,1.0
NORT_ARTIC_4,8119,1474,613,14,11,2,2112,0.12392983607274702,True,False,False,False,False,True,1.0
NORT_ARTIC_4,8604,517,1715,3,12,1,2247,1.0,True,False,False,True,False,True,1.0
NORT_ARTIC_4,9624,2393,886,17,13,1,3309,0.061223689600300786,True,False,False,False,False,True,1.0
NORT_ARTIC_4,9723,1068,3923,12,28,2,5031,0.1802946115120694,True,False,False,False,False,True,1.0
NORT_ARTIC_4,11059,6394,3121,40,20,2,9575,1.0,True,False,False,False,False,True,1.0
NORT_ARTIC_4,11122,1471,387,10,5,1,1873,0.21731239847178654,True,False,False,True,False,True,1.0
NORT_ARTIC_4,11664,1695,2462,12,23,2,4192,0.49272290274747244,True,False,False,False,False,True,1.0
NORT_ARTIC_4,11938,188,812,3,11,1,1014,0.7349956923201112,True,False,False,True,False,True,1.0
NORT_ARTIC_4,12286,923,1418,6,13,1,2360,0.6388018569172829,True,False,False,False,False,True,1.0
NORT_ARTIC_4,12604,11594,10122,81,71,6,21868,1.0,True,False,False,False,False,True,1.0
NORT_ARTIC_4,13294,5422,3493,32,33,4,8980,0.07344734627261965,True,False,False,False,False,True,1.0
NORT_ARTIC_4,13453,1360,7567,17,59,4,9003,0.1069444251038445,True,False,False,False,False,True,1.0
NORT_ARTIC_4,13802,1399,246,9,3,1,1657,0.40545081081523904,True,False,False,True,False,True,1.0
NORT_ARTIC_4,14363,3176,3004,42,27,5,6249,0.14562126102304784,True,False,False,False,False,True,1.0
NORT_ARTIC_4,14460,4412,1444,40,22,4,5918,0.05481914005686924,True,False,False,False,False,True,0.9908140641719728
NORT_ARTIC_4,15095,1363,480,13,7,1,1863,0.4414091640933664,True,False,False,False,False,True,1.0
NORT_ARTIC_4,16719,7776,6210,56,35,5,14077,0.29007630964981274,True,False,False,False,False,True,1.0
NORT_ARTIC_4,17078,1496,2403,13,15,1,3927,0.43671038263046535,True,False,False,False,False,True,1.0
NORT_ARTIC_4,17286,490,1148,7,9,1,1654,0.2729282516262894,True,False,False,True,False,True,1.0
NORT_ARTIC_4,17305,3813,11551,30,73,5,15467,0.304936123948093,True,False,False,False,False,True,1.0
NORT_ARTIC_4,17524,3965,4661,27,28,3,8681,0.6849942267378977,True,False,False,False,False,True,1.0
NORT_ARTIC_4,17587,440,1754,7,18,2,2219,0.31860496666575244,True,False,False,False,False,True,1.0
NORT_ARTIC_4,18521,500,1176,6,8,1,1690,0.37805495773760944,True,False,False,True,False,True,1.0
NORT_ARTIC_4,18767,501,571,6,6,1,1084,1.0,True,False,False,False,False,True,1.0
NORT_ARTIC_4,20382,279,1278,4,8,1,1569,0.2463234005460891,True,False,False,True,False,True,1.0
NORT_ARTIC_4,21352,1207,1645,13,12,2,2877,0.4167711568679109,True,False,False,False,False,True,1.0
NORT_ARTIC_4,21710,608,381,10,2,1,1001,0.14527291595970335,True,False,False,True,False,True,1.0
NORT_ARTIC_4,22491,1094,410,8,4,1,1516,0.7451730253868247,True,False,False,True,False,True,1.0
NORT_ARTIC_4,23330,1158,585,9,7,1,1759,0.42921896788488934,True,False,False,False,False,True,1.0
NORT_ARTIC_4,23419,704,442,8,5,1,1159,1.0,True,False,False,False,False,True,1.0
NORT_ARTIC_4,24292,2291,712,19,5,2,3027,1.0,True,False,False,False,False,True,1.0
NORT_ARTIC_4,24580,2172,779,18,13,2,2982,0.0643475791230613,True,False,False,False,False,True,1.0
NORT_ARTIC_4,25686,1379,1161,9,12,1,2561,0.37991757850064445,True,False,False,False,False,True,1.0
NORT_ARTIC_4,25758,2434,823,16,9,2,3282,0.24759000350438992,True,False,False,False,False,True,1.0
NORT_ARTIC_4,25973,622,1197,8,7,1,1834,0.16946950215152026,True,False,False,False,False,True,1.0
NORT_ARTIC_4,27283,3187,992,21,8,2,4208,0.661550461499649,True,False,False,False,False,True,1.0
NORT_ARTIC_4,27436,2166,4930,21,28,2,7145,0.08552016613165113,True,False,False,False,False,True,1.0
NORT_ARTIC_4,509,9,3,9,3,1,24,1.0,True,True,False,True,False,True,1.0
NORT_ARTIC_4,2221,43,27,2,2,1,74,0.6423598980033477,True,True,False,True,False,True,1.0
NORT_ARTIC_4,5688,49,15,2,2,1,68,0.25842813902515394,True,True,False,True,False,True,1.0
NORT_ARTIC_4,5923,34,43,9,0,1,86,0.0024526001748368504,True,True,True,True,False,True,0.12689140154562153
NORT_ARTIC_4,9628,9680,3295,119,35,6,13129,0.5143513668688153,True,False,False,False,False,True,1.0
NORT_ARTIC_4,11028,27,26,3,2,1,58,1.0,True,True,False,True,False,True,1.0
NORT_ARTIC_4,11225,21,24,2,2,1,49,1.0,True,True,False,True,False,True,1.0
NORT_ARTIC_4,11992,67,44,2,4,1,117,0.22598278753619794,True,True,False,True,False,True,1.0
NORT_ARTIC_4,12184,18,69,1,3,1,91,1.0,True,True,False,True,False,True,1.0
NORT_ARTIC_4,19233,36,102,2,3,1,143,0.6087743638962477,True,True,False,True,False,True,1.0
NORT_ARTIC_4,21615,84,70,0,0,1,154,1.0,True,True,True,True,False,True,1.0
NORT_ARTIC_4,22227,632,938,6,11,3,1587,0.8059941573758785,True,False,False,False,False,True,1.0
NORT_ARTIC_4,23988,128,36,7,2,1,173,1.0,True,True,False,True,False,True,1.0
NORT_ARTIC_4,24198,126,109,0,9,1,244,0.0012287562019540966,True,True,True,True,False,True,0.06781095893184007
NORT_ARTIC_4,24267,129,30,9,1,1,169,0.6909899220972493,True,True,False,True,False,True,1.0
NORT_ARTIC_4,25165,85,20,2,2,1,109,0.18073353152679975,True,True,False,True,False,True,1.0
NORT_ARTIC_4,28456,23,91,2,4,1,120,0.6034454108937556,True,True,False,True,False,True,1.0
NORT_ARTIC_4,28460,21,86,2,5,1,114,0.6274085149660414,True,True,False,True,False,True,1.0
NORT_ARTIC_4,29161,62,55,2,2,1,121,1.0,True,True,False,True,False,True,1.0
NORT_ARTIC_4,29253,98,32,0,0,1,130,1.0,True,True,True,True,False,True,1.0
NORT_ARTIC_4,2010,4404,2935,37,26,2,7402,0.897398377239996,True,False,False,False,False,True,1.0
NORT_ARTIC_4,2114,1342,6115,10,39,3,7506,0.7083058348927325,True,False,False,False,False,True,1.0
NORT_ARTIC_4,3177,1614,1085,7,4,1,2710,1.0,True,False,False,True,False,True,1.0
NORT_ARTIC_4,4131,548,243,6,4,1,801,0.5075546476601865,True,True,False,True,False,True,1.0
NORT_ARTIC_4,5764,967,1396,9,11,1,2383,0.8202302170635241,True,False,False,False,False,True,1.0
NORT_ARTIC_4,9588,2129,907,14,7,1,3057,0.8113098898581023,True,False,False,False,False,True,1.0
NORT_ARTIC_4,11716,1536,545,12,5,1,2098,0.7832827247416088,True,False,False,True,False,True,1.0
NORT_ARTIC_4,14658,280,869,6,8,1,1163,0.12202684907888334,True,False,False,True,False,True,1.0
NORT_ARTIC_4,14659,288,870,4,11,1,1173,0.7728645124108409,True,False,False,True,False,True,1.0
NORT_ARTIC_4,17918,246,1115,1,11,1,1373,0.7048497763469985,True,False,False,True,False,True,1.0
NORT_ARTIC_4,18378,8087,2648,45,20,3,10800,0.250775049838156,True,False,False,False,False,True,1.0
NORT_ARTIC_4,20028,581,724,244,277,1,1826,0.3764668169336044,True,False,False,False,False,True,1.0
NORT_ARTIC_4,21194,372,654,7,9,1,1042,0.6032251838313785,True,False,False,False,False,True,1.0
NORT_ARTIC_4,21455,5281,1599,38,15,3,6933,0.41408376413779135,True,False,False,False,False,True,1.0
NORT_ARTIC_4,24879,3219,1554,26,12,3,4811,1.0,True,False,False,False,False,True,1.0
NORT_ARTIC_4,27377,4757,5065,43,45,6,9910,1.0,True,False,False,False,False,True,1.0
NORT_ARTIC_4,4669,7557,3499,50,31,7,11137,0.23029551570451295,True,False,False,False,False,True,1.0
NORT_ARTIC_4,5541,1583,8057,11,41,3,9692,0.34891254814645223,True,False,False,False,False,True,1.0
NORT_ARTIC_4,5667,15835,5774,88,33,5,21730,0.9179723799277772,True,False,False,False,False,True,1.0
NORT_ARTIC_4,11779,344,197,1,0,1,542,1.0,True,True,True,True,False,True,1.0
NORT_ARTIC_4,14107,316,477,0,0,1,793,1.0,True,True,True,True,False,True,1.0
NORT_ARTIC_4,14190,236,118,5,4,1,363,0.49140805047891184,True,True,False,True,False,True,1.0
NORT_ARTIC_4,15660,647,272,13,4,1,936,0.7896682676856912,True,True,False,False,False,True,1.0
NORT_ARTIC_4,16384,2301,8260,21,67,6,10649,0.6060118853942644,True,False,False,False,False,True,1.0
NORT_ARTIC_4,19218,261,433,5,7,1,706,0.7712905507028854,True,True,False,True,False,True,1.0
NORT_ARTIC_4,20695,504,636,8,7,1,1155,0.6028352568876674,True,False,False,False,False,True,1.0
NORT_ARTIC_4,21195,184,236,1,0,1,421,0.43942992874109266,True,True,True,True,False,True,1.0
NORT_ARTIC_4,22290,175,124,5,7,1,311,0.37177795662733937,True,True,False,False,False,True,1.0
NORT_ARTIC_4,26533,65,127,5,5,1,202,0.3200580079645047,True,True,False,True,False,True,1.0
NORT_ARTIC_4,1106,1813,629,3,2,2,2447,0.608589051160804,True,False,False,True,False,True,1.0
NORT_ARTIC_4,3599,44,43,3,2,1,92,1.0,True,True,False,True,False,True,1.0
NORT_ARTIC_4,4533,29,50,2,2,1,83,0.62718080996071,True,True,False,True,False,True,1.0
NORT_ARTIC_4,6805,107,101,4,4,1,216,1.0,True,True,False,True,False,True,1.0
NORT_ARTIC_4,7018,48,98,3,4,1,153,0.6865460497469875,True,True,False,True,False,True,1.0
NORT_ARTIC_4,7782,62,21,2,2,1,87,0.2840417000801925,True,True,False,True,False,True,1.0
NORT_ARTIC_4,8406,75,26,4,3,1,108,0.38274166018783773,True,True,False,True,False,True,1.0
NORT_ARTIC_4,9607,127,61,5,2,1,195,1.0,True,True,False,True,False,True,1.0
NORT_ARTIC_4,9748,53,121,2,4,1,180,1.0,True,True,False,True,False,True,1.0
NORT_ARTIC_4,10064,24,54,2,2,1,82,0.5879386641967685,True,True,False,True,False,True,1.0
NORT_ARTIC_4,10456,98,118,4,2,1,222,0.41707399466240336,True,True,False,True,False,True,1.0
NORT_ARTIC_4,10492,81,32,6,3,1,122,0.7149373073843982,True,True,False,True,False,True,1.0
NORT_ARTIC_4,14264,21,22,2,2,1,47,1.0,True,True,False,True,False,True,1.0
NORT_ARTIC_4,15590,147,58,3,2,1,210,0.6252761368510852,True,True,False,True,False,True,1.0
NORT_ARTIC_4,15720,59,65,0,0,1,124,1.0,True,True,True,True,False,True,1.0
NORT_ARTIC_4,15835,380,1036,14,20,2,1450,0.0778746719375845,True,False,False,False,False,True,1.0
NORT_ARTIC_4,16635,53,85,3,7,1,148,0.7428097086141514,True,True,False,True,False,True,1.0
NORT_ARTIC_4,17015,207,210,11,16,1,444,0.4297050409831584,True,True,False,False,False,True,1.0
NORT_ARTIC_4,17597,51,147,6,10,1,214,0.37705107787967695,True,True,False,True,False,True,1.0
NORT_ARTIC_4,18129,5,7,0,0,1,12,1.0,True,True,True,True,False,True,1.0
NORT_ARTIC_4,18148,4,8,2,2,1,16,0.6043956043956045,True,True,False,True,False,True,1.0
NORT_ARTIC_4,18971,2689,1006,33,18,4,3746,0.20692601254440277,True,False,False,False,False,True,1.0
NORT_ARTIC_4,19585,71,38,3,2,1,114,1.0,True,True,False,True,False,True,1.0
NORT_ARTIC_4,20402,81,127,2,5,1,215,0.7091911870384144,True,True,False,True,False,True,1.0
NORT_ARTIC_4,20497,93,41,6,2,1,142,1.0,True,True,False,True,False,True,1.0
NORT_ARTIC_4,21441,3040,856,19,10,2,3925,0.11587845399412228,True,False,False,False,False,True,1.0
NORT_ARTIC_4,21949,96,28,4,2,1,130,0.6212527995717887,True,True,False,True,False,True,1.0
NORT_ARTIC_4,24136,45,105,2,6,1,158,1.0,True,True,False,True,False,True,1.0
NORT_ARTIC_4,24849,63,24,4,2,1,93,0.6705800778479916,True,True,False,True,False,True,1.0
NORT_ARTIC_4,24881,65,32,3,3,1,103,0.4059451714935709,True,True,False,True,False,True,1.0
NORT_ARTIC_4,25058,43,76,2,2,1,123,0.6229144705754062,True,True,False,True,False,True,1.0
NORT_ARTIC_4,25547,36,43,2,2,1,83,1.0,True,True,False,True,False,True,1.0
NORT_ARTIC_4,25558,36,45,2,2,1,85,1.0,True,True,False,True,False,True,1.0
NORT_ARTIC_4,26856,1,13,1,2,1,17,0.33088235294117646,True,True,False,True,False,True,1.0
NORT_ARTIC_4,27382,2390,2877,8,7,5,5282,0.6084304975742904,True,False,False,False,False,True,1.0
NORT_ARTIC_4,27383,2374,2815,12,9,5,5210,0.3809070635486974,True,False,False,False,False,True,1.0
NORT_ARTIC_4,29344,43,45,1,4,1,93,0.3649560662183383,True,True,False,True,False,True,1.0
NORT_ARTIC_4,29442,41,118,3,3,1,165,0.19315659725460055,True,True,False,True,False,True,1.0
NORT_ARTIC_4,447,764,153,10,2,1,929,1.0,True,True,False,True,False,True,1.0
NORT_ARTIC_4,735,782,147,8,2,1,939,0.6641111787075914,True,True,False,True,False,True,1.0
NORT_ARTIC_4,1003,3068,2454,30,13,3,5565,0.06554867620778226,True,False,False,False,False,True,1.0
NORT_ARTIC_4,1005,5402,3870,59,40,7,9371,0.8380097832665467,True,False,False,False,False,True,1.0
NORT_ARTIC_4,1089,1155,278,8,3,1,1444,0.4562441725797385,True,False,False,True,False,True,1.0
NORT_ARTIC_4,1318,583,1174,7,9,1,1773,0.426086565860423,True,False,False,False,False,True,1.0
NORT_ARTIC_4,1662,1208,264,12,4,1,1488,0.5090773671461637,True,False,False,True,False,True,1.0
NORT_ARTIC_4,1739,298,469,3,5,1,775,1.0,True,True,False,True,False,True,1.0
NORT_ARTIC_4,1840,154,1053,1,12,1,1220,1.0,True,False,False,True,False,True,1.0
NORT_ARTIC_4,1894,1279,1032,12,5,1,2328,0.23116894495747264,True,False,False,False,False,True,1.0
NORT_ARTIC_4,1906,7223,5939,45,40,4,13247,0.743713825928423,True,False,False,False,False,True,1.0
NORT_ARTIC_4,1921,1304,1015,9,9,1,2337,0.6386834504780767,True,False,False,False,False,True,1.0
NORT_ARTIC_4,2027,462,517,6,10,1,995,0.4637729721171424,True,True,False,False,False,True,1.0
NORT_ARTIC_4,2149,181,1183,2,10,1,1376,0.6672911814087046,True,False,False,True,False,True,1.0
NORT_ARTIC_4,2207,450,848,7,7,1,1312,0.2635283044072452,True,False,False,True,False,True,1.0
NORT_ARTIC_4,3140,1079,846,3,0,1,1928,0.26085416455824306,True,False,True,True,False,True,1.0
NORT_ARTIC_4,3237,1061,362,6,5,1,1434,0.16171717560469817,True,False,False,True,False,True,1.0
NORT_ARTIC_4,3699,149,841,2,10,1,1002,0.6997365661269532,True,False,False,True,False,True,1.0
NORT_ARTIC_4,4066,971,664,3,7,2,1645,0.10163014665753412,True,False,False,True,False,True,1.0
NORT_ARTIC_4,4181,1671,1907,0,1,8,3579,1.0,True,False,True,True,False,True,1.0
NORT_ARTIC_4,4346,915,380,8,6,1,1309,0.3752222932281586,True,False,False,True,False,True,1.0
NORT_ARTIC_4,4366,1002,388,8,3,1,1401,1.0,True,False,False,True,False,True,1.0
NORT_ARTIC_4,4393,6356,2064,39,20,4,8479,0.0969204682122314,True,False,False,False,False,True,1.0
NORT_ARTIC_4,4396,1024,349,8,5,1,1386,0.3358554680399706,True,False,False,True,False,True,1.0
NORT_ARTIC_4,4441,1046,378,7,7,1,1438,0.0656092768752378,True,False,False,True,False,True,1.0
NORT_ARTIC_4,4699,584,295,6,5,1,890,0.5220607507482551,True,True,False,True,False,True,1.0
NORT_ARTIC_4,4882,178,622,3,8,1,811,0.7163382161114948,True,True,False,True,False,True,1.0
NORT_ARTIC_4,4897,169,604,2,4,1,779,0.6174729857624385,True,True,False,True,False,True,1.0
NORT_ARTIC_4,4930,204,570,3,7,1,784,0.7288822096066696,True,True,False,True,False,True,1.0
NORT_ARTIC_4,4948,507,812,9,7,2,1335,0.19560100533797428,True,False,False,False,False,True,1.0
NORT_ARTIC_4,5230,512,1902,1,1,2,2416,0.37965221504668667,True,False,False,True,False,True,1.0
NORT_ARTIC_4,5326,831,157,2,6,1,996,0.00037163745514120046,True,True,False,True,False,True,0.024415990902054423
NORT_ARTIC_4,5498,249,923,3,9,1,1184,0.7259663650632753,True,False,False,True,False,True,1.0
NORT_ARTIC_4,5574,750,856,7,5,1,1618,0.5639467817448759,True,False,False,False,False,True,1.0
NORT_ARTIC_4,5595,2146,1908,14,13,2,4081,1.0,True,False,False,False,False,True,1.0
NORT_ARTIC_4,5608,3150,2239,23,14,2,5426,0.738915539993009,True,False,False,False,False,True,1.0
NORT_ARTIC_4,5836,1319,4324,10,29,3,5682,0.7065520760240557,True,False,False,False,False,True,1.0
NORT_ARTIC_4,5885,6696,12151,59,86,7,18992,0.2226051721040482,True,False,False,False,False,True,1.0
NORT_ARTIC_4,6047,257,249,3,6,1,515,0.33523293176663915,True,True,False,True,False,True,1.0
NORT_ARTIC_4,6402,154,200,0,0,6,354,1.0,True,True,True,True,False,True,1.0
NORT_ARTIC_4,6529,683,142,6,4,1,835,0.07963828218954667,True,True,False,True,False,True,1.0
NORT_ARTIC_4,7124,3127,536,8,2,6,3673,0.6475928978873801,True,False,False,True,False,True,1.0
NORT_ARTIC_4,7628,2160,7640,21,45,5,9866,0.07245080657991776,True,False,False,False,False,True,1.0
NORT_ARTIC_4,7648,366,1386,4,10,1,1766,0.5087167372733182,True,False,False,True,False,True,1.0
NORT_ARTIC_4,7678,306,1316,1,10,1,1633,0.700698606288348,True,False,False,True,False,True,1.0
NORT_ARTIC_4,7682,2310,8172,18,41,4,10541,0.11768975883299637,True,False,False,False,False,True,1.0
NORT_ARTIC_4,7711,3924,7057,22,45,4,11048,0.7018370335648684,True,False,False,False,False,True,1.0
NORT_ARTIC_4,7797,1950,560,14,9,2,2533,0.07474525669540591,True,False,False,False,False,True,1.0
NORT_ARTIC_4,7851,3301,2267,9,9,8,5586,0.47516472020351974,True,False,False,False,False,True,1.0
NORT_ARTIC_4,8026,2418,2611,22,27,4,5078,0.6697694105929888,True,False,False,False,False,True,1.0
NORT_ARTIC_4,8133,257,115,5,2,1,379,1.0,True,True,False,True,False,True,1.0
NORT_ARTIC_4,8235,57,187,3,6,1,253,0.44635802158374627,True,True,False,True,False,True,1.0
NORT_ARTIC_4,8378,1023,155,9,2,1,1189,0.6466199830654238,True,False,False,True,False,True,1.0
NORT_ARTIC_4,8425,1146,208,10,4,1,1368,0.25250605178221924,True,False,False,True,False,True,1.0
NORT_ARTIC_4,8478,681,292,12,6,1,991,0.7968625477788029,True,True,False,False,False,True,1.0
NORT_ARTIC_4,8668,140,979,2,12,1,1133,0.6917885086014248,True,False,False,True,False,True,1.0
NORT_ARTIC_4,8986,3552,618,9,2,8,4181,0.6721712268441405,True,False,False,True,False,True,1.0
NORT_ARTIC_4,9019,294,61,4,2,1,361,0.28179090740919893,True,True,False,True,False,True,1.0
NORT_ARTIC_4,9053,4048,1043,4,0,8,5095,0.5879349290751166,True,False,True,True,False,True,1.0
NORT_ARTIC_4,9502,958,538,13,8,2,1517,0.8225987492142931,True,False,False,False,False,True,1.0
NORT_ARTIC_4,9576,1409,249,13,5,1,1676,0.1745887630375504,True,False,False,True,False,True,1.0
NORT_ARTIC_4,9604,9669,3566,49,26,5,13310,0.1506138461306885,True,False,False,False,False,True,1.0
NORT_ARTIC_4,9964,401,227,6,3,1,637,1.0,True,True,False,True,False,True,1.0
NORT_ARTIC_4,10470,814,639,18,1,1,1472,0.0005878454544030911,True,False,False,False,False,True,0.03801706774647491
NORT_ARTIC_4,10804,607,164,5,2,1,778,0.6452385968547116,True,True,False,True,False,True,1.0
NORT_ARTIC_4,11061,985,481,9,4,1,1479,1.0,True,False,False,True,False,True,1.0
NORT_ARTIC_4,11201,4356,4149,5,6,8,8516,0.7694912364506543,True,False,False,False,False,True,1.0
NORT_ARTIC_4,11332,8447,9817,14,20,8,18298,0.6082672988538025,True,False,False,False,False,True,1.0
NORT_ARTIC_4,11584,250,1068,5,15,1,1338,0.5635239463820514,True,False,False,True,False,True,1.0
NORT_ARTIC_4,11590,236,1090,7,11,2,1344,0.030327680923286734,True,False,False,True,False,True,0.8025285581827937
NORT_ARTIC_4,11612,215,943,3,6,1,1167,0.3814127863699358,True,False,False,True,False,True,1.0
NORT_ARTIC_4,11632,208,928,4,6,1,1146,0.09503501647233595,True,False,False,True,False,True,1.0
NORT_ARTIC_4,11659,791,1029,7,16,2,1843,0.28978883496334723,True,False,False,False,False,True,1.0
NORT_ARTIC_4,12426,499,358,10,8,2,875,0.8142183644129789,True,True,False,False,False,True,1.0
NORT_ARTIC_4,12513,263,932,1,4,1,1200,1.0,True,False,False,True,False,True,1.0
NORT_ARTIC_4,12520,252,924,1,9,1,1186,0.6984261043270881,True,False,False,True,False,True,1.0
NORT_ARTIC_4,12551,861,911,7,8,1,1787,1.0,True,False,False,False,False,True,1.0
NORT_ARTIC_4,12649,886,224,7,4,1,1121,0.2486952616673857,True,False,False,True,False,True,1.0
NORT_ARTIC_4,12821,113,754,1,8,1,876,1.0,True,True,False,True,False,True,1.0
NORT_ARTIC_4,13840,753,116,11,3,1,883,0.4189904961953562,True,True,False,True,False,True,1.0
NORT_ARTIC_4,13979,815,1491,6,19,2,2331,0.29538316947794363,True,False,False,False,False,True,1.0
NORT_ARTIC_4,14206,283,135,6,3,1,427,1.0,True,True,False,True,False,True,1.0
NORT_ARTIC_4,14680,276,352,4,4,1,636,0.736043355890185,True,True,False,True,False,True,1.0
NORT_ARTIC_4,14836,270,148,4,5,1,427,0.2922944030120164,True,True,False,True,False,True,1.0
NORT_ARTIC_4,15005,2895,1869,24,10,2,4798,0.29170431305018496,True,False,False,False,False,True,1.0
NORT_ARTIC_4,15047,494,104,8,5,1,611,0.0637800887108515,True,True,False,True,False,True,1.0
NORT_ARTIC_4,15451,238,505,1,1,7,745,0.5389875153352096,True,True,False,True,False,True,1.0
NORT_ARTIC_4,15558,417,33,6,1,1,457,0.42010536163279033,True,True,False,True,False,True,1.0
NORT_ARTIC_4,15559,461,38,11,0,1,510,1.0,True,True,True,True,False,True,1.0
NORT_ARTIC_4,15804,924,2866,10,26,2,3826,0.6963668699041672,True,False,False,False,False,True,1.0
NORT_ARTIC_4,15876,2698,7418,22,42,4,10180,0.20104888162819284,True,False,False,False,False,True,1.0
NORT_ARTIC_4,16466,6640,8213,17,20,8,14890,0.8704711924877533,True,False,False,False,False,True,1.0
NORT_ARTIC_4,16515,860,168,17,2,1,1047,0.7542182838505963,True,False,False,True,False,True,1.0
NORT_ARTIC_4,16538,899,251,8,4,1,1162,0.3090166921497709,True,False,False,True,False,True,1.0
NORT_ARTIC_4,16779,1081,543,15,4,1,1643,0.3313505441993132,True,False,False,False,False,True,1.0
NORT_ARTIC_4,17040,4473,9839,14,15,5,14341,0.06867672502473567,True,False,False,False,False,True,1.0
NORT_ARTIC_4,17593,4324,19184,30,89,5,23627,0.05843550111871658,True,False,False,False,False,True,1.0
NORT_ARTIC_4,18035,55,22,2,2,1,81,0.5779148184211476,True,True,False,True,False,True,1.0
NORT_ARTIC_4,18376,766,262,5,4,1,1037,0.24579733214012078,True,False,False,True,False,True,1.0
NORT_ARTIC_4,18422,342,323,7,5,1,677,0.7737198250532693,True,True,False,False,False,True,1.0
NORT_ARTIC_4,18571,336,665,5,9,1,1015,1.0,True,False,False,True,False,True,1.0
NORT_ARTIC_4,18820,884,2958,11,26,3,3879,0.32964019160048985,True,False,False,False,False,True,1.0
NORT_ARTIC_4,18963,765,214,6,4,1,989,0.240322904622848,True,True,False,True,False,True,1.0
NORT_ARTIC_4,19162,277,867,5,6,1,1155,0.14971540978781012,True,False,False,True,False,True,1.0
NORT_ARTIC_4,19166,277,865,3,8,1,1153,0.7339624039851007,True,False,False,True,False,True,1.0
NORT_ARTIC_4,19220,2260,7912,11,34,8,10217,0.7198527974042369,True,False,False,False,False,True,1.0
NORT_ARTIC_4,19258,101,533,1,7,1,642,1.0,True,True,False,True,False,True,1.0
NORT_ARTIC_4,19416,13,60,0,0,1,73,1.0,True,True,True,True,False,True,1.0
NORT_ARTIC_4,19555,561,114,10,1,1,686,0.7010451115613976,True,True,False,True,False,True,1.0
NORT_ARTIC_4,19664,217,191,4,4,1,416,1.0,True,True,False,True,False,True,1.0
NORT_ARTIC_4,19761,147,605,3,6,1,761,0.3904863412017737,True,True,False,True,False,True,1.0
NORT_ARTIC_4,20408,472,1083,5,15,1,1575,0.8072152982377512,True,False,False,False,False,True,1.0
NORT_ARTIC_4,20413,462,1051,3,9,1,1525,1.0,True,False,False,True,False,True,1.0
NORT_ARTIC_4,20452,770,899,3,21,1,1693,0.0007328930033684295,True,False,False,False,False,True,0.04527528568570044
NORT_ARTIC_4,20453,777,898,2,17,1,1694,0.0017787058274689928,True,False,False,False,False,True,0.09561121324537873
NORT_ARTIC_4,20607,270,290,7,5,1,572,0.5670078952237623,True,True,False,False,False,True,1.0
NORT_ARTIC_4,20733,558,813,5,10,1,1386,0.6102308484962906,True,False,False,False,False,True,1.0
NORT_ARTIC_4,20965,842,2494,13,35,3,3384,0.7399752482202517,True,False,False,False,False,True,1.0
NORT_ARTIC_4,21001,993,3844,13,32,3,4882,0.1928336053801432,True,False,False,False,False,True,1.0
NORT_ARTIC_4,21115,568,123,13,3,1,707,1.0,True,True,False,True,False,True,1.0
NORT_ARTIC_4,21255,279,863,2,6,2,1150,1.0,True,False,False,True,False,True,1.0
NORT_ARTIC_4,21329,437,458,4,5,1,904,1.0,True,True,False,True,False,True,1.0
NORT_ARTIC_4,21595,807,902,4,5,2,1718,1.0,True,False,False,True,False,True,1.0
NORT_ARTIC_4,21987,6239,1469,22,5,13,7735,1.0,False,False,False,False,False,False,1.0
NORT_ARTIC_4,22043,329,165,4,2,1,500,1.0,True,True,False,True,False,True,1.0
NORT_ARTIC_4,22423,205,206,4,3,1,418,1.0,True,True,False,True,False,True,1.0
NORT_ARTIC_4,22441,487,210,6,6,1,709,0.20161865435819745,True,True,False,True,False,True,1.0
NORT_ARTIC_4,22529,541,202,9,5,1,757,0.5454879189801617,True,True,False,True,False,True,1.0
NORT_ARTIC_4,22663,454,584,3,8,1,1049,0.3656967222903052,True,False,False,True,False,True,1.0
NORT_ARTIC_4,22779,2968,1795,23,11,2,4797,0.5968067422218246,True,False,False,False,False,True,1.0
NORT_ARTIC_4,22917,1338,7636,3,16,8,8993,0.7556253714750791,True,False,False,True,False,True,1.0
NORT_ARTIC_4,23930,970,264,7,4,1,1245,0.26431288631711125,True,False,False,True,False,True,1.0
NORT_ARTIC_4,24049,337,375,4,5,1,721,1.0,True,True,False,True,False,True,1.0
NORT_ARTIC_4,24410,3217,8933,4,21,8,12175,0.3625032279891522,True,False,False,False,False,True,1.0
NORT_ARTIC_4,24455,991,945,11,2,1,1949,0.02269623956768699,True,False,False,False,False,True,0.6637014974931722
NORT_ARTIC_4,24478,1026,904,11,7,1,1948,0.6368356610295789,True,False,False,False,False,True,1.0
NORT_ARTIC_4,24482,1284,1154,13,15,2,2466,0.5705485437566125,True,False,False,False,False,True,1.0
NORT_ARTIC_4,24547,1125,872,17,5,1,2019,0.053167587960955234,True,False,False,False,False,True,0.9880974014839219
NORT_ARTIC_4,24569,1115,347,9,4,1,1475,0.5219260397629666,True,False,False,True,False,True,1.0
NORT_ARTIC_4,25136,880,287,7,2,1,1176,1.0,True,False,False,True,False,True,1.0
NORT_ARTIC_4,25469,7678,1136,16,1,9,8831,0.7145340702713416,True,False,False,True,False,True,1.0
NORT_ARTIC_4,25539,193,280,3,7,1,483,0.746735386176808,True,True,False,True,False,True,1.0
NORT_ARTIC_4,25624,158,577,2,10,1,747,1.0,True,True,False,True,False,True,1.0
NORT_ARTIC_4,26005,15507,6752,63,32,3,22354,0.5024949907976873,True,False,False,False,False,True,1.0
NORT_ARTIC_4,26227,344,1741,0,0,1,2085,1.0,True,False,True,True,False,True,1.0
NORT_ARTIC_4,26303,851,1477,5,9,1,2342,1.0,True,False,False,False,False,True,1.0
NORT_ARTIC_4,26306,9714,30354,48,130,6,40246,0.38229177406147874,True,False,False,False,False,True,1.0
NORT_ARTIC_4,26327,2618,4931,9,23,2,7581,0.5769338602901315,True,False,False,False,False,True,1.0
NORT_ARTIC_4,26583,1073,2222,12,23,3,3330,0.8567992247478206,True,False,False,False,False,True,1.0
NORT_ARTIC_4,26685,4615,1182,27,14,4,5838,0.04907759837867068,True,False,False,False,False,True,0.9880974014839219
NORT_ARTIC_4,26767,4084,6571,6,4,8,10665,0.19705665144024923,True,False,False,True,False,True,1.0
NORT_ARTIC_4,26787,251,467,8,9,1,735,0.3130988637399947,True,True,False,False,False,True,1.0
NORT_ARTIC_4,26861,141,887,2,6,1,1036,0.30480525450137935,True,False,False,True,False,True,1.0
NORT_ARTIC_4,27392,421,678,3,10,1,1112,0.3906670305148769,True,False,False,True,False,True,1.0
NORT_ARTIC_4,27409,381,1260,4,12,1,1657,0.7734404948111557,True,False,False,True,False,True,1.0
NORT_ARTIC_4,27456,260,1204,6,18,2,1488,0.41638712468165906,True,False,False,True,False,True,1.0
NORT_ARTIC_4,27559,918,135,2,0,1,1055,1.0,True,False,True,True,False,True,1.0
NORT_ARTIC_4,27638,2125,1918,2,2,7,4047,1.0,True,False,False,True,False,True,1.0
NORT_ARTIC_4,27752,11093,7359,36,11,8,18499,0.024399545026733735,True,False,False,False,False,True,0.6917103894907598
NORT_ARTIC_4,27769,1191,890,11,2,1,2094,0.051774467037852955,True,False,False,False,False,True,0.9880974014839219
NORT_ARTIC_4,27810,1264,843,8,8,1,2123,0.4495741487384187,True,False,False,False,False,True,1.0
NORT_ARTIC_4,27859,1891,728,21,8,2,2648,1.0,True,False,False,False,False,True,1.0
NORT_ARTIC_4,27874,6215,6175,14,17,8,12421,0.5951092155001956,True,False,False,False,False,True,1.0
NORT_ARTIC_4,27935,3352,5981,17,35,2,9385,0.66675204613335,True,False,False,False,False,True,1.0
NORT_ARTIC_4,28074,4531,3321,27,26,2,7905,0.33170951686192096,True,False,False,False,False,True,1.0
NORT_ARTIC_4,28087,1887,1042,17,7,1,2953,0.6693626867052045,True,False,False,False,False,True,1.0
NORT_ARTIC_4,28106,1978,601,12,5,1,2596,0.5666050354954348,True,False,False,True,False,True,1.0
NORT_ARTIC_4,28113,1993,596,12,4,1,2605,0.7718892459201587,True,False,False,True,False,True,1.0
NORT_ARTIC_4,28461,2585,10287,3,11,8,12886,1.0,True,False,False,True,False,True,1.0
NORT_ARTIC_4,28577,5972,3873,39,21,2,9905,0.5962355699494807,True,False,False,False,False,True,1.0
NORT_ARTIC_4,28584,1561,800,10,5,1,2376,1.0,True,False,False,False,False,True,1.0
NORT_ARTIC_4,28599,1638,320,8,5,1,1971,0.048552059317302464,True,False,False,True,False,True,0.9880974014839219
NORT_ARTIC_4,28652,2807,532,23,6,3,3368,0.4482097650923991,True,False,False,True,False,True,1.0
NORT_ARTIC_4,28755,1550,4371,11,35,3,5967,0.8665511036510716,True,False,False,False,False,True,1.0
NORT_ARTIC_4,28756,591,1752,5,11,1,2359,0.5688717165883042,True,False,False,True,False,True,1.0
NORT_ARTIC_4,28773,837,2960,15,31,2,3843,0.10598430628062988,True,False,False,False,False,True,1.0
NORT_ARTIC_4,28916,5815,941,7,3,8,6766,0.1532211488360072,True,False,False,True,False,True,1.0
NORT_ARTIC_4,29402,2157,10929,4,2,8,13092,0.00838080289509865,True,False,False,True,False,True,0.35396064472258476
NORT_ARTIC_4,29464,340,1304,0,11,1,1655,0.13425395161644665,True,False,True,True,False,True,1.0
NORT_ARTIC_4,29472,462,1309,2,8,1,1781,1.0,True,False,False,True,False,True,1.0
NORT_ARTIC_4,29493,501,1284,3,10,1,1798,1.0,True,False,False,True,False,True,1.0
NORT_ARTIC_4,636,13,71,0,0,1,84,1.0,True,True,True,True,False,True,1.0
NORT_ARTIC_4,1222,771,2671,10,21,2,3473,0.19645100782359293,True,False,False,False,False,True,1.0
NORT_ARTIC_4,1820,59,393,3,6,1,461,0.10742526465538926,True,True,False,True,False,True,1.0
NORT_ARTIC_4,2333,7,14,0,0,1,21,1.0,True,True,True,True,False,True,1.0
NORT_ARTIC_4,3130,221,174,0,0,1,395,1.0,True,True,True,True,False,True,1.0
NORT_ARTIC_4,3438,73,176,1,4,1,254,1.0,True,True,False,True,False,True,1.0
NORT_ARTIC_4,4293,3,22,0,0,1,25,1.0,True,True,True,True,False,True,1.0
NORT_ARTIC_4,4406,60,24,4,1,1,89,1.0,True,True,False,True,False,True,1.0
NORT_ARTIC_4,5146,31,49,0,0,1,80,1.0,True,True,True,True,False,True,1.0
NORT_ARTIC_4,5496,43,209,2,5,1,259,0.35033123694083845,True,True,False,True,False,True,1.0
NORT_ARTIC_4,5703,5025,1751,31,14,3,6821,0.3981427564823329,True,False,False,False,False,True,1.0
NORT_ARTIC_4,6603,646,225,12,6,2,889,0.4297573941012607,True,True,False,True,False,True,1.0
NORT_ARTIC_4,7609,17,48,0,5,1,70,0.3254605009958677,True,True,True,True,False,True,1.0
NORT_ARTIC_4,7653,14,65,1,7,1,87,1.0,True,True,False,True,False,True,1.0
NORT_ARTIC_4,9004,13,1,2,1,1,17,0.33088235294117646,True,True,False,True,False,True,1.0
NORT_ARTIC_4,9430,305,836,1,5,2,1147,1.0,True,False,False,True,False,True,1.0
NORT_ARTIC_4,11887,323,1134,7,11,2,1475,0.14856474187139018,True,False,False,True,False,True,1.0
NORT_ARTIC_4,13069,911,1815,8,15,2,2749,1.0,True,False,False,False,False,True,1.0
NORT_ARTIC_4,13898,6030,1649,37,17,4,7733,0.09459854954925777,True,False,False,False,False,True,1.0
NORT_ARTIC_4,15020,750,317,12,7,2,1086,0.6130607932878883,True,False,False,False,False,True,1.0
NORT_ARTIC_4,15695,536,132,5,3,1,676,0.20144150298175453,True,True,False,True,False,True,1.0
NORT_ARTIC_4,16249,204,47,6,2,1,259,0.6484807933285536,True,True,False,True,False,True,1.0
NORT_ARTIC_4,16548,3057,1510,28,19,4,4614,0.2801957533848534,True,False,False,False,False,True,1.0
NORT_ARTIC_4,16739,11462,7627,64,48,6,19201,0.562024756843752,True,False,False,False,False,True,1.0
NORT_ARTIC_4,17846,33,126,2,3,1,164,0.2894365326688743,True,True,False,True,False,True,1.0
NORT_ARTIC_4,18545,47,160,2,4,1,213,0.6229379532437951,True,True,False,True,False,True,1.0
NORT_ARTIC_4,19086,23,25,0,0,1,48,1.0,True,True,True,True,False,True,1.0
NORT_ARTIC_4,19182,16,80,2,5,1,103,0.6026767925516402,True,True,False,True,False,True,1.0
NORT_ARTIC_4,19815,9,71,2,2,1,84,0.08132413510021502,True,True,False,True,False,True,1.0
NORT_ARTIC_4,19999,56,28,0,0,1,84,1.0,True,True,True,True,False,True,1.0
NORT_ARTIC_4,20316,25,37,3,3,1,68,0.684382233218932,True,True,False,True,False,True,1.0
NORT_ARTIC_4,20778,119,28,2,3,1,152,0.05786708269695817,True,True,False,True,False,True,1.0
NORT_ARTIC_4,21800,3,20,0,6,1,29,1.0,True,True,True,True,False,True,1.0
NORT_ARTIC_4,22146,14,37,1,3,1,55,1.0,True,True,False,True,False,True,1.0
NORT_ARTIC_4,23291,176,83,3,4,1,266,0.22093587606121395,True,True,False,True,False,True,1.0
NORT_ARTIC_4,23530,45,216,0,0,1,261,1.0,True,True,True,True,False,True,1.0
NORT_ARTIC_4,24531,72,90,2,3,1,167,1.0,True,True,False,True,False,True,1.0
NORT_ARTIC_4,25697,23,70,1,3,1,97,1.0,True,True,False,True,False,True,1.0
NORT_ARTIC_4,26372,85,18,4,1,1,108,1.0,True,True,False,True,False,True,1.0
NORT_ARTIC_4,26539,18,89,0,1,1,108,1.0,True,True,True,True,False,True,1.0
NORT_ARTIC_4,27005,50,7,0,0,1,57,1.0,True,True,True,True,False,True,1.0
NORT_ARTIC_4,28567,381,238,3,7,1,629,0.05290565838974183,True,True,False,True,False,True,0.9880974014839219
NORT_ARTIC_4,28759,106,437,1,0,1,544,0.19669117647058823,True,True,True,True,False,True,1.0
NORT_ARTIC_4,28998,64,49,2,4,1,119,0.4048814017567113,True,True,False,True,False,True,1.0
NORT_ARTIC_4,29511,249,316,1,1,1,567,1.0,True,True,False,True,False,True,1.0
NORT_ARTIC_4,786,1227,218,9,4,1,1458,0.12219245899717109,True,False,False,True,False,True,1.0
NORT_ARTIC_4,953,640,1648,7,16,2,2311,0.8164660311239049,True,False,False,False,False,True,1.0
NORT_ARTIC_4,1034,3603,1007,25,12,3,4647,0.15941522773173036,True,False,False,False,False,True,1.0
NORT_ARTIC_4,1100,3532,1000,31,10,2,4573,0.7064485321373324,True,False,False,False,False,True,1.0
NORT_ARTIC_4,1131,1432,679,11,6,1,2128,0.7971203632901352,True,False,False,False,False,True,1.0
NORT_ARTIC_4,1133,2312,1195,27,16,3,3550,0.7464464786598577,True,False,False,False,False,True,1.0
NORT_ARTIC_4,1215,547,2301,8,21,1,2877,0.2421390377314263,True,False,False,False,False,True,1.0
NORT_ARTIC_4,1429,472,236,1,0,1,709,1.0,True,True,True,True,False,True,1.0
NORT_ARTIC_4,1573,1803,723,11,4,1,2541,1.0,True,False,False,True,False,True,1.0
NORT_ARTIC_4,2022,1480,1264,10,10,1,2764,0.8231622692230627,True,False,False,False,False,True,1.0
NORT_ARTIC_4,2031,946,1475,1,2,1,2424,1.0,True,False,False,True,False,True,1.0
NORT_ARTIC_4,2067,1322,3118,7,22,2,4469,0.6838011772209418,True,False,False,False,False,True,1.0
NORT_ARTIC_4,2130,422,2766,4,16,1,3208,0.32720518814217747,True,False,False,True,False,True,1.0
NORT_ARTIC_4,2148,338,2463,2,17,1,2820,1.0,True,False,False,True,False,True,1.0
NORT_ARTIC_4,2176,951,1998,11,12,1,2972,0.12064605816018445,True,False,False,False,False,True,1.0
NORT_ARTIC_4,2253,1238,228,11,5,1,1482,0.09193772605455448,True,False,False,True,False,True,1.0
NORT_ARTIC_4,2257,1272,237,12,2,1,1523,1.0,True,False,False,True,False,True,1.0
NORT_ARTIC_4,2306,1353,342,6,0,1,1701,0.606736694285524,True,False,True,True,False,True,1.0
NORT_ARTIC_4,2611,1309,234,9,2,1,1554,0.677863871115785,True,False,False,True,False,True,1.0
NORT_ARTIC_4,2966,6219,1637,36,12,2,7904,0.476842370273617,True,False,False,False,False,True,1.0
NORT_ARTIC_4,3222,2490,672,15,4,1,3181,1.0,True,False,False,True,False,True,1.0
NORT_ARTIC_4,3336,525,2432,5,16,1,2978,0.4035023589569346,True,False,False,True,False,True,1.0
NORT_ARTIC_4,3700,2710,6453,23,46,3,9232,0.5089412413886086,True,False,False,False,False,True,1.0
NORT_ARTIC_4,4401,1466,402,10,3,1,1881,1.0,True,False,False,True,False,True,1.0
NORT_ARTIC_4,4793,1331,979,10,7,1,2327,1.0,True,False,False,False,False,True,1.0
NORT_ARTIC_4,4941,707,1112,6,7,1,1832,0.5820316569922293,True,False,False,False,False,True,1.0
NORT_ARTIC_4,4956,752,1092,9,11,1,1864,0.8198450771220787,True,False,False,False,False,True,1.0
NORT_ARTIC_4,4978,1393,820,8,5,1,2226,1.0,True,False,False,True,False,True,1.0
NORT_ARTIC_4,5137,793,689,8,4,1,1494,0.40087828725657243,True,False,False,False,False,True,1.0
NORT_ARTIC_4,5299,13287,10605,64,53,4,24009,0.8524961140101304,True,False,False,False,False,True,1.0
NORT_ARTIC_4,5330,2643,433,11,5,1,3092,0.06399851427955322,True,False,False,True,False,True,1.0
NORT_ARTIC_4,5507,552,2912,5,19,1,3488,0.5724104356483513,True,False,False,True,False,True,1.0
NORT_ARTIC_4,5527,1175,5833,7,33,3,7048,0.8333263514512861,True,False,False,False,False,True,1.0
NORT_ARTIC_4,5535,432,2778,1,17,1,3228,0.496945633631938,True,False,False,True,False,True,1.0
NORT_ARTIC_4,5577,4192,4682,28,28,3,8930,0.6895117452336765,True,False,False,False,False,True,1.0
NORT_ARTIC_4,5606,10320,9085,54,45,4,19504,0.8402103088024627,True,False,False,False,False,True,1.0
NORT_ARTIC_4,5656,3056,745,12,5,1,3818,0.35403499216676726,True,False,False,True,False,True,1.0
NORT_ARTIC_4,5689,3294,905,20,7,1,4226,0.637852126650714,True,False,False,False,False,True,1.0
NORT_ARTIC_4,5747,1581,1636,9,10,1,3236,1.0,True,False,False,False,False,True,1.0
NORT_ARTIC_4,5793,1008,2602,7,13,1,3630,0.46184288365921855,True,False,False,False,False,True,1.0
NORT_ARTIC_4,5834,1308,4895,8,37,2,6248,0.7147636691001508,True,False,False,False,False,True,1.0
NORT_ARTIC_4,5875,493,2378,5,14,1,2890,0.35390982832280526,True,False,False,True,False,True,1.0
NORT_ARTIC_4,5975,6242,1238,36,13,3,7529,0.0799131184007485,True,False,False,False,False,True,1.0
NORT_ARTIC_4,7458,3924,924,30,15,2,4893,0.02160038972713884,True,False,False,False,False,True,0.6455165252342834
NORT_ARTIC_4,7642,740,2575,6,14,1,3335,0.42072307861887837,True,False,False,True,False,True,1.0
NORT_ARTIC_4,7690,1135,2422,7,13,1,3577,0.8111470982688138,True,False,False,False,False,True,1.0
NORT_ARTIC_4,7969,459,2466,6,16,2,2947,0.14243355847692993,True,False,False,True,False,True,1.0
NORT_ARTIC_4,8647,6605,19778,51,121,10,26555,0.1850412994222897,False,False,False,False,False,False,1.0
NORT_ARTIC_4,8652,2710,10952,20,60,5,13742,0.26036378173391356,True,False,False,False,False,True,1.0
NORT_ARTIC_4,8670,1074,5442,4,33,2,6553,0.5037840697308943,True,False,False,False,False,True,1.0
NORT_ARTIC_4,9018,472,85,6,2,1,565,0.3556378561519681,True,True,False,True,False,True,1.0
NORT_ARTIC_4,9490,1429,851,10,9,1,2299,0.4756870479254879,True,False,False,False,False,True,1.0
NORT_ARTIC_4,9581,2997,494,13,4,1,3508,0.2869941543297918,True,False,False,True,False,True,1.0
NORT_ARTIC_4,9600,17166,5652,110,46,5,22974,0.19233533989243085,True,False,False,False,False,True,1.0
NORT_ARTIC_4,9677,3031,3321,26,29,3,6407,1.0,True,False,False,False,False,True,1.0
NORT_ARTIC_4,9683,1162,1638,8,9,1,2817,0.6321725722645662,True,False,False,False,False,True,1.0
NORT_ARTIC_4,9715,776,3043,7,15,1,3841,0.18649306583169503,True,False,False,True,False,True,1.0
NORT_ARTIC_4,9923,1689,432,0,0,1,2121,1.0,True,False,True,True,False,True,1.0
NORT_ARTIC_4,9930,1726,430,8,5,1,2169,0.15344078810706752,True,False,False,True,False,True,1.0
NORT_ARTIC_4,9966,1242,749,11,6,1,2008,1.0,True,False,False,False,False,True,1.0
NORT_ARTIC_4,10409,1376,1793,15,11,1,3195,0.1660983781026148,True,False,False,False,False,True,1.0
NORT_ARTIC_4,10870,1229,495,1,1,1,1726,0.4922766890019648,True,False,False,True,False,True,1.0
NORT_ARTIC_4,10982,604,2150,10,18,2,2782,0.10514344154111624,True,False,False,False,False,True,1.0
NORT_ARTIC_4,11191,1821,1305,11,7,1,3144,1.0,True,False,False,False,False,True,1.0
NORT_ARTIC_4,11192,5432,3828,35,22,2,9317,0.787558441727713,True,False,False,False,False,True,1.0
NORT_ARTIC_4,11449,2756,901,15,8,1,3680,0.329473509526205,True,False,False,False,False,True,1.0
NORT_ARTIC_4,11539,668,1670,7,11,1,2356,0.43144128841324525,True,False,False,False,False,True,1.0
NORT_ARTIC_4,12271,3467,3864,34,29,3,7394,0.31224914246611957,True,False,False,False,False,True,1.0
NORT_ARTIC_4,12290,3057,3471,13,17,2,6558,0.7187243147711407,True,False,False,False,False,True,1.0
NORT_ARTIC_4,12324,2354,939,12,6,1,3311,0.6098024198951395,True,False,False,False,False,True,1.0
NORT_ARTIC_4,12394,5285,2366,39,13,3,7703,0.4514828583532039,True,False,False,False,False,True,1.0
NORT_ARTIC_4,12615,9217,7974,67,70,6,17328,0.3021120230318979,True,False,False,False,False,True,1.0
NORT_ARTIC_4,12775,627,3199,11,19,2,3856,0.010480339650069975,True,False,False,True,False,True,0.41312500772990124
NORT_ARTIC_4,13060,2368,3916,16,27,3,6327,1.0,True,False,False,False,False,True,1.0
NORT_ARTIC_4,13106,2829,9266,26,60,3,12181,0.1588388240403465,True,False,False,False,False,True,1.0
NORT_ARTIC_4,13317,716,1053,6,7,1,1782,0.778976367868829,True,False,False,False,False,True,1.0
NORT_ARTIC_4,13815,5284,1693,30,13,3,7020,0.3733645247527581,True,False,False,False,False,True,1.0
NORT_ARTIC_4,13880,5961,1685,43,17,3,7706,0.27278762845531496,True,False,False,False,False,True,1.0
NORT_ARTIC_4,14737,789,145,10,3,1,947,0.4398701663061485,True,True,False,True,False,True,1.0
NORT_ARTIC_4,14843,2076,1583,18,16,2,3693,0.7289624857236605,True,False,False,False,False,True,1.0
NORT_ARTIC_4,14992,2067,1385,14,14,2,3480,0.33446043339965237,True,False,False,False,False,True,1.0
NORT_ARTIC_4,15015,1375,640,14,4,1,2033,0.4564769298597412,True,False,False,False,False,True,1.0
NORT_ARTIC_4,15121,2298,1372,72,0,4,3742,5.750598085527183e-15,True,False,True,False,False,True,7.212644083635456e-13
NORT_ARTIC_4,15174,590,1018,7,7,1,1622,0.404177362000931,True,False,False,False,False,True,1.0
NORT_ARTIC_4,15237,720,2621,41,177,2,3559,0.39372130453472864,True,False,False,False,False,True,1.0
NORT_ARTIC_4,15632,14563,2087,64,11,3,16725,0.5984622644025228,True,False,False,False,False,True,1.0
NORT_ARTIC_4,15645,4912,845,33,0,2,5790,0.010757826493208241,True,False,True,True,False,True,0.4161368584615786
NORT_ARTIC_4,15681,5817,1300,30,8,2,7155,0.6731983259115278,True,False,False,False,False,True,1.0
NORT_ARTIC_4,15713,1691,929,9,6,1,2635,0.7883778335722421,True,False,False,False,False,True,1.0
NORT_ARTIC_4,15715,1676,964,8,7,1,2655,0.42953055149188807,True,False,False,False,False,True,1.0
NORT_ARTIC_4,15747,2927,2814,14,20,2,5775,0.30285135581113376,True,False,False,False,False,True,1.0
NORT_ARTIC_4,15779,5148,10830,32,63,4,16073,0.74245908364731,True,False,False,False,False,True,1.0
NORT_ARTIC_4,15806,758,3638,4,21,1,4421,1.0,True,False,False,True,False,True,1.0
NORT_ARTIC_4,15849,4312,20139,33,92,6,24576,0.013396558526144388,True,False,False,False,False,True,0.4906934136257665
NORT_ARTIC_4,15854,3807,18230,29,94,6,22160,0.0725592736720527,True,False,False,False,False,True,1.0
NORT_ARTIC_4,15861,781,4825,6,35,2,5647,0.8220844874414674,True,False,False,False,False,True,1.0
NORT_ARTIC_4,15891,4115,6680,29,42,3,10866,0.6264274421138003,True,False,False,False,False,True,1.0
NORT_ARTIC_4,15926,13459,9963,68,69,4,23559,0.0689203081130375,True,False,False,False,False,True,1.0
NORT_ARTIC_4,15977,11467,3389,54,22,3,14932,0.21727448925130666,True,False,False,False,False,True,1.0
NORT_ARTIC_4,15990,17101,4879,79,32,4,22091,0.10824209464078857,True,False,False,False,False,True,1.0
NORT_ARTIC_4,16010,4714,1678,34,20,2,6446,0.08689352987803389,True,False,False,False,False,True,1.0
NORT_ARTIC_4,16216,3002,2296,24,10,1,5332,0.11887684124890249,True,False,False,False,False,True,1.0
NORT_ARTIC_4,16227,13293,8587,58,43,3,21981,0.5402513514897961,True,False,False,False,False,True,1.0
NORT_ARTIC_4,16264,10011,2590,51,12,2,12664,0.8763450869853107,True,False,False,False,False,True,1.0
NORT_ARTIC_4,16450,4741,6258,32,54,5,11085,0.3251925783922541,True,False,False,False,False,True,1.0
NORT_ARTIC_4,16456,8168,11489,38,59,3,19754,0.6802442222395675,True,False,False,False,False,True,1.0
NORT_ARTIC_4,16499,2160,556,23,7,2,2746,0.6528489550170488,True,False,False,False,False,True,1.0
NORT_ARTIC_4,16617,572,981,6,5,1,1564,0.2290625037843649,True,False,False,True,False,True,1.0
NORT_ARTIC_4,16713,2075,1394,14,6,1,3489,0.49347862752900484,True,False,False,False,False,True,1.0
NORT_ARTIC_4,16776,2956,944,18,7,1,3925,0.6424649595591839,True,False,False,False,False,True,1.0
NORT_ARTIC_4,16794,4482,696,31,7,2,5216,0.3421223693738611,True,False,False,False,False,True,1.0
NORT_ARTIC_4,16805,3221,473,20,4,1,3718,0.5383982979139165,True,False,False,True,False,True,1.0
NORT_ARTIC_4,16826,3755,635,22,6,1,4418,0.28245002432264,True,False,False,True,False,True,1.0
NORT_ARTIC_4,16831,3768,666,19,8,1,4461,0.05263477558537564,True,False,False,True,False,True,0.9880974014839219
NORT_ARTIC_4,16878,5454,2896,32,27,2,8409,0.0986456362528726,True,False,False,False,False,True,1.0
NORT_ARTIC_4,16976,1059,4186,6,21,1,5272,0.8099645221319287,True,False,False,False,False,True,1.0
NORT_ARTIC_4,17045,994,3718,4,19,1,4735,0.8019585248424276,True,False,False,True,False,True,1.0
NORT_ARTIC_4,17362,1988,621,9,5,1,2623,0.343291095565001,True,False,False,True,False,True,1.0
NORT_ARTIC_4,17374,8183,5366,54,21,2,13624,0.04389830950603011,True,False,False,False,False,True,0.9699283053782488
NORT_ARTIC_4,17578,1084,4467,8,27,2,5586,0.6679351964899234,True,False,False,False,False,True,1.0
NORT_ARTIC_4,17591,461,2620,3,17,1,3101,1.0,True,False,False,True,False,True,1.0
NORT_ARTIC_4,17627,2087,4230,19,19,2,6355,0.03661011626569706,True,False,False,False,False,True,0.9019599477602388
NORT_ARTIC_4,17899,442,2771,6,32,3,3251,0.639329524208132,True,False,False,False,False,True,1.0
NORT_ARTIC_4,18126,36,85,0,0,1,121,1.0,True,True,True,True,False,True,1.0
NORT_ARTIC_4,18331,2463,283,15,1,1,2762,1.0,True,False,False,True,False,True,1.0
NORT_ARTIC_4,18363,2585,654,13,6,1,3258,0.24829535874822828,True,False,False,True,False,True,1.0
NORT_ARTIC_4,18470,900,1869,6,12,1,2787,1.0,True,False,False,False,False,True,1.0
NORT_ARTIC_4,18655,1645,262,132,0,2,2039,9.53018997498473e-09,True,False,True,False,False,True,8.217803397179542e-07
NORT_ARTIC_4,18927,8760,6321,38,36,3,15155,0.24066634440185794,True,False,False,False,False,True,1.0
NORT_ARTIC_4,18993,2311,675,12,5,1,3003,0.5598389131635746,True,False,False,True,False,True,1.0
NORT_ARTIC_4,19026,4025,1418,22,13,2,5478,0.17431983671112242,True,False,False,False,False,True,1.0
NORT_ARTIC_4,19114,4357,5016,36,33,2,9442,0.396762516706085,True,False,False,False,False,True,1.0
NORT_ARTIC_4,19146,1068,2724,6,12,1,3810,0.6059455242794519,True,False,False,False,False,True,1.0
NORT_ARTIC_4,19505,540,49,20,108,1,717,8.370071412170255e-68,True,True,False,False,False,True,2.886977131247724e-65
NORT_ARTIC_4,19727,405,829,2,0,1,1236,0.10825177207394886,True,False,True,True,False,True,1.0
NORT_ARTIC_4,19853,1054,785,11,8,1,1858,1.0,True,False,False,False,False,True,1.0
NORT_ARTIC_4,20149,7678,6097,43,26,3,13844,0.3310681451799603,True,False,False,False,False,True,1.0
NORT_ARTIC_4,20177,2762,2099,15,18,1,4894,0.21821106192265552,True,False,False,False,False,True,1.0
NORT_ARTIC_4,20249,6952,3024,44,24,4,10044,0.358009635275036,True,False,False,False,False,True,1.0
NORT_ARTIC_4,20563,2568,1432,15,12,1,4027,0.42087138928471074,True,False,False,False,False,True,1.0
NORT_ARTIC_4,21328,891,1256,2,12,1,2161,0.05385449376224376,True,False,False,False,False,True,0.9880974014839219
NORT_ARTIC_4,21574,2759,3286,13,19,2,6077,0.5986701045525604,True,False,False,False,False,True,1.0
NORT_ARTIC_4,21657,2709,2461,20,14,2,5204,0.4944749889435047,True,False,False,False,False,True,1.0
NORT_ARTIC_4,22126,448,893,4,7,1,1352,1.0,True,False,False,True,False,True,1.0
NORT_ARTIC_4,22175,492,785,4,8,1,1289,0.7761282479030008,True,False,False,True,False,True,1.0
NORT_ARTIC_4,22561,1559,826,15,8,2,2408,1.0,True,False,False,False,False,True,1.0
NORT_ARTIC_4,22622,355,995,4,8,1,1362,0.5270342611651353,True,False,False,True,False,True,1.0
NORT_ARTIC_4,22662,935,1265,9,7,1,2216,0.31438698081812183,True,False,False,False,False,True,1.0
NORT_ARTIC_4,22690,1329,1111,7,10,1,2457,0.3315329184882231,True,False,False,False,False,True,1.0
NORT_ARTIC_4,22810,1074,782,11,4,1,1871,0.29731488880638474,True,False,False,False,False,True,1.0
NORT_ARTIC_4,23287,5655,4879,31,28,2,10593,0.8962938936372666,True,False,False,False,False,True,1.0
NORT_ARTIC_4,23346,2475,436,22,2,2,2935,0.564567106281772,True,False,False,True,False,True,1.0
NORT_ARTIC_4,23368,4974,1522,33,11,3,6540,0.8581835001583022,True,False,False,False,False,True,1.0
NORT_ARTIC_4,23491,662,2366,5,12,1,3045,0.5544023686068533,True,False,False,True,False,True,1.0
NORT_ARTIC_4,23672,411,89,4,3,1,507,0.11626101221465457,True,True,False,True,False,True,1.0
NORT_ARTIC_4,23779,250,298,5,3,1,556,0.47954799155818795,True,True,False,True,False,True,1.0
NORT_ARTIC_4,23883,2369,1498,16,12,2,3895,0.6989552893586637,True,False,False,False,False,True,1.0
NORT_ARTIC_4,23886,1346,451,10,5,1,1812,0.5490727334973976,True,False,False,True,False,True,1.0
NORT_ARTIC_4,23914,1648,435,11,3,1,2097,1.0,True,False,False,True,False,True,1.0
NORT_ARTIC_4,24151,470,2843,7,27,2,3347,0.3189422931364103,True,False,False,True,False,True,1.0
NORT_ARTIC_4,24203,1807,1508,12,9,1,3336,0.8305576421523444,True,False,False,False,False,True,1.0
NORT_ARTIC_4,24212,2016,1633,11,24,2,3684,0.0058038065835224525,True,False,False,False,False,True,0.26397753240878497
NORT_ARTIC_4,24244,2219,1200,10,9,1,3438,0.3349254987772714,True,False,False,False,False,True,1.0
NORT_ARTIC_4,24380,3402,3501,22,19,2,6944,0.6396522280505315,True,False,False,False,False,True,1.0
NORT_ARTIC_4,24440,1487,2737,6,15,1,4245,0.6496548938420867,True,False,False,False,False,True,1.0
NORT_ARTIC_4,24443,1484,2674,12,13,1,4183,0.2132788393072354,True,False,False,False,False,True,1.0
NORT_ARTIC_4,24454,1677,2622,14,20,1,4333,0.8604070542041486,True,False,False,False,False,True,1.0
NORT_ARTIC_4,24464,1749,2487,7,12,1,4255,0.8172220582864154,True,False,False,False,False,True,1.0
NORT_ARTIC_4,24480,1779,2470,10,9,1,4268,0.3599299976639726,True,False,False,False,False,True,1.0
NORT_ARTIC_4,24498,1763,2335,15,6,1,4119,0.013213181440674456,True,False,False,False,False,True,0.4906934136257665
NORT_ARTIC_4,24501,1770,2339,11,7,1,4127,0.15319743765271496,True,False,False,False,False,True,1.0
NORT_ARTIC_4,24506,3199,4089,16,29,2,7333,0.29350002772704387,True,False,False,False,False,True,1.0
NORT_ARTIC_4,24514,1788,2292,9,12,1,4101,1.0,True,False,False,False,False,True,1.0
NORT_ARTIC_4,24516,1789,2330,14,12,1,4145,0.32378053724450073,True,False,False,False,False,True,1.0
NORT_ARTIC_4,24518,1791,2306,9,17,1,4123,0.4295233192347542,True,False,False,False,False,True,1.0
NORT_ARTIC_4,24694,233,1551,3,13,1,1800,0.4557021345679463,True,False,False,True,False,True,1.0
NORT_ARTIC_4,24774,906,985,9,6,1,1906,0.43966089212524784,True,False,False,False,False,True,1.0
NORT_ARTIC_4,24788,1139,955,9,9,1,2112,0.813605538467876,True,False,False,False,False,True,1.0
NORT_ARTIC_4,25005,417,1140,4,10,1,1571,1.0,True,False,False,True,False,True,1.0
NORT_ARTIC_4,25422,1754,1143,10,11,1,2918,0.2648148993265948,True,False,False,False,False,True,1.0
NORT_ARTIC_4,25540,832,799,4,3,1,1638,1.0,True,False,False,True,False,True,1.0
NORT_ARTIC_4,25834,375,358,6,4,1,743,0.7530522501171026,True,True,False,True,False,True,1.0
NORT_ARTIC_4,26174,1672,1339,14,8,1,3033,0.5221557909106117,True,False,False,False,False,True,1.0
NORT_ARTIC_4,26246,4854,29763,28,148,4,34793,0.4472104798041945,True,False,False,False,False,True,1.0
NORT_ARTIC_4,26374,1904,462,13,3,1,2382,1.0,True,False,False,True,False,True,1.0
NORT_ARTIC_4,26443,1269,1072,6,7,1,2354,0.5885122205452711,True,False,False,False,False,True,1.0
NORT_ARTIC_4,26510,943,2346,4,11,1,3304,1.0,True,False,False,True,False,True,1.0
NORT_ARTIC_4,26535,853,2253,6,13,1,3125,0.7966563776050637,True,False,False,False,False,True,1.0
NORT_ARTIC_4,26602,2018,1648,9,7,1,3682,1.0,True,False,False,False,False,True,1.0
NORT_ARTIC_4,26623,2204,1503,14,6,1,3727,0.37208040398056585,True,False,False,False,False,True,1.0
NORT_ARTIC_4,26680,2601,599,13,2,1,3215,1.0,True,False,False,True,False,True,1.0
NORT_ARTIC_4,26778,899,1594,8,15,1,2516,1.0,True,False,False,False,False,True,1.0
NORT_ARTIC_4,26793,875,1624,5,14,1,2518,0.480921474739818,True,False,False,False,False,True,1.0
NORT_ARTIC_4,27036,1098,281,8,4,1,1391,0.2809086555388605,True,False,False,True,False,True,1.0
NORT_ARTIC_4,27187,2144,1526,19,6,2,3695,0.10176202170074738,True,False,False,False,False,True,1.0
NORT_ARTIC_4,27215,1561,1378,11,10,1,2960,1.0,True,False,False,False,False,True,1.0
NORT_ARTIC_4,27224,1597,1392,10,4,1,3003,0.28250680251981997,True,False,False,False,False,True,1.0
NORT_ARTIC_4,27264,8694,3186,53,26,4,11959,0.25107313262172026,True,False,False,False,False,True,1.0
NORT_ARTIC_4,27300,2322,631,10,5,1,2968,0.33853748878395895,True,False,False,True,False,True,1.0
NORT_ARTIC_4,27349,1462,1190,11,12,2,2675,0.5316402880364917,True,False,False,False,False,True,1.0
NORT_ARTIC_4,27482,2715,3082,22,18,3,5837,0.34162400144278626,True,False,False,False,False,True,1.0
NORT_ARTIC_4,27504,2242,1924,9,16,1,4191,0.10581295964773633,True,False,False,False,False,True,1.0
NORT_ARTIC_4,27507,3256,3250,21,18,2,6545,0.7485366832322127,True,False,False,False,False,True,1.0
NORT_ARTIC_4,27508,2233,1927,14,13,1,4187,0.8494172263910909,True,False,False,False,False,True,1.0
NORT_ARTIC_4,27515,2237,1800,11,11,1,4059,0.6700872135672868,True,False,False,False,False,True,1.0
NORT_ARTIC_4,27592,2992,770,27,7,2,3796,1.0,True,False,False,False,False,True,1.0
NORT_ARTIC_4,27702,376,2254,5,11,1,2646,0.06779965990749619,True,False,False,True,False,True,1.0
NORT_ARTIC_4,27713,969,2282,7,9,1,3267,0.2724725186702561,True,False,False,True,False,True,1.0
NORT_ARTIC_4,27789,3170,2093,16,12,1,5291,0.8469073677940396,True,False,False,False,False,True,1.0
NORT_ARTIC_4,27811,3279,1953,13,10,1,5255,0.5263370781006003,True,False,False,False,False,True,1.0
NORT_ARTIC_4,27974,487,3122,4,20,1,3633,0.5557268900336146,True,False,False,True,False,True,1.0
NORT_ARTIC_4,27988,410,3021,2,20,1,3453,1.0,True,False,False,True,False,True,1.0
NORT_ARTIC_4,28084,8790,6331,45,32,2,15198,1.0,True,False,False,False,False,True,1.0
NORT_ARTIC_4,28440,634,1429,8,10,1,2081,0.20967297698352272,True,False,False,False,False,True,1.0
NORT_ARTIC_4,28573,1808,1524,12,11,1,3355,0.8374657446141232,True,False,False,False,False,True,1.0
NORT_ARTIC_4,28579,1807,1296,12,11,1,3126,0.6722412286012075,True,False,False,False,False,True,1.0
NORT_ARTIC_4,29299,1561,486,14,4,1,2065,1.0,True,False,False,True,False,True,1.0
NORT_ARTIC_4,29604,1393,217,3,1,1,1614,0.4406610788414219,True,False,False,True,False,True,1.0
NORT_ARTIC_4,746,38,6,0,0,1,44,1.0,True,True,True,True,False,True,1.0
NORT_ARTIC_4,2003,1211,387,68,19,3,1685,0.6999164279355636,True,False,False,False,False,True,1.0
NORT_ARTIC_4,2312,8,5,2,2,1,17,1.0,True,True,False,True,False,True,1.0
NORT_ARTIC_4,3256,22,21,2,2,1,47,1.0,True,True,False,True,False,True,1.0
NORT_ARTIC_4,8577,972,3100,16,23,3,4111,0.02177465161556936,True,False,False,False,False,True,0.6455165252342834
NORT_ARTIC_4,9795,13,21,2,2,1,38,1.0,True,True,False,True,False,True,1.0
NORT_ARTIC_4,10438,35,3,2,2,1,42,0.0628517823639775,True,True,False,True,False,True,1.0
NORT_ARTIC_4,11427,321,163,9,7,2,500,0.4275329283816637,True,True,False,False,False,True,1.0
NORT_ARTIC_4,12383,53,13,7,4,1,77,0.2468866066475332,True,True,False,True,False,True,1.0
NORT_ARTIC_4,15764,54,50,2,2,1,108,1.0,True,True,False,True,False,True,1.0
NORT_ARTIC_4,15798,32,121,2,3,1,158,0.2931353899668017,True,True,False,True,False,True,1.0
NORT_ARTIC_4,16188,32,10,2,1,1,45,1.0,True,True,False,True,False,True,1.0
NORT_ARTIC_4,16842,2445,564,28,9,3,3046,0.3967505475882186,True,False,False,False,False,True,1.0
NORT_ARTIC_4,18887,4,12,1,2,1,19,1.0,True,True,False,True,False,True,1.0
NORT_ARTIC_4,20858,11,8,2,1,1,22,1.0,True,True,False,True,False,True,1.0
NORT_ARTIC_4,22786,1475,956,32,149,6,2612,3.0810217897266414e-30,True,False,False,False,False,True,5.544499646816769e-28
NORT_ARTIC_4,27512,73,88,2,2,1,165,1.0,True,True,False,True,False,True,1.0
NORT_ARTIC_4,742,839,165,8,5,1,1017,0.05057943631214206,True,False,False,True,False,True,0.9880974014839219
NORT_ARTIC_4,1673,1133,323,15,5,1,1476,0.7868378897191026,True,False,False,True,False,True,1.0
NORT_ARTIC_4,2402,1488,5160,17,35,3,6700,0.09348352455158901,True,False,False,False,False,True,1.0
NORT_ARTIC_4,3022,169,208,2,6,1,385,0.3085880839675949,True,True,False,True,False,True,1.0
NORT_ARTIC_4,3825,377,143,9,3,1,532,1.0,True,True,False,True,False,True,1.0
NORT_ARTIC_4,5255,904,1182,10,26,1,2122,0.06392131799924981,True,False,False,False,False,True,1.0
NORT_ARTIC_4,5410,552,412,7,8,1,979,0.4401308331253407,True,True,False,False,False,True,1.0
NORT_ARTIC_4,5588,6625,6232,32,37,3,12926,0.4008958246161014,True,False,False,False,False,True,1.0
NORT_ARTIC_4,6618,1370,393,24,7,1,1794,1.0,True,False,False,False,False,True,1.0
NORT_ARTIC_4,9017,819,174,11,5,1,1009,0.18026606515411514,True,False,False,True,False,True,1.0
NORT_ARTIC_4,11104,1135,351,18,5,1,1509,1.0,True,False,False,False,False,True,1.0
NORT_ARTIC_4,11953,565,944,8,9,1,1526,0.4548634447959571,True,False,False,False,False,True,1.0
NORT_ARTIC_4,12378,1127,279,12,5,1,1423,0.356913167361232,True,False,False,True,False,True,1.0
NORT_ARTIC_4,13121,345,1314,6,21,1,1686,0.812968609040397,True,False,False,False,False,True,1.0
NORT_ARTIC_4,13335,221,381,4,5,1,611,0.7315161302399862,True,True,False,True,False,True,1.0
NORT_ARTIC_4,13779,776,402,5,10,1,1193,0.012439188200607222,True,False,False,False,False,True,0.46805272693012084
NORT_ARTIC_4,13853,939,211,9,2,1,1161,1.0,True,False,False,True,False,True,1.0
NORT_ARTIC_4,13941,443,383,7,7,1,840,0.7943735984462459,True,True,False,False,False,True,1.0
NORT_ARTIC_4,14341,112,531,3,6,1,652,0.20042227032825485,True,True,False,True,False,True,1.0
NORT_ARTIC_4,15841,846,3314,11,26,2,4197,0.1553579176610483,True,False,False,False,False,True,1.0
NORT_ARTIC_4,15881,602,1540,3,15,1,2160,0.4291557237807306,True,False,False,False,False,True,1.0
NORT_ARTIC_4,16095,215,606,6,15,1,842,0.8035703788141686,True,True,False,False,False,True,1.0
NORT_ARTIC_4,16696,288,1137,3,11,1,1439,1.0,True,False,False,True,False,True,1.0
NORT_ARTIC_4,17755,6041,1490,40,19,3,7590,0.021789530240223766,True,False,False,False,False,True,0.6455165252342834
NORT_ARTIC_4,19888,1582,1108,20,7,2,2717,0.11939291665066348,True,False,False,False,False,True,1.0
NORT_ARTIC_4,20122,1183,824,20,4,1,2031,0.019685482338341803,True,False,False,False,False,True,0.6219710793770743
NORT_ARTIC_4,20207,1335,358,41,16,1,1750,0.24853465670771036,True,False,False,False,False,True,1.0
NORT_ARTIC_4,20458,1058,1090,13,7,1,2168,0.18256327543668685,True,False,False,False,False,True,1.0
NORT_ARTIC_4,21355,1824,1371,11,12,2,3218,0.40281896292786157,True,False,False,False,False,True,1.0
NORT_ARTIC_4,22076,553,416,5,4,1,978,1.0,True,True,False,True,False,True,1.0
NORT_ARTIC_4,22494,1173,274,17,4,1,1468,1.0,True,False,False,True,False,True,1.0
NORT_ARTIC_4,24304,1448,352,25,4,1,1829,0.6356630860722697,True,False,False,False,False,True,1.0
NORT_ARTIC_4,24358,458,427,13,10,1,908,0.6787739845034796,True,True,False,False,False,True,1.0
NORT_ARTIC_4,25007,237,802,5,10,1,1054,0.3547794143975146,True,False,False,True,False,True,1.0
NORT_ARTIC_4,25208,2098,476,17,18,2,2609,1.344758645938773e-05,True,False,False,False,False,True,0.001070376160680881
NORT_ARTIC_4,25811,445,281,7,6,1,739,0.5794976328616265,True,True,False,False,False,True,1.0
NORT_ARTIC_4,27197,1302,222,13,2,1,1539,1.0,True,False,False,True,False,True,1.0
NORT_ARTIC_4,27484,810,1442,9,10,1,2271,0.34028657458032563,True,False,False,False,False,True,1.0
NORT_ARTIC_4,28040,1817,1316,9,10,1,3152,0.36109887523735584,True,False,False,False,False,True,1.0
NORT_ARTIC_4,28148,4191,1714,36,15,2,5956,1.0,True,False,False,False,False,True,1.0
NORT_ARTIC_4,29069,216,632,3,8,1,859,1.0,True,True,False,True,False,True,1.0
NORT_ARTIC_4,29204,1351,798,23,7,2,2179,0.13144425420794928,True,False,False,False,False,True,1.0
NORT_ARTIC_4,456,1702,454,14,3,1,2173,1.0,True,False,False,True,False,True,1.0
NORT_ARTIC_4,902,624,1743,8,14,1,2389,0.33063408843091435,True,False,False,False,False,True,1.0
NORT_ARTIC_4,1711,1119,1175,7,14,1,2315,0.19069212186322565,True,False,False,False,False,True,1.0
NORT_ARTIC_4,1741,691,1318,2,2,1,2013,0.6114494897124161,True,False,False,True,False,True,1.0
NORT_ARTIC_4,2534,943,527,0,0,1,1470,1.0,True,False,True,True,False,True,1.0
NORT_ARTIC_4,3531,2300,651,4,4,2,2959,0.07771929745628213,True,False,False,True,False,True,1.0
NORT_ARTIC_4,3783,960,795,10,11,1,1776,0.5189647351194198,True,False,False,False,False,True,1.0
NORT_ARTIC_4,3797,941,317,9,3,1,1270,1.0,True,False,False,True,False,True,1.0
NORT_ARTIC_4,4798,1316,968,14,9,1,2307,0.8342178152022198,True,False,False,False,False,True,1.0
NORT_ARTIC_4,4912,787,2209,12,21,2,3029,0.2315425072424957,True,False,False,False,False,True,1.0
NORT_ARTIC_4,5313,12172,7087,68,50,5,19377,0.21441727872213417,True,False,False,False,False,True,1.0
NORT_ARTIC_4,5371,4689,1119,31,8,2,5847,0.8387439835089348,True,False,False,False,False,True,1.0
NORT_ARTIC_4,5641,3680,1049,21,9,1,4759,0.2793862867366095,True,False,False,False,False,True,1.0
NORT_ARTIC_4,5653,15753,4853,73,34,5,20713,0.05196419129531515,True,False,False,False,False,True,0.9880974014839219
NORT_ARTIC_4,7421,1617,1153,12,8,1,2790,1.0,True,False,False,False,False,True,1.0
NORT_ARTIC_4,7619,3517,9071,27,61,4,12676,0.5530144658046158,True,False,False,False,False,True,1.0
NORT_ARTIC_4,9234,4227,5518,38,46,5,9829,0.7412677293524459,True,False,False,False,False,True,1.0
NORT_ARTIC_4,9527,9504,3668,67,23,4,13262,0.7235107852422522,True,False,False,False,False,True,1.0
NORT_ARTIC_4,9796,761,3206,6,19,1,3992,0.6086208265381288,True,False,False,True,False,True,1.0
NORT_ARTIC_4,11452,2808,992,81,23,1,3904,0.427660055704359,True,False,False,False,False,True,1.0
NORT_ARTIC_4,11457,2875,1101,19,10,1,4005,0.40967130359286247,True,False,False,False,False,True,1.0
NORT_ARTIC_4,11841,1606,3435,13,27,3,5081,1.0,True,False,False,False,False,True,1.0
NORT_ARTIC_4,12407,1551,869,12,6,1,2438,1.0,True,False,False,False,False,True,1.0
NORT_ARTIC_4,13006,1528,771,15,5,1,2319,0.48508612707977017,True,False,False,False,False,True,1.0
NORT_ARTIC_4,15951,2921,681,11,3,1,3616,0.7367053351382179,True,False,False,True,False,True,1.0
NORT_ARTIC_4,16231,3391,1969,22,11,1,5393,0.8565269721280759,True,False,False,False,False,True,1.0
NORT_ARTIC_4,16939,1740,1960,13,12,1,3725,0.6898157817596724,True,False,False,False,False,True,1.0
NORT_ARTIC_4,17070,17601,26095,82,112,6,43890,0.6077380065353674,True,False,False,False,False,True,1.0
NORT_ARTIC_4,18323,6297,1436,42,15,3,7790,0.16928737917320574,True,False,False,False,False,True,1.0
NORT_ARTIC_4,18468,2732,4181,16,31,3,6960,0.5496399561839882,True,False,False,False,False,True,1.0
NORT_ARTIC_4,18519,1689,4098,15,23,2,5825,0.20892762361354422,True,False,False,False,False,True,1.0
NORT_ARTIC_4,18539,885,2463,6,15,1,3369,0.8062688294285373,True,False,False,False,False,True,1.0
NORT_ARTIC_4,20936,603,1709,1,8,1,2321,0.4608625424807029,True,False,False,True,False,True,1.0
NORT_ARTIC_4,21400,1831,592,14,8,2,2445,0.21363649278183738,True,False,False,False,False,True,1.0
NORT_ARTIC_4,21683,1390,603,18,6,1,2017,0.6608254699770953,True,False,False,False,False,True,1.0
NORT_ARTIC_4,21742,613,570,0,0,1,1183,1.0,True,False,True,True,False,True,1.0
NORT_ARTIC_4,22483,6408,1712,41,11,2,8172,1.0,True,False,False,False,False,True,1.0
NORT_ARTIC_4,22660,2478,10620,18,69,4,13185,0.6803069175035168,True,False,False,False,False,True,1.0
NORT_ARTIC_4,22776,5289,2924,33,23,3,8269,0.4031305530844026,True,False,False,False,False,True,1.0
NORT_ARTIC_4,23823,555,1436,6,12,1,2009,0.6025167733872924,True,False,False,False,False,True,1.0
NORT_ARTIC_4,24389,1308,1563,10,13,1,2894,1.0,True,False,False,False,False,True,1.0
NORT_ARTIC_4,24777,3213,2847,31,30,5,6121,0.7969269637053268,True,False,False,False,False,True,1.0
NORT_ARTIC_4,24796,3488,2511,24,25,3,6048,0.24456523549973846,True,False,False,False,False,True,1.0
NORT_ARTIC_4,24985,767,1484,3,6,2,2260,1.0,True,False,False,True,False,True,1.0
NORT_ARTIC_4,25435,1292,1750,3,1,1,3046,0.3182635351458607,True,False,False,True,False,True,1.0
NORT_ARTIC_4,25543,647,552,0,1,1,1200,0.46083333333333326,True,False,True,True,False,True,1.0
NORT_ARTIC_4,25721,3288,652,221,870,1,5031,0.0,True,False,False,False,False,True,0.0
NORT_ARTIC_4,25904,1520,4128,1,8,1,5657,0.4596029998789305,True,False,False,True,False,True,1.0
NORT_ARTIC_4,26234,6450,34314,32,149,5,40945,0.4756684482068028,True,False,False,False,False,True,1.0
NORT_ARTIC_4,26271,3870,21961,25,107,3,25963,0.22045715640037777,True,False,False,False,False,True,1.0
NORT_ARTIC_4,26550,1584,4129,0,1,1,5714,1.0,True,False,True,True,False,True,1.0
NORT_ARTIC_4,26812,1210,3801,8,18,1,5037,0.48979868043514935,True,False,False,False,False,True,1.0
NORT_ARTIC_4,27741,6,38,1,1,1,46,0.28405797101449276,True,True,False,True,False,True,1.0
NORT_ARTIC_4,28383,3957,5069,64,19,1,9109,1.058755202543883e-09,True,False,False,False,False,True,9.526495181150287e-08
NORT_ARTIC_4,28728,2268,2040,10,15,1,4333,0.23193416928720478,True,False,False,False,False,True,1.0
NORT_ARTIC_4,29287,4648,1308,4,1,1,5961,1.0,True,False,False,True,False,True,1.0
NORT_ARTIC_4,29315,1280,1501,0,1,1,2782,1.0,True,False,True,True,False,True,1.0
NORT_ARTIC_4,1177,1758,1778,14,16,2,3566,0.8550075623400384,True,False,False,False,False,True,1.0
NORT_ARTIC_4,2234,2340,1153,17,9,1,3519,0.8369067513163104,True,False,False,False,False,True,1.0
NORT_ARTIC_4,2417,540,2292,6,17,1,2855,0.422212005277144,True,False,False,True,False,True,1.0
NORT_ARTIC_4,3120,6218,3361,30,15,1,9624,0.8765193611727924,True,False,False,False,False,True,1.0
NORT_ARTIC_4,4705,2395,474,20,3,1,2892,1.0,True,False,False,True,False,True,1.0
NORT_ARTIC_4,4952,2081,2133,17,12,1,4243,0.3554445155240509,True,False,False,False,False,True,1.0
NORT_ARTIC_4,5285,8453,8003,46,35,3,16537,0.37303993026872373,True,False,False,False,False,True,1.0
NORT_ARTIC_4,5302,4817,4037,15,24,1,8893,0.053089202458806856,True,False,False,False,False,True,0.9880974014839219
NORT_ARTIC_4,5604,4778,4052,20,14,1,8864,0.6097333006709049,True,False,False,False,False,True,1.0
NORT_ARTIC_4,5664,6345,1509,25,10,1,7889,0.19373099574245528,True,False,False,False,False,True,1.0
NORT_ARTIC_4,5799,5881,16620,36,94,5,22631,0.6892591054212696,True,False,False,False,False,True,1.0
NORT_ARTIC_4,7496,19236,4095,109,33,6,23473,0.07751088553720847,True,False,False,False,False,True,1.0
NORT_ARTIC_4,7519,9104,1792,55,20,3,10971,0.027243784373572368,True,False,False,False,False,True,0.7370066896876865
NORT_ARTIC_4,7755,7118,6357,45,54,3,13574,0.15742508753495094,True,False,False,False,False,True,1.0
NORT_ARTIC_4,7949,993,4193,13,30,3,5229,0.0787955096094511,True,False,False,False,False,True,1.0
NORT_ARTIC_4,8059,4034,2638,26,27,4,6725,0.0928428673358778,True,False,False,False,False,True,1.0
NORT_ARTIC_4,8110,2625,780,15,7,1,3427,0.3141321571917967,True,False,False,False,False,True,1.0
NORT_ARTIC_4,8197,716,1310,9,7,1,2042,0.11298584672840764,True,False,False,False,False,True,1.0
NORT_ARTIC_4,8383,3546,649,25,5,1,4225,0.80089468965857,True,False,False,True,False,True,1.0
NORT_ARTIC_4,9238,2569,3113,20,23,1,5725,0.8789027484086633,True,False,False,False,False,True,1.0
NORT_ARTIC_4,9540,9233,3279,45,12,2,12569,0.4512585376226168,True,False,False,False,False,True,1.0
NORT_ARTIC_4,9727,2319,9475,6,46,2,11846,0.16307666016203887,True,False,False,False,False,True,1.0
NORT_ARTIC_4,9831,1348,4499,3,27,1,5877,0.12499133132307565,True,False,False,False,False,True,1.0
NORT_ARTIC_4,9833,1355,4450,7,25,1,5837,1.0,True,False,False,False,False,True,1.0
NORT_ARTIC_4,9978,2718,1501,25,15,2,4259,0.8684797669553546,True,False,False,False,False,True,1.0
NORT_ARTIC_4,10454,6738,6578,44,39,3,13399,0.7413675849257795,True,False,False,False,False,True,1.0
NORT_ARTIC_4,11002,407,2301,5,22,1,2735,0.5884186780026943,True,False,False,True,False,True,1.0
NORT_ARTIC_4,11194,3507,2530,17,15,1,6069,0.5934562307505395,True,False,False,False,False,True,1.0
NORT_ARTIC_4,11402,5291,2835,32,19,1,8177,0.7686581563697349,True,False,False,False,False,True,1.0
NORT_ARTIC_4,11633,1114,5438,10,36,2,6598,0.42894360704146706,True,False,False,False,False,True,1.0
NORT_ARTIC_4,12255,3937,6655,31,35,2,10658,0.12459783125158402,True,False,False,False,False,True,1.0
NORT_ARTIC_4,12319,6578,4311,36,21,2,10946,0.7862033461307392,True,False,False,False,False,True,1.0
NORT_ARTIC_4,12354,8849,1636,55,19,4,10559,0.023795166710412187,True,False,False,False,False,True,0.6792289311337658
NORT_ARTIC_4,12556,4989,5754,29,26,1,10798,0.41639734873674505,True,False,False,False,False,True,1.0
NORT_ARTIC_4,12571,5276,5706,16,20,1,11018,0.7395278124922047,True,False,False,False,False,True,1.0
NORT_ARTIC_4,12592,8491,7343,53,41,4,15928,0.6058622543863355,True,False,False,False,False,True,1.0
NORT_ARTIC_4,13248,10947,3325,65,23,4,14360,0.5279167393997978,True,False,False,False,False,True,1.0
NORT_ARTIC_4,13847,4332,1021,28,10,2,5391,0.2977934792215302,True,False,False,False,False,True,1.0
NORT_ARTIC_4,14390,2419,2170,16,12,1,4617,0.7066247083398809,True,False,False,False,False,True,1.0
NORT_ARTIC_4,14418,2645,1520,20,7,1,4192,0.3179273377857783,True,False,False,False,False,True,1.0
NORT_ARTIC_4,15127,1895,1451,12,11,1,3369,0.6784500979258993,True,False,False,False,False,True,1.0
NORT_ARTIC_4,15276,1308,3143,12,18,1,4481,0.22810206262242788,True,False,False,False,False,True,1.0
NORT_ARTIC_4,15297,1361,2742,4,17,1,4124,0.244475467041834,True,False,False,False,False,True,1.0
NORT_ARTIC_4,15304,1365,2699,7,17,1,4088,0.8288855132096143,True,False,False,False,False,True,1.0
NORT_ARTIC_4,15565,10180,2598,58,19,4,12855,0.3235797329946398,True,False,False,False,False,True,1.0
NORT_ARTIC_4,15596,7085,1152,23,2,1,8262,0.5660946095289795,True,False,False,True,False,True,1.0
NORT_ARTIC_4,15616,7462,754,33,7,1,8256,0.09107458051165301,True,False,False,True,False,True,1.0
NORT_ARTIC_4,15626,10018,1441,51,9,2,11519,0.557232784142433,True,False,False,False,False,True,1.0
NORT_ARTIC_4,16157,5766,6268,20,24,1,12078,0.7648243437462043,True,False,False,False,False,True,1.0
NORT_ARTIC_4,16196,6597,5782,30,15,1,12424,0.09858897701028002,True,False,False,False,False,True,1.0
NORT_ARTIC_4,16268,6802,1764,28,8,1,8602,0.8362134136310801,True,False,False,False,False,True,1.0
NORT_ARTIC_4,16294,4424,2827,39,20,2,7310,0.5031659871864945,True,False,False,False,False,True,1.0
NORT_ARTIC_4,16335,4477,11332,30,61,3,15900,0.35064160597043037,True,False,False,False,False,True,1.0
NORT_ARTIC_4,16579,4687,3625,42,34,6,8388,0.9076228201558605,True,False,False,False,False,True,1.0
NORT_ARTIC_4,16638,1592,3488,10,19,1,5109,0.6923446547300467,True,False,False,False,False,True,1.0
NORT_ARTIC_4,16664,1097,5110,6,25,1,6238,0.8130629365723885,True,False,False,False,False,True,1.0
NORT_ARTIC_4,16714,4837,4484,29,7,1,9357,0.0006143286032434239,True,False,False,False,False,True,0.03852584983067472
NORT_ARTIC_4,16732,6905,4997,37,27,3,11966,1.0,True,False,False,False,False,True,1.0
NORT_ARTIC_4,16752,7046,4254,26,12,1,11338,0.5048715436070229,True,False,False,False,False,True,1.0
NORT_ARTIC_4,16920,3797,2899,21,18,1,6735,0.7476549300381681,True,False,False,False,False,True,1.0
NORT_ARTIC_4,16925,9359,7449,56,47,4,16911,0.8424444137524508,True,False,False,False,False,True,1.0
NORT_ARTIC_4,17025,7005,9820,23,37,1,16885,0.6943256013196126,True,False,False,False,False,True,1.0
NORT_ARTIC_4,17031,8265,12127,29,47,2,20468,0.7263234993535983,True,False,False,False,False,True,1.0
NORT_ARTIC_4,17241,2528,4477,12,21,1,7038,1.0,True,False,False,False,False,True,1.0
NORT_ARTIC_4,17308,4300,11474,26,76,3,15876,0.7389767996624672,True,False,False,False,False,True,1.0
NORT_ARTIC_4,17557,4464,13836,24,62,2,18386,0.4510082445192506,True,False,False,False,False,True,1.0
NORT_ARTIC_4,17589,3288,15355,20,71,3,18734,0.27128499305747134,True,False,False,False,False,True,1.0
NORT_ARTIC_4,17684,12154,8874,60,53,3,21141,0.33987422292923153,True,False,False,False,False,True,1.0
NORT_ARTIC_4,17954,6715,9907,42,65,4,16729,0.8438376694344819,True,False,False,False,False,True,1.0
NORT_ARTIC_4,18861,416,3374,9,22,1,3821,0.005136413810308816,True,False,False,True,False,True,0.23621796400964654
NORT_ARTIC_4,19251,1007,2749,7,15,1,3778,0.6304314912256919,True,False,False,False,False,True,1.0
NORT_ARTIC_4,19611,4464,1276,25,12,1,5777,0.16307022724247222,True,False,False,False,False,True,1.0
NORT_ARTIC_4,19939,4579,1121,28,10,2,5738,0.3068886754287502,True,False,False,False,False,True,1.0
NORT_ARTIC_4,20435,8278,8517,63,58,5,16916,0.5843922080511502,True,False,False,False,False,True,1.0
NORT_ARTIC_4,20726,6529,5772,35,28,3,12364,0.7065346012215341,True,False,False,False,False,True,1.0
NORT_ARTIC_4,21047,9256,8647,57,52,4,18012,0.9236717356999047,True,False,False,False,False,True,1.0
NORT_ARTIC_4,21218,836,2548,7,18,1,3409,0.6481271300056868,True,False,False,False,False,True,1.0
NORT_ARTIC_4,21324,2516,3668,15,24,2,6223,0.8707179939194672,True,False,False,False,False,True,1.0
NORT_ARTIC_4,21332,1759,2443,13,17,1,4232,0.8553004464649996,True,False,False,False,False,True,1.0
NORT_ARTIC_4,21536,2868,4823,23,30,2,7744,0.3932942097749783,True,False,False,False,False,True,1.0
NORT_ARTIC_4,22449,5062,1225,30,5,1,6322,0.5267604307801564,True,False,False,False,False,True,1.0
NORT_ARTIC_4,22456,5210,1247,29,9,1,6495,0.5351740831628391,True,False,False,False,False,True,1.0
NORT_ARTIC_4,22457,5207,1245,34,8,1,6494,1.0,True,False,False,False,False,True,1.0
NORT_ARTIC_4,22489,5604,1401,35,8,1,7048,1.0,True,False,False,False,False,True,1.0
NORT_ARTIC_4,22637,1326,4860,8,31,1,6225,1.0,True,False,False,False,False,True,1.0
NORT_ARTIC_4,23272,3650,4177,27,23,1,7877,0.32156714960143534,True,False,False,False,False,True,1.0
NORT_ARTIC_4,25054,502,2135,5,14,2,2656,0.3866563147431673,True,False,False,True,False,True,1.0
NORT_ARTIC_4,25067,1747,2936,15,16,2,4714,0.26314958976552694,True,False,False,False,False,True,1.0
NORT_ARTIC_4,25408,4479,3311,20,18,1,7828,0.6224206276339257,True,False,False,False,False,True,1.0
NORT_ARTIC_4,25604,1061,5217,5,23,1,6306,0.803298841186761,True,False,False,True,False,True,1.0
NORT_ARTIC_4,25666,7543,8520,45,45,3,16153,0.5972227771512435,True,False,False,False,False,True,1.0
NORT_ARTIC_4,25984,4953,4638,23,27,1,9641,0.4790756275845466,True,False,False,False,False,True,1.0
NORT_ARTIC_4,25986,9868,10579,63,66,4,20576,0.9296881453634884,True,False,False,False,False,True,1.0
NORT_ARTIC_4,26011,17359,7283,100,49,4,24791,0.36916583383599744,True,False,False,False,False,True,1.0
NORT_ARTIC_4,26019,12305,3787,56,16,2,16164,0.8896436285649569,True,False,False,False,False,True,1.0
NORT_ARTIC_4,26043,13393,1628,64,7,2,15092,1.0,True,False,False,False,False,True,1.0
NORT_ARTIC_4,26055,14063,1496,74,10,2,15643,0.4568080801935467,True,False,False,False,False,True,1.0
NORT_ARTIC_4,26083,12797,1501,50,11,1,14359,0.06093372936630101,True,False,False,False,False,True,1.0
NORT_ARTIC_4,26231,1955,13259,9,43,1,15266,0.303464978036908,True,False,False,False,False,True,1.0
NORT_ARTIC_4,26312,1194,10787,11,49,2,12041,0.047561792866153606,True,False,False,False,False,True,0.9880974014839219
NORT_ARTIC_4,26323,836,9982,4,43,1,10865,0.7823554359518894,True,False,False,True,False,True,1.0
NORT_ARTIC_4,26336,2604,12749,14,48,3,15415,0.23624429495905525,True,False,False,False,False,True,1.0
NORT_ARTIC_4,26342,651,7929,1,31,1,8612,0.511772067899679,True,False,False,True,False,True,1.0
NORT_ARTIC_4,27338,1947,1500,16,13,2,3476,1.0,True,False,False,False,False,True,1.0
NORT_ARTIC_4,27404,1487,3619,8,16,1,5130,0.655351995902822,True,False,False,False,False,True,1.0
NORT_ARTIC_4,27421,1459,3724,13,18,1,5214,0.1079886753607011,True,False,False,False,False,True,1.0
NORT_ARTIC_4,27435,1402,3632,9,19,1,5062,0.6726968892071116,True,False,False,False,False,True,1.0
NORT_ARTIC_4,27489,5440,6788,40,39,4,12307,0.30699324933309713,True,False,False,False,False,True,1.0
NORT_ARTIC_4,28037,7831,6350,33,27,2,14241,1.0,True,False,False,False,False,True,1.0
NORT_ARTIC_4,28108,6790,1839,29,8,1,8666,1.0,True,False,False,False,False,True,1.0
NORT_ARTIC_4,28215,3337,2644,20,17,1,6018,0.8690659608045292,True,False,False,False,False,True,1.0
NORT_ARTIC_4,28229,4599,2815,27,11,1,7452,0.31512115853230527,True,False,False,False,False,True,1.0
NORT_ARTIC_4,29190,5848,2311,24,13,1,8196,0.36338044079243376,True,False,False,False,False,True,1.0
NORT_ARTIC_4,29292,7074,1735,45,8,2,8862,0.4897414844075052,True,False,False,False,False,True,1.0
NORT_ARTIC_4,29417,886,6031,6,29,1,6952,0.44381061376119835,True,False,False,True,False,True,1.0
NORT_ARTIC_4,29481,3620,7020,24,48,3,10712,1.0,True,False,False,False,False,True,1.0
NORT_ARTIC_4,464,585,169,99,32,2,885,0.6513732535446154,True,True,False,False,False,True,1.0
NORT_ARTIC_4,635,208,889,18,59,2,1174,0.36898050293412593,True,False,False,False,False,True,1.0
NORT_ARTIC_4,4473,1189,710,8,8,1,1915,0.30994537528430066,True,False,False,False,False,True,1.0
NORT_ARTIC_4,5655,8875,3028,38,17,2,11958,0.3535988546030221,True,False,False,False,False,True,1.0
NORT_ARTIC_4,6896,1615,610,18,7,1,2250,1.0,True,False,False,False,False,True,1.0
NORT_ARTIC_4,7705,968,2438,6,21,1,3433,0.6682360932119682,True,False,False,False,False,True,1.0
NORT_ARTIC_4,7864,842,814,11,11,2,1678,1.0,True,False,False,False,False,True,1.0
NORT_ARTIC_4,9084,334,124,6,4,1,468,0.47204841648378665,True,True,False,True,False,True,1.0
NORT_ARTIC_4,9802,110,534,45,6,1,695,1.0101229347103427e-25,True,True,False,False,False,True,1.6723595307064433e-23
NORT_ARTIC_4,10548,1400,457,17,5,1,1879,1.0,True,False,False,False,False,True,1.0
NORT_ARTIC_4,11320,8154,13711,56,88,4,22009,0.7296467612193507,True,False,False,False,False,True,1.0
NORT_ARTIC_4,11434,1380,502,8,5,1,1895,0.3511677579228155,True,False,False,True,False,True,1.0
NORT_ARTIC_4,11750,1451,538,51,21,1,2061,0.6867537931250938,True,False,False,False,False,True,1.0
NORT_ARTIC_4,11752,1442,537,57,21,1,2057,1.0,True,False,False,False,False,True,1.0
NORT_ARTIC_4,12230,246,859,5,11,1,1121,0.3729856594027666,True,False,False,True,False,True,1.0
NORT_ARTIC_4,12937,1421,468,11,4,1,1904,0.7723198625244603,True,False,False,True,False,True,1.0
NORT_ARTIC_4,12939,1410,457,16,6,1,1889,0.8033602982681104,True,False,False,False,False,True,1.0
NORT_ARTIC_4,13270,5422,2661,58,34,4,8175,0.4353826429462343,True,False,False,False,False,True,1.0
NORT_ARTIC_4,14435,519,477,11,4,1,1011,0.1222167300660176,True,False,False,False,False,True,1.0
NORT_ARTIC_4,17104,2087,818,96,41,2,3042,0.6976975052239367,True,False,False,False,False,True,1.0
NORT_ARTIC_4,17258,907,1994,4,35,1,2940,0.004498680121428353,True,False,False,False,False,True,0.2115913298021813
NORT_ARTIC_4,17304,603,1844,1,3,1,2451,1.0,True,False,False,True,False,True,1.0
NORT_ARTIC_4,18508,626,1596,10,25,1,2257,1.0,True,False,False,False,False,True,1.0
NORT_ARTIC_4,19538,1056,233,8,5,1,1302,0.07098218023055412,True,False,False,True,False,True,1.0
NORT_ARTIC_4,19551,1080,252,9,4,1,1345,0.2861635192590795,True,False,False,True,False,True,1.0
NORT_ARTIC_4,20417,740,1916,4,16,1,2676,0.6171165982643411,True,False,False,False,False,True,1.0
NORT_ARTIC_4,21109,936,275,20,6,1,1237,1.0,True,False,False,False,False,True,1.0
NORT_ARTIC_4,21808,198,735,3,10,1,946,0.7446072390178826,True,True,False,True,False,True,1.0
NORT_ARTIC_4,22023,1302,364,12,3,1,1681,1.0,True,False,False,True,False,True,1.0
NORT_ARTIC_4,22433,1572,426,14,5,1,2017,0.5771118868268573,True,False,False,True,False,True,1.0
NORT_ARTIC_4,22435,2558,1017,33,11,2,3619,0.7372306750361333,True,False,False,False,False,True,1.0
NORT_ARTIC_4,22784,86,432,1,7,1,526,1.0,True,True,False,True,False,True,1.0
NORT_ARTIC_4,23680,24,7,2,2,1,35,0.26757066462948814,True,True,False,True,False,True,1.0
NORT_ARTIC_4,24388,668,652,5,11,1,1336,0.1383774789290578,True,False,False,False,False,True,1.0
NORT_ARTIC_4,24585,415,392,8,6,1,821,0.7901070899179214,True,True,False,False,False,True,1.0
NORT_ARTIC_4,24819,984,626,11,6,1,1627,1.0,True,False,False,False,False,True,1.0
NORT_ARTIC_4,24958,368,468,5,6,1,847,1.0,True,True,False,True,False,True,1.0
NORT_ARTIC_4,25674,896,1900,6,17,1,2819,0.6569205994446973,True,False,False,False,False,True,1.0
NORT_ARTIC_4,25706,779,1817,9,17,1,2622,0.6678459877073105,True,False,False,False,False,True,1.0
NORT_ARTIC_4,25819,112,121,2,0,1,235,0.23426077468630657,True,True,True,True,False,True,1.0
NORT_ARTIC_4,27213,1772,425,19,5,1,2221,0.7973095679098245,True,False,False,True,False,True,1.0
NORT_ARTIC_4,27669,535,951,8,12,2,1506,0.8152896092568309,True,False,False,False,False,True,1.0
NORT_ARTIC_4,29520,897,573,12,3,1,1485,0.1840168718623087,True,False,False,False,False,True,1.0
NORT_ARTIC_4,2001,1620,628,51,22,1,2321,0.6917625426580403,True,False,False,False,False,True,1.0
NORT_ARTIC_4,5190,680,2056,10,13,1,2759,0.051537503039522134,True,False,False,False,False,True,0.9880974014839219
NORT_ARTIC_4,6555,670,236,16,5,1,927,1.0,True,True,False,False,False,True,1.0
NORT_ARTIC_4,9826,594,726,5,7,1,1332,1.0,True,False,False,False,False,True,1.0
NORT_ARTIC_4,10595,700,599,7,9,1,1315,0.4578518916146468,True,False,False,False,False,True,1.0
NORT_ARTIC_4,11514,189,266,0,1,1,456,1.0,True,True,True,True,False,True,1.0
NORT_ARTIC_4,11959,1470,2141,15,22,2,3648,1.0,True,False,False,False,False,True,1.0
NORT_ARTIC_4,14013,190,520,2,26,1,738,0.016056686220495428,True,True,False,False,False,True,0.5457777598935779
NORT_ARTIC_4,14221,659,526,6,8,1,1199,0.42064368331523305,True,False,False,False,False,True,1.0
NORT_ARTIC_4,17763,2819,1048,24,7,2,3898,0.6872962881407475,True,False,False,False,False,True,1.0
NORT_ARTIC_4,18417,1241,946,10,9,1,2206,0.8173514248115404,True,False,False,False,False,True,1.0
NORT_ARTIC_4,18432,861,886,6,8,1,1761,0.7900381292034816,True,False,False,False,False,True,1.0
NORT_ARTIC_4,18999,2896,1086,22,14,2,4018,0.13318393148792573,True,False,False,False,False,True,1.0
NORT_ARTIC_4,19098,1061,1254,13,16,2,2344,1.0,True,False,False,False,False,True,1.0
NORT_ARTIC_4,21197,185,269,6,6,1,466,0.5614299111597253,True,True,False,True,False,True,1.0
NORT_ARTIC_4,21387,1533,457,15,5,1,2010,0.7920167790313596,True,False,False,True,False,True,1.0
NORT_ARTIC_4,23314,632,1155,4,11,1,1802,0.5944690768950457,True,False,False,False,False,True,1.0
NORT_ARTIC_4,25653,2072,4002,21,40,4,6135,1.0,True,False,False,False,False,True,1.0
NORT_ARTIC_4,27287,3083,1121,20,13,2,4237,0.11396015731717993,True,False,False,False,False,True,1.0
NORT_ARTIC_4,296,237,670,4,5,1,916,0.25323392835834335,True,True,False,True,False,True,1.0
NORT_ARTIC_4,401,963,510,2,1,1,1476,1.0,True,False,False,True,False,True,1.0
NORT_ARTIC_4,916,270,813,4,11,1,1098,1.0,True,False,False,True,False,True,1.0
NORT_ARTIC_4,933,267,814,4,9,1,1094,0.5370254409307915,True,False,False,True,False,True,1.0
NORT_ARTIC_4,1252,608,1567,9,14,2,2198,0.24671533964345468,True,False,False,False,False,True,1.0
NORT_ARTIC_4,1305,418,971,7,8,1,1404,0.16807780405303113,True,False,False,True,False,True,1.0
NORT_ARTIC_4,1712,663,759,5,9,1,1436,0.5920096900273729,True,False,False,False,False,True,1.0
NORT_ARTIC_4,1907,1763,1144,10,8,1,2925,0.6387349668714528,True,False,False,False,False,True,1.0
NORT_ARTIC_4,1984,2892,1197,23,8,2,4120,0.843237668095325,True,False,False,False,False,True,1.0
NORT_ARTIC_4,1998,5926,2486,31,23,3,8466,0.050532435627388114,True,False,False,False,False,True,0.9880974014839219
NORT_ARTIC_4,2240,1127,449,10,5,1,1591,0.7742694644787527,True,False,False,True,False,True,1.0
NORT_ARTIC_4,2385,1088,2495,16,18,2,3617,0.0403603892939174,True,False,False,False,False,True,0.9491571095882052
NORT_ARTIC_4,3213,1563,600,8,6,1,2177,0.23330435528428922,True,False,False,True,False,True,1.0
NORT_ARTIC_4,3605,1789,2564,18,22,3,4393,0.6311579275798183,True,False,False,False,False,True,1.0
NORT_ARTIC_4,3655,625,1742,6,10,1,2383,0.3917763092453904,True,False,False,True,False,True,1.0
NORT_ARTIC_4,4405,887,389,8,6,1,1290,0.3820545007465459,True,False,False,True,False,True,1.0
NORT_ARTIC_4,4425,916,456,10,3,1,1385,0.5624066933406285,True,False,False,True,False,True,1.0
NORT_ARTIC_4,4696,1185,495,12,5,1,1697,1.0,True,False,False,False,False,True,1.0
NORT_ARTIC_4,4758,1453,697,13,3,1,2166,0.29491823401790657,True,False,False,False,False,True,1.0
NORT_ARTIC_4,5019,1205,305,8,4,1,1522,0.2777816007148174,True,False,False,True,False,True,1.0
NORT_ARTIC_4,5034,1246,337,10,7,1,1600,0.06859345086061903,True,False,False,True,False,True,1.0
NORT_ARTIC_4,5454,721,1068,9,5,1,1803,0.09845102470136052,True,False,False,False,False,True,1.0
NORT_ARTIC_4,5677,3309,1382,30,9,2,4730,0.48113116764654906,True,False,False,False,False,True,1.0
NORT_ARTIC_4,6133,260,988,2,9,1,1259,1.0,True,False,False,True,False,True,1.0
NORT_ARTIC_4,7263,545,482,8,5,1,1040,0.5887951207324005,True,False,False,False,False,True,1.0
NORT_ARTIC_4,7481,3319,823,25,6,3,4173,1.0,True,False,False,False,False,True,1.0
NORT_ARTIC_4,7656,1649,4026,16,23,2,5714,0.11193509443866967,True,False,False,False,False,True,1.0
NORT_ARTIC_4,7758,1247,970,7,9,1,2233,0.32538735469181435,True,False,False,False,False,True,1.0
NORT_ARTIC_4,7840,934,605,4,2,1,1545,1.0,True,False,False,True,False,True,1.0
NORT_ARTIC_4,8087,789,317,11,3,1,1120,0.767934064491893,True,False,False,True,False,True,1.0
NORT_ARTIC_4,8141,896,449,6,6,1,1357,0.23242808155191133,True,False,False,True,False,True,1.0
NORT_ARTIC_4,8644,1372,3666,12,28,3,5078,0.7219581084808443,True,False,False,False,False,True,1.0
NORT_ARTIC_4,9232,1787,2141,21,22,3,3971,0.7585789137191843,True,False,False,False,False,True,1.0
NORT_ARTIC_4,9459,563,1247,7,13,2,1830,0.8085275187457289,True,False,False,False,False,True,1.0
NORT_ARTIC_4,9542,4487,2057,21,17,2,6582,0.08218368576831536,True,False,False,False,False,True,1.0
NORT_ARTIC_4,9599,2601,1252,11,7,1,3871,0.6160421943416972,True,False,False,False,False,True,1.0
NORT_ARTIC_4,9637,4271,2760,29,19,2,7079,1.0,True,False,False,False,False,True,1.0
NORT_ARTIC_4,10309,2808,2651,36,17,3,5512,0.01855829920221434,True,False,False,False,False,True,0.6048251999839775
NORT_ARTIC_4,10522,1951,601,15,6,1,2573,0.6067559333931756,True,False,False,True,False,True,1.0
NORT_ARTIC_4,11127,3695,1091,24,8,2,4818,0.832359792981447,True,False,False,False,False,True,1.0
NORT_ARTIC_4,11351,1948,1876,9,14,1,3847,0.299180313719466,True,False,False,False,False,True,1.0
NORT_ARTIC_4,12314,2787,2168,18,18,2,4991,0.501742583745939,True,False,False,False,False,True,1.0
NORT_ARTIC_4,12349,1468,378,8,5,1,1859,0.15838248885287776,True,False,False,True,False,True,1.0
NORT_ARTIC_4,12492,808,1872,7,11,1,2698,0.443551662589356,True,False,False,False,False,True,1.0
NORT_ARTIC_4,12515,699,1703,7,15,1,2424,0.8145922866904647,True,False,False,False,False,True,1.0
NORT_ARTIC_4,12720,970,1006,8,14,2,1998,0.28597188457390865,True,False,False,False,False,True,1.0
NORT_ARTIC_4,13529,211,80,4,4,1,299,0.22689372955265646,True,True,False,True,False,True,1.0
NORT_ARTIC_4,13794,1412,461,12,5,1,1890,0.5833358161364595,True,False,False,True,False,True,1.0
NORT_ARTIC_4,13830,1700,617,13,6,1,2336,0.6078339896309822,True,False,False,False,False,True,1.0
NORT_ARTIC_4,13872,3341,1195,21,11,2,4568,0.3159956564912988,True,False,False,False,False,True,1.0
NORT_ARTIC_4,14196,643,317,7,5,1,972,0.5455040834871177,True,True,False,True,False,True,1.0
NORT_ARTIC_4,14626,1454,5324,15,45,3,6838,0.5273766949412607,True,False,False,False,False,True,1.0
NORT_ARTIC_4,14868,277,406,5,8,1,696,1.0,True,True,False,False,False,True,1.0
NORT_ARTIC_4,15567,1660,469,11,2,1,2142,0.7453774848410034,True,False,False,True,False,True,1.0
NORT_ARTIC_4,15611,1926,497,14,5,1,2442,0.5674717832121076,True,False,False,True,False,True,1.0
NORT_ARTIC_4,15756,5697,6275,37,38,3,12047,0.8169266778206713,True,False,False,False,False,True,1.0
NORT_ARTIC_4,15825,1884,5366,10,29,2,7289,1.0,True,False,False,False,False,True,1.0
NORT_ARTIC_4,15945,1895,518,16,3,1,2432,0.7796994629901715,True,False,False,True,False,True,1.0
NORT_ARTIC_4,16019,1785,1053,10,12,1,2860,0.11975577017478425,True,False,False,False,False,True,1.0
NORT_ARTIC_4,16067,905,1124,4,9,1,2042,0.40681941710820757,True,False,False,False,False,True,1.0
NORT_ARTIC_4,16324,1989,3102,13,21,2,5125,1.0,True,False,False,False,False,True,1.0
NORT_ARTIC_4,16337,838,1751,5,10,1,2604,1.0,True,False,False,True,False,True,1.0
NORT_ARTIC_4,16408,939,2066,10,17,1,3032,0.5346253133519878,True,False,False,False,False,True,1.0
NORT_ARTIC_4,16856,2876,986,20,10,2,3892,0.39955537125118307,True,False,False,False,False,True,1.0
NORT_ARTIC_4,16911,1364,943,9,9,1,2325,0.4755771624114158,True,False,False,False,False,True,1.0
NORT_ARTIC_4,17013,1916,3120,13,18,1,5067,0.7117558608861544,True,False,False,False,False,True,1.0
NORT_ARTIC_4,17281,1311,2523,11,21,2,3866,1.0,True,False,False,False,False,True,1.0
NORT_ARTIC_4,17729,1362,607,11,5,1,1985,1.0,True,False,False,True,False,True,1.0
NORT_ARTIC_4,17805,668,796,12,4,1,1480,0.022770140769275297,True,False,False,False,False,True,0.6637014974931722
NORT_ARTIC_4,18273,962,590,12,4,1,1568,0.4377589894172323,True,False,False,False,False,True,1.0
NORT_ARTIC_4,18352,1738,666,11,7,1,2422,0.29663455338852446,True,False,False,False,False,True,1.0
NORT_ARTIC_4,18411,1360,1091,9,7,1,2467,1.0,True,False,False,False,False,True,1.0
NORT_ARTIC_4,18485,5562,11830,41,61,4,17494,0.08810077549006395,True,False,False,False,False,True,1.0
NORT_ARTIC_4,18500,1665,3564,15,20,2,5264,0.20163709580744063,True,False,False,False,False,True,1.0
NORT_ARTIC_4,19161,4426,10508,42,72,7,15048,0.09981009412489736,True,False,False,False,False,True,1.0
NORT_ARTIC_4,19409,251,358,6,7,1,622,0.7799113878394373,True,True,False,False,False,True,1.0
NORT_ARTIC_4,19710,587,661,6,5,1,1259,0.7643039075244473,True,False,False,False,False,True,1.0
NORT_ARTIC_4,19751,444,1194,6,9,1,1653,0.2560635196898673,True,False,False,True,False,True,1.0
NORT_ARTIC_4,20339,864,1398,7,15,2,2284,0.6614126562322833,True,False,False,False,False,True,1.0
NORT_ARTIC_4,20581,975,1006,8,9,1,1998,1.0,True,False,False,False,False,True,1.0
NORT_ARTIC_4,20708,1494,1857,12,13,2,3376,0.8406026041327221,True,False,False,False,False,True,1.0
NORT_ARTIC_4,20738,3061,3869,21,26,3,6977,1.0,True,False,False,False,False,True,1.0
NORT_ARTIC_4,21067,1288,496,7,6,1,1797,0.2096429876873082,True,False,False,True,False,True,1.0
NORT_ARTIC_4,21134,1434,510,11,5,1,1960,0.5820689130460375,True,False,False,True,False,True,1.0
NORT_ARTIC_4,21630,1501,1219,9,7,1,2736,1.0,True,False,False,False,False,True,1.0
NORT_ARTIC_4,23265,1136,797,12,5,1,1950,0.45896671053779725,True,False,False,False,False,True,1.0
NORT_ARTIC_4,23485,750,1837,8,12,1,2607,0.3227353443237998,True,False,False,False,False,True,1.0
NORT_ARTIC_4,23552,366,1425,4,13,1,1808,0.7628438426787185,True,False,False,True,False,True,1.0
NORT_ARTIC_4,24027,1277,701,11,11,2,2000,0.18043456201020913,True,False,False,False,False,True,1.0
NORT_ARTIC_4,24118,436,1162,5,12,1,1615,0.7896709586142354,True,False,False,True,False,True,1.0
NORT_ARTIC_4,24298,1665,645,14,7,1,2331,0.6262386116483731,True,False,False,False,False,True,1.0
NORT_ARTIC_4,24567,2107,1039,18,12,2,3176,0.43834887859015226,True,False,False,False,False,True,1.0
NORT_ARTIC_4,24905,1034,731,7,7,1,1779,0.5903217984295068,True,False,False,False,False,True,1.0
NORT_ARTIC_4,25491,562,472,9,6,1,1049,0.7962415195518603,True,False,False,False,False,True,1.0
NORT_ARTIC_4,25910,1124,2466,12,24,3,3626,0.8569151828962798,True,False,False,False,False,True,1.0
NORT_ARTIC_4,27412,636,1241,6,10,2,1893,0.79343513301359,True,False,False,False,False,True,1.0
NORT_ARTIC_4,27445,558,1193,7,9,1,1767,0.4188160856673111,True,False,False,False,False,True,1.0
NORT_ARTIC_4,27900,768,1363,14,22,3,2167,0.7287631950147082,True,False,False,False,False,True,1.0
NORT_ARTIC_4,28459,302,738,6,7,1,1053,0.21866738469858524,True,False,False,True,False,True,1.0
NORT_ARTIC_4,29154,582,419,7,5,1,1013,1.0,True,False,False,False,False,True,1.0
NORT_ARTIC_4,29237,903,280,7,4,1,1194,0.30282376894252505,True,False,False,True,False,True,1.0
NORT_ARTIC_4,29467,412,836,3,10,1,1261,0.5630248066270098,True,False,False,True,False,True,1.0
NORT_ARTIC_4,1217,1015,2661,18,31,3,3725,0.19740117770918447,True,False,False,False,False,True,1.0
NORT_ARTIC_4,1873,5530,4457,49,33,4,10069,0.4376861550079154,True,False,False,False,False,True,1.0
NORT_ARTIC_4,2593,308,75,5,1,1,389,1.0,True,True,False,True,False,True,1.0
NORT_ARTIC_4,3337,201,632,4,7,1,844,0.31226993646191037,True,True,False,True,False,True,1.0
NORT_ARTIC_4,4544,169,404,4,5,1,582,0.4616308385856688,True,True,False,True,False,True,1.0
NORT_ARTIC_4,4752,472,232,7,4,1,715,0.7578697513060331,True,True,False,True,False,True,1.0
NORT_ARTIC_4,5071,518,145,5,5,1,673,0.049077210104036186,True,True,False,True,False,True,0.9880974014839219
NORT_ARTIC_4,5528,302,2632,7,22,2,2963,0.025940784399987777,True,False,False,True,False,True,0.7114674833370734
NORT_ARTIC_4,5709,2545,1274,18,13,2,3850,0.3407985303928798,True,False,False,False,False,True,1.0
NORT_ARTIC_4,7109,300,348,5,6,1,659,1.0,True,True,False,False,False,True,1.0
NORT_ARTIC_4,7255,210,151,6,2,1,369,0.47775825195042687,True,True,False,True,False,True,1.0
NORT_ARTIC_4,7689,4593,9807,19,38,3,14457,0.8868557480095536,True,False,False,False,False,True,1.0
NORT_ARTIC_4,8611,1401,4252,20,35,4,5708,0.058977553805932045,True,False,False,False,False,True,1.0
NORT_ARTIC_4,9002,507,136,7,3,1,653,0.4506963484807092,True,True,False,True,False,True,1.0
NORT_ARTIC_4,11038,621,487,8,5,1,1121,0.7839864814804383,True,False,False,False,False,True,1.0
NORT_ARTIC_4,11400,813,554,7,7,1,1381,0.5863990222469826,True,False,False,False,False,True,1.0
NORT_ARTIC_4,12651,605,189,1,0,1,795,1.0,True,True,True,True,False,True,1.0
NORT_ARTIC_4,13271,610,324,10,5,1,949,1.0,True,True,False,False,False,True,1.0
NORT_ARTIC_4,13570,82,29,1,0,1,112,1.0,True,True,True,True,False,True,1.0
NORT_ARTIC_4,14117,345,573,2,1,1,921,0.5603022179332937,True,True,False,True,False,True,1.0
NORT_ARTIC_4,16145,1720,2202,19,21,3,3962,0.7492238562726177,True,False,False,False,False,True,1.0
NORT_ARTIC_4,20233,507,182,80,32,1,801,0.6457791977636409,True,True,False,False,False,True,1.0
NORT_ARTIC_4,20482,701,581,8,6,1,1296,1.0,True,False,False,False,False,True,1.0
NORT_ARTIC_4,20716,674,670,4,10,1,1358,0.17731596757896,True,False,False,False,False,True,1.0
NORT_ARTIC_4,20739,1709,2070,13,15,2,3807,1.0,True,False,False,False,False,True,1.0
NORT_ARTIC_4,21622,557,478,1,0,1,1036,1.0,True,False,True,True,False,True,1.0
NORT_ARTIC_4,22034,327,158,5,4,1,494,0.48392279426276313,True,True,False,True,False,True,1.0
NORT_ARTIC_4,23316,503,401,5,5,1,914,0.7577892166358957,True,True,False,True,False,True,1.0
NORT_ARTIC_4,23452,196,192,3,3,1,394,1.0,True,True,False,True,False,True,1.0
NORT_ARTIC_4,24573,450,195,6,5,1,656,0.3241651777821186,True,True,False,True,False,True,1.0
NORT_ARTIC_4,25942,233,560,4,4,1,801,0.24518308720855478,True,True,False,True,False,True,1.0
NORT_ARTIC_4,27298,476,197,7,5,1,685,0.3504728846671322,True,True,False,True,False,True,1.0
NORT_ARTIC_4,27640,167,216,4,3,1,390,0.7040095379377507,True,True,False,True,False,True,1.0
NORT_ARTIC_4,28077,2612,1877,20,23,2,4532,0.16143075826164247,True,False,False,False,False,True,1.0
NORT_ARTIC_4,603,374,1046,5,10,1,1435,0.5591828931044724,True,False,False,True,False,True,1.0
NORT_ARTIC_4,736,620,181,8,1,1,810,0.6922474222393418,True,True,False,True,False,True,1.0
NORT_ARTIC_4,833,426,317,5,4,1,752,1.0,True,True,False,True,False,True,1.0
NORT_ARTIC_4,1038,806,225,6,3,1,1040,0.4201182763763139,True,False,False,True,False,True,1.0
NORT_ARTIC_4,1256,370,894,6,7,1,1277,0.22102092256784744,True,False,False,True,False,True,1.0
NORT_ARTIC_4,1612,2685,1230,9,5,2,3929,0.7751852157500625,True,False,False,True,False,True,1.0
NORT_ARTIC_4,2645,1461,722,16,11,2,2210,0.41460866953155856,True,False,False,False,False,True,1.0
NORT_ARTIC_4,3034,516,904,6,13,1,1439,0.8119841030978676,True,False,False,False,False,True,1.0
NORT_ARTIC_4,3376,1126,3727,15,27,3,4895,0.06611715636891816,True,False,False,False,False,True,1.0
NORT_ARTIC_4,3406,1263,1712,13,16,2,3004,0.8512871036424197,True,False,False,False,False,True,1.0
NORT_ARTIC_4,4414,1953,874,15,7,2,2849,1.0,True,False,False,False,False,True,1.0
NORT_ARTIC_4,4666,761,385,9,2,1,1157,0.35313631882802804,True,False,False,True,False,True,1.0
NORT_ARTIC_4,4781,940,587,7,5,1,1539,1.0,True,False,False,True,False,True,1.0
NORT_ARTIC_4,4843,628,943,7,6,1,1584,0.3959106656573459,True,False,False,False,False,True,1.0
NORT_ARTIC_4,5338,5378,1214,39,9,3,6640,1.0,True,False,False,False,False,True,1.0
NORT_ARTIC_4,5462,597,852,5,7,1,1461,1.0,True,False,False,True,False,True,1.0
NORT_ARTIC_4,6390,128,160,5,2,1,295,0.2499921884916658,True,True,False,True,False,True,1.0
NORT_ARTIC_4,6795,573,904,5,6,1,1488,0.7587819859157341,True,False,False,True,False,True,1.0
NORT_ARTIC_4,7352,293,817,4,6,1,1120,0.3051536306900248,True,False,False,True,False,True,1.0
NORT_ARTIC_4,8417,1466,470,12,4,1,1952,1.0,True,False,False,True,False,True,1.0
NORT_ARTIC_4,8680,502,1217,6,9,1,1734,0.39532887652845355,True,False,False,True,False,True,1.0
NORT_ARTIC_4,9081,642,251,7,5,1,905,0.33576200062984024,True,True,False,True,False,True,1.0
NORT_ARTIC_4,9619,3801,1610,22,11,2,5444,0.7030123778718416,True,False,False,False,False,True,1.0
NORT_ARTIC_4,9951,1384,610,9,5,2,2008,0.7718749277510155,True,False,False,True,False,True,1.0
NORT_ARTIC_4,10223,1266,426,9,7,1,1708,0.1428181701212709,True,False,False,True,False,True,1.0
NORT_ARTIC_4,10288,623,489,7,4,1,1123,0.7640215033180725,True,False,False,True,False,True,1.0
NORT_ARTIC_4,10381,955,2526,13,26,2,3520,0.4702814955458475,True,False,False,False,False,True,1.0
NORT_ARTIC_4,10646,600,1530,8,11,1,2149,0.2017503166991506,True,False,False,False,False,True,1.0
NORT_ARTIC_4,10727,492,1542,2,18,1,2054,0.18979437872696941,True,False,False,True,False,True,1.0
NORT_ARTIC_4,11338,1600,1718,8,11,1,3337,0.6508310023708697,True,False,False,False,False,True,1.0
NORT_ARTIC_4,11686,1072,1031,8,5,1,2116,0.5809559244318231,True,False,False,False,False,True,1.0
NORT_ARTIC_4,12250,1259,2289,16,22,2,3586,0.398636000980695,True,False,False,False,False,True,1.0
NORT_ARTIC_4,12443,908,979,10,7,1,1904,0.4674429603872734,True,False,False,False,False,True,1.0
NORT_ARTIC_4,12871,884,1084,6,11,1,1985,0.4728225364834915,True,False,False,False,False,True,1.0
NORT_ARTIC_4,12942,1207,459,7,5,1,1678,0.3303273376375871,True,False,False,True,False,True,1.0
NORT_ARTIC_4,13055,629,830,4,10,1,1473,0.416900015381219,True,False,False,False,False,True,1.0
NORT_ARTIC_4,13394,348,1340,3,14,1,1705,1.0,True,False,False,True,False,True,1.0
NORT_ARTIC_4,13807,1447,609,12,7,1,2075,0.46118131919130523,True,False,False,False,False,True,1.0
NORT_ARTIC_4,14706,466,768,5,8,1,1247,1.0,True,False,False,True,False,True,1.0
NORT_ARTIC_4,15031,829,516,8,6,1,1359,0.7855311762042867,True,False,False,False,False,True,1.0
NORT_ARTIC_4,15663,9109,2336,55,21,2,11521,0.11848713595315699,True,False,False,False,False,True,1.0
NORT_ARTIC_4,15828,1367,4485,12,27,2,5891,0.26055875296672193,True,False,False,False,False,True,1.0
NORT_ARTIC_4,15946,1928,584,13,7,1,2532,0.28456399249366904,True,False,False,True,False,True,1.0
NORT_ARTIC_4,16160,1738,1753,12,8,1,3511,0.3805368169127847,True,False,False,False,False,True,1.0
NORT_ARTIC_4,16251,1822,684,13,5,1,2524,1.0,True,False,False,True,False,True,1.0
NORT_ARTIC_4,16744,5061,3809,5,7,3,8882,0.38304358339020744,True,False,False,False,False,True,1.0
NORT_ARTIC_4,17313,534,960,4,7,1,1505,1.0,True,False,False,True,False,True,1.0
NORT_ARTIC_4,17571,1166,3719,9,22,2,4916,0.5264402984016877,True,False,False,False,False,True,1.0
NORT_ARTIC_4,17986,2068,1191,18,10,2,3287,1.0,True,False,False,False,False,True,1.0
NORT_ARTIC_4,18517,1456,2977,13,20,2,4466,0.45832306277697255,True,False,False,False,False,True,1.0
NORT_ARTIC_4,18810,432,1240,2,11,1,1685,0.5340208822103485,True,False,False,True,False,True,1.0
NORT_ARTIC_4,18944,1193,659,8,8,1,1868,0.294442448126098,True,False,False,False,False,True,1.0
NORT_ARTIC_4,19084,694,745,5,8,1,1452,0.5828164337331962,True,False,False,False,False,True,1.0
NORT_ARTIC_4,20427,1089,1702,8,14,2,2813,1.0,True,False,False,False,False,True,1.0
NORT_ARTIC_4,20471,8167,5263,55,25,3,13510,0.1681136130677071,True,False,False,False,False,True,1.0
NORT_ARTIC_4,20542,1290,610,9,5,1,1914,0.7780734598964736,True,False,False,True,False,True,1.0
NORT_ARTIC_4,20657,548,1514,4,11,1,2077,1.0,True,False,False,True,False,True,1.0
NORT_ARTIC_4,20961,1085,2981,1,2,2,4069,1.0,True,False,False,True,False,True,1.0
NORT_ARTIC_4,22459,2999,1251,20,7,2,4277,0.8333396837173115,True,False,False,False,False,True,1.0
NORT_ARTIC_4,22501,1171,452,11,8,1,1642,0.19818492768241514,True,False,False,False,False,True,1.0
NORT_ARTIC_4,22750,218,816,7,11,2,1052,0.08115403565813864,True,False,False,True,False,True,1.0
NORT_ARTIC_4,22987,919,236,2,0,2,1157,1.0,True,False,True,True,False,True,1.0
NORT_ARTIC_4,23134,518,339,5,6,1,868,0.36040877947212246,True,True,False,True,False,True,1.0
NORT_ARTIC_4,24306,1504,607,17,7,1,2135,1.0,True,False,False,False,False,True,1.0
NORT_ARTIC_4,24309,3318,1188,19,10,2,4535,0.39683904424894073,True,False,False,False,False,True,1.0
NORT_ARTIC_4,24376,721,715,8,7,1,1451,1.0,True,False,False,False,False,True,1.0
NORT_ARTIC_4,24525,1627,2125,21,18,2,3791,0.19756198853533571,True,False,False,False,False,True,1.0
NORT_ARTIC_4,25119,3491,2682,26,21,2,6220,0.8834264344368891,True,False,False,False,False,True,1.0
NORT_ARTIC_4,25768,1044,386,8,7,1,1445,0.13897334418422486,True,False,False,True,False,True,1.0
NORT_ARTIC_4,25902,1302,2572,12,17,2,3903,0.4307055497673493,True,False,False,False,False,True,1.0
NORT_ARTIC_4,25918,450,1122,7,9,1,1588,0.26403210582961273,True,False,False,True,False,True,1.0
NORT_ARTIC_4,25992,1089,866,12,9,1,1976,1.0,True,False,False,False,False,True,1.0
NORT_ARTIC_4,26070,2432,492,19,7,1,2950,0.18603761606041103,True,False,False,True,False,True,1.0
NORT_ARTIC_4,26073,2452,503,13,6,1,2974,0.11872691342613492,True,False,False,True,False,True,1.0
NORT_ARTIC_4,26202,1007,2020,7,11,1,3045,0.6213527675480112,True,False,False,False,False,True,1.0
NORT_ARTIC_4,26264,477,2470,3,16,1,2966,1.0,True,False,False,True,False,True,1.0
NORT_ARTIC_4,27510,847,852,8,9,1,1716,1.0,True,False,False,False,False,True,1.0
NORT_ARTIC_4,28165,783,577,6,7,1,1373,0.41470249448164537,True,False,False,False,False,True,1.0
NORT_ARTIC_4,29078,178,512,5,5,1,700,0.1378580342934382,True,True,False,True,False,True,1.0
NORT_ARTIC_4,335,336,363,5,14,1,718,0.06633393185552704,True,True,False,False,False,True,1.0
NORT_ARTIC_4,1918,2557,1755,19,15,2,4346,0.7275667267800905,True,False,False,False,False,True,1.0
NORT_ARTIC_4,1964,995,456,8,4,1,1463,1.0,True,False,False,True,False,True,1.0
NORT_ARTIC_4,2658,798,531,8,11,2,1348,0.15586763676975535,True,False,False,False,False,True,1.0
NORT_ARTIC_4,3862,694,713,19,23,3,1449,0.6408659951469179,True,False,False,False,False,True,1.0
NORT_ARTIC_4,4049,519,199,6,3,1,727,0.7140425708579377,True,True,False,True,False,True,1.0
NORT_ARTIC_4,5209,3184,10865,21,62,5,14132,0.5987408931650271,True,False,False,False,False,True,1.0
NORT_ARTIC_4,5636,3315,1247,19,12,2,4593,0.16073666902033898,True,False,False,False,False,True,1.0
NORT_ARTIC_4,5986,695,234,2,0,1,931,1.0,True,True,True,True,False,True,1.0
NORT_ARTIC_4,6479,11,21,0,0,1,32,1.0,True,True,True,True,False,True,1.0
NORT_ARTIC_4,7959,189,628,5,8,1,830,0.195807971301282,True,True,False,True,False,True,1.0
NORT_ARTIC_4,10299,474,431,4,8,1,917,0.24812454966520736,True,True,False,False,False,True,1.0
NORT_ARTIC_4,10842,647,292,6,6,1,951,0.2086112222103641,True,True,False,True,False,True,1.0
NORT_ARTIC_4,11735,1993,870,19,8,2,2890,1.0,True,False,False,False,False,True,1.0
NORT_ARTIC_4,12190,323,895,4,11,1,1233,1.0,True,False,False,True,False,True,1.0
NORT_ARTIC_4,12675,713,389,9,4,1,1115,1.0,True,False,False,True,False,True,1.0
NORT_ARTIC_4,13031,549,683,6,7,1,1245,1.0,True,False,False,False,False,True,1.0
NORT_ARTIC_4,13244,1324,629,12,7,1,1972,0.6310436980077943,True,False,False,False,False,True,1.0
NORT_ARTIC_4,14801,449,202,6,4,1,661,0.5113714790802395,True,True,False,True,False,True,1.0
NORT_ARTIC_4,16974,3247,8746,23,48,4,12064,0.3481594281557451,True,False,False,False,False,True,1.0
NORT_ARTIC_4,17144,307,190,5,5,1,507,0.5183356969939741,True,True,False,True,False,True,1.0
NORT_ARTIC_4,17607,372,1266,5,9,1,1652,0.33239977836788437,True,False,False,True,False,True,1.0
NORT_ARTIC_4,18333,6481,1476,39,8,2,8004,1.0,True,False,False,False,False,True,1.0
NORT_ARTIC_4,19183,2116,4763,19,37,4,6935,0.6629509085907367,True,False,False,False,False,True,1.0
NORT_ARTIC_4,19935,816,250,7,3,1,1076,0.7074463582808017,True,False,False,True,False,True,1.0
NORT_ARTIC_4,20636,2234,6673,16,40,2,8963,0.5381715672039665,True,False,False,False,False,True,1.0
NORT_ARTIC_4,21658,882,675,19,5,1,1581,0.03583701663300507,True,False,False,False,False,True,0.9019300084257204
NORT_ARTIC_4,21801,297,859,5,10,1,1171,0.5529536525132867,True,False,False,True,False,True,1.0
NORT_ARTIC_4,23322,842,579,10,5,1,1436,0.6100080654525444,True,False,False,False,False,True,1.0
NORT_ARTIC_4,23891,1371,281,21,9,2,1682,0.0830144358423843,True,False,False,False,False,True,1.0
NORT_ARTIC_4,24295,1090,432,10,8,1,1540,0.18584344166267158,True,False,False,False,False,True,1.0
NORT_ARTIC_4,24942,1562,1982,31,43,6,3618,0.7245485146821018,True,False,False,False,False,True,1.0
NORT_ARTIC_4,27863,1013,524,9,9,1,1555,0.21000700235562358,True,False,False,False,False,True,1.0
NORT_ARTIC_4,1473,178,211,3,5,1,397,0.7323860494610855,True,True,False,True,False,True,1.0
NORT_ARTIC_4,1637,5594,2035,56,22,5,7707,0.7969900123885193,True,False,False,False,False,True,1.0
NORT_ARTIC_4,2062,226,376,0,2,1,604,0.5308886033409113,True,True,True,True,False,True,1.0
NORT_ARTIC_4,3456,809,722,13,5,1,1549,0.1523930872741807,True,False,False,False,False,True,1.0
NORT_ARTIC_4,2110,135,391,5,17,1,548,1.0,True,True,False,False,False,True,1.0
NORT_ARTIC_4,2948,280,87,8,5,1,380,0.3187802875725807,True,True,False,True,False,True,1.0
NORT_ARTIC_4,4080,312,183,9,2,1,506,0.34253566196738994,True,True,False,True,False,True,1.0
NORT_ARTIC_4,4586,110,383,1,10,1,504,0.46966797295956586,True,True,False,True,False,True,1.0
NORT_ARTIC_4,5721,429,272,16,10,1,727,1.0,True,True,False,False,False,True,1.0
NORT_ARTIC_4,5869,209,615,5,10,1,839,0.5497108584327466,True,True,False,True,False,True,1.0
NORT_ARTIC_4,5940,512,309,10,3,1,834,0.39065386362318505,True,True,False,True,False,True,1.0
NORT_ARTIC_4,6012,534,186,12,3,1,735,0.7707342426688557,True,True,False,True,False,True,1.0
NORT_ARTIC_4,6817,2979,3788,22,32,3,6821,0.681081211053622,True,False,False,False,False,True,1.0
NORT_ARTIC_4,6983,301,633,10,19,1,963,0.8409108929893703,True,True,False,False,False,True,1.0
NORT_ARTIC_4,7509,668,203,9,4,1,884,0.5154725699191729,True,True,False,True,False,True,1.0
NORT_ARTIC_4,8075,438,245,14,8,1,705,1.0,True,True,False,False,False,True,1.0
NORT_ARTIC_4,8099,435,186,14,7,1,642,0.8093838214536246,True,True,False,False,False,True,1.0
NORT_ARTIC_4,8198,152,203,5,7,1,367,1.0,True,True,False,False,False,True,1.0
NORT_ARTIC_4,8532,255,259,5,6,1,525,1.0,True,True,False,False,False,True,1.0
NORT_ARTIC_4,8642,318,658,7,17,1,1000,0.827894341444259,True,False,False,False,False,True,1.0
NORT_ARTIC_4,9026,497,164,9,3,1,673,1.0,True,True,False,True,False,True,1.0
NORT_ARTIC_4,9414,133,301,11,15,1,460,0.2752371106726881,True,True,False,False,False,True,1.0
NORT_ARTIC_4,9429,130,312,6,7,1,455,0.2219301777623903,True,True,False,True,False,True,1.0
NORT_ARTIC_4,9973,162,107,4,4,1,277,0.7175562465719036,True,True,False,True,False,True,1.0
NORT_ARTIC_4,10201,438,145,14,8,1,605,0.21962559441627844,True,True,False,False,False,True,1.0
NORT_ARTIC_4,10422,411,530,4,12,1,957,0.20247776082633206,True,True,False,False,False,True,1.0
NORT_ARTIC_4,11375,756,648,15,6,1,1425,0.12562412046028265,True,False,False,False,False,True,1.0
NORT_ARTIC_4,11824,235,290,5,4,2,534,0.7377247335093727,True,True,False,True,False,True,1.0
NORT_ARTIC_4,11844,206,289,5,7,1,507,1.0,True,True,False,True,False,True,1.0
NORT_ARTIC_4,11863,459,784,15,26,2,1284,1.0,True,False,False,False,False,True,1.0
NORT_ARTIC_4,12347,549,135,8,5,1,697,0.15130417998351098,True,True,False,True,False,True,1.0
NORT_ARTIC_4,12398,332,164,9,3,1,508,0.7588107847527177,True,True,False,True,False,True,1.0
NORT_ARTIC_4,12578,757,770,13,7,1,1547,0.18457838288274936,True,False,False,False,False,True,1.0
NORT_ARTIC_4,13813,592,268,21,6,1,887,0.4007921416325252,True,True,False,False,False,True,1.0
NORT_ARTIC_4,14120,411,574,19,17,2,1021,0.2289068200252177,True,False,False,False,False,True,1.0
NORT_ARTIC_4,14131,378,377,13,9,1,777,0.5176033567579836,True,True,False,False,False,True,1.0
NORT_ARTIC_4,14287,128,215,3,6,1,352,1.0,True,True,False,True,False,True,1.0
NORT_ARTIC_4,14562,131,139,3,5,1,278,0.7240134311912567,True,True,False,True,False,True,1.0
NORT_ARTIC_4,14575,134,267,2,8,1,411,0.5076239894636017,True,True,False,True,False,True,1.0
NORT_ARTIC_4,14616,137,323,3,8,1,471,1.0,True,True,False,True,False,True,1.0
NORT_ARTIC_4,14901,144,355,1,1,1,501,0.49548902195608785,True,True,False,True,False,True,1.0
NORT_ARTIC_4,15944,1788,563,31,13,2,2395,0.3769068359896797,True,False,False,False,False,True,1.0
NORT_ARTIC_4,16200,558,431,23,8,1,1020,0.06416083546419439,True,False,False,False,False,True,1.0
NORT_ARTIC_4,16293,294,208,8,3,1,513,0.5377201107248382,True,True,False,True,False,True,1.0
NORT_ARTIC_4,16634,181,296,8,10,1,495,0.6250529449604652,True,True,False,False,False,True,1.0
NORT_ARTIC_4,17096,1071,600,15,6,1,1692,0.6480430377412028,True,False,False,False,False,True,1.0
NORT_ARTIC_4,18060,205,83,7,4,1,299,0.7357500145325161,True,True,False,True,False,True,1.0
NORT_ARTIC_4,18170,73,158,5,7,1,243,0.5297554725543268,True,True,False,True,False,True,1.0
NORT_ARTIC_4,18374,659,285,19,9,1,972,0.8358978189470212,True,True,False,False,False,True,1.0
NORT_ARTIC_4,18555,327,721,11,30,1,1089,0.6098329802427429,True,False,False,False,False,True,1.0
NORT_ARTIC_4,18588,464,780,7,19,1,1270,0.312445215011512,True,False,False,False,False,True,1.0
NORT_ARTIC_4,19419,81,220,1,8,1,310,0.4537122723599605,True,True,False,True,False,True,1.0
NORT_ARTIC_4,20627,235,395,9,12,1,651,0.6497700140261071,True,True,False,False,False,True,1.0
NORT_ARTIC_4,20629,441,808,5,9,2,1263,1.0,True,False,False,True,False,True,1.0
NORT_ARTIC_4,20988,405,1501,5,26,2,1937,0.6580025903447864,True,False,False,False,False,True,1.0
NORT_ARTIC_4,21247,127,383,3,12,1,525,1.0,True,True,False,True,False,True,1.0
NORT_ARTIC_4,21346,303,330,9,3,1,645,0.0809357805883871,True,True,False,False,False,True,1.0
NORT_ARTIC_4,22200,1998,2968,14,17,6,4997,0.5860570986488116,True,False,False,False,False,True,1.0
NORT_ARTIC_4,22420,232,339,4,5,1,580,1.0,True,True,False,True,False,True,1.0
NORT_ARTIC_4,22530,429,231,12,4,1,676,0.5962685306066582,True,True,False,False,False,True,1.0
NORT_ARTIC_4,23903,317,98,13,1,1,429,0.20524660611071738,True,True,False,True,False,True,1.0
NORT_ARTIC_4,24432,221,643,7,12,1,883,0.2904771055301775,True,True,False,True,False,True,1.0
NORT_ARTIC_4,24876,327,124,13,3,1,467,0.574438248077529,True,True,False,True,False,True,1.0
NORT_ARTIC_4,25010,121,327,5,7,1,460,0.3236200118567847,True,True,False,True,False,True,1.0
NORT_ARTIC_4,25587,140,405,5,10,1,560,0.5512977944470693,True,True,False,True,False,True,1.0
NORT_ARTIC_4,25620,277,461,13,17,1,768,0.5663375636238657,True,True,False,False,False,True,1.0
NORT_ARTIC_4,25835,142,143,8,6,1,299,0.7854703941689898,True,True,False,False,False,True,1.0
NORT_ARTIC_4,26600,59,108,10,4,1,181,0.010191470067036098,True,True,False,False,False,True,0.41222239867062094
NORT_ARTIC_4,29439,158,506,5,12,1,681,0.5707747467552923,True,True,False,True,False,True,1.0
NORT_ARTIC_4,2643,332,120,6,3,1,461,0.7057994382729817,True,True,False,True,False,True,1.0
NORT_ARTIC_4,7212,1183,377,58,2,2,1620,3.0815179776053414e-05,True,False,False,False,False,True,0.0024064911149638693
NORT_ARTIC_4,9236,5028,7068,45,65,6,12206,0.9228332551099865,True,False,False,False,False,True,1.0
NORT_ARTIC_4,9313,583,493,6,8,1,1090,0.4298983507711146,True,False,False,False,False,True,1.0
NORT_ARTIC_4,9438,308,840,0,0,2,1148,1.0,True,False,True,True,False,True,1.0
NORT_ARTIC_4,16167,1426,1179,11,11,1,2627,0.6730624460781891,True,False,False,False,False,True,1.0
NORT_ARTIC_4,18890,743,984,7,19,1,1753,0.1126571475661551,True,False,False,False,False,True,1.0
NORT_ARTIC_4,20367,269,1187,4,12,1,1472,0.5163853506995504,True,False,False,True,False,True,1.0
NORT_ARTIC_4,23551,299,1093,0,0,1,1392,1.0,True,False,True,True,False,True,1.0
NORT_ARTIC_4,23848,6,15,2,2,1,25,0.5699604743083004,True,True,False,True,False,True,1.0
NORT_ARTIC_4,25780,917,317,12,6,1,1252,0.4275714295312668,True,False,False,True,False,True,1.0
NORT_ARTIC_4,27203,946,213,9,6,1,1174,0.04419053516239344,True,False,False,True,False,True,0.9699283053782488
NORT_ARTIC_4,1651,43,12,10,4,1,69,0.7239038040172199,True,True,False,True,False,True,1.0
NORT_ARTIC_4,1763,14,17,2,2,1,35,1.0,True,True,False,True,False,True,1.0
NORT_ARTIC_4,4893,140,244,1,1,2,386,1.0,True,True,False,True,False,True,1.0
NORT_ARTIC_4,6069,9,10,1,2,1,22,1.0,True,True,False,True,False,True,1.0
NORT_ARTIC_4,8369,34,10,8,0,1,52,0.3278166030519516,True,True,True,True,False,True,1.0
NORT_ARTIC_4,11277,348,1178,6,27,2,1559,0.6757086047380296,True,False,False,False,False,True,1.0
NORT_ARTIC_4,11586,4,17,2,2,1,25,0.23399209486166006,True,True,False,True,False,True,1.0
NORT_ARTIC_4,11655,6,17,3,2,1,28,0.2901098901098901,True,True,False,True,False,True,1.0
NORT_ARTIC_4,14047,4,12,2,4,1,22,1.0,True,True,False,True,False,True,1.0
NORT_ARTIC_4,14606,5,16,1,2,1,24,1.0,True,True,False,True,False,True,1.0
NORT_ARTIC_4,14794,31,12,4,0,1,47,0.5596669750231267,True,True,True,True,False,True,1.0
NORT_ARTIC_4,18006,3,6,2,2,1,13,1.0,True,True,False,True,False,True,1.0
NORT_ARTIC_4,25186,14,4,10,4,1,32,0.7034927697441601,True,True,False,True,False,True,1.0
NORT_ARTIC_4,25308,11,2,4,2,1,19,0.5572755417956656,True,True,False,True,False,True,1.0
NORT_ARTIC_4,25658,10,15,3,7,1,35,0.7093993325917687,True,True,False,True,False,True,1.0
NORT_ARTIC_4,27942,4,20,5,12,1,41,0.45001187619929583,True,True,False,True,False,True,1.0
NORT_ARTIC_4,28216,70,47,8,3,1,128,0.5263344578168764,True,True,False,True,False,True,1.0
NORT_ARTIC_4,28825,2,21,1,2,1,26,0.3188461538461538,True,True,False,True,False,True,1.0
NORT_ARTIC_4,561,418,659,49,39,1,1165,0.002213660355840278,True,False,False,False,False,True,0.11746590016439629
NORT_ARTIC_4,729,1492,406,14,6,2,1918,0.40867629578194387,True,False,False,True,False,True,1.0
NORT_ARTIC_4,1248,1838,5442,26,50,4,7356,0.084263304085791,True,False,False,False,False,True,1.0
NORT_ARTIC_4,1885,7405,4843,45,32,3,12325,0.7269248393775721,True,False,False,False,False,True,1.0
NORT_ARTIC_4,1910,2426,1430,13,9,1,3878,0.8253630390563484,True,False,False,False,False,True,1.0
NORT_ARTIC_4,2037,1120,1918,13,22,2,3073,1.0,True,False,False,False,False,True,1.0
NORT_ARTIC_4,2392,657,1436,10,14,1,2117,0.2771454595637487,True,False,False,False,False,True,1.0
NORT_ARTIC_4,3429,1263,1396,88,81,1,2828,0.26650888149443974,True,False,False,False,False,True,1.0
NORT_ARTIC_4,3472,1515,1061,11,7,1,2594,1.0,True,False,False,False,False,True,1.0
NORT_ARTIC_4,5725,2917,2892,26,21,2,5856,0.5587182176742125,True,False,False,False,False,True,1.0
NORT_ARTIC_4,5807,3952,10825,27,69,4,14873,0.730048622886426,True,False,False,False,False,True,1.0
NORT_ARTIC_4,6846,3046,5049,21,32,2,8148,0.7772479451097907,True,False,False,False,False,True,1.0
NORT_ARTIC_4,8418,1929,483,15,5,1,2432,0.5759760544628786,True,False,False,True,False,True,1.0
NORT_ARTIC_4,8891,68,222,4,6,1,300,0.25927563211297455,True,True,False,True,False,True,1.0
NORT_ARTIC_4,10227,1827,606,13,6,1,2452,0.5937350421300368,True,False,False,True,False,True,1.0
NORT_ARTIC_4,11311,1799,6314,25,47,3,8185,0.01501253655618354,True,False,False,False,False,True,0.5265838034410482
NORT_ARTIC_4,15599,3916,983,29,9,2,4937,0.5452327058917723,True,False,False,False,False,True,1.0
NORT_ARTIC_4,18165,165,534,8,43,1,750,0.23017666638897366,True,True,False,False,False,True,1.0
NORT_ARTIC_4,18458,1365,1843,22,20,1,3250,0.2119272154358986,True,False,False,False,False,True,1.0
NORT_ARTIC_4,19616,3822,1665,21,16,2,5524,0.105820745637035,True,False,False,False,False,True,1.0
NORT_ARTIC_4,19931,4805,1687,32,12,2,6536,0.8633647101603092,True,False,False,False,False,True,1.0
NORT_ARTIC_4,20889,862,964,6,11,1,1843,0.4652041917564461,True,False,False,False,False,True,1.0
NORT_ARTIC_4,21859,264,1483,0,1,1,1748,1.0,True,False,True,True,False,True,1.0
NORT_ARTIC_4,22762,2139,1788,16,16,2,3959,0.722176856421758,True,False,False,False,False,True,1.0
NORT_ARTIC_4,23969,2062,611,23,8,2,2704,0.6698975975159709,True,False,False,False,False,True,1.0
NORT_ARTIC_4,24818,1573,889,19,5,1,2486,0.13839502573418272,True,False,False,False,False,True,1.0
NORT_ARTIC_4,26012,10120,5426,65,37,3,15648,0.7557994818776068,True,False,False,False,False,True,1.0
NORT_ARTIC_4,26125,9898,2512,32,146,3,12588,1.5373049132973441e-68,True,False,False,False,False,True,5.784459123761552e-66
NORT_ARTIC_4,26575,410,1293,8,17,2,1728,0.35146809930585177,True,False,False,False,False,True,1.0
NORT_ARTIC_4,2831,50,290,0,10,1,350,0.3684215883327928,True,True,True,True,False,True,1.0
NORT_ARTIC_4,3410,684,877,5,15,1,1581,0.11312989777657265,True,False,False,False,False,True,1.0
NORT_ARTIC_4,3682,293,1014,5,7,1,1319,0.15667033569262515,True,False,False,True,False,True,1.0
NORT_ARTIC_4,4004,400,400,5,12,1,817,0.13953619900347636,True,True,False,False,False,True,1.0
NORT_ARTIC_4,4486,376,348,7,12,1,743,0.24640417970542478,True,True,False,False,False,True,1.0
NORT_ARTIC_4,5045,787,185,14,8,1,994,0.05443010571112206,True,True,False,True,False,True,0.9880974014839219
NORT_ARTIC_4,6246,138,310,3,12,1,463,0.5692782380225629,True,True,False,True,False,True,1.0
NORT_ARTIC_4,6890,916,310,25,5,1,1256,0.39360714632840477,True,False,False,False,False,True,1.0
NORT_ARTIC_4,7204,552,143,21,6,1,722,0.8099498380696394,True,True,False,False,False,True,1.0
NORT_ARTIC_4,7256,282,208,9,11,1,510,0.3570009926384134,True,True,False,False,False,True,1.0
NORT_ARTIC_4,7441,760,439,9,4,1,1212,0.7782730431326669,True,False,False,True,False,True,1.0
NORT_ARTIC_4,7791,742,187,15,2,1,946,0.5476798524636097,True,True,False,True,False,True,1.0
NORT_ARTIC_4,8572,517,1501,10,39,2,2067,0.5075735587750366,True,False,False,False,False,True,1.0
NORT_ARTIC_4,9718,409,1440,9,38,1,1896,0.7238667571904775,True,False,False,False,False,True,1.0
NORT_ARTIC_4,10806,1051,354,18,7,1,1430,0.8163208515873287,True,False,False,False,False,True,1.0
NORT_ARTIC_4,10889,428,417,13,12,1,870,1.0,True,True,False,False,False,True,1.0
NORT_ARTIC_4,10933,309,578,3,15,1,905,0.13532215186363317,True,True,False,False,False,True,1.0
NORT_ARTIC_4,11075,1039,632,41,11,1,1723,0.013386169183269295,True,False,False,False,False,True,0.4906934136257665
NORT_ARTIC_4,11112,1056,319,18,5,1,1398,1.0,True,False,False,False,False,True,1.0
NORT_ARTIC_4,11182,683,457,17,12,1,1169,1.0,True,False,False,False,False,True,1.0
NORT_ARTIC_4,12256,748,1131,4,21,1,1904,0.021431524081016378,True,False,False,False,False,True,0.6455165252342834
NORT_ARTIC_4,12326,2673,1246,23,11,2,3953,1.0,True,False,False,False,False,True,1.0
NORT_ARTIC_4,12985,1218,398,48,13,1,1677,0.6501156649050313,True,False,False,False,False,True,1.0
NORT_ARTIC_4,13018,686,409,12,10,1,1117,0.5061149172957816,True,False,False,False,False,True,1.0
NORT_ARTIC_4,14610,340,868,3,17,1,1228,0.3130704258615189,True,False,False,False,False,True,1.0
NORT_ARTIC_4,14696,686,853,7,15,1,1561,0.28286926492065434,True,False,False,False,False,True,1.0
NORT_ARTIC_4,14833,542,307,7,6,1,862,0.5628452101285627,True,True,False,True,False,True,1.0
NORT_ARTIC_4,15984,1373,538,20,10,1,1941,0.542089056681788,True,False,False,False,False,True,1.0
NORT_ARTIC_4,16837,1508,396,27,4,1,1935,0.3731235260662372,True,False,False,False,False,True,1.0
NORT_ARTIC_4,17019,2052,1991,6,28,1,4077,9.671341596051708e-05,True,False,False,False,False,True,0.0071481576546532175
NORT_ARTIC_4,18017,470,166,10,3,1,649,1.0,True,True,False,True,False,True,1.0
NORT_ARTIC_4,18981,926,360,15,3,1,1304,0.42758477572011333,True,False,False,False,False,True,1.0
NORT_ARTIC_4,19096,355,388,10,11,1,764,1.0,True,True,False,False,False,True,1.0
NORT_ARTIC_4,19342,407,191,15,8,1,621,0.8209205560188382,True,True,False,False,False,True,1.0
NORT_ARTIC_4,19984,455,210,16,11,1,692,0.39932641252878476,True,True,False,False,False,True,1.0
NORT_ARTIC_4,20060,265,586,6,22,1,879,0.30715736198202825,True,True,False,False,False,True,1.0
NORT_ARTIC_4,20236,2264,796,40,15,2,3115,0.8768321069216771,True,False,False,False,False,True,1.0
NORT_ARTIC_4,20438,1206,1534,3,20,1,2763,0.0025095632431405136,True,False,False,False,False,True,0.12823558349825415
NORT_ARTIC_4,21374,752,434,15,6,1,1207,0.502346091700342,True,False,False,False,False,True,1.0
NORT_ARTIC_4,22278,315,154,9,3,1,481,0.7588160310672911,True,True,False,True,False,True,1.0
NORT_ARTIC_4,22675,251,942,5,23,1,1221,0.8171301793217483,True,False,False,False,False,True,1.0
NORT_ARTIC_4,22753,114,545,5,9,1,673,0.08302590958153865,True,True,False,True,False,True,1.0
NORT_ARTIC_4,23944,578,153,17,5,1,753,0.7930942718004637,True,True,False,True,False,True,1.0
NORT_ARTIC_4,24327,1040,348,21,7,1,1416,1.0,True,False,False,False,False,True,1.0
NORT_ARTIC_4,24581,1126,507,26,9,2,1668,0.5823141048439917,True,False,False,False,False,True,1.0
NORT_ARTIC_4,24845,733,232,15,2,1,982,0.3878728324829034,True,True,False,True,False,True,1.0
NORT_ARTIC_4,25463,361,85,303,73,1,822,0.929301645338817,True,True,False,False,False,True,1.0
NORT_ARTIC_4,26236,379,1655,10,44,1,2088,1.0,True,False,False,False,False,True,1.0
NORT_ARTIC_4,27530,822,944,8,13,1,1787,0.5131953242902672,True,False,False,False,False,True,1.0
NORT_ARTIC_4,27801,4298,2333,22,30,3,6683,0.0011542596838733836,True,False,False,False,False,True,0.06635390043822133
NORT_ARTIC_4,27850,4371,1430,50,19,2,5870,0.5754198102032008,True,False,False,False,False,True,1.0
NORT_ARTIC_4,27972,330,1607,3,17,1,1957,1.0,True,False,False,True,False,True,1.0
NORT_ARTIC_4,28170,1046,892,14,15,1,1967,0.5772425104284588,True,False,False,False,False,True,1.0
NORT_ARTIC_4,28421,410,439,16,13,1,878,0.5717151768004347,True,True,False,False,False,True,1.0
NORT_ARTIC_4,28665,1488,511,27,10,1,2036,0.8497292210073208,True,False,False,False,False,True,1.0
NORT_ARTIC_4,1553,528,331,8,4,1,871,0.7756983779371553,True,True,False,True,False,True,1.0
NORT_ARTIC_4,1597,890,408,11,3,1,1312,0.5677940233402944,True,False,False,True,False,True,1.0
NORT_ARTIC_4,2646,638,337,8,5,1,988,0.7745031779680329,True,True,False,True,False,True,1.0
NORT_ARTIC_4,2871,619,271,7,5,1,902,0.5283278150398031,True,True,False,True,False,True,1.0
NORT_ARTIC_4,3095,439,780,5,10,1,1234,1.0,True,False,False,False,False,True,1.0
NORT_ARTIC_4,7262,305,273,43,0,3,621,7.145494226092942e-12,True,True,True,False,False,True,7.041714428999687e-10
NORT_ARTIC_4,7572,1232,705,10,7,1,1954,0.8009631816806335,True,False,False,False,False,True,1.0
NORT_ARTIC_4,8603,950,2828,15,27,2,3820,0.15096383525385193,True,False,False,False,False,True,1.0
NORT_ARTIC_4,9475,121,401,4,6,1,532,0.2551592574956597,True,True,False,True,False,True,1.0
NORT_ARTIC_4,10138,792,612,1,1,1,1406,1.0,True,False,False,True,False,True,1.0
NORT_ARTIC_4,10428,1780,1823,22,18,2,3643,0.5269501024324446,True,False,False,False,False,True,1.0
NORT_ARTIC_4,11458,1435,757,12,9,1,2213,0.49046758432383886,True,False,False,False,False,True,1.0
NORT_ARTIC_4,11728,2758,1102,24,11,2,3895,0.7087489403961479,True,False,False,False,False,True,1.0
NORT_ARTIC_4,12916,2856,923,19,12,2,3810,0.09041483719795798,True,False,False,False,False,True,1.0
NORT_ARTIC_4,14700,2362,5212,23,40,4,7637,0.4125961308106969,True,False,False,False,False,True,1.0
NORT_ARTIC_4,15012,780,495,4,7,1,1286,0.12128822731153613,True,False,False,True,False,True,1.0
NORT_ARTIC_4,15709,1184,634,14,3,1,1835,0.20002743205014561,True,False,False,False,False,True,1.0
NORT_ARTIC_4,16154,1262,1512,8,15,1,2797,0.4011968526598147,True,False,False,False,False,True,1.0
NORT_ARTIC_4,17645,4199,4983,33,32,3,9247,0.45442237282455217,True,False,False,False,False,True,1.0
NORT_ARTIC_4,18439,4866,5349,34,35,3,10284,0.8097844712011812,True,False,False,False,False,True,1.0
NORT_ARTIC_4,19742,412,1069,4,10,1,1495,1.0,True,False,False,True,False,True,1.0
NORT_ARTIC_4,20239,3297,1635,21,15,2,4968,0.2896042972819355,True,False,False,False,False,True,1.0
NORT_ARTIC_4,21392,826,287,9,5,1,1127,0.3719676878471694,True,False,False,True,False,True,1.0
NORT_ARTIC_4,21585,2448,3023,22,23,3,5516,0.6522323896800004,True,False,False,False,False,True,1.0
NORT_ARTIC_4,24260,2695,406,23,6,2,3130,0.26207094395693015,True,False,False,True,False,True,1.0
NORT_ARTIC_4,24300,1442,578,8,6,1,2034,0.24488665786816585,True,False,False,True,False,True,1.0
NORT_ARTIC_4,24406,1113,2039,10,22,2,3184,0.7127265859166305,True,False,False,False,False,True,1.0
NORT_ARTIC_4,24772,1127,975,16,8,2,2126,0.22288605438343434,True,False,False,False,False,True,1.0
NORT_ARTIC_4,25068,365,624,7,8,1,1004,0.4329511799476201,True,False,False,False,False,True,1.0
NORT_ARTIC_4,27624,264,204,5,5,1,478,0.7538066444760116,True,True,False,True,False,True,1.0
NORT_ARTIC_4,27924,941,2270,7,23,2,3241,0.5504467275861129,True,False,False,False,False,True,1.0
NORT_ARTIC_4,28566,539,524,8,8,1,1079,1.0,True,False,False,False,False,True,1.0
NORT_ARTIC_4,28641,666,252,7,4,1,929,0.5066133368165036,True,True,False,True,False,True,1.0
NORT_ARTIC_4,2015,619,609,9,14,2,1251,0.30124427346625454,True,False,False,False,False,True,1.0
NORT_ARTIC_4,2841,1,16,1,0,1,18,0.1111111111111111,True,True,True,True,False,True,1.0
NORT_ARTIC_4,5646,45,15,0,0,1,60,1.0,True,True,True,True,False,True,1.0
NORT_ARTIC_4,5851,729,2698,6,13,2,3446,0.2666892656102513,True,False,False,True,False,True,1.0
NORT_ARTIC_4,6053,48,47,3,3,1,101,1.0,True,True,False,True,False,True,1.0
NORT_ARTIC_4,6663,31,32,11,12,1,86,1.0,True,True,False,False,False,True,1.0
NORT_ARTIC_4,7687,30,126,2,4,1,162,0.33845129500154075,True,True,False,True,False,True,1.0
NORT_ARTIC_4,8277,35,105,3,3,1,146,0.18195277838672233,True,True,False,True,False,True,1.0
NORT_ARTIC_4,12121,63,37,0,0,1,100,1.0,True,True,True,True,False,True,1.0
NORT_ARTIC_4,15264,29,44,0,0,1,73,1.0,True,True,True,True,False,True,1.0
NORT_ARTIC_4,16001,53,24,13,7,1,97,0.7907047785894652,True,True,False,False,False,True,1.0
NORT_ARTIC_4,17259,51,171,0,0,1,222,1.0,True,True,True,True,False,True,1.0
NORT_ARTIC_4,17762,123,57,22,8,1,210,0.673259949084758,True,True,False,False,False,True,1.0
NORT_ARTIC_4,18682,50,19,12,0,1,81,0.05938518476355173,True,True,True,True,False,True,1.0
NORT_ARTIC_4,20132,118,62,0,0,1,180,1.0,True,True,True,True,False,True,1.0
NORT_ARTIC_4,20901,44,83,21,30,1,178,0.49140368861183725,True,True,False,False,False,True,1.0
NORT_ARTIC_4,23059,156,26,8,3,1,193,0.21783131861711988,True,True,False,True,False,True,1.0
NORT_ARTIC_4,23320,165,149,2,9,1,325,0.03134432971551784,True,True,False,False,False,True,0.8159382433492348
NORT_ARTIC_4,23605,251,167,0,0,1,418,1.0,True,True,True,True,False,True,1.0
NORT_ARTIC_4,25626,55,125,0,0,1,180,1.0,True,True,True,True,False,True,1.0
NORT_ARTIC_4,26715,260,75,16,5,1,356,0.7938311018351976,True,True,False,True,False,True,1.0
NORT_ARTIC_4,27707,6,34,0,0,1,40,1.0,True,True,True,True,False,True,1.0
NORT_ARTIC_4,29095,121,525,4,16,4,666,0.7777545938548129,True,True,False,True,False,True,1.0
NORT_ARTIC_4,324,225,1090,8,40,1,1363,1.0,True,False,False,False,False,True,1.0
NORT_ARTIC_4,486,616,226,102,55,1,999,0.042134345252905006,True,True,False,False,False,True,0.9552045103855041
NORT_ARTIC_4,2048,547,1067,15,27,1,1656,0.8691187286918809,True,False,False,False,False,True,1.0
NORT_ARTIC_4,2902,1714,425,6,0,1,2145,0.6054236178447971,True,False,True,True,False,True,1.0
NORT_ARTIC_4,3281,580,770,9,23,1,1382,0.1052388358102405,True,False,False,False,False,True,1.0
NORT_ARTIC_4,3496,1472,301,55,13,1,1841,0.6231282456937262,True,False,False,False,False,True,1.0
NORT_ARTIC_4,4011,605,423,6,5,1,1039,0.7678390698240312,True,False,False,True,False,True,1.0
NORT_ARTIC_4,4664,1139,989,8,8,1,2144,0.8062237789250359,True,False,False,False,False,True,1.0
NORT_ARTIC_4,4700,1845,748,19,9,2,2621,0.6790290943088585,True,False,False,False,False,True,1.0
NORT_ARTIC_4,5260,6015,6387,31,29,2,12462,0.6981463120558403,True,False,False,False,False,True,1.0
NORT_ARTIC_4,5284,2693,2206,19,14,1,4932,0.8613086996147139,True,False,False,False,False,True,1.0
NORT_ARTIC_4,7191,2470,530,70,3,2,3073,0.0008976425734888344,True,False,False,False,False,True,0.053845545096670805
NORT_ARTIC_4,7499,2769,550,20,5,1,3344,0.5925994987785038,True,False,False,True,False,True,1.0
NORT_ARTIC_4,8147,1479,629,15,7,1,2130,0.8176954548265518,True,False,False,False,False,True,1.0
NORT_ARTIC_4,9229,1494,2361,12,16,1,3883,0.6990269831579023,True,False,False,False,False,True,1.0
NORT_ARTIC_4,10143,2373,1088,18,11,1,3490,0.43032533232036396,True,False,False,False,False,True,1.0
NORT_ARTIC_4,10177,2535,507,18,6,1,3066,0.2724547019493643,True,False,False,True,False,True,1.0
NORT_ARTIC_4,13081,698,1463,5,14,1,2180,0.8057509075253629,True,False,False,False,False,True,1.0
NORT_ARTIC_4,13507,414,1357,1,24,1,1796,0.016760850204464276,True,False,False,False,False,True,0.5594609596474003
NORT_ARTIC_4,14199,1130,394,13,9,1,1546,0.13936820454336146,True,False,False,False,False,True,1.0
NORT_ARTIC_4,19165,1869,4850,20,40,3,6779,0.3850844705087235,True,False,False,False,False,True,1.0
NORT_ARTIC_4,20127,4753,5345,40,24,3,10162,0.01649540884315617,True,False,False,False,False,True,0.5550772130229544
NORT_ARTIC_4,21357,1158,1432,23,37,1,2650,0.35935551594871556,True,False,False,False,False,True,1.0
NORT_ARTIC_4,21661,1666,1309,14,11,1,3000,1.0,True,False,False,False,False,True,1.0
NORT_ARTIC_4,23445,950,793,0,2,1,1745,0.20741765463578773,True,False,True,True,False,True,1.0
NORT_ARTIC_4,24064,577,616,7,7,1,1207,1.0,True,False,False,False,False,True,1.0
NORT_ARTIC_4,25121,1456,1076,11,10,1,2553,0.6625937619836916,True,False,False,False,False,True,1.0
NORT_ARTIC_4,29242,2873,674,29,8,2,3584,0.6743164731421913,True,False,False,False,False,True,1.0
NORT_ARTIC_4,731,119,35,4,2,1,160,0.6227742319492854,True,True,False,True,False,True,1.0
NORT_ARTIC_4,980,109,144,4,12,1,269,0.19600393984180536,True,True,False,False,False,True,1.0
NORT_ARTIC_4,3320,39,74,2,2,1,117,0.6112200310101361,True,True,False,True,False,True,1.0
NORT_ARTIC_4,4996,144,86,15,4,1,249,0.21479638871891182,True,True,False,False,False,True,1.0
NORT_ARTIC_4,5276,208,193,7,2,1,410,0.1795812171869306,True,True,False,True,False,True,1.0
NORT_ARTIC_4,5668,218,76,21,6,1,321,0.8194342551641725,True,True,False,False,False,True,1.0
NORT_ARTIC_4,5696,210,79,38,17,1,344,0.6236267311222354,True,True,False,False,False,True,1.0
NORT_ARTIC_4,6627,88,36,93,28,1,245,0.3117982820090757,True,True,False,False,False,True,1.0
NORT_ARTIC_4,7735,88,93,26,77,1,284,0.00014502239802015847,True,True,False,False,False,True,0.010349098369059239
NORT_ARTIC_4,8021,226,120,1,6,1,353,0.00942036961664689,True,True,False,True,False,True,0.39384757417476235
NORT_ARTIC_4,8202,88,141,7,10,1,246,0.8025290494982296,True,True,False,False,False,True,1.0
NORT_ARTIC_4,8768,46,37,2,2,1,87,1.0,True,True,False,True,False,True,1.0
NORT_ARTIC_4,10150,163,128,14,5,1,310,0.15589770583244467,True,True,False,False,False,True,1.0
NORT_ARTIC_4,10359,67,191,3,4,1,265,0.3852558947019618,True,True,False,True,False,True,1.0
NORT_ARTIC_4,11382,234,306,2,11,1,553,0.049615076369853094,True,True,False,False,False,True,0.9880974014839219
NORT_ARTIC_4,12274,114,244,3,14,1,375,0.28872491230386466,True,True,False,False,False,True,1.0
NORT_ARTIC_4,13729,24,42,5,8,1,79,1.0,True,True,False,True,False,True,1.0
NORT_ARTIC_4,13744,22,45,2,3,1,72,1.0,True,True,False,True,False,True,1.0
NORT_ARTIC_4,14099,89,138,14,8,1,249,0.03943852072305044,True,True,False,False,False,True,0.9327773558440329
NORT_ARTIC_4,14465,38,14,10,10,1,72,0.09340498428117329,True,True,False,False,False,True,1.0
NORT_ARTIC_4,19022,90,33,13,5,1,141,1.0,True,True,False,True,False,True,1.0
NORT_ARTIC_4,19689,72,95,9,8,1,184,0.4540294071363764,True,True,False,False,False,True,1.0
NORT_ARTIC_4,19831,114,198,6,24,1,342,0.07459559030883448,True,True,False,False,False,True,1.0
NORT_ARTIC_4,20100,63,171,4,4,1,242,0.2220798333417706,True,True,False,True,False,True,1.0
NORT_ARTIC_4,20781,231,122,12,4,1,369,0.5921474652808838,True,True,False,False,False,True,1.0
NORT_ARTIC_4,22499,1584,378,10,8,2,1980,0.013587593363251091,True,False,False,True,False,True,0.4933249906183883
NORT_ARTIC_4,24385,84,79,3,3,1,169,1.0,True,True,False,True,False,True,1.0
NORT_ARTIC_4,24751,36,129,3,7,1,175,0.694760524390529,True,True,False,True,False,True,1.0
NORT_ARTIC_4,25087,236,243,4,7,1,490,0.5451217369830944,True,True,False,False,False,True,1.0
NORT_ARTIC_4,26243,122,424,7,21,1,574,0.816240569281931,True,True,False,False,False,True,1.0
NORT_ARTIC_4,27948,80,201,1,11,1,293,0.18964204319036593,True,True,False,True,False,True,1.0
NORT_ARTIC_4,28328,326,380,32,9,1,747,7.550538364829357e-05,True,True,False,False,False,True,0.005787347831857168
NORT_ARTIC_4,28744,85,73,45,55,1,258,0.2013648720266262,True,True,False,False,False,True,1.0
NORT_ARTIC_4,1618,3700,1586,29,10,1,5325,0.6040854938832982,True,False,False,False,False,True,1.0
NORT_ARTIC_4,2136,2098,8602,19,52,3,10771,0.13456400791133677,True,False,False,False,False,True,1.0
NORT_ARTIC_4,2172,3071,4095,19,23,1,7208,0.7570664568328564,True,False,False,False,False,True,1.0
NORT_ARTIC_4,2194,5282,4004,37,23,2,9346,0.5141105257439429,True,False,False,False,False,True,1.0
NORT_ARTIC_4,2209,4446,2766,25,13,1,7250,0.7383901100300503,True,False,False,False,False,True,1.0
NORT_ARTIC_4,2220,7711,5696,35,42,4,13484,0.03723460270521646,True,False,False,False,False,True,0.9052400240985804
NORT_ARTIC_4,2238,10521,3720,77,25,6,14343,0.821038415359002,True,False,False,False,False,True,1.0
NORT_ARTIC_4,2280,4960,1381,31,10,1,6382,0.7043180367539648,True,False,False,False,False,True,1.0
NORT_ARTIC_4,2283,6385,1864,36,11,2,8296,0.8620339689839016,True,False,False,False,False,True,1.0
NORT_ARTIC_4,2454,1135,5891,11,30,2,7067,0.08506195356446891,True,False,False,False,False,True,1.0
NORT_ARTIC_4,2509,2225,1234,206,319,1,3984,2.7683085254974195e-27,True,False,False,False,False,True,4.774178744597425e-25
NORT_ARTIC_4,2644,3292,1276,45,21,1,4634,0.49109308986380723,True,False,False,False,False,True,1.0
NORT_ARTIC_4,2696,1577,1425,14,10,1,3026,0.6829088936619876,True,False,False,False,False,True,1.0
NORT_ARTIC_4,2928,5444,1581,28,9,1,7062,0.8433772884042914,True,False,False,False,False,True,1.0
NORT_ARTIC_4,3295,2252,3490,19,29,2,5790,1.0,True,False,False,False,False,True,1.0
NORT_ARTIC_4,3801,5224,1780,29,7,1,7040,0.5643255077764305,True,False,False,False,False,True,1.0
NORT_ARTIC_4,3818,5269,1838,32,11,1,7150,1.0,True,False,False,False,False,True,1.0
NORT_ARTIC_4,3845,4362,2387,19,14,1,6782,0.46574221393998394,True,False,False,False,False,True,1.0
NORT_ARTIC_4,3852,5853,3588,43,32,3,9516,0.4058992215620022,True,False,False,False,False,True,1.0
NORT_ARTIC_4,3854,4000,2475,26,24,1,6525,0.18823283752226444,True,False,False,False,False,True,1.0
NORT_ARTIC_4,3855,4968,3487,40,28,3,8523,1.0,True,False,False,False,False,True,1.0
NORT_ARTIC_4,3883,4003,3773,22,29,2,7827,0.26199917923546484,True,False,False,False,False,True,1.0
NORT_ARTIC_4,3889,2539,2967,15,23,1,5544,0.5142150063557094,True,False,False,False,False,True,1.0
NORT_ARTIC_4,3894,2477,3146,11,17,1,5651,0.7045007759956174,True,False,False,False,False,True,1.0
NORT_ARTIC_4,3895,2473,3150,13,16,1,5652,1.0,True,False,False,False,False,True,1.0
NORT_ARTIC_4,3940,1146,4619,6,22,1,5793,0.8131945161868669,True,False,False,False,False,True,1.0
NORT_ARTIC_4,4036,1774,3350,16,20,1,5160,0.22250697494113625,True,False,False,False,False,True,1.0
NORT_ARTIC_4,4057,3313,4314,21,27,3,7675,1.0,True,False,False,False,False,True,1.0
NORT_ARTIC_4,4094,1636,541,11,5,1,2193,0.5645837242638033,True,False,False,True,False,True,1.0
NORT_ARTIC_4,4385,2948,1241,18,10,2,4217,0.5338733297247162,True,False,False,False,False,True,1.0
NORT_ARTIC_4,4675,2662,1238,15,11,1,3926,0.29068619116903655,True,False,False,False,False,True,1.0
NORT_ARTIC_4,4855,1655,3603,10,19,1,5287,0.6935327472746482,True,False,False,False,False,True,1.0
NORT_ARTIC_4,4954,2639,3015,22,19,2,5695,0.43298601854086416,True,False,False,False,False,True,1.0
NORT_ARTIC_4,5306,5057,3797,26,25,1,8905,0.39696269415824503,True,False,False,False,False,True,1.0
NORT_ARTIC_4,5803,2959,8622,17,40,2,11638,0.44910476960194645,True,False,False,False,False,True,1.0
NORT_ARTIC_4,5831,1970,6188,9,32,1,8199,0.8559536098243651,True,False,False,False,False,True,1.0
NORT_ARTIC_4,5890,2524,4121,19,21,1,6685,0.25289739711815684,True,False,False,False,False,True,1.0
NORT_ARTIC_4,5933,3200,2261,18,9,1,5488,0.43937240047635995,True,False,False,False,False,True,1.0
NORT_ARTIC_4,5935,3189,2001,18,11,1,5219,1.0,True,False,False,False,False,True,1.0
NORT_ARTIC_4,5938,4270,2770,27,19,2,7086,0.8798432942572477,True,False,False,False,False,True,1.0
NORT_ARTIC_4,6126,673,3332,6,22,1,4033,0.45449306573437664,True,False,False,True,False,True,1.0
NORT_ARTIC_4,6251,1578,713,12,4,1,2307,0.7881637131860073,True,False,False,True,False,True,1.0
NORT_ARTIC_4,6375,1079,930,10,11,1,2030,0.6622768562240846,True,False,False,False,False,True,1.0
NORT_ARTIC_4,6637,4644,2718,37,17,3,7416,0.4799301315136269,True,False,False,False,False,True,1.0
NORT_ARTIC_4,7415,3573,3384,21,17,1,6995,0.7453537995230662,True,False,False,False,False,True,1.0
NORT_ARTIC_4,7665,3521,11325,20,50,2,14916,0.3270971863008534,True,False,False,False,False,True,1.0
NORT_ARTIC_4,8268,690,2423,5,15,1,3133,0.7872941230196288,True,False,False,True,False,True,1.0
NORT_ARTIC_4,8469,3683,1549,22,11,1,5265,0.7023561732992971,True,False,False,False,False,True,1.0
NORT_ARTIC_4,8607,3719,11313,34,68,4,15134,0.05038033833978275,True,False,False,False,False,True,0.9880974014839219
NORT_ARTIC_4,9496,3876,2666,18,11,1,6571,0.8509634707210352,True,False,False,False,False,True,1.0
NORT_ARTIC_4,9667,5357,5881,39,35,2,11312,0.41495252905078395,True,False,False,False,False,True,1.0
NORT_ARTIC_4,9752,1254,6354,7,24,1,7639,0.3357495364854234,True,False,False,False,False,True,1.0
NORT_ARTIC_4,9894,3516,954,28,11,2,4509,0.32554155211314356,True,False,False,False,False,True,1.0
NORT_ARTIC_4,10383,1742,6033,12,31,2,7818,0.3642037428038264,True,False,False,False,False,True,1.0
NORT_ARTIC_4,10587,3352,2476,18,15,1,5861,0.7278423794362614,True,False,False,False,False,True,1.0
NORT_ARTIC_4,10732,1534,5806,8,27,1,7375,0.8345990216959773,True,False,False,False,False,True,1.0
NORT_ARTIC_4,10884,1995,1300,22,10,1,3327,0.37053544413698103,True,False,False,False,False,True,1.0
NORT_ARTIC_4,11052,4252,2755,25,14,1,7046,0.7437339690598596,True,False,False,False,False,True,1.0
NORT_ARTIC_4,11144,11340,3369,51,25,3,14785,0.05414065775037191,True,False,False,False,False,True,0.9880974014839219
NORT_ARTIC_4,11233,3675,4470,19,22,1,8186,0.8764711869166358,True,False,False,False,False,True,1.0
NORT_ARTIC_4,11316,3069,6930,10,31,1,10040,0.4973469275335666,True,False,False,False,False,True,1.0
NORT_ARTIC_4,11425,7484,2422,42,18,2,9966,0.36537786176961506,True,False,False,False,False,True,1.0
NORT_ARTIC_4,11556,1675,5067,10,26,1,6778,0.6996228066968473,True,False,False,False,False,True,1.0
NORT_ARTIC_4,11621,983,4590,5,22,1,5600,0.803915793079923,True,False,False,True,False,True,1.0
NORT_ARTIC_4,11638,889,4294,3,22,1,5208,0.7889174826551497,True,False,False,True,False,True,1.0
NORT_ARTIC_4,11639,879,4274,7,24,1,5184,0.4696233143836083,True,False,False,False,False,True,1.0
NORT_ARTIC_4,11654,1501,5237,15,28,2,6781,0.06400156628296211,True,False,False,False,False,True,1.0
NORT_ARTIC_4,11676,571,3803,3,26,1,4403,1.0,True,False,False,True,False,True,1.0
NORT_ARTIC_4,12014,4294,716,8,4,1,5022,0.08031858586135814,True,False,False,True,False,True,1.0
NORT_ARTIC_4,12254,3323,4340,17,23,1,7703,1.0,True,False,False,False,False,True,1.0
NORT_ARTIC_4,12327,4738,2141,30,9,1,6918,0.38526301420445763,True,False,False,False,False,True,1.0
NORT_ARTIC_4,12337,6185,1268,36,9,2,7498,0.5532086448997202,True,False,False,False,False,True,1.0
NORT_ARTIC_4,12454,4057,4837,21,30,2,8945,0.574490134452756,True,False,False,False,False,True,1.0
NORT_ARTIC_4,12526,1714,5603,14,29,1,7360,0.2043792972342484,True,False,False,False,False,True,1.0
NORT_ARTIC_4,13479,1081,2731,4,24,1,3840,0.13827844868154854,True,False,False,False,False,True,1.0
NORT_ARTIC_4,13783,4154,2840,18,19,1,7031,0.23964395254344856,True,False,False,False,False,True,1.0
NORT_ARTIC_4,13863,5035,1283,19,8,1,6345,0.2325069894281599,True,False,False,False,False,True,1.0
NORT_ARTIC_4,13871,5100,1497,25,9,1,6631,0.5448874521646621,True,False,False,False,False,True,1.0
NORT_ARTIC_4,14781,1945,648,34,3,1,2630,0.019461620867745305,True,False,False,False,False,True,0.6196280674738294
NORT_ARTIC_4,15353,2812,995,18,10,1,3835,0.2803169783955916,True,False,False,False,False,True,1.0
NORT_ARTIC_4,15914,5410,5011,23,25,1,10469,0.664576380791533,True,False,False,False,False,True,1.0
NORT_ARTIC_4,15969,6591,1878,38,13,1,8520,0.6116490812347886,True,False,False,False,False,True,1.0
NORT_ARTIC_4,16152,7005,8033,34,38,2,15110,1.0,True,False,False,False,False,True,1.0
NORT_ARTIC_4,16223,6964,5598,40,35,2,12637,0.7279708785612482,True,False,False,False,False,True,1.0
NORT_ARTIC_4,16363,1868,7439,14,41,2,9362,0.31301298743611883,True,False,False,False,False,True,1.0
NORT_ARTIC_4,16576,2173,1690,18,13,2,3894,1.0,True,False,False,False,False,True,1.0
NORT_ARTIC_4,17194,4552,3501,29,34,3,8116,0.09856494828258683,True,False,False,False,False,True,1.0
NORT_ARTIC_4,17361,7522,5867,54,33,3,13476,0.2805151405941854,True,False,False,False,False,True,1.0
NORT_ARTIC_4,17622,1558,8041,15,50,3,9664,0.1318398732607956,True,False,False,False,False,True,1.0
NORT_ARTIC_4,17640,4936,6141,26,32,2,11135,1.0,True,False,False,False,False,True,1.0
NORT_ARTIC_4,17789,2507,2665,16,12,1,5200,0.4490732314378154,True,False,False,False,False,True,1.0
NORT_ARTIC_4,17838,1369,4085,17,31,1,5502,0.1308537783306865,True,False,False,False,False,True,1.0
NORT_ARTIC_4,17842,1388,4090,5,21,1,5504,0.6515032735589183,True,False,False,False,False,True,1.0
NORT_ARTIC_4,17902,804,4281,6,19,1,5110,0.269630286131158,True,False,False,True,False,True,1.0
NORT_ARTIC_4,17963,4408,3535,16,15,1,7974,0.7189751173512107,True,False,False,False,False,True,1.0
NORT_ARTIC_4,17967,5670,4141,34,19,2,9864,0.4037082399395313,True,False,False,False,False,True,1.0
NORT_ARTIC_4,17984,6435,3936,37,23,2,10431,1.0,True,False,False,False,False,True,1.0
NORT_ARTIC_4,18008,4872,2218,17,17,1,7124,0.025177620269556972,True,False,False,False,False,True,0.7041227722682183
NORT_ARTIC_4,18033,5058,1525,36,14,2,6633,0.40351685201638066,True,False,False,False,False,True,1.0
NORT_ARTIC_4,18324,5423,1184,27,4,1,6638,0.6392252398964733,True,False,False,False,False,True,1.0
NORT_ARTIC_4,18336,5658,1278,31,7,1,6974,1.0,True,False,False,False,False,True,1.0
NORT_ARTIC_4,18442,3059,3510,14,14,1,6597,0.8498815655894787,True,False,False,False,False,True,1.0
NORT_ARTIC_4,18497,4020,8868,21,42,2,12951,0.6852403815184989,True,False,False,False,False,True,1.0
NORT_ARTIC_4,18789,2026,4209,13,34,3,6282,0.5348704803006193,True,False,False,False,False,True,1.0
NORT_ARTIC_4,18797,1206,3244,6,15,1,4471,0.8104458468813199,True,False,False,False,False,True,1.0
NORT_ARTIC_4,19012,8922,3106,46,23,3,12097,0.16784618629471104,True,False,False,False,False,True,1.0
NORT_ARTIC_4,19079,3235,2460,16,15,1,5726,0.5889793563365773,True,False,False,False,False,True,1.0
NORT_ARTIC_4,19116,3555,4038,24,29,2,7646,0.890516914683708,True,False,False,False,False,True,1.0
NORT_ARTIC_4,19225,4990,8710,29,39,3,13768,0.3127281078763642,True,False,False,False,False,True,1.0
NORT_ARTIC_4,19242,4211,6154,27,32,2,10424,0.428140302184941,True,False,False,False,False,True,1.0
NORT_ARTIC_4,19397,1419,1859,5,13,1,3296,0.23559289876738604,True,False,False,False,False,True,1.0
NORT_ARTIC_4,19517,4299,2919,30,24,1,7272,0.5792010872677599,True,False,False,False,False,True,1.0
NORT_ARTIC_4,19537,4626,2900,25,13,1,7564,0.6208735637624914,True,False,False,False,False,True,1.0
NORT_ARTIC_4,19546,4677,2830,21,15,1,7543,0.6101067910728613,True,False,False,False,False,True,1.0
NORT_ARTIC_4,19763,1314,4696,9,50,1,6069,0.26804105881984763,True,False,False,False,False,True,1.0
NORT_ARTIC_4,19835,1486,4141,15,22,2,5664,0.06129861022246602,True,False,False,False,False,True,1.0
NORT_ARTIC_4,20208,4920,1725,23,44,1,6712,1.4425752139184537e-11,True,False,False,False,False,True,1.3885625140484837e-09
NORT_ARTIC_4,20454,6415,5012,39,33,2,11499,0.8118908799642857,True,False,False,False,False,True,1.0
NORT_ARTIC_4,20824,4475,1067,30,10,1,5582,0.41910281851418496,True,False,False,False,False,True,1.0
NORT_ARTIC_4,21014,3962,6399,21,42,3,10424,0.5157764608035025,True,False,False,False,False,True,1.0
NORT_ARTIC_4,21085,3574,728,24,7,1,4333,0.46799625787707844,True,False,False,False,False,True,1.0
NORT_ARTIC_4,21128,3843,1113,6,2,1,4964,1.0,True,False,False,True,False,True,1.0
NORT_ARTIC_4,21560,3441,3777,30,27,1,7275,0.5064983940954859,True,False,False,False,False,True,1.0
NORT_ARTIC_4,22492,4791,1571,30,11,2,6403,0.7188047441489518,True,False,False,False,False,True,1.0
NORT_ARTIC_4,24205,3931,2496,30,20,1,6477,0.8848246068775052,True,False,False,False,False,True,1.0
NORT_ARTIC_4,24367,2301,2341,13,14,1,4669,1.0,True,False,False,False,False,True,1.0
NORT_ARTIC_4,24810,4185,2422,25,12,1,6644,0.732661019985966,True,False,False,False,False,True,1.0
NORT_ARTIC_4,24851,6762,4063,43,20,3,10888,0.3644364621875954,True,False,False,False,False,True,1.0
NORT_ARTIC_4,24871,4723,2955,27,19,1,7724,0.7616001931467257,True,False,False,False,False,True,1.0
NORT_ARTIC_4,25188,3518,1039,14,8,1,4579,0.1323283669166725,True,False,False,False,False,True,1.0
NORT_ARTIC_4,25428,3015,2210,12,16,1,5253,0.1268128606778788,True,False,False,False,False,True,1.0
NORT_ARTIC_4,25448,4421,2560,32,26,3,7039,0.21886018481599237,True,False,False,False,False,True,1.0
NORT_ARTIC_4,25464,3028,585,19,4,1,3636,0.7799142942346382,True,False,False,True,False,True,1.0
NORT_ARTIC_4,25510,1460,1356,14,10,1,2840,0.5466435502566463,True,False,False,False,False,True,1.0
NORT_ARTIC_4,25786,4683,1408,27,13,2,6131,0.186410303893408,True,False,False,False,False,True,1.0
NORT_ARTIC_4,25990,3226,3596,17,21,1,6860,0.8708899990248447,True,False,False,False,False,True,1.0
NORT_ARTIC_4,26269,2165,11062,18,51,2,13296,0.03454787139267498,True,False,False,False,False,True,0.8772615932164523
NORT_ARTIC_4,26328,2727,6755,11,20,1,9513,0.42838639096378706,True,False,False,False,False,True,1.0
NORT_ARTIC_4,26440,2303,2103,13,13,1,4432,0.8461675514800719,True,False,False,False,False,True,1.0
NORT_ARTIC_4,26471,2255,2562,16,9,1,4842,0.10754258857406215,True,False,False,False,False,True,1.0
NORT_ARTIC_4,26528,2250,4433,18,27,2,6728,0.42887349619303905,True,False,False,False,False,True,1.0
NORT_ARTIC_4,26555,2459,3681,19,21,2,6180,0.33700836427307235,True,False,False,False,False,True,1.0
NORT_ARTIC_4,26711,1314,508,9,6,1,1837,0.3844828990149025,True,False,False,True,False,True,1.0
NORT_ARTIC_4,27711,1419,2968,10,20,1,4417,1.0,True,False,False,False,False,True,1.0
NORT_ARTIC_4,27730,4582,3012,29,18,1,7641,0.8824076513299023,True,False,False,False,False,True,1.0
NORT_ARTIC_4,27759,5152,2969,21,16,1,8158,0.3976008773665515,True,False,False,False,False,True,1.0
NORT_ARTIC_4,27922,1510,3542,7,24,1,5083,0.4364540318618031,True,False,False,False,False,True,1.0
NORT_ARTIC_4,3833,680,318,9,7,2,1014,0.41750881388195904,True,False,False,False,False,True,1.0
NORT_ARTIC_4,13039,37,21,2,2,1,62,0.6231982002169062,True,True,False,True,False,True,1.0
NORT_ARTIC_4,15758,58,62,0,6,1,126,0.03044140701490665,True,True,True,True,False,True,0.8025285581827937
NORT_ARTIC_4,21089,69,21,3,2,1,95,0.5916127365031025,True,True,False,True,False,True,1.0
NORT_ARTIC_4,25039,12,24,2,2,1,40,0.6017069701280228,True,True,False,True,False,True,1.0
NORT_ARTIC_4,25521,29,50,0,0,1,79,1.0,True,True,True,True,False,True,1.0
NORT_ARTIC_4,27185,17,14,2,2,1,35,1.0,True,True,False,True,False,True,1.0
NORT_ARTIC_4,365,567,842,7,9,1,1425,0.8016089277485607,True,False,False,False,False,True,1.0
NORT_ARTIC_4,830,336,271,4,6,1,617,0.35653466750603635,True,True,False,True,False,True,1.0
NORT_ARTIC_4,1993,1330,547,12,9,1,1898,0.22550747530868903,True,False,False,False,False,True,1.0
NORT_ARTIC_4,4687,792,434,5,5,1,1236,0.3392745736652208,True,False,False,True,False,True,1.0
NORT_ARTIC_4,5198,866,2606,8,19,2,3499,0.6549171322216052,True,False,False,False,False,True,1.0
NORT_ARTIC_4,6449,41,201,1,7,1,250,1.0,True,True,False,True,False,True,1.0
NORT_ARTIC_4,6784,879,1249,8,8,1,2144,0.6117535655733077,True,False,False,False,False,True,1.0
NORT_ARTIC_4,7727,1316,2098,9,17,1,3440,0.8402327076677385,True,False,False,False,False,True,1.0
NORT_ARTIC_4,11047,1304,856,9,7,1,2176,0.7999143862265422,True,False,False,False,False,True,1.0
NORT_ARTIC_4,11149,2009,702,12,6,1,2729,0.4315196101865074,True,False,False,True,False,True,1.0
NORT_ARTIC_4,11760,2128,1097,17,11,2,3253,0.5532042862623859,True,False,False,False,False,True,1.0
NORT_ARTIC_4,12002,1354,771,10,11,1,2146,0.16994937070222166,True,False,False,False,False,True,1.0
NORT_ARTIC_4,12027,2256,697,18,10,2,2981,0.1769327339760121,True,False,False,False,False,True,1.0
NORT_ARTIC_4,13073,951,1426,11,19,2,2407,0.8516986613190196,True,False,False,False,False,True,1.0
NORT_ARTIC_4,13114,444,1230,6,12,1,1692,0.5914480708914198,True,False,False,True,False,True,1.0
NORT_ARTIC_4,14373,731,685,8,7,1,1431,1.0,True,False,False,False,False,True,1.0
NORT_ARTIC_4,14403,925,657,3,2,1,1587,1.0,True,False,False,True,False,True,1.0
NORT_ARTIC_4,14736,571,182,7,4,1,764,0.4767433225993992,True,True,False,True,False,True,1.0
NORT_ARTIC_4,14774,641,229,8,3,1,881,1.0,True,True,False,True,False,True,1.0
NORT_ARTIC_4,16329,668,1279,4,13,1,1964,0.44703793235844513,True,False,False,False,False,True,1.0
NORT_ARTIC_4,16403,1860,5537,16,38,3,7451,0.4343627608190971,True,False,False,False,False,True,1.0
NORT_ARTIC_4,17757,1319,488,11,6,1,1824,0.42135396356699006,True,False,False,True,False,True,1.0
NORT_ARTIC_4,20967,1962,5042,19,38,3,7061,0.37621122576305466,True,False,False,False,False,True,1.0
NORT_ARTIC_4,21267,630,2061,10,17,2,2718,0.110143670314148,True,False,False,False,False,True,1.0
NORT_ARTIC_4,21640,2052,2303,17,17,2,4389,0.8634115854203244,True,False,False,False,False,True,1.0
NORT_ARTIC_4,23086,808,273,17,8,1,1106,0.48575701067488286,True,False,False,False,False,True,1.0
NORT_ARTIC_4,25797,1561,639,14,7,1,2221,0.6358644086390731,True,False,False,False,False,True,1.0
NORT_ARTIC_4,29077,185,495,2,3,1,685,0.6177166753578521,True,True,False,True,False,True,1.0
NORT_ARTIC_4,29193,756,367,8,5,1,1136,0.767318454071164,True,False,False,True,False,True,1.0
NORT_ARTIC_4,29311,274,243,9,14,1,540,0.20738662496018367,True,True,False,False,False,True,1.0
NORT_ARTIC_4,1004,332,247,5,4,1,588,1.0,True,True,False,True,False,True,1.0
NORT_ARTIC_4,1621,759,312,9,6,1,1086,0.39405882690817384,True,False,False,True,False,True,1.0
NORT_ARTIC_4,2122,262,984,6,11,1,1263,0.22602229487417586,True,False,False,True,False,True,1.0
NORT_ARTIC_4,2132,248,918,4,9,1,1179,0.49267470341842357,True,False,False,True,False,True,1.0
NORT_ARTIC_4,2274,2653,846,16,9,2,3524,0.16647611552108263,True,False,False,False,False,True,1.0
NORT_ARTIC_4,2486,243,749,4,8,1,1004,0.5027395151293026,True,False,False,True,False,True,1.0
NORT_ARTIC_4,2631,778,347,8,4,1,1137,1.0,True,False,False,True,False,True,1.0
NORT_ARTIC_4,2800,197,1542,4,17,2,1760,0.28896062262933897,True,False,False,True,False,True,1.0
NORT_ARTIC_4,2961,5723,1720,38,20,3,7501,0.05904782348913395,True,False,False,False,False,True,1.0
NORT_ARTIC_4,3628,375,689,7,5,1,1076,0.1281256481062041,True,False,False,True,False,True,1.0
NORT_ARTIC_4,3779,1284,640,10,5,1,1939,1.0,True,False,False,True,False,True,1.0
NORT_ARTIC_4,3867,1312,1015,10,7,1,2344,1.0,True,False,False,False,False,True,1.0
NORT_ARTIC_4,4260,140,335,4,5,1,484,0.46106668972178866,True,True,False,True,False,True,1.0
NORT_ARTIC_4,4625,56,232,5,6,1,299,0.051020859001512826,True,True,False,True,False,True,0.9880974014839219
NORT_ARTIC_4,4819,588,629,5,10,1,1232,0.30391572439216763,True,False,False,False,False,True,1.0
NORT_ARTIC_4,4879,383,921,3,9,1,1316,1.0,True,False,False,True,False,True,1.0
NORT_ARTIC_4,4913,235,621,72,237,1,1165,0.17508467332021,True,False,False,False,False,True,1.0
NORT_ARTIC_4,5038,683,186,9,1,1,879,0.697862473777124,True,True,False,True,False,True,1.0
NORT_ARTIC_4,5827,1492,4098,13,32,3,5635,0.7363132652988424,True,False,False,False,False,True,1.0
NORT_ARTIC_4,5930,2253,1938,21,13,2,4225,0.39119890425971254,True,False,False,False,False,True,1.0
NORT_ARTIC_4,6048,609,1101,6,8,1,1724,0.5838366649315766,True,False,False,True,False,True,1.0
NORT_ARTIC_4,6119,289,1308,4,15,1,1616,0.7636125128690489,True,False,False,True,False,True,1.0
NORT_ARTIC_4,6121,281,1307,4,14,1,1606,0.5435582731786545,True,False,False,True,False,True,1.0
NORT_ARTIC_4,6157,115,508,4,6,1,633,0.09902001250586498,True,True,False,True,False,True,1.0
NORT_ARTIC_4,6411,140,263,4,6,1,413,0.7444708838354775,True,True,False,True,False,True,1.0
NORT_ARTIC_4,6607,733,376,6,6,1,1121,0.35768885160506253,True,False,False,True,False,True,1.0
NORT_ARTIC_4,6702,393,327,5,4,1,729,1.0,True,True,False,True,False,True,1.0
NORT_ARTIC_4,7513,1093,347,7,4,1,1451,0.3110695253263809,True,False,False,True,False,True,1.0
NORT_ARTIC_4,8094,648,314,8,3,1,973,1.0,True,True,False,True,False,True,1.0
NORT_ARTIC_4,8488,664,452,4,5,1,1125,0.49823877254284354,True,False,False,True,False,True,1.0
NORT_ARTIC_4,8560,462,1126,5,8,1,1601,0.5405583381001605,True,False,False,True,False,True,1.0
NORT_ARTIC_4,8651,1477,3551,17,29,3,5074,0.25888962065981524,True,False,False,False,False,True,1.0
NORT_ARTIC_4,8823,98,125,2,4,1,229,0.6985887176167487,True,True,False,True,False,True,1.0
NORT_ARTIC_4,8914,49,198,3,4,1,254,0.1535220799554482,True,True,False,True,False,True,1.0
NORT_ARTIC_4,9699,735,1148,8,5,1,1896,0.15099306634328985,True,False,False,False,False,True,1.0
NORT_ARTIC_4,9989,770,699,10,6,1,1485,0.4614102325130521,True,False,False,False,False,True,1.0
NORT_ARTIC_4,11472,1052,825,7,7,1,1891,0.7884691122980012,True,False,False,False,False,True,1.0
NORT_ARTIC_4,11520,559,774,9,5,1,1347,0.10704594245297445,True,False,False,False,False,True,1.0
NORT_ARTIC_4,11622,284,1001,5,9,1,1299,0.21055585229787988,True,False,False,True,False,True,1.0
NORT_ARTIC_4,11652,753,1071,7,10,1,1841,1.0,True,False,False,False,False,True,1.0
NORT_ARTIC_4,11680,1065,1066,10,10,1,2151,1.0,True,False,False,False,False,True,1.0
NORT_ARTIC_4,12343,1264,267,10,5,2,1546,0.1611175815472596,True,False,False,True,False,True,1.0
NORT_ARTIC_4,12400,920,776,13,4,1,1713,0.08630179479833731,True,False,False,False,False,True,1.0
NORT_ARTIC_4,12500,521,1467,9,17,1,2014,0.3697238541654145,True,False,False,False,False,True,1.0
NORT_ARTIC_4,12535,767,1443,6,9,1,2225,0.786405544351504,True,False,False,False,False,True,1.0
NORT_ARTIC_4,12811,163,742,5,7,1,917,0.05115030467459643,True,True,False,True,False,True,0.9880974014839219
NORT_ARTIC_4,13550,616,199,5,5,1,825,0.07375167067109928,True,True,False,True,False,True,1.0
NORT_ARTIC_4,14472,2178,829,14,9,2,3030,0.24227058502436843,True,False,False,False,False,True,1.0
NORT_ARTIC_4,15343,805,532,11,13,2,1361,0.2063323024067037,True,False,False,False,False,True,1.0
NORT_ARTIC_4,15366,424,174,5,3,1,606,0.69765276459216,True,True,False,True,False,True,1.0
NORT_ARTIC_4,17442,1517,335,14,5,1,1871,0.36766046598537805,True,False,False,True,False,True,1.0
NORT_ARTIC_4,18119,339,612,4,6,1,961,0.7508072380343978,True,True,False,True,False,True,1.0
NORT_ARTIC_4,18453,1033,1272,5,10,1,2320,0.4423102439214065,True,False,False,False,False,True,1.0
NORT_ARTIC_4,18524,754,1527,10,14,1,2305,0.38765450437491555,True,False,False,False,False,True,1.0
NORT_ARTIC_4,18708,526,345,23,1,1,895,0.00016106554086392372,True,True,False,False,False,True,0.011110837893929672
NORT_ARTIC_4,18969,915,357,9,4,1,1285,0.7647804512430944,True,False,False,True,False,True,1.0
NORT_ARTIC_4,19033,1143,534,11,4,1,1692,0.7864641701116099,True,False,False,True,False,True,1.0
NORT_ARTIC_4,19201,401,1262,5,10,1,1678,0.3764351371036964,True,False,False,True,False,True,1.0
NORT_ARTIC_4,19749,347,857,5,12,1,1221,1.0,True,False,False,True,False,True,1.0
NORT_ARTIC_4,19869,990,501,8,5,1,1504,0.7706098479508721,True,False,False,True,False,True,1.0
NORT_ARTIC_4,19959,1610,634,13,7,1,2264,0.4664852904632578,True,False,False,False,False,True,1.0
NORT_ARTIC_4,20202,1279,734,8,12,1,2033,0.03614020279570432,True,False,False,False,False,True,0.9019300084257204
NORT_ARTIC_4,21096,804,253,11,2,1,1070,0.7440488305780419,True,False,False,True,False,True,1.0
NORT_ARTIC_4,21489,516,264,3,7,1,790,0.03701725932063697,True,True,False,True,False,True,0.9052400240985804
NORT_ARTIC_4,22503,852,342,9,5,1,1208,0.5594200282216888,True,False,False,True,False,True,1.0
NORT_ARTIC_4,23118,2010,1138,79,24,4,3251,0.006585285708633232,True,False,False,False,False,True,0.28691050050560996
NORT_ARTIC_4,24377,574,732,4,7,1,1317,0.7642134433656034,True,False,False,True,False,True,1.0
NORT_ARTIC_4,24885,1393,919,11,11,1,2334,0.38332055700466694,True,False,False,False,False,True,1.0
NORT_ARTIC_4,25038,470,1305,7,13,2,1795,0.4446441246486129,True,False,False,False,False,True,1.0
NORT_ARTIC_4,25056,244,801,3,15,2,1063,0.7781159656358116,True,False,False,True,False,True,1.0
NORT_ARTIC_4,25082,454,637,27,10,1,1128,0.00026088355376140685,True,False,False,False,False,True,0.017416081113201014
NORT_ARTIC_4,25795,1300,390,12,5,1,1707,0.5638357665106118,True,False,False,True,False,True,1.0
NORT_ARTIC_4,25875,780,946,8,8,1,1742,0.8026498595132824,True,False,False,False,False,True,1.0
NORT_ARTIC_4,25893,653,1271,6,11,1,1941,1.0,True,False,False,False,False,True,1.0
NORT_ARTIC_4,27237,681,205,6,3,1,895,0.4412674438250102,True,True,False,True,False,True,1.0
NORT_ARTIC_4,27351,576,547,6,8,1,1137,0.5976737263274687,True,False,False,False,False,True,1.0
NORT_ARTIC_4,27368,606,615,9,7,1,1237,0.6250006281005331,True,False,False,False,False,True,1.0
NORT_ARTIC_4,28470,143,406,6,8,1,563,0.21543271609752557,True,True,False,True,False,True,1.0
NORT_ARTIC_4,28910,194,41,6,2,1,243,0.6340850000613449,True,True,False,True,False,True,1.0
NORT_ARTIC_4,1064,129,41,6,0,1,176,0.3381789126272997,True,True,True,True,False,True,1.0
NORT_ARTIC_4,1761,492,958,8,13,2,1471,0.6514580181280397,True,False,False,False,False,True,1.0
NORT_ARTIC_4,3104,926,1437,1,1,2,2365,1.0,True,False,False,True,False,True,1.0
NORT_ARTIC_4,3395,52,153,5,9,1,219,0.3647434149593376,True,True,False,True,False,True,1.0
NORT_ARTIC_4,4515,36,67,1,3,1,107,1.0,True,True,False,True,False,True,1.0
NORT_ARTIC_4,7092,71,137,2,3,1,213,1.0,True,True,False,True,False,True,1.0
NORT_ARTIC_4,7567,158,94,4,6,1,262,0.18788092654124347,True,True,False,True,False,True,1.0
NORT_ARTIC_4,8044,185,128,3,3,1,319,0.6925420793542986,True,True,False,True,False,True,1.0
NORT_ARTIC_4,8162,88,105,4,2,1,199,0.4179362759560309,True,True,False,True,False,True,1.0
NORT_ARTIC_4,8242,103,282,3,11,2,399,0.7684695218785313,True,True,False,True,False,True,1.0
NORT_ARTIC_4,8958,113,46,30,13,1,202,0.8522460791565437,True,True,False,False,False,True,1.0
NORT_ARTIC_4,12372,130,40,3,2,1,175,0.5947700299601509,True,True,False,True,False,True,1.0
NORT_ARTIC_4,15630,3536,774,33,14,3,4357,0.05365027480689412,True,False,False,False,False,True,0.9880974014839219
NORT_ARTIC_4,17390,320,211,9,3,1,543,0.3807365080711703,True,True,False,True,False,True,1.0
NORT_ARTIC_4,17829,97,182,3,6,1,288,1.0,True,True,False,True,False,True,1.0
NORT_ARTIC_4,18741,71,75,1,6,1,153,0.12093589826949011,True,True,False,True,False,True,1.0
NORT_ARTIC_4,20547,177,83,3,3,1,266,0.39196224766637316,True,True,False,True,False,True,1.0
NORT_ARTIC_4,23810,4,7,1,2,1,14,1.0,True,True,False,True,False,True,1.0
NORT_ARTIC_4,23898,190,45,3,2,1,240,0.25326774021556153,True,True,False,True,False,True,1.0
NORT_ARTIC_4,24402,76,131,5,2,1,214,0.10720750015793236,True,True,False,True,False,True,1.0
NORT_ARTIC_4,25438,232,195,3,4,1,434,0.7076709311912488,True,True,False,True,False,True,1.0
NORT_ARTIC_4,29420,46,295,10,54,2,405,0.6929195099187624,True,True,False,False,False,True,1.0
NORT_ARTIC_4,909,195,520,4,5,1,724,0.26833861501259837,True,True,False,True,False,True,1.0
NORT_ARTIC_4,969,562,554,5,7,1,1128,0.5771335925648515,True,False,False,False,False,True,1.0
NORT_ARTIC_4,1002,716,582,7,6,1,1311,1.0,True,False,False,False,False,True,1.0
NORT_ARTIC_4,1322,351,751,0,0,1,1102,1.0,True,False,True,True,False,True,1.0
NORT_ARTIC_4,1582,1017,552,15,3,1,1587,0.13577642341901314,True,False,False,False,False,True,1.0
NORT_ARTIC_4,1975,849,335,7,6,1,1197,0.21252328049944336,True,False,False,True,False,True,1.0
NORT_ARTIC_4,2095,205,690,0,1,1,896,1.0,True,True,True,True,False,True,1.0
NORT_ARTIC_4,2236,917,495,10,4,1,1426,0.781140096975993,True,False,False,True,False,True,1.0
NORT_ARTIC_4,4143,520,245,6,4,1,775,0.7343422032376173,True,True,False,True,False,True,1.0
NORT_ARTIC_4,4228,196,362,4,4,1,566,0.46213148558679945,True,True,False,True,False,True,1.0
NORT_ARTIC_4,4279,124,429,4,6,1,563,0.24604077878546268,True,True,False,True,False,True,1.0
NORT_ARTIC_4,4350,921,477,9,6,1,1413,0.597458610447832,True,False,False,False,False,True,1.0
NORT_ARTIC_4,4397,952,444,9,6,1,1411,0.5787077099863982,True,False,False,True,False,True,1.0
NORT_ARTIC_4,5194,236,759,14,40,1,1049,0.7430585719759772,True,False,False,False,False,True,1.0
NORT_ARTIC_4,5499,409,1404,4,11,1,1828,0.7563115378547749,True,False,False,True,False,True,1.0
NORT_ARTIC_4,5707,1294,561,4,2,1,1861,1.0,True,False,False,True,False,True,1.0
NORT_ARTIC_4,5862,344,1076,8,12,1,1440,0.1165552018787973,True,False,False,True,False,True,1.0
NORT_ARTIC_4,6565,1205,429,8,5,1,1647,0.34558731357144545,True,False,False,True,False,True,1.0
NORT_ARTIC_4,6575,1216,411,7,5,1,1639,0.1942222392841043,True,False,False,True,False,True,1.0
NORT_ARTIC_4,6578,1969,722,13,5,2,2709,1.0,True,False,False,True,False,True,1.0
NORT_ARTIC_4,6707,437,454,6,5,1,902,0.7694511147443093,True,True,False,False,False,True,1.0
NORT_ARTIC_4,6791,400,1156,6,8,1,1570,0.21464525345490057,True,False,False,True,False,True,1.0
NORT_ARTIC_4,7282,327,411,4,7,1,749,0.7630010498966779,True,True,False,True,False,True,1.0
NORT_ARTIC_4,7378,279,827,3,9,1,1118,1.0,True,False,False,True,False,True,1.0
NORT_ARTIC_4,7450,1139,650,10,8,1,1807,0.4709410604639815,True,False,False,False,False,True,1.0
NORT_ARTIC_4,7465,2149,456,22,5,2,2632,0.8022135135783656,True,False,False,True,False,True,1.0
NORT_ARTIC_4,7602,678,679,6,8,1,1371,0.7894570801627727,True,False,False,False,False,True,1.0
NORT_ARTIC_4,7912,209,407,4,7,1,627,1.0,True,True,False,True,False,True,1.0
NORT_ARTIC_4,9215,2492,2791,18,27,3,5328,0.37065637831985576,True,False,False,False,False,True,1.0
NORT_ARTIC_4,9486,588,765,8,6,1,1367,0.4176358247534314,True,False,False,False,False,True,1.0
NORT_ARTIC_4,9792,394,1570,3,15,1,1982,1.0,True,False,False,True,False,True,1.0
NORT_ARTIC_4,9956,421,249,5,4,1,679,0.7333951720266996,True,True,False,True,False,True,1.0
NORT_ARTIC_4,10314,431,426,5,5,1,867,1.0,True,True,False,True,False,True,1.0
NORT_ARTIC_4,10391,410,1128,5,11,1,1554,0.7764198212251265,True,False,False,True,False,True,1.0
NORT_ARTIC_4,10532,853,215,8,4,1,1080,0.2767807653142896,True,False,False,True,False,True,1.0
NORT_ARTIC_4,12049,1066,300,1,1,1,1368,0.39177115551619834,True,False,False,True,False,True,1.0
NORT_ARTIC_4,12187,228,959,3,12,1,1202,1.0,True,False,False,True,False,True,1.0
NORT_ARTIC_4,12344,827,211,7,3,1,1048,0.4354191863265108,True,False,False,True,False,True,1.0
NORT_ARTIC_4,13422,203,806,3,7,1,1019,0.43179758415847774,True,False,False,True,False,True,1.0
NORT_ARTIC_4,13821,1050,319,3,1,1,1373,1.0,True,False,False,True,False,True,1.0
NORT_ARTIC_4,14319,160,431,4,6,1,601,0.47265731311086334,True,True,False,True,False,True,1.0
NORT_ARTIC_4,14475,789,299,8,3,1,1099,1.0,True,False,False,True,False,True,1.0
NORT_ARTIC_4,14628,291,777,3,15,1,1086,0.42717462246677795,True,False,False,True,False,True,1.0
NORT_ARTIC_4,14799,442,146,6,2,1,596,1.0,True,True,False,True,False,True,1.0
NORT_ARTIC_4,15017,1036,599,11,7,1,1653,0.8111849798171606,True,False,False,False,False,True,1.0
NORT_ARTIC_4,15169,319,490,5,5,1,819,0.5281304980754005,True,True,False,True,False,True,1.0
NORT_ARTIC_4,15213,425,1384,7,14,2,1830,0.30298177674621474,True,False,False,True,False,True,1.0
NORT_ARTIC_4,15597,1123,302,10,3,1,1438,0.7444891257724526,True,False,False,True,False,True,1.0
NORT_ARTIC_4,15669,1266,307,9,3,1,1585,0.7126729010006185,True,False,False,True,False,True,1.0
NORT_ARTIC_4,15843,1574,5389,12,33,2,7008,0.47949406886977197,True,False,False,False,False,True,1.0
NORT_ARTIC_4,16082,288,600,5,6,1,899,0.3508305212456785,True,True,False,True,False,True,1.0
NORT_ARTIC_4,16352,471,1423,6,12,1,1912,0.41522975665863304,True,False,False,True,False,True,1.0
NORT_ARTIC_4,16703,542,825,7,14,1,1388,0.6564787834740371,True,False,False,False,False,True,1.0
NORT_ARTIC_4,16803,1420,353,12,3,1,1788,1.0,True,False,False,True,False,True,1.0
NORT_ARTIC_4,16824,1526,397,12,3,1,1938,1.0,True,False,False,True,False,True,1.0
NORT_ARTIC_4,16978,707,1918,6,11,1,2642,0.4204106599021397,True,False,False,True,False,True,1.0
NORT_ARTIC_4,17264,1356,2505,18,25,3,3904,0.4221159326341256,True,False,False,False,False,True,1.0
NORT_ARTIC_4,17643,758,1076,9,12,1,1855,1.0,True,False,False,False,False,True,1.0
NORT_ARTIC_4,18630,1016,258,79,275,1,1628,1.5574458755660113e-88,True,False,False,False,False,True,9.208954969953887e-86
NORT_ARTIC_4,18824,301,1129,4,13,1,1447,0.7673431317609829,True,False,False,True,False,True,1.0
NORT_ARTIC_4,18871,286,1070,3,14,1,1373,1.0,True,False,False,True,False,True,1.0
NORT_ARTIC_4,19752,211,631,4,6,1,852,0.2822188990865933,True,True,False,True,False,True,1.0
NORT_ARTIC_4,19776,209,635,2,6,1,852,1.0,True,True,False,True,False,True,1.0
NORT_ARTIC_4,19778,200,624,6,9,1,839,0.22070213638240124,True,True,False,True,False,True,1.0
NORT_ARTIC_4,20046,501,678,6,7,1,1192,0.7858779923983813,True,False,False,False,False,True,1.0
NORT_ARTIC_4,20264,454,450,6,6,1,916,1.0,True,True,False,False,False,True,1.0
NORT_ARTIC_4,20507,2743,650,21,10,2,3424,0.10462689246177613,True,False,False,False,False,True,1.0
NORT_ARTIC_4,20983,298,1069,3,11,1,1381,1.0,True,False,False,True,False,True,1.0
NORT_ARTIC_4,21258,253,924,3,8,1,1188,0.711434525133828,True,False,False,True,False,True,1.0
NORT_ARTIC_4,21529,333,478,4,6,1,821,1.0,True,True,False,True,False,True,1.0
NORT_ARTIC_4,21698,499,247,5,4,1,755,0.48971610950022043,True,True,False,True,False,True,1.0
NORT_ARTIC_4,21995,622,197,2,0,2,821,1.0,True,True,True,True,False,True,1.0
NORT_ARTIC_4,22095,431,305,3,7,1,746,0.10370998311387852,True,True,False,True,False,True,1.0
NORT_ARTIC_4,22466,831,450,11,3,1,1295,0.4015052449313603,True,False,False,True,False,True,1.0
NORT_ARTIC_4,22479,841,430,9,6,1,1286,0.594373656024998,True,False,False,False,False,True,1.0
NORT_ARTIC_4,22629,219,575,7,6,1,807,0.05620686410630781,True,True,False,True,False,True,1.0
NORT_ARTIC_4,22924,205,938,3,10,1,1156,0.7137878929111577,True,False,False,True,False,True,1.0
NORT_ARTIC_4,22935,201,897,4,8,1,1110,0.25043010693481765,True,False,False,True,False,True,1.0
NORT_ARTIC_4,22991,508,956,6,10,1,1480,0.7969024211167227,True,False,False,False,False,True,1.0
NORT_ARTIC_4,23169,199,242,4,4,1,449,1.0,True,True,False,True,False,True,1.0
NORT_ARTIC_4,23183,188,323,4,6,1,521,1.0,True,True,False,True,False,True,1.0
NORT_ARTIC_4,23355,784,242,8,3,1,1037,0.7276174176505601,True,False,False,True,False,True,1.0
NORT_ARTIC_4,23400,499,277,6,3,1,785,1.0,True,True,False,True,False,True,1.0
NORT_ARTIC_4,24504,3124,4150,18,32,3,7324,0.3900652996418816,True,False,False,False,False,True,1.0
NORT_ARTIC_4,24750,97,443,3,7,1,550,0.3990933987271551,True,True,False,True,False,True,1.0
NORT_ARTIC_4,25152,2224,765,19,8,2,3016,0.658654565777975,True,False,False,False,False,True,1.0
NORT_ARTIC_4,25244,541,265,33,24,1,863,0.19054278269142166,True,True,False,False,False,True,1.0
NORT_ARTIC_4,25614,591,1366,1,6,2,1964,0.682028213748407,True,False,False,True,False,True,1.0
NORT_ARTIC_4,25930,331,834,6,10,1,1181,0.41297439196561375,True,False,False,True,False,True,1.0
NORT_ARTIC_4,26067,1239,275,11,5,1,1530,0.19124846994806025,True,False,False,True,False,True,1.0
NORT_ARTIC_4,26080,3667,780,28,9,2,4484,0.2789148807752324,True,False,False,False,False,True,1.0
NORT_ARTIC_4,26314,837,1230,13,24,1,2104,0.6130091861528242,True,False,False,False,False,True,1.0
NORT_ARTIC_4,26365,733,249,7,3,1,992,0.720553097535917,True,True,False,True,False,True,1.0
NORT_ARTIC_4,26508,343,808,7,11,1,1169,0.438990007565369,True,False,False,False,False,True,1.0
NORT_ARTIC_4,26619,900,805,12,7,1,1724,0.4895095430849128,True,False,False,False,False,True,1.0
NORT_ARTIC_4,26820,168,643,5,9,1,825,0.18573226960675066,True,True,False,True,False,True,1.0
NORT_ARTIC_4,27107,175,327,3,5,1,510,1.0,True,True,False,True,False,True,1.0
NORT_ARTIC_4,27346,373,348,0,0,1,721,1.0,True,True,True,True,False,True,1.0
NORT_ARTIC_4,27431,348,910,4,7,1,1269,0.5094293892547394,True,False,False,True,False,True,1.0
NORT_ARTIC_4,27677,177,530,6,5,1,718,0.03639099091739437,True,True,False,True,False,True,0.9019300084257204
NORT_ARTIC_4,27765,1049,864,3,4,1,1920,0.7080188152161863,True,False,False,True,False,True,1.0
NORT_ARTIC_4,27927,257,566,0,0,1,823,1.0,True,True,True,True,False,True,1.0
NORT_ARTIC_4,28133,1265,562,9,7,1,1843,0.28186201183637377,True,False,False,True,False,True,1.0
NORT_ARTIC_4,28949,278,112,5,4,1,399,0.2912621955673999,True,True,False,True,False,True,1.0
NORT_ARTIC_4,29100,81,236,4,22,1,343,0.34547625553349814,True,True,False,False,False,True,1.0
NORT_ARTIC_4,457,411,104,6,3,1,524,0.3977492595005925,True,True,False,True,False,True,1.0
NORT_ARTIC_4,749,556,129,6,5,1,696,0.04218931124140369,True,True,False,True,False,True,0.9552045103855041
NORT_ARTIC_4,879,271,511,3,7,1,792,1.0,True,True,False,True,False,True,1.0
NORT_ARTIC_4,907,323,1023,5,11,2,1362,0.5558565090068304,True,False,False,True,False,True,1.0
NORT_ARTIC_4,1708,377,343,5,5,1,730,1.0,True,True,False,True,False,True,1.0
NORT_ARTIC_4,1726,221,374,1,7,1,603,0.26889171477396556,True,True,False,True,False,True,1.0
NORT_ARTIC_4,3442,669,791,1,10,1,1471,0.014877902362417808,True,False,False,False,False,True,0.5263216912653615
NORT_ARTIC_4,3645,232,765,3,7,1,1007,0.7063663807137629,True,False,False,True,False,True,1.0
NORT_ARTIC_4,3654,448,2291,7,21,2,2767,0.2057375098227682,True,False,False,True,False,True,1.0
NORT_ARTIC_4,3685,191,732,6,14,1,943,0.4010265989093834,True,True,False,True,False,True,1.0
NORT_ARTIC_4,4141,375,172,6,3,1,556,1.0,True,True,False,True,False,True,1.0
NORT_ARTIC_4,6110,88,379,3,4,1,474,0.13302899558899584,True,True,False,True,False,True,1.0
NORT_ARTIC_4,6957,192,176,3,6,1,377,0.3235713457706129,True,True,False,True,False,True,1.0
NORT_ARTIC_4,7654,1373,4065,11,26,2,5475,0.5690669710773628,True,False,False,False,False,True,1.0
NORT_ARTIC_4,7658,340,1076,3,11,1,1430,1.0,True,False,False,True,False,True,1.0
NORT_ARTIC_4,9235,541,588,5,7,1,1141,0.775738810535584,True,False,False,False,False,True,1.0
NORT_ARTIC_4,9793,200,1027,1,11,1,1239,0.7026906353493485,True,False,False,True,False,True,1.0
NORT_ARTIC_4,9892,314,74,5,2,1,395,0.6240300960498267,True,True,False,True,False,True,1.0
NORT_ARTIC_4,11088,801,431,13,5,1,1250,0.6245333006424335,True,False,False,False,False,True,1.0
NORT_ARTIC_4,11359,1152,953,8,8,1,2121,0.8029532782912894,True,False,False,False,False,True,1.0
NORT_ARTIC_4,11362,2584,2142,22,12,2,4760,0.3000742940472745,True,False,False,False,False,True,1.0
NORT_ARTIC_4,11675,778,934,9,11,1,1732,1.0,True,False,False,False,False,True,1.0
NORT_ARTIC_4,12039,1075,247,8,4,1,1334,0.25509082213085316,True,False,False,True,False,True,1.0
NORT_ARTIC_4,12125,308,271,5,3,1,587,0.7295603511319528,True,True,False,True,False,True,1.0
NORT_ARTIC_4,12282,669,1005,7,9,1,1690,0.8007804954892395,True,False,False,False,False,True,1.0
NORT_ARTIC_4,12395,651,263,8,4,1,926,0.7517130362994769,True,True,False,True,False,True,1.0
NORT_ARTIC_4,12805,167,857,4,10,1,1038,0.2658001720274091,True,False,False,True,False,True,1.0
NORT_ARTIC_4,12864,615,807,6,8,1,1436,1.0,True,False,False,False,False,True,1.0
NORT_ARTIC_4,13241,2441,797,19,13,2,3270,0.0608012333871804,True,False,False,False,False,True,1.0
NORT_ARTIC_4,1134,405,227,9,2,1,643,0.34351551467915503,True,True,False,True,False,True,1.0
NORT_ARTIC_4,1867,2200,1781,17,15,2,4013,0.8593342282298492,True,False,False,False,False,True,1.0
NORT_ARTIC_4,1924,1591,969,15,8,1,2583,0.8321636608106038,True,False,False,False,False,True,1.0
NORT_ARTIC_4,1941,3518,791,27,12,2,4348,0.05977155094135056,True,False,False,False,False,True,1.0
NORT_ARTIC_4,2006,1745,789,12,9,1,2555,0.2458999498844855,True,False,False,False,False,True,1.0
NORT_ARTIC_4,3975,154,549,3,6,1,712,0.4214378261230046,True,True,False,True,False,True,1.0
NORT_ARTIC_4,4053,526,461,7,4,1,998,0.5570638356578214,True,True,False,False,False,True,1.0
NORT_ARTIC_4,4087,519,134,8,3,1,664,0.7052830095104182,True,True,False,True,False,True,1.0
NORT_ARTIC_4,7057,173,457,4,4,1,638,0.2268854086134634,True,True,False,True,False,True,1.0
NORT_ARTIC_4,7594,965,948,3,4,1,1920,0.7239026422447117,True,False,False,True,False,True,1.0
NORT_ARTIC_4,7933,273,836,2,11,1,1122,0.7455028075340178,True,False,False,True,False,True,1.0
NORT_ARTIC_4,8358,1372,586,14,5,1,1977,1.0,True,False,False,False,False,True,1.0
NORT_ARTIC_4,10508,3368,590,23,7,2,3988,0.19847964007480173,True,False,False,True,False,True,1.0
NORT_ARTIC_4,11356,3402,3472,25,27,2,6926,0.8897806847344579,True,False,False,False,False,True,1.0
NORT_ARTIC_4,11498,1411,1662,13,14,2,3100,0.8481361462541235,True,False,False,False,False,True,1.0
NORT_ARTIC_4,12074,1338,403,12,4,1,1757,0.7728393619703767,True,False,False,True,False,True,1.0
NORT_ARTIC_4,12896,1113,484,36,11,1,1644,0.33827975557524825,True,False,False,False,False,True,1.0
NORT_ARTIC_4,12961,1346,471,9,5,1,1831,0.3743677487416557,True,False,False,True,False,True,1.0
NORT_ARTIC_4,13924,746,611,6,7,1,1370,0.5830860779584619,True,False,False,False,False,True,1.0
NORT_ARTIC_4,14275,290,477,3,9,1,779,0.5501654709131143,True,True,False,True,False,True,1.0
NORT_ARTIC_4,14599,545,1483,0,1,2,2029,1.0,True,False,True,True,False,True,1.0
NORT_ARTIC_4,15606,1651,480,14,4,1,2149,1.0,True,False,False,True,False,True,1.0
NORT_ARTIC_4,15697,1829,693,11,9,1,2542,0.12769150453100891,True,False,False,False,False,True,1.0
NORT_ARTIC_4,15877,2663,5950,24,37,3,8674,0.16543965426463633,True,False,False,False,False,True,1.0
NORT_ARTIC_4,15887,1364,2027,6,14,1,3411,0.49348021085444294,True,False,False,False,False,True,1.0
NORT_ARTIC_4,15975,2146,738,13,7,1,2904,0.3151280221272448,True,False,False,False,False,True,1.0
NORT_ARTIC_4,16458,918,1303,11,8,1,2240,0.1642687613796948,True,False,False,False,False,True,1.0
NORT_ARTIC_4,17021,2382,4255,17,28,2,6682,0.876263494194558,True,False,False,False,False,True,1.0
NORT_ARTIC_4,17101,932,437,7,6,1,1382,0.36943904447784026,True,False,False,True,False,True,1.0
NORT_ARTIC_4,18393,1585,779,12,8,1,2384,0.4842015405346334,True,False,False,False,False,True,1.0
NORT_ARTIC_4,18513,2300,5588,22,33,3,7943,0.1003449929967186,True,False,False,False,False,True,1.0
NORT_ARTIC_4,19229,943,1473,9,8,1,2433,0.3185646459034366,True,False,False,False,False,True,1.0
NORT_ARTIC_4,19329,823,323,9,4,1,1159,0.765621730975542,True,False,False,True,False,True,1.0
NORT_ARTIC_4,19722,534,749,6,6,1,1295,0.5700100609302413,True,False,False,False,False,True,1.0
NORT_ARTIC_4,19737,422,896,6,6,1,1330,0.2169562595341568,True,False,False,True,False,True,1.0
NORT_ARTIC_4,25569,281,525,4,11,1,821,0.5948783398080292,True,True,False,False,False,True,1.0
NORT_ARTIC_4,25878,618,743,7,6,1,1374,0.5854216939803467,True,False,False,False,False,True,1.0
NORT_ARTIC_4,28321,786,1007,11,10,1,1814,0.5092592415264471,True,False,False,False,False,True,1.0
NORT_ARTIC_4,372,1279,1646,7,11,1,2943,0.8132256650134876,True,False,False,False,False,True,1.0
NORT_ARTIC_4,739,1177,286,9,3,1,1475,0.7128307147693471,True,False,False,True,False,True,1.0
NORT_ARTIC_4,771,1428,308,14,5,1,1755,0.3617591652123064,True,False,False,True,False,True,1.0
NORT_ARTIC_4,1140,1169,728,17,9,1,1923,0.8397627628708528,True,False,False,False,False,True,1.0
NORT_ARTIC_4,1556,1537,935,12,5,1,2489,0.6182959098085312,True,False,False,False,False,True,1.0
NORT_ARTIC_4,1660,4440,1362,35,17,2,5854,0.13821383603387163,True,False,False,False,False,True,1.0
NORT_ARTIC_4,2228,1744,1509,6,14,1,3273,0.04246379074919854,True,False,False,False,False,True,0.9552045103855041
NORT_ARTIC_4,2275,1833,582,16,4,1,2435,0.7977786232376574,True,False,False,True,False,True,1.0
NORT_ARTIC_4,2975,3051,1214,19,12,1,4296,0.23122839160677217,True,False,False,False,False,True,1.0
NORT_ARTIC_4,3160,4810,3402,27,20,2,8259,0.8829159791780904,True,False,False,False,False,True,1.0
NORT_ARTIC_4,3381,874,3070,4,18,1,3966,0.8004879603357568,True,False,False,True,False,True,1.0
NORT_ARTIC_4,3421,1917,2789,13,11,1,4730,0.21291889025121008,True,False,False,False,False,True,1.0
NORT_ARTIC_4,312,374,1276,5,12,1,1667,0.5598379513295775,True,False,False,True,False,True,1.0
NORT_ARTIC_4,901,513,1104,12,34,1,1663,0.5203179001438354,True,False,False,False,False,True,1.0
NORT_ARTIC_4,1804,339,1239,5,11,1,1594,0.3599009303164242,True,False,False,True,False,True,1.0
NORT_ARTIC_4,1903,1309,1251,16,5,1,2581,0.0271081252579066,True,False,False,False,False,True,0.7370066896876865
NORT_ARTIC_4,3379,555,1584,8,10,1,2157,0.1017337218418953,True,False,False,True,False,True,1.0
NORT_ARTIC_4,3649,559,1515,6,11,1,2091,0.4206011518322694,True,False,False,True,False,True,1.0
NORT_ARTIC_4,3733,640,1385,6,13,1,2044,1.0,True,False,False,False,False,True,1.0
NORT_ARTIC_4,4040,1366,644,14,7,2,2031,1.0,True,False,False,False,False,True,1.0
NORT_ARTIC_4,4435,2054,967,17,13,2,3051,0.23713689275222413,True,False,False,False,False,True,1.0
NORT_ARTIC_4,5732,2028,1892,13,18,2,3951,0.285897503073097,True,False,False,False,False,True,1.0
NORT_ARTIC_4,5779,757,937,9,14,2,1717,0.6759485087144352,True,False,False,False,False,True,1.0
NORT_ARTIC_4,6007,1083,434,12,7,1,1536,0.4477354992489597,True,False,False,False,False,True,1.0
NORT_ARTIC_4,6206,216,685,4,9,1,914,0.5252804888577803,True,True,False,True,False,True,1.0
NORT_ARTIC_4,7200,704,225,31,1,1,961,0.002613571872480384,True,True,False,False,False,True,0.13192163390483302
NORT_ARTIC_4,7448,1523,702,12,7,1,2244,0.6250633604527968,True,False,False,False,False,True,1.0
NORT_ARTIC_4,7514,1905,542,12,4,1,2463,0.7647512032117949,True,False,False,True,False,True,1.0
NORT_ARTIC_4,8063,1056,864,8,10,1,1938,0.47666615808464785,True,False,False,False,False,True,1.0
NORT_ARTIC_4,8085,1507,665,17,5,2,2194,0.49417777458278256,True,False,False,False,False,True,1.0
NORT_ARTIC_4,8377,1511,494,13,7,1,2025,0.2995214190909328,True,False,False,True,False,True,1.0
NORT_ARTIC_4,8515,745,823,9,6,1,1583,0.43802735205483334,True,False,False,False,False,True,1.0
NORT_ARTIC_4,9522,1886,1121,12,6,1,3025,0.8113243528858006,True,False,False,False,False,True,1.0
NORT_ARTIC_4,9564,2345,620,17,8,1,2990,0.21357303688793566,True,False,False,False,False,True,1.0
NORT_ARTIC_4,10734,1357,3767,10,25,2,5159,0.8476003651738488,True,False,False,False,False,True,1.0
NORT_ARTIC_4,10749,1077,1341,7,9,1,2434,1.0,True,False,False,False,False,True,1.0
NORT_ARTIC_4,11733,1267,564,10,5,1,1846,0.7854007277701014,True,False,False,True,False,True,1.0
NORT_ARTIC_4,11805,674,671,8,7,1,1360,1.0,True,False,False,False,False,True,1.0
NORT_ARTIC_4,12502,728,1590,5,12,1,2335,1.0,True,False,False,False,False,True,1.0
NORT_ARTIC_4,13622,478,331,6,4,1,819,1.0,True,True,False,True,False,True,1.0
NORT_ARTIC_4,14205,651,344,8,7,1,1010,0.4130624314725665,True,False,False,False,False,True,1.0
NORT_ARTIC_4,14924,342,813,7,11,1,1173,0.4372494976769969,True,False,False,False,False,True,1.0
NORT_ARTIC_4,15714,4949,3356,41,30,6,8376,0.8083522206984712,True,False,False,False,False,True,1.0
NORT_ARTIC_4,16008,2082,969,14,6,1,3071,1.0,True,False,False,False,False,True,1.0
NORT_ARTIC_4,16035,1299,1054,9,12,1,2374,0.2775364643897425,True,False,False,False,False,True,1.0
NORT_ARTIC_4,16213,2496,1996,19,14,1,4525,0.8620790162151181,True,False,False,False,False,True,1.0
NORT_ARTIC_4,16415,1394,2130,10,19,1,3553,0.7038890782870135,True,False,False,False,False,True,1.0
NORT_ARTIC_4,16525,1383,427,11,4,1,1825,0.7628303405540557,True,False,False,True,False,True,1.0
NORT_ARTIC_4,17367,2269,1775,16,12,1,4072,1.0,True,False,False,False,False,True,1.0
NORT_ARTIC_4,19307,449,193,5,4,1,651,0.46477913760456185,True,True,False,True,False,True,1.0
NORT_ARTIC_4,19927,956,255,10,4,1,1225,0.5105697817942549,True,False,False,True,False,True,1.0
NORT_ARTIC_4,20142,3354,3077,24,21,2,6476,0.8824581453117274,True,False,False,False,False,True,1.0
NORT_ARTIC_4,20516,1572,536,12,3,1,2123,0.7729532726751251,True,False,False,True,False,True,1.0
NORT_ARTIC_4,21317,683,1019,6,8,1,1716,1.0,True,False,False,False,False,True,1.0
NORT_ARTIC_4,22478,1968,920,11,8,1,2907,0.3333816074037917,True,False,False,False,False,True,1.0
NORT_ARTIC_4,23241,772,1025,6,10,1,1813,0.801707488380295,True,False,False,False,False,True,1.0
NORT_ARTIC_4,25449,1137,777,14,14,1,1942,0.33685623540201937,True,False,False,False,False,True,1.0
NORT_ARTIC_4,26248,594,2263,5,19,1,2881,1.0,True,False,False,True,False,True,1.0
NORT_ARTIC_4,27751,2333,1236,19,10,1,3598,1.0,True,False,False,False,False,True,1.0
NORT_ARTIC_4,28738,642,707,7,10,1,1366,0.6342766670479947,True,False,False,False,False,True,1.0
NORT_ARTIC_4,29163,2034,1171,19,9,2,3233,0.697563239071851,True,False,False,False,False,True,1.0
NORT_ARTIC_4,29168,1463,776,12,6,1,2257,1.0,True,False,False,False,False,True,1.0
NORT_ARTIC_4,2556,6,8,1,2,1,17,1.0,True,True,False,True,False,True,1.0
NORT_ARTIC_4,5994,20,7,2,1,1,30,1.0,True,True,False,True,False,True,1.0
NORT_ARTIC_4,6085,13,21,2,2,1,38,1.0,True,True,False,True,False,True,1.0
NORT_ARTIC_4,9069,27,8,2,2,1,39,0.26698763540868803,True,True,False,True,False,True,1.0
NORT_ARTIC_4,9822,12,33,2,1,1,48,0.19993061979648474,True,True,False,True,False,True,1.0
NORT_ARTIC_4,12216,210,2465,5,23,3,2703,0.06625707836760622,True,False,False,True,False,True,1.0
NORT_ARTIC_4,12411,15,4,2,1,1,22,1.0,True,True,False,True,False,True,1.0
NORT_ARTIC_4,15250,12,29,1,3,1,45,1.0,True,True,False,True,False,True,1.0
NORT_ARTIC_4,16484,35,33,1,3,1,72,0.6142069810165343,True,True,False,True,False,True,1.0
NORT_ARTIC_4,17813,23,31,1,2,1,57,1.0,True,True,False,True,False,True,1.0
NORT_ARTIC_4,22310,14,8,2,1,1,25,1.0,True,True,False,True,False,True,1.0
NORT_ARTIC_4,25870,13,11,2,1,1,27,1.0,True,True,False,True,False,True,1.0
NORT_ARTIC_4,28480,10,18,1,2,1,31,1.0,True,True,False,True,False,True,1.0
NORT_ARTIC_4,28981,7,6,5,0,1,18,0.11414565826330533,True,True,True,True,False,True,1.0
NORT_ARTIC_4,354,1013,1554,14,14,1,2595,0.3312091790764495,True,False,False,False,False,True,1.0
NORT_ARTIC_4,415,1180,770,13,8,1,1971,1.0,True,False,False,False,False,True,1.0
NORT_ARTIC_4,4344,2897,1527,20,15,2,4459,0.3721650954591651,True,False,False,False,False,True,1.0
NORT_ARTIC_4,4353,2508,1348,16,13,2,3885,0.3283058109733079,True,False,False,False,False,True,1.0
NORT_ARTIC_4,5742,1613,1648,13,13,1,3287,1.0,True,False,False,False,False,True,1.0
NORT_ARTIC_4,7896,606,767,7,4,1,1384,0.2312727463124597,True,False,False,True,False,True,1.0
NORT_ARTIC_4,8031,1934,1731,17,16,1,3698,1.0,True,False,False,False,False,True,1.0
NORT_ARTIC_4,8101,2282,871,14,5,1,3172,1.0,True,False,False,False,False,True,1.0
NORT_ARTIC_4,10495,2686,627,20,7,1,3340,0.33011094297864674,True,False,False,False,False,True,1.0
NORT_ARTIC_4,12381,6737,2248,42,23,3,9050,0.06180135725120939,True,False,False,False,False,True,1.0
NORT_ARTIC_4,17678,3661,3175,24,25,2,6885,0.5667366804084335,True,False,False,False,False,True,1.0
NORT_ARTIC_4,17956,1182,2670,13,22,2,3887,0.46180753526872886,True,False,False,False,False,True,1.0
NORT_ARTIC_4,20432,2402,2779,17,14,2,5212,0.3708013757996943,True,False,False,False,False,True,1.0
NORT_ARTIC_4,29377,647,1854,2,31,1,2534,0.007801380326758202,True,False,False,False,False,True,0.33288570280878554
NORT_ARTIC_4,375,402,607,6,6,1,1021,0.557669006659097,True,False,False,True,False,True,1.0
NORT_ARTIC_4,911,417,1143,9,24,2,1593,1.0,True,False,False,False,False,True,1.0
NORT_ARTIC_4,1638,2749,940,32,13,3,3734,0.6069908865718513,True,False,False,False,False,True,1.0
NORT_ARTIC_4,2016,1656,1405,12,11,2,3084,1.0,True,False,False,False,False,True,1.0
NORT_ARTIC_4,2184,741,573,10,3,1,1327,0.16687874251124135,True,False,False,False,False,True,1.0
NORT_ARTIC_4,3388,224,812,5,8,1,1049,0.1721033522966708,True,False,False,True,False,True,1.0
NORT_ARTIC_4,3493,969,191,11,0,1,1171,0.22838849211379925,True,False,True,True,False,True,1.0
NORT_ARTIC_4,4032,511,130,8,2,1,651,1.0,True,True,False,True,False,True,1.0
NORT_ARTIC_4,4732,835,317,7,4,1,1163,0.5075654577186488,True,False,False,True,False,True,1.0
NORT_ARTIC_4,4992,748,433,9,5,1,1195,1.0,True,False,False,False,False,True,1.0
NORT_ARTIC_4,5630,905,409,12,3,1,1329,0.41675235902518304,True,False,False,True,False,True,1.0
NORT_ARTIC_4,6505,1013,157,10,1,1,1181,1.0,True,False,False,True,False,True,1.0
NORT_ARTIC_4,6731,403,1328,4,9,1,1744,0.5155393635969647,True,False,False,True,False,True,1.0
NORT_ARTIC_4,9961,315,178,5,4,1,502,0.7291587027988737,True,True,False,True,False,True,1.0
NORT_ARTIC_4,10190,1105,230,10,0,1,1345,0.2269996833155416,True,False,True,True,False,True,1.0
NORT_ARTIC_4,10614,255,272,7,4,1,538,0.3720140548740841,True,True,False,False,False,True,1.0
NORT_ARTIC_4,10678,180,782,1,8,1,971,1.0,True,True,False,True,False,True,1.0
NORT_ARTIC_4,11131,1731,473,13,11,2,2228,0.009757431809735644,True,False,False,False,False,True,0.4025517807104665
NORT_ARTIC_4,11334,1244,1166,10,11,1,2431,0.8274757680902043,True,False,False,False,False,True,1.0
NORT_ARTIC_4,11661,657,1159,4,9,1,1829,0.7797605891641644,True,False,False,True,False,True,1.0
NORT_ARTIC_4,11789,534,293,7,3,1,837,1.0,True,True,False,True,False,True,1.0
NORT_ARTIC_4,12104,686,321,9,3,1,1019,0.761670812602079,True,False,False,True,False,True,1.0
NORT_ARTIC_4,12634,1098,541,7,6,1,1652,0.37649296342291355,True,False,False,True,False,True,1.0
NORT_ARTIC_4,12941,5224,1970,42,24,5,7260,0.1263545854504462,True,False,False,False,False,True,1.0
NORT_ARTIC_4,12945,1199,340,9,4,1,1552,0.500874935483405,True,False,False,True,False,True,1.0
NORT_ARTIC_4,12953,1182,335,10,4,1,1531,0.5254468834956665,True,False,False,True,False,True,1.0
NORT_ARTIC_4,13257,1061,387,9,6,1,1463,0.25001625670620253,True,False,False,True,False,True,1.0
NORT_ARTIC_4,13891,853,210,10,4,1,1077,0.4959877225300744,True,False,False,True,False,True,1.0
NORT_ARTIC_4,14878,165,285,7,5,1,462,0.13964216434738436,True,True,False,True,False,True,1.0
NORT_ARTIC_4,16689,217,842,4,7,1,1070,0.2523347346138843,True,False,False,True,False,True,1.0
NORT_ARTIC_4,17142,1103,489,11,5,1,1608,1.0,True,False,False,True,False,True,1.0
NORT_ARTIC_4,17605,314,1559,1,11,1,1885,0.7029644862506412,True,False,False,True,False,True,1.0
NORT_ARTIC_4,20811,1133,250,10,5,1,1398,0.1687540911796066,True,False,False,True,False,True,1.0
NORT_ARTIC_4,26332,359,1278,4,9,1,1650,0.4992183732626885,True,False,False,True,False,True,1.0
NORT_ARTIC_4,27397,1283,2652,15,19,2,3969,0.19739686952677665,True,False,False,False,False,True,1.0
NORT_ARTIC_4,28049,1864,1235,10,7,1,3116,1.0,True,False,False,False,False,True,1.0
NORT_ARTIC_4,28249,982,1537,9,9,1,2537,0.3434869085153263,True,False,False,False,False,True,1.0
NORT_ARTIC_4,28329,964,1609,10,14,1,2597,0.676465362282552,True,False,False,False,False,True,1.0
NORT_ARTIC_4,28525,252,636,2,9,1,899,0.7371505781968604,True,True,False,True,False,True,1.0
NORT_ARTIC_4,3788,27,16,2,2,1,47,0.6312505256076024,True,True,False,True,False,True,1.0
NORT_ARTIC_4,5590,314,524,7,3,1,848,0.0478653033048479,True,True,False,True,False,True,0.9880974014839219
NORT_ARTIC_4,6800,276,953,1,14,1,1244,0.21322522922135773,True,False,False,True,False,True,1.0
NORT_ARTIC_4,7501,498,41,9,1,1,549,0.5519037633215262,True,True,False,True,False,True,1.0
NORT_ARTIC_4,9784,40,606,1,9,1,656,0.47795658410690156,True,True,False,True,False,True,1.0
NORT_ARTIC_4,14549,67,79,3,3,1,152,1.0,True,True,False,True,False,True,1.0
NORT_ARTIC_4,14709,74,277,0,7,1,358,0.3525188745019472,True,True,True,True,False,True,1.0
NORT_ARTIC_4,15554,508,35,11,0,1,554,1.0,True,True,True,True,False,True,1.0
NORT_ARTIC_4,17969,72,313,3,4,1,392,0.13162954671532073,True,True,False,True,False,True,1.0
NORT_ARTIC_4,19320,49,10,2,2,1,63,0.16093777542746343,True,True,False,True,False,True,1.0
NORT_ARTIC_4,20244,448,60,7,1,1,516,1.0,True,True,False,True,False,True,1.0
NORT_ARTIC_4,22458,250,189,8,16,1,463,0.03315233489243053,True,True,False,False,False,True,0.8576094632485622
NORT_ARTIC_4,23380,429,87,3,2,1,521,0.20370813156769413,True,True,False,True,False,True,1.0
NORT_ARTIC_4,24956,22,28,1,3,1,54,0.6280011762808653,True,True,False,True,False,True,1.0
NORT_ARTIC_4,26545,25,30,0,4,1,59,0.12969155794219622,True,True,True,True,False,True,1.0
NORT_ARTIC_4,29470,89,650,1,8,1,748,1.0,True,True,False,True,False,True,1.0
NORT_ARTIC_4,2839,326,864,11,3,1,1204,0.00011257693685222842,True,False,False,True,False,True,0.008174665642655675
NORT_ARTIC_4,3590,1084,1111,15,9,2,2219,0.22311809685398973,True,False,False,False,False,True,1.0
NORT_ARTIC_4,4957,631,760,6,8,1,1405,1.0,True,False,False,False,False,True,1.0
NORT_ARTIC_4,5731,1609,1243,18,12,2,2882,0.7164324578914327,True,False,False,False,False,True,1.0
NORT_ARTIC_4,10786,866,693,4,12,1,1575,0.02057332523302319,True,False,False,False,False,True,0.6354700980558431
NORT_ARTIC_4,12069,1851,171,14,1,1,2037,1.0,True,False,False,True,False,True,1.0
NORT_ARTIC_4,13857,2125,173,14,3,1,2315,0.13378248458270015,True,False,False,True,False,True,1.0
NORT_ARTIC_4,17685,1410,1297,8,10,1,2725,0.637741724995904,True,False,False,False,False,True,1.0
NORT_ARTIC_4,17727,3307,926,27,6,2,4266,0.8322732835390995,True,False,False,False,False,True,1.0
NORT_ARTIC_4,18542,322,1683,3,13,1,2021,0.7326998985260051,True,False,False,True,False,True,1.0
NORT_ARTIC_4,18556,202,1551,3,12,1,1768,0.40415302158017297,True,False,False,True,False,True,1.0
NORT_ARTIC_4,18949,2666,810,19,9,2,3504,0.26649801215114893,True,False,False,False,False,True,1.0
NORT_ARTIC_4,19946,1946,226,12,2,1,2186,0.650614999193909,True,False,False,True,False,True,1.0
NORT_ARTIC_4,21250,336,2931,4,26,2,3297,0.543345617812982,True,False,False,True,False,True,1.0
NORT_ARTIC_4,23428,661,592,8,6,1,1267,0.7939911141012777,True,False,False,False,False,True,1.0
NORT_ARTIC_4,24315,1761,404,14,6,1,2185,0.2433751006330369,True,False,False,True,False,True,1.0
NORT_ARTIC_4,27951,209,1536,1,14,1,1760,1.0,True,False,False,True,False,True,1.0
NORT_ARTIC_4,1578,1000,342,9,6,1,1357,0.2331024870699558,True,False,False,True,False,True,1.0
NORT_ARTIC_4,2899,1723,497,13,3,1,2236,1.0,True,False,False,True,False,True,1.0
NORT_ARTIC_4,3092,577,1725,10,30,1,2342,1.0,True,False,False,False,False,True,1.0
NORT_ARTIC_4,3643,529,1385,4,12,1,1930,1.0,True,False,False,True,False,True,1.0
NORT_ARTIC_4,4337,476,359,4,7,1,846,0.22311511004674245,True,True,False,True,False,True,1.0
NORT_ARTIC_4,4457,659,333,8,6,2,1006,0.5700676572254726,True,False,False,True,False,True,1.0
NORT_ARTIC_4,5325,1593,465,13,5,1,2076,0.5762195060205209,True,False,False,True,False,True,1.0
NORT_ARTIC_4,5347,1650,492,11,4,1,2157,0.7587871907773862,True,False,False,True,False,True,1.0
NORT_ARTIC_4,5372,1704,469,14,5,1,2192,0.5808485203781768,True,False,False,True,False,True,1.0
NORT_ARTIC_4,5452,601,772,7,9,1,1389,1.0,True,False,False,False,False,True,1.0
NORT_ARTIC_4,6055,697,1087,6,8,1,1798,0.7884360969480679,True,False,False,False,False,True,1.0
NORT_ARTIC_4,7685,919,1388,5,11,1,2323,0.6119001329425072,True,False,False,False,False,True,1.0
NORT_ARTIC_4,7834,972,651,3,4,1,1630,0.44868844324047963,True,False,False,True,False,True,1.0
NORT_ARTIC_4,7903,426,710,1,1,1,1138,1.0,True,False,False,True,False,True,1.0
NORT_ARTIC_4,7979,276,1059,1,1,1,1337,0.37155979738354256,True,False,False,True,False,True,1.0
NORT_ARTIC_4,9262,625,939,9,5,1,1578,0.0971872955979812,True,False,False,False,False,True,1.0
NORT_ARTIC_4,9790,405,1971,5,9,1,2390,0.07592638843319513,True,False,False,True,False,True,1.0
NORT_ARTIC_4,10071,117,457,1,9,1,584,0.6954556222969082,True,True,False,True,False,True,1.0
NORT_ARTIC_4,10445,2588,2826,13,21,2,5448,0.30370518400382107,True,False,False,False,False,True,1.0
NORT_ARTIC_4,10564,648,280,8,3,1,939,1.0,True,True,False,True,False,True,1.0
NORT_ARTIC_4,11408,1972,669,13,8,1,2662,0.20734932108994458,True,False,False,False,False,True,1.0
NORT_ARTIC_4,11718,631,201,7,4,1,843,0.4768837737540883,True,True,False,True,False,True,1.0
NORT_ARTIC_4,11813,1165,1370,13,13,2,2561,0.6972007881034673,True,False,False,False,False,True,1.0
NORT_ARTIC_4,12122,616,509,7,6,1,1138,1.0,True,False,False,False,False,True,1.0
NORT_ARTIC_4,12387,2234,748,16,7,2,3005,0.6288641784054929,True,False,False,False,False,True,1.0
NORT_ARTIC_4,13250,1583,506,11,8,1,2108,0.10197579964390802,True,False,False,True,False,True,1.0
NORT_ARTIC_4,13826,1859,659,9,4,1,2531,0.7529208780132495,True,False,False,True,False,True,1.0
NORT_ARTIC_4,14014,580,1927,4,13,1,2524,1.0,True,False,False,True,False,True,1.0
NORT_ARTIC_4,15091,1050,359,7,6,1,1422,0.10927391136745584,True,False,False,True,False,True,1.0
NORT_ARTIC_4,15655,2207,587,18,3,1,2815,0.5957267229263592,True,False,False,True,False,True,1.0
NORT_ARTIC_4,15661,4373,1092,44,11,3,5520,1.0,True,False,False,False,False,True,1.0
NORT_ARTIC_4,15816,758,2375,9,18,1,3160,0.26466480905538015,True,False,False,False,False,True,1.0
NORT_ARTIC_4,16361,612,2049,8,15,1,2684,0.21166822450084274,True,False,False,False,False,True,1.0
NORT_ARTIC_4,16916,929,689,5,8,1,1631,0.25942449781146715,True,False,False,False,False,True,1.0
NORT_ARTIC_4,17428,1731,470,9,4,1,2214,0.49399559706310003,True,False,False,True,False,True,1.0
NORT_ARTIC_4,17576,534,1793,4,14,1,2345,1.0,True,False,False,True,False,True,1.0
NORT_ARTIC_4,17633,964,1564,7,16,1,2551,0.522799664155919,True,False,False,False,False,True,1.0
NORT_ARTIC_4,17889,167,887,5,10,1,1069,0.07791266572090452,True,False,False,True,False,True,1.0
NORT_ARTIC_4,18015,1448,474,13,7,1,1942,0.2998290277937239,True,False,False,True,False,True,1.0
NORT_ARTIC_4,18022,1465,480,9,4,1,1958,0.5368419011123647,True,False,False,True,False,True,1.0
NORT_ARTIC_4,18234,249,1010,4,9,1,1272,0.3036741009015226,True,False,False,True,False,True,1.0
NORT_ARTIC_4,18913,841,1197,4,10,1,2052,0.4208595736598491,True,False,False,False,False,True,1.0
NORT_ARTIC_4,19265,1141,743,9,4,1,1897,0.5839250447799244,True,False,False,False,False,True,1.0
NORT_ARTIC_4,19283,1095,285,8,4,1,1392,0.2858341912407725,True,False,False,True,False,True,1.0
NORT_ARTIC_4,19830,635,707,6,7,1,1355,1.0,True,False,False,False,False,True,1.0
NORT_ARTIC_4,20334,307,542,4,4,1,857,0.4706596170586265,True,True,False,True,False,True,1.0
NORT_ARTIC_4,20727,985,1404,10,12,1,2411,0.6715301003326541,True,False,False,False,False,True,1.0
NORT_ARTIC_4,20913,380,747,4,8,1,1139,1.0,True,False,False,True,False,True,1.0
NORT_ARTIC_4,21131,1314,433,11,7,1,1765,0.17551658274434287,True,False,False,True,False,True,1.0
NORT_ARTIC_4,23310,4567,2773,30,27,4,7397,0.16973504797589406,True,False,False,False,False,True,1.0
NORT_ARTIC_4,23560,296,1159,2,4,1,1461,0.35441204961047706,True,False,False,True,False,True,1.0
NORT_ARTIC_4,24532,1007,1046,6,9,1,2068,0.6070459504978145,True,False,False,False,False,True,1.0
NORT_ARTIC_4,24695,199,783,3,11,1,996,1.0,True,True,False,True,False,True,1.0
NORT_ARTIC_4,27220,825,248,10,4,1,1087,0.7492531332180133,True,False,False,True,False,True,1.0
NORT_ARTIC_4,27295,995,364,7,4,1,1370,0.49908122095269963,True,False,False,True,False,True,1.0
NORT_ARTIC_4,27468,616,870,4,9,1,1499,0.5756964700459053,True,False,False,False,False,True,1.0
NORT_ARTIC_4,27631,377,355,4,6,1,742,0.5364760723912947,True,True,False,True,False,True,1.0
NORT_ARTIC_4,1227,158,446,4,5,1,613,0.2537520502477161,True,True,False,True,False,True,1.0
NORT_ARTIC_4,1879,404,401,8,4,1,817,0.38433282369063326,True,True,False,False,False,True,1.0
NORT_ARTIC_4,2115,106,339,3,4,1,452,0.3669448875625696,True,True,False,True,False,True,1.0
NORT_ARTIC_4,3359,111,378,3,4,1,496,0.20170732696274643,True,True,False,True,False,True,1.0
NORT_ARTIC_4,4303,51,198,2,4,1,255,0.6073422985035338,True,True,False,True,False,True,1.0
NORT_ARTIC_4,5686,407,144,5,4,1,560,0.25350017986201423,True,True,False,True,False,True,1.0
NORT_ARTIC_4,5854,87,329,3,4,1,423,0.16909356765390393,True,True,False,True,False,True,1.0
NORT_ARTIC_4,7160,223,53,0,0,1,276,1.0,True,True,True,True,False,True,1.0
NORT_ARTIC_4,8746,42,21,2,2,1,67,0.6025832376578646,True,True,False,True,False,True,1.0
NORT_ARTIC_4,12077,2137,593,17,9,2,2756,0.14811576307090485,True,False,False,False,False,True,1.0
NORT_ARTIC_4,12431,157,121,3,5,1,286,0.3069064168230119,True,True,False,True,False,True,1.0
NORT_ARTIC_4,13574,43,17,3,1,1,64,1.0,True,True,False,True,False,True,1.0
NORT_ARTIC_4,14413,350,152,5,3,1,510,0.7039708019832822,True,True,False,True,False,True,1.0
NORT_ARTIC_4,15214,157,456,3,5,1,621,0.430987190565993,True,True,False,True,False,True,1.0
NORT_ARTIC_4,15631,627,154,8,4,1,793,0.2701215364314197,True,True,False,True,False,True,1.0
NORT_ARTIC_4,16064,100,118,0,0,1,218,1.0,True,True,True,True,False,True,1.0
NORT_ARTIC_4,16476,270,392,4,6,1,672,1.0,True,True,False,True,False,True,1.0
NORT_ARTIC_4,18132,40,55,0,0,1,95,1.0,True,True,True,True,False,True,1.0
NORT_ARTIC_4,18353,378,140,4,4,1,526,0.22343804792276956,True,True,False,True,False,True,1.0
NORT_ARTIC_4,18516,181,419,4,6,1,610,0.5006665429891825,True,True,False,True,False,True,1.0
NORT_ARTIC_4,19240,266,365,5,5,1,641,0.7499565474281011,True,True,False,True,False,True,1.0
NORT_ARTIC_4,20016,326,348,4,5,2,683,1.0,True,True,False,True,False,True,1.0
NORT_ARTIC_4,20131,304,430,4,8,1,746,0.769613161389314,True,True,False,True,False,True,1.0
NORT_ARTIC_4,21081,1457,401,14,8,2,1880,0.11572033658675825,True,False,False,True,False,True,1.0
NORT_ARTIC_4,26298,114,397,5,5,1,521,0.053651961520333816,True,True,False,True,False,True,0.9880974014839219
NORT_ARTIC_4,27274,3622,1167,22,12,3,4823,0.1597424897191867,True,False,False,False,False,True,1.0
NORT_ARTIC_4,27658,147,225,1,6,1,379,0.25428046752566624,True,True,False,True,False,True,1.0
NORT_ARTIC_4,778,378,117,7,2,1,504,1.0,True,True,False,True,False,True,1.0
NORT_ARTIC_4,963,513,401,7,5,1,926,1.0,True,True,False,False,False,True,1.0
NORT_ARTIC_4,987,614,457,6,4,1,1081,1.0,True,False,False,True,False,True,1.0
NORT_ARTIC_4,2497,699,1495,10,16,2,2220,0.5264546379777832,True,False,False,False,False,True,1.0
NORT_ARTIC_4,4821,750,869,9,9,1,1637,0.8149100714948606,True,False,False,False,False,True,1.0
NORT_ARTIC_4,5163,294,534,6,7,1,841,0.5605842724756067,True,True,False,True,False,True,1.0
NORT_ARTIC_4,5627,1609,1067,14,8,1,2698,0.8292375080460119,True,False,False,False,False,True,1.0
NORT_ARTIC_4,6076,435,1287,5,12,1,1739,0.7791047893621821,True,False,False,True,False,True,1.0
NORT_ARTIC_4,6199,199,565,3,7,1,774,0.7261457491107791,True,True,False,True,False,True,1.0
NORT_ARTIC_4,7953,310,1051,5,8,1,1374,0.18918717585444098,True,False,False,True,False,True,1.0
NORT_ARTIC_4,8307,111,515,3,6,1,635,0.2081772672646211,True,True,False,True,False,True,1.0
NORT_ARTIC_4,10713,720,3485,10,22,2,4237,0.05509431966442424,True,False,False,False,False,True,0.9914582134393563
NORT_ARTIC_4,10742,1406,3936,10,24,2,5376,0.6970529682696055,True,False,False,False,False,True,1.0
NORT_ARTIC_4,10760,643,951,6,9,1,1609,1.0,True,False,False,False,False,True,1.0
NORT_ARTIC_4,12894,1019,600,9,10,1,1638,0.2313195033614674,True,False,False,False,False,True,1.0
NORT_ARTIC_4,13312,689,730,7,10,1,1436,0.6297955596123097,True,False,False,False,False,True,1.0
NORT_ARTIC_4,14592,319,1034,3,9,1,1365,1.0,True,False,False,True,False,True,1.0
NORT_ARTIC_4,16560,467,295,6,3,1,771,1.0,True,True,False,True,False,True,1.0
NORT_ARTIC_4,17265,642,976,7,11,1,1636,1.0,True,False,False,False,False,True,1.0
NORT_ARTIC_4,17345,1162,937,9,6,1,2114,0.7988450473509552,True,False,False,False,False,True,1.0
NORT_ARTIC_4,17583,508,1528,6,14,1,2056,0.6064371068712795,True,False,False,False,False,True,1.0
NORT_ARTIC_4,18444,545,620,5,7,1,1177,0.7790652355228715,True,False,False,False,False,True,1.0
NORT_ARTIC_4,18855,239,742,6,10,1,997,0.24348745447813974,True,True,False,True,False,True,1.0
NORT_ARTIC_4,18874,235,705,6,9,1,955,0.22754680979261516,True,True,False,True,False,True,1.0
NORT_ARTIC_4,19583,1014,393,7,6,1,1420,0.21021502708323236,True,False,False,True,False,True,1.0
NORT_ARTIC_4,20746,933,1269,8,10,1,2220,1.0,True,False,False,False,False,True,1.0
NORT_ARTIC_4,22296,243,176,4,4,1,427,0.7259995066914274,True,True,False,True,False,True,1.0
NORT_ARTIC_4,24858,3412,2086,40,28,3,5566,0.6158491652418776,True,False,False,False,False,True,1.0
NORT_ARTIC_4,24933,319,501,25,19,1,864,0.025829894644904608,True,True,False,False,False,True,0.7114674833370734
NORT_ARTIC_4,25556,375,301,0,1,1,677,0.4460856720827179,True,True,True,True,False,True,1.0
NORT_ARTIC_4,28053,1155,964,9,9,2,2137,0.8134385477353412,True,False,False,False,False,True,1.0
NORT_ARTIC_4,28376,350,671,1,3,1,1025,1.0,True,False,False,True,False,True,1.0
NORT_ARTIC_4,28741,331,458,6,5,1,800,0.5408765730061931,True,True,False,True,False,True,1.0
NORT_ARTIC_4,2190,1873,779,14,6,1,2672,1.0,True,False,False,False,False,True,1.0
NORT_ARTIC_4,2446,523,1964,5,13,1,2505,0.55963542440801,True,False,False,True,False,True,1.0
NORT_ARTIC_4,4221,291,487,5,9,1,792,1.0,True,True,False,False,False,True,1.0
NORT_ARTIC_4,4896,1078,2343,13,17,2,3451,0.17121134218238893,True,False,False,False,False,True,1.0
NORT_ARTIC_4,6348,130,78,4,3,1,215,1.0,True,True,False,True,False,True,1.0
NORT_ARTIC_4,6754,477,906,4,8,1,1395,1.0,True,False,False,True,False,True,1.0
NORT_ARTIC_4,6834,418,847,4,7,1,1276,0.7589409465985326,True,False,False,True,False,True,1.0
NORT_ARTIC_4,8166,616,537,7,6,1,1166,1.0,True,False,False,False,False,True,1.0
NORT_ARTIC_4,9585,2402,1178,12,10,1,3602,0.255069480360974,True,False,False,False,False,True,1.0
NORT_ARTIC_4,9642,1663,1581,11,9,1,3264,0.8244342440930603,True,False,False,False,False,True,1.0
NORT_ARTIC_4,9721,675,2191,5,17,1,2888,1.0,True,False,False,False,False,True,1.0
NORT_ARTIC_4,10783,690,840,10,7,1,1547,0.32873999917463537,True,False,False,False,False,True,1.0
NORT_ARTIC_4,11026,764,655,9,8,1,1436,1.0,True,False,False,False,False,True,1.0
NORT_ARTIC_4,11153,1959,752,17,6,1,2734,1.0,True,False,False,False,False,True,1.0
NORT_ARTIC_4,11519,664,836,7,10,1,1517,1.0,True,False,False,False,False,True,1.0
NORT_ARTIC_4,12334,1190,281,9,5,1,1485,0.16272677121303367,True,False,False,True,False,True,1.0
NORT_ARTIC_4,12652,1115,312,9,4,1,1440,0.4984303018996378,True,False,False,True,False,True,1.0
NORT_ARTIC_4,13685,208,450,4,6,1,668,0.7331248945541031,True,True,False,True,False,True,1.0
NORT_ARTIC_4,13778,1230,637,11,9,1,1887,0.3456295943948305,True,False,False,False,False,True,1.0
NORT_ARTIC_4,15033,661,342,6,3,1,1012,1.0,True,False,False,True,False,True,1.0
NORT_ARTIC_4,16563,894,612,12,7,2,1525,0.8176393750081409,True,False,False,False,False,True,1.0
NORT_ARTIC_4,16867,1221,782,7,7,1,2017,0.4206750324054718,True,False,False,False,False,True,1.0
NORT_ARTIC_4,17357,3240,2707,21,18,2,5986,1.0,True,False,False,False,False,True,1.0
NORT_ARTIC_4,18420,1260,1097,9,14,1,2380,0.2087206265117731,True,False,False,False,False,True,1.0
NORT_ARTIC_4,19144,1757,3327,16,24,2,5124,0.5056904207807904,True,False,False,False,False,True,1.0
NORT_ARTIC_4,20757,805,830,8,9,1,1652,1.0,True,False,False,False,False,True,1.0
NORT_ARTIC_4,21061,1043,458,10,2,1,1513,0.36567332579311107,True,False,False,True,False,True,1.0
NORT_ARTIC_4,21107,1101,454,13,7,1,1575,0.621980334725083,True,False,False,False,False,True,1.0
NORT_ARTIC_4,21140,1127,520,9,6,1,1662,0.5777580891627414,True,False,False,True,False,True,1.0
NORT_ARTIC_4,21596,3706,3860,26,30,3,7622,0.7888121208958703,True,False,False,False,False,True,1.0
NORT_ARTIC_4,22534,997,590,12,8,1,1607,0.8183951503706904,True,False,False,False,False,True,1.0
NORT_ARTIC_4,24059,480,595,8,8,1,1091,0.801300088094766,True,False,False,False,False,True,1.0
NORT_ARTIC_4,24827,1260,611,10,6,1,1887,0.7896333260321762,True,False,False,False,False,True,1.0
NORT_ARTIC_4,25105,1664,1232,19,11,2,2926,0.5809543667778951,True,False,False,False,False,True,1.0
NORT_ARTIC_4,26500,773,1138,5,8,1,1924,1.0,True,False,False,False,False,True,1.0
NORT_ARTIC_4,26515,772,1288,6,8,1,2074,0.7832803987103166,True,False,False,False,False,True,1.0
NORT_ARTIC_4,27444,401,998,6,8,1,1413,0.24564836764764061,True,False,False,True,False,True,1.0
NORT_ARTIC_4,29333,197,192,4,4,1,397,1.0,True,True,False,True,False,True,1.0
NORT_ARTIC_4,839,245,193,48,23,1,509,0.07065574411035605,True,True,False,False,False,True,1.0
NORT_ARTIC_4,3522,829,255,11,2,1,1097,0.7436521812658076,True,False,False,True,False,True,1.0
NORT_ARTIC_4,3827,264,171,4,4,1,443,0.7177882437598666,True,True,False,True,False,True,1.0
NORT_ARTIC_4,4222,503,1093,10,12,2,1618,0.17119099049649827,True,False,False,False,False,True,1.0
NORT_ARTIC_4,7723,739,1160,1,1,1,1901,1.0,True,False,False,True,False,True,1.0
NORT_ARTIC_4,10539,3957,890,26,10,2,4883,0.19130395310339665,True,False,False,False,False,True,1.0
NORT_ARTIC_4,11657,634,1073,3,13,1,1723,0.1922974131239701,True,False,False,False,False,True,1.0
NORT_ARTIC_4,16715,1019,708,10,4,1,1741,0.42190185150202053,True,False,False,False,False,True,1.0
NORT_ARTIC_4,17982,192,422,4,6,1,624,0.5145072349724013,True,True,False,True,False,True,1.0
NORT_ARTIC_4,19458,26,98,3,3,1,130,0.12431656994351552,True,True,False,True,False,True,1.0
NORT_ARTIC_4,21847,177,717,4,7,1,905,0.24449740080584836,True,True,False,True,False,True,1.0
NORT_ARTIC_4,23348,937,267,7,3,1,1214,0.47044842445319696,True,False,False,True,False,True,1.0
NORT_ARTIC_4,24538,820,912,8,9,1,1749,1.0,True,False,False,False,False,True,1.0
NORT_ARTIC_4,24806,506,427,7,8,1,948,0.6086710412828913,True,True,False,False,False,True,1.0
NORT_ARTIC_4,25125,717,544,9,5,1,1275,0.787316868747854,True,False,False,False,False,True,1.0
NORT_ARTIC_4,27806,1358,792,39,15,1,2204,0.19892151712472633,True,False,False,False,False,True,1.0
NORT_ARTIC_4,29137,101,350,4,12,1,467,0.7647295135740433,True,True,False,True,False,True,1.0
NORT_ARTIC_4,289,318,873,33,81,1,1305,0.5826002513212813,True,False,False,False,False,True,1.0
NORT_ARTIC_4,3828,429,238,4,2,1,673,1.0,True,True,False,True,False,True,1.0
NORT_ARTIC_4,4547,215,538,3,6,1,762,0.7203733012947938,True,True,False,True,False,True,1.0
NORT_ARTIC_4,5177,469,1128,7,10,1,1614,0.29247026610392435,True,False,False,False,False,True,1.0
NORT_ARTIC_4,6261,63,20,6,26,1,115,2.7285537526154965e-08,True,True,False,False,False,True,2.3047926494031714e-06
NORT_ARTIC_4,8580,570,1428,5,9,1,2012,0.5586434990604707,True,False,False,True,False,True,1.0
NORT_ARTIC_4,6543,186,114,0,0,1,300,1.0,True,True,True,True,False,True,1.0
NORT_ARTIC_4,6601,185,109,4,3,1,301,0.7139375527307299,True,True,False,True,False,True,1.0
NORT_ARTIC_4,6853,231,187,3,4,1,425,0.7056693118892658,True,True,False,True,False,True,1.0
NORT_ARTIC_4,7119,74,122,1,7,1,204,0.26240651417481736,True,True,False,True,False,True,1.0
NORT_ARTIC_4,7971,67,170,1,6,1,244,0.6768062774891406,True,True,False,True,False,True,1.0
NORT_ARTIC_4,8562,156,341,3,9,1,509,0.7615691750779535,True,True,False,True,False,True,1.0
NORT_ARTIC_4,8614,141,340,3,5,1,489,0.6984825581170895,True,True,False,True,False,True,1.0
NORT_ARTIC_4,9657,198,140,3,3,1,344,0.6958076431509403,True,True,False,True,False,True,1.0
NORT_ARTIC_4,10335,92,186,0,0,1,278,1.0,True,True,True,True,False,True,1.0
NORT_ARTIC_4,11300,126,298,4,6,1,434,0.49515635471542796,True,True,False,True,False,True,1.0
NORT_ARTIC_4,11328,209,305,4,7,1,525,1.0,True,True,False,True,False,True,1.0
NORT_ARTIC_4,14780,41,17,3,1,1,62,1.0,True,True,False,True,False,True,1.0
NORT_ARTIC_4,15042,168,66,3,3,1,240,0.3582631929365412,True,True,False,True,False,True,1.0
NORT_ARTIC_4,15777,109,169,9,7,1,294,0.19686636599744967,True,True,False,False,False,True,1.0
NORT_ARTIC_4,16340,75,110,4,8,1,197,0.7655452026265475,True,True,False,True,False,True,1.0
NORT_ARTIC_4,17810,98,149,8,10,1,265,0.8042104796087474,True,True,False,False,False,True,1.0
NORT_ARTIC_4,18348,290,146,12,2,1,450,0.15863100989051948,True,True,False,True,False,True,1.0
NORT_ARTIC_4,19817,70,180,3,3,1,256,0.35696668938623777,True,True,False,True,False,True,1.0
NORT_ARTIC_4,19834,69,167,4,5,1,245,0.45722906815046027,True,True,False,True,False,True,1.0
NORT_ARTIC_4,20750,311,334,9,3,1,657,0.08244550321708337,True,True,False,False,False,True,1.0
NORT_ARTIC_4,21458,189,89,3,3,1,284,0.3929315418831248,True,True,False,True,False,True,1.0
NORT_ARTIC_4,21648,204,220,2,8,1,434,0.1098423267504015,True,True,False,True,False,True,1.0
NORT_ARTIC_4,22813,5362,1975,1,1,27,7339,0.4660261224592266,False,False,False,True,False,True,1.0
NORT_ARTIC_4,22882,6381,2913,3,1,27,9298,1.0,False,False,False,True,False,True,1.0
NORT_ARTIC_4,22898,4409,2106,4,2,22,6521,1.0,False,False,False,True,False,True,1.0
NORT_ARTIC_4,26359,161,71,4,2,1,238,1.0,True,True,False,True,False,True,1.0
NORT_ARTIC_4,26893,31,166,1,4,1,202,0.5818098707793228,True,True,False,True,False,True,1.0
NORT_ARTIC_4,27727,313,151,8,2,1,474,0.5118091141358587,True,True,False,True,False,True,1.0
NORT_ARTIC_4,28541,260,331,0,0,1,591,1.0,True,True,True,True,False,True,1.0
NORT_ARTIC_4,29045,67,124,4,6,1,201,0.74445097652171,True,True,False,True,False,True,1.0
NORT_ARTIC_4,670,3021,2831,1,2,6,5855,0.6132281365313634,True,False,False,True,False,True,1.0
NORT_ARTIC_4,1273,1039,2733,11,21,2,3804,0.4271024844196114,True,False,False,False,False,True,1.0
NORT_ARTIC_4,2790,964,3573,11,9,5,4557,0.001001634960327824,True,False,False,True,False,True,0.059225244297098044
NORT_ARTIC_4,3245,1433,800,9,6,1,2248,0.7894834036982274,True,False,False,False,False,True,1.0
NORT_ARTIC_4,3717,290,1169,3,5,1,1467,0.20202872157030163,True,False,False,True,False,True,1.0
NORT_ARTIC_4,4184,1437,1579,2,7,5,3025,0.1836859522540939,True,False,False,True,False,True,1.0
NORT_ARTIC_4,4321,258,1149,335,38,4,1780,3.146451801479535e-149,True,False,False,False,False,True,2.604632801264759e-146
NORT_ARTIC_4,9274,521,700,7,6,1,1234,0.574782689142762,True,False,False,False,False,True,1.0
NORT_ARTIC_4,9344,1014,723,1,0,5,1738,1.0,True,False,True,True,False,True,1.0
NORT_ARTIC_4,9424,1006,1894,3,3,4,2906,0.42437365079949196,True,False,False,True,False,True,1.0
NORT_ARTIC_4,9534,5196,2265,13,7,5,7481,0.6324500196121108,True,False,False,False,False,True,1.0
NORT_ARTIC_4,9866,1721,361,8,2,4,2092,0.6875767033407292,True,False,False,True,False,True,1.0
NORT_ARTIC_4,10198,3878,1090,14,2,5,4984,0.5471620927408476,True,False,False,True,False,True,1.0
NORT_ARTIC_4,10447,5449,4199,27,19,5,9694,0.8817228426236481,True,False,False,False,False,True,1.0
NORT_ARTIC_4,11709,905,450,10,6,1,1371,0.790812723634122,True,False,False,False,False,True,1.0
NORT_ARTIC_4,12880,4296,3433,10,18,5,7757,0.03739938248873091,True,False,False,False,False,True,0.9052400240985804
NORT_ARTIC_4,14505,836,470,10,2,1,1318,0.23058512908018233,True,False,False,True,False,True,1.0
NORT_ARTIC_4,17410,5054,1419,19,9,5,6501,0.24920284808706392,True,False,False,False,False,True,1.0
NORT_ARTIC_4,17766,1006,534,23,6,1,1569,0.1658070609492598,True,False,False,False,False,True,1.0
NORT_ARTIC_4,19619,1609,718,12,5,1,2344,1.0,True,False,False,False,False,True,1.0
NORT_ARTIC_4,19821,340,1089,4,9,1,1442,0.522780265979359,True,False,False,True,False,True,1.0
NORT_ARTIC_4,19955,1447,421,3,1,4,1872,1.0,True,False,False,True,False,True,1.0
NORT_ARTIC_4,20055,468,1161,0,2,4,1631,1.0,True,False,True,True,False,True,1.0
NORT_ARTIC_4,20401,732,1481,7,12,1,2232,0.807375607178729,True,False,False,False,False,True,1.0
NORT_ARTIC_4,20992,246,1095,3,9,1,1353,0.4708585234767948,True,False,False,True,False,True,1.0
NORT_ARTIC_4,21440,1130,380,10,5,1,1525,0.5493189756479673,True,False,False,True,False,True,1.0
NORT_ARTIC_4,22688,658,1516,1,2,5,2177,1.0,True,False,False,True,False,True,1.0
NORT_ARTIC_4,22775,1374,863,4,5,5,2246,0.32026029065353684,True,False,False,True,False,True,1.0
NORT_ARTIC_4,26060,8677,1367,38,11,6,10093,0.09113039273186739,True,False,False,False,False,True,1.0
NORT_ARTIC_4,26858,724,3677,1,5,4,4407,1.0,True,False,False,True,False,True,1.0
NORT_ARTIC_4,27247,1055,356,21,7,1,1439,1.0,True,False,False,False,False,True,1.0
NORT_ARTIC_4,27868,700,679,6,6,1,1391,1.0,True,False,False,False,False,True,1.0
NORT_ARTIC_4,27881,557,735,14,13,1,1319,0.43364699871802226,True,False,False,False,False,True,1.0
NORT_ARTIC_4,27963,366,1451,5,12,1,1834,0.361661400205246,True,False,False,True,False,True,1.0
NORT_ARTIC_4,29510,2084,1758,1,1,4,3844,1.0,True,False,False,True,False,True,1.0
NORT_ARTIC_4,1969,1725,462,12,7,1,2206,0.15264233264304636,True,False,False,True,False,True,1.0
NORT_ARTIC_4,2091,396,1471,9,54,1,1930,0.21035216682357094,True,False,False,False,False,True,1.0
NORT_ARTIC_4,2671,678,552,8,10,3,1248,0.47536471165292227,True,False,False,False,False,True,1.0
NORT_ARTIC_4,2942,1123,447,0,0,2,1570,1.0,True,False,True,True,False,True,1.0
NORT_ARTIC_4,5819,465,1486,5,9,1,1965,0.3435217096282042,True,False,False,True,False,True,1.0
NORT_ARTIC_4,7645,802,2081,6,11,1,2900,0.5871201303744251,True,False,False,True,False,True,1.0
NORT_ARTIC_4,8455,1110,343,9,3,1,1465,1.0,True,False,False,True,False,True,1.0
NORT_ARTIC_4,8461,997,344,9,3,1,1353,1.0,True,False,False,True,False,True,1.0
NORT_ARTIC_4,14826,29,18,2,2,1,51,0.6402561024409763,True,True,False,True,False,True,1.0
NORT_ARTIC_4,17510,592,547,4,8,1,1151,0.25063075989167305,True,False,False,False,False,True,1.0
NORT_ARTIC_4,17688,828,934,2,4,1,1768,0.690467595686653,True,False,False,True,False,True,1.0
NORT_ARTIC_4,19092,505,626,4,8,1,1143,0.563958484200141,True,False,False,False,False,True,1.0
NORT_ARTIC_4,21295,119,551,0,1,1,671,1.0,True,True,True,True,False,True,1.0
NORT_ARTIC_4,21296,116,546,3,4,1,669,0.11110565709726879,True,True,False,True,False,True,1.0
NORT_ARTIC_4,24366,758,717,6,5,1,1486,1.0,True,False,False,False,False,True,1.0
NORT_ARTIC_4,25014,182,534,4,5,1,725,0.24510032802450288,True,True,False,True,False,True,1.0
NORT_ARTIC_4,26681,841,272,2,2,1,1117,0.2536138208781759,True,False,False,True,False,True,1.0
NORT_ARTIC_4,26947,50,428,6,30,1,514,0.2634102680715621,True,True,False,True,False,True,1.0
NORT_ARTIC_4,27778,1468,410,14,4,1,1896,1.0,True,False,False,True,False,True,1.0
NORT_ARTIC_4,967,50,42,2,2,1,96,1.0,True,True,False,True,False,True,1.0
NORT_ARTIC_4,2052,20,26,2,2,1,50,1.0,True,True,False,True,False,True,1.0
NORT_ARTIC_4,5973,20,4,2,1,1,27,0.47350427350427354,True,True,False,True,False,True,1.0
NORT_ARTIC_4,10123,32,16,1,0,1,49,1.0,True,True,True,True,False,True,1.0
NORT_ARTIC_4,10153,36,13,3,1,1,53,1.0,True,True,False,True,False,True,1.0
NORT_ARTIC_4,10755,18,28,0,9,1,55,0.02316086161931204,True,True,True,True,False,True,0.6700740312915751
NORT_ARTIC_4,10896,14,6,6,2,1,28,1.0,True,True,False,True,False,True,1.0
NORT_ARTIC_4,11977,42,18,4,1,1,65,1.0,True,True,False,True,False,True,1.0
NORT_ARTIC_4,12076,58,10,0,0,1,68,1.0,True,True,True,True,False,True,1.0
NORT_ARTIC_4,12561,68,59,2,2,1,131,1.0,True,True,False,True,False,True,1.0
NORT_ARTIC_4,14392,25,19,9,0,1,53,0.01881506342086169,True,True,True,True,False,True,0.6084027148355198
NORT_ARTIC_4,17837,6,29,2,2,1,39,0.1802531276215487,True,True,False,True,False,True,1.0
NORT_ARTIC_4,18978,31,5,3,2,1,41,0.19550359088228156,True,True,False,True,False,True,1.0
NORT_ARTIC_4,20271,11,15,0,0,1,26,1.0,True,True,True,True,False,True,1.0
NORT_ARTIC_4,21695,41,11,10,1,1,63,0.6739269371751119,True,True,False,True,False,True,1.0
NORT_ARTIC_4,22759,2,37,1,2,1,42,0.2039198606271777,True,True,False,True,False,True,1.0
NORT_ARTIC_4,27281,78,18,4,1,1,101,1.0,True,True,False,True,False,True,1.0
NORT_ARTIC_4,28149,50,12,22,6,1,90,0.784534645487249,True,True,False,False,False,True,1.0
NORT_ARTIC_4,28475,28,217,1,6,1,252,0.5797228533491368,True,True,False,True,False,True,1.0
NORT_ARTIC_4,451,718,169,0,0,1,887,1.0,True,True,True,True,False,True,1.0
NORT_ARTIC_4,861,478,605,7,5,1,1095,0.387462256052296,True,False,False,False,False,True,1.0
NORT_ARTIC_4,1438,270,196,4,3,1,473,1.0,True,True,False,True,False,True,1.0
NORT_ARTIC_4,1863,1422,1462,14,7,1,2905,0.12854772067148124,True,False,False,False,False,True,1.0
NORT_ARTIC_4,3526,1647,423,8,6,1,2084,0.04918017190550001,True,False,False,True,False,True,0.9880974014839219
NORT_ARTIC_4,3694,360,1722,3,12,1,2097,0.7335108799599601,True,False,False,True,False,True,1.0
NORT_ARTIC_4,4615,174,807,3,6,1,990,0.20674460113354215,True,True,False,True,False,True,1.0
NORT_ARTIC_4,6330,84,25,3,1,1,113,1.0,True,True,False,True,False,True,1.0
NORT_ARTIC_4,8429,1588,337,10,4,1,1939,0.2874062841522847,True,False,False,True,False,True,1.0
NORT_ARTIC_4,8643,601,1721,5,13,1,2340,0.7921635551774295,True,False,False,True,False,True,1.0
NORT_ARTIC_4,12090,1661,398,10,4,1,2073,0.49328750520113485,True,False,False,True,False,True,1.0
NORT_ARTIC_4,12926,1675,583,8,6,1,2272,0.21565551408967326,True,False,False,True,False,True,1.0
NORT_ARTIC_4,19215,449,1218,4,8,1,1679,0.7441588049365435,True,False,False,True,False,True,1.0
NORT_ARTIC_4,22320,89,70,4,3,1,166,1.0,True,True,False,True,False,True,1.0
NORT_ARTIC_4,23613,58,352,124,254,1,788,4.794385999719324e-10,True,True,False,False,False,True,4.4097697006307293e-08
NORT_ARTIC_4,26719,1212,330,8,6,1,1556,0.09296229806910752,True,False,False,True,False,True,1.0
NORT_ARTIC_4,27892,741,1215,8,10,1,1974,0.6283804365129224,True,False,False,False,False,True,1.0
NORT_ARTIC_4,28350,2173,2324,27,24,1,4548,0.5738404974739146,True,False,False,False,False,True,1.0
NORT_ARTIC_4,29221,2905,550,19,5,2,3479,0.5722344555114239,True,False,False,True,False,True,1.0
NORT_ARTIC_4,4795,489,423,2,0,1,914,0.5022229359051484,True,True,True,True,False,True,1.0
NORT_ARTIC_4,4891,293,646,20,54,1,1013,0.5146696163837512,True,False,False,False,False,True,1.0
NORT_ARTIC_4,5192,473,1422,9,25,1,1929,0.8422948096981657,True,False,False,False,False,True,1.0
NORT_ARTIC_4,5723,1372,963,11,10,1,2356,0.6573752736590296,True,False,False,False,False,True,1.0
NORT_ARTIC_4,7668,828,2401,4,13,1,3246,1.0,True,False,False,True,False,True,1.0
NORT_ARTIC_4,11737,1028,352,9,4,1,1393,0.7494133130068912,True,False,False,True,False,True,1.0
NORT_ARTIC_4,15832,582,2045,8,17,1,2652,0.23241696886374963,True,False,False,False,False,True,1.0
NORT_ARTIC_4,16133,1059,1612,9,12,1,2692,0.8242906067984602,True,False,False,False,False,True,1.0
NORT_ARTIC_4,16397,756,1811,8,32,1,2607,0.22319774249126906,True,False,False,False,False,True,1.0
NORT_ARTIC_4,16728,5180,3857,36,17,3,9090,0.12733098471915782,True,False,False,False,False,True,1.0
NORT_ARTIC_4,16887,1177,617,20,11,1,1825,1.0,True,False,False,False,False,True,1.0
NORT_ARTIC_4,17566,756,2182,7,12,1,2957,0.2935603102347128,True,False,False,True,False,True,1.0
NORT_ARTIC_4,19787,337,1126,3,9,1,1475,1.0,True,False,False,True,False,True,1.0
NORT_ARTIC_4,20406,831,1551,8,9,1,2399,0.3136790638266203,True,False,False,False,False,True,1.0
NORT_ARTIC_4,20440,1577,1534,12,7,1,3130,0.3588956220037818,True,False,False,False,False,True,1.0
NORT_ARTIC_4,21064,1065,477,11,3,1,1556,0.5693012600205833,True,False,False,True,False,True,1.0
NORT_ARTIC_4,21982,502,151,0,0,1,653,1.0,True,True,True,True,False,True,1.0
NORT_ARTIC_4,21983,501,149,0,0,1,650,1.0,True,True,True,True,False,True,1.0
NORT_ARTIC_4,22110,291,325,4,4,1,624,1.0,True,True,False,True,False,True,1.0
NORT_ARTIC_4,24038,382,226,184,112,1,904,0.8835780111763403,True,True,False,False,False,True,1.0
NORT_ARTIC_4,24620,239,325,34,49,1,647,0.9053286623803856,True,True,False,False,False,True,1.0
NORT_ARTIC_4,25657,687,1592,6,13,1,2298,1.0,True,False,False,False,False,True,1.0
NORT_ARTIC_4,25906,29,108,0,0,1,137,1.0,True,True,True,True,False,True,1.0
NORT_ARTIC_4,26176,815,867,12,15,1,1709,0.7028961426858308,True,False,False,False,False,True,1.0
NORT_ARTIC_4,27976,276,1402,3,13,1,1694,0.7371876973291662,True,False,False,True,False,True,1.0
NORT_ARTIC_4,28708,735,638,6,8,1,1387,0.436153738470568,True,False,False,False,False,True,1.0
NORT_ARTIC_4,1499,188,436,7,8,1,639,0.25382687092632766,True,True,False,True,False,True,1.0
NORT_ARTIC_4,1500,191,438,6,5,1,640,0.10237320927406801,True,True,False,True,False,True,1.0
NORT_ARTIC_4,1503,185,429,6,5,1,625,0.10027065131843342,True,True,False,True,False,True,1.0
NORT_ARTIC_4,2270,756,197,5,4,1,962,0.09692502008961724,True,True,False,True,False,True,1.0
NORT_ARTIC_4,2926,1067,423,8,4,1,1502,0.7500597641627309,True,False,False,True,False,True,1.0
NORT_ARTIC_4,3400,797,1363,6,10,1,2176,1.0,True,False,False,False,False,True,1.0
NORT_ARTIC_4,7461,1493,255,10,2,1,1760,0.6910392655678987,True,False,False,True,False,True,1.0
NORT_ARTIC_4,7497,5269,1188,29,13,3,6499,0.04522738896786713,True,False,False,False,False,True,0.9699283053782488
NORT_ARTIC_4,8752,450,188,4,4,2,646,0.24620818068780592,True,True,False,True,False,True,1.0
NORT_ARTIC_4,12358,1743,531,13,3,1,2290,1.0,True,False,False,True,False,True,1.0
NORT_ARTIC_4,14552,369,392,5,3,1,769,0.49490106968568637,True,True,False,True,False,True,1.0
NORT_ARTIC_4,15456,102,281,6,3,1,392,0.015394506631593145,True,True,False,True,False,True,0.5354442264551599
NORT_ARTIC_4,16964,984,2413,8,14,1,3419,0.48102612696079644,True,False,False,False,False,True,1.0
NORT_ARTIC_4,17029,3653,5685,20,34,2,9392,0.7819388837856109,True,False,False,False,False,True,1.0
NORT_ARTIC_4,17934,313,925,5,18,1,1261,0.8125187643030747,True,False,False,False,False,True,1.0
NORT_ARTIC_4,18377,2099,868,13,7,1,2987,0.623132918961836,True,False,False,False,False,True,1.0
NORT_ARTIC_4,18395,2132,970,51,24,1,3177,0.9000187998993479,True,False,False,False,False,True,1.0
NORT_ARTIC_4,19741,1090,2303,22,16,2,3431,0.0013610360100914643,True,False,False,False,False,True,0.0741227374443233
NORT_ARTIC_4,19743,1064,2976,23,27,2,4090,0.0032476157826842383,True,False,False,False,False,True,0.16195038222325375
NORT_ARTIC_4,21579,1229,1298,8,9,1,2544,1.0,True,False,False,False,False,True,1.0
NORT_ARTIC_4,25414,2603,1720,23,12,2,4358,0.6041484722988157,True,False,False,False,False,True,1.0
NORT_ARTIC_4,27389,999,1392,28,61,3,2480,0.06197123186631988,True,False,False,False,False,True,1.0
NORT_ARTIC_4,28251,781,503,156,213,1,1653,3.1784260860173426e-10,True,False,False,False,False,True,2.989887629551314e-08
NORT_ARTIC_4,28254,2410,2553,14,21,2,4998,0.3965413021936377,True,False,False,False,False,True,1.0
NORT_ARTIC_4,1930,866,505,9,6,1,1386,0.7932869208867683,True,False,False,False,False,True,1.0
NORT_ARTIC_4,2567,419,98,8,2,1,527,1.0,True,True,False,True,False,True,1.0
NORT_ARTIC_4,3027,179,614,0,23,1,816,0.004282047309398862,True,True,True,False,False,True,0.2060859745767662
NORT_ARTIC_4,3325,347,756,4,13,1,1120,0.6043566218622319,True,False,False,False,False,True,1.0
NORT_ARTIC_4,5148,399,466,1,1,1,867,1.0,True,True,False,True,False,True,1.0
NORT_ARTIC_4,7454,1128,231,10,3,1,1372,0.473869981082096,True,False,False,True,False,True,1.0
NORT_ARTIC_4,9596,1120,310,12,3,1,1445,1.0,True,False,False,True,False,True,1.0
NORT_ARTIC_4,12668,1073,342,11,4,1,1430,0.7670639776026567,True,False,False,True,False,True,1.0
NORT_ARTIC_4,12794,201,930,7,13,1,1151,0.07098346337722389,True,False,False,True,False,True,1.0
NORT_ARTIC_4,14220,310,228,4,5,1,547,0.5057925300982873,True,True,False,True,False,True,1.0
NORT_ARTIC_4,19809,262,886,0,0,1,1148,1.0,True,False,True,True,False,True,1.0
NORT_ARTIC_4,22591,382,710,6,8,1,1106,0.5783314218988969,True,False,False,True,False,True,1.0
NORT_ARTIC_4,27101,8,17,2,2,1,29,0.5920171782240747,True,True,False,True,False,True,1.0
NORT_ARTIC_4,584,164,418,3,18,1,603,0.21655710868628966,True,True,False,False,False,True,1.0
NORT_ARTIC_4,2292,739,347,6,5,1,1097,0.3442853294138808,True,False,False,True,False,True,1.0
NORT_ARTIC_4,3745,303,841,2,10,1,1156,0.7421570580949343,True,False,False,True,False,True,1.0
NORT_ARTIC_4,4424,2174,934,17,11,2,3136,0.3036034404662919,True,False,False,False,False,True,1.0
NORT_ARTIC_4,4822,416,467,11,7,1,901,0.3405971286486336,True,True,False,False,False,True,1.0
NORT_ARTIC_4,5340,15,4,11,6,1,36,0.46288243952315145,True,True,False,True,False,True,1.0
NORT_ARTIC_4,5643,22,7,11,3,1,43,1.0,True,True,False,True,False,True,1.0
NORT_ARTIC_4,5977,13,5,3,1,1,22,1.0,True,True,False,True,False,True,1.0
NORT_ARTIC_4,6813,10,5,4,2,1,21,1.0,True,True,False,True,False,True,1.0
NORT_ARTIC_4,9980,9,4,2,1,1,16,1.0,True,True,False,True,False,True,1.0
NORT_ARTIC_4,10307,7,4,4,3,1,18,1.0,True,True,False,True,False,True,1.0
NORT_ARTIC_4,10738,598,2596,6,12,2,3212,0.1280731615764502,True,False,False,True,False,True,1.0
NORT_ARTIC_4,12001,11,4,2,1,1,18,1.0,True,True,False,True,False,True,1.0
NORT_ARTIC_4,15024,11,6,7,1,1,25,0.36229665071770334,True,True,False,True,False,True,1.0
NORT_ARTIC_4,15263,7,15,1,2,1,25,1.0,True,True,False,True,False,True,1.0
NORT_ARTIC_4,17728,9,3,7,1,1,20,0.6185758513931888,True,True,False,True,False,True,1.0
NORT_ARTIC_4,20978,3,10,3,8,1,24,1.0,True,True,False,True,False,True,1.0
NORT_ARTIC_4,21601,8,10,1,2,1,21,1.0,True,True,False,True,False,True,1.0
NORT_ARTIC_4,23299,12,9,2,1,1,24,1.0,True,True,False,True,False,True,1.0
NORT_ARTIC_4,23315,6,8,8,2,1,24,0.10405168932561584,True,True,False,True,False,True,1.0
NORT_ARTIC_4,25460,13,2,5,2,1,22,0.5645933014354066,True,True,False,True,False,True,1.0
NORT_ARTIC_4,25685,9,23,2,2,1,36,0.5704948646125115,True,True,False,True,False,True,1.0
NORT_ARTIC_4,28045,36,27,5,4,1,72,1.0,True,True,False,True,False,True,1.0
NORT_ARTIC_4,28359,12,22,2,2,1,38,0.6161213845424371,True,True,False,True,False,True,1.0
NORT_ARTIC_4,28887,16,13,3,1,1,33,0.6197214076246335,True,True,False,True,False,True,1.0
NORT_ARTIC_4,29203,15,16,9,4,1,44,0.3209812600056502,True,True,False,False,False,True,1.0
NORT_ARTIC_4,1690,326,160,4,4,1,494,0.44956121265288707,True,True,False,True,False,True,1.0
NORT_ARTIC_4,1968,256,151,1,1,1,409,1.0,True,True,False,True,False,True,1.0
NORT_ARTIC_4,5672,279,152,5,5,1,441,0.33749104642396105,True,True,False,True,False,True,1.0
NORT_ARTIC_4,6815,173,204,4,3,1,384,0.7080014612074887,True,True,False,True,False,True,1.0
NORT_ARTIC_4,6988,301,613,0,1,2,915,1.0,True,True,True,True,False,True,1.0
NORT_ARTIC_4,8127,159,109,5,2,1,275,0.7050948162563522,True,True,False,True,False,True,1.0
NORT_ARTIC_4,9246,169,191,6,4,1,370,0.5266453805038455,True,True,False,True,False,True,1.0
NORT_ARTIC_4,10372,536,1445,8,13,2,2002,0.32199700186542624,True,False,False,False,False,True,1.0
NORT_ARTIC_4,11141,191,95,5,2,1,293,1.0,True,True,False,True,False,True,1.0
NORT_ARTIC_4,13177,240,237,0,0,1,477,1.0,True,True,True,True,False,True,1.0
NORT_ARTIC_4,16605,117,161,0,0,1,278,1.0,True,True,True,True,False,True,1.0
NORT_ARTIC_4,17649,282,280,8,2,1,572,0.10664105538139372,True,True,False,True,False,True,1.0
NORT_ARTIC_4,17731,264,163,7,6,1,440,0.5735964692171989,True,True,False,True,False,True,1.0
NORT_ARTIC_4,19581,149,72,8,4,1,233,1.0,True,True,False,True,False,True,1.0
NORT_ARTIC_4,21306,120,245,4,6,1,375,0.7356500903259429,True,True,False,True,False,True,1.0
NORT_ARTIC_4,22104,147,127,4,3,1,281,1.0,True,True,False,True,False,True,1.0
NORT_ARTIC_4,22926,59,59,4,5,1,127,1.0,True,True,False,True,False,True,1.0
NORT_ARTIC_4,22951,83,80,5,4,1,172,1.0,True,True,False,True,False,True,1.0
NORT_ARTIC_4,23550,117,226,4,7,1,354,1.0,True,True,False,True,False,True,1.0
NORT_ARTIC_4,23785,25,25,6,6,2,62,1.0,True,True,False,False,False,True,1.0
NORT_ARTIC_4,24966,63,70,3,3,1,139,1.0,True,True,False,True,False,True,1.0
NORT_ARTIC_4,26607,116,298,71,21,2,506,3.0472349178446196e-18,True,True,False,False,False,True,4.504466187485314e-16
NORT_ARTIC_4,28927,117,54,6,3,1,180,1.0,True,True,False,True,False,True,1.0
NORT_ARTIC_4,12915,849,239,88,22,1,1198,0.7166062059527086,True,False,False,False,False,True,1.0
NORT_ARTIC_4,16680,206,670,2,8,1,886,1.0,True,True,False,True,False,True,1.0
NORT_ARTIC_4,21940,289,91,7,2,1,389,1.0,True,True,False,True,False,True,1.0
NORT_ARTIC_4,23544,239,813,5,9,1,1066,0.331883965748453,True,False,False,True,False,True,1.0
NORT_ARTIC_4,24433,266,839,6,6,1,1117,0.08192256391557803,True,False,False,True,False,True,1.0
NORT_ARTIC_4,25110,576,425,8,4,1,1013,0.5737205053677935,True,False,False,False,False,True,1.0
NORT_ARTIC_4,26881,70,523,3,4,1,600,0.04218064713432706,True,True,False,True,False,True,0.9552045103855041
NORT_ARTIC_4,29621,286,115,5,4,1,410,0.2905518438716045,True,True,False,True,False,True,1.0
NORT_ARTIC_4,989,614,800,7,11,1,1432,0.8130339084981556,True,False,False,False,False,True,1.0
NORT_ARTIC_4,1617,788,500,8,6,1,1302,0.7871764601243072,True,False,False,False,False,True,1.0
NORT_ARTIC_4,3587,290,251,9,4,1,554,0.39954348171586884,True,True,False,False,False,True,1.0
NORT_ARTIC_4,4597,159,595,3,7,1,764,0.4494000086777066,True,True,False,True,False,True,1.0
NORT_ARTIC_4,5095,444,212,35,12,1,703,0.4182208799337287,True,True,False,False,False,True,1.0
NORT_ARTIC_4,6891,790,343,10,4,1,1147,1.0,True,False,False,True,False,True,1.0
NORT_ARTIC_4,7240,364,212,6,4,1,586,1.0,True,True,False,True,False,True,1.0
NORT_ARTIC_4,7786,593,207,10,2,1,812,0.7404607674495534,True,True,False,True,False,True,1.0
NORT_ARTIC_4,8824,46,74,0,0,1,120,1.0,True,True,True,True,False,True,1.0
NORT_ARTIC_4,9285,766,663,7,7,1,1443,0.7950475425517718,True,False,False,False,False,True,1.0
NORT_ARTIC_4,10252,359,265,10,10,1,644,0.5020392438400868,True,True,False,False,False,True,1.0
NORT_ARTIC_4,16241,1382,830,13,12,1,2237,0.30330648838271435,True,False,False,False,False,True,1.0
NORT_ARTIC_4,21304,262,765,0,10,1,1037,0.07380583858639078,True,False,True,True,False,True,1.0
NORT_ARTIC_4,21305,262,763,0,12,1,1037,0.0443105531651112,True,False,True,True,False,True,0.9699283053782488
NORT_ARTIC_4,21656,841,490,10,5,1,1346,1.0,True,False,False,False,False,True,1.0
NORT_ARTIC_4,27002,27,8,2,2,1,39,0.26698763540868803,True,True,False,True,False,True,1.0
NORT_ARTIC_4,28831,195,728,12,58,1,993,0.5414101793671486,True,True,False,False,False,True,1.0
NORT_ARTIC_4,29172,835,474,6,6,1,1321,0.37112166176504696,True,False,False,True,False,True,1.0
NORT_ARTIC_4,3409,518,737,8,6,1,1269,0.27893831295758476,True,False,False,False,False,True,1.0
NORT_ARTIC_4,3713,237,875,3,8,1,1123,0.7102562236480967,True,False,False,True,False,True,1.0
NORT_ARTIC_4,4773,886,454,10,6,1,1356,0.7931527686976585,True,False,False,False,False,True,1.0
NORT_ARTIC_4,6897,497,206,7,5,1,715,0.3509253144502271,True,True,False,True,False,True,1.0
NORT_ARTIC_4,13051,440,555,2,2,1,999,1.0,True,True,False,True,False,True,1.0
NORT_ARTIC_4,16479,1838,1567,11,16,2,3432,0.18005483396748054,True,False,False,False,False,True,1.0
NORT_ARTIC_4,17950,461,728,7,6,1,1202,0.27011930767274717,True,False,False,False,False,True,1.0
NORT_ARTIC_4,25829,380,270,5,4,1,659,1.0,True,True,False,True,False,True,1.0
NORT_ARTIC_4,26522,311,713,2,4,2,1030,1.0,True,False,False,True,False,True,1.0
NORT_ARTIC_4,26622,294,271,1,0,1,566,1.0,True,True,True,True,False,True,1.0
NORT_ARTIC_4,1795,226,655,4,6,1,891,0.2921164426723043,True,True,False,True,False,True,1.0
NORT_ARTIC_4,3189,638,205,7,4,1,854,0.47778105725950704,True,True,False,True,False,True,1.0
NORT_ARTIC_4,6818,279,205,5,5,1,494,0.7499719112515265,True,True,False,True,False,True,1.0
NORT_ARTIC_4,7375,42,112,2,4,1,160,0.6670101996266532,True,True,False,True,False,True,1.0
NORT_ARTIC_4,9553,621,181,6,4,1,812,0.24769180093453214,True,True,False,True,False,True,1.0
NORT_ARTIC_4,10529,333,110,9,3,1,455,1.0,True,True,False,True,False,True,1.0
NORT_ARTIC_4,11140,417,168,8,2,1,595,0.7321870788864507,True,True,False,True,False,True,1.0
NORT_ARTIC_4,12164,207,282,5,6,1,500,1.0,True,True,False,True,False,True,1.0
NORT_ARTIC_4,12180,215,485,6,7,1,713,0.23803979453290486,True,True,False,True,False,True,1.0
NORT_ARTIC_4,12773,175,471,4,10,1,660,1.0,True,True,False,True,False,True,1.0
NORT_ARTIC_4,15141,282,232,8,5,1,527,0.7803860534242846,True,True,False,False,False,True,1.0
NORT_ARTIC_4,15317,123,336,4,5,1,468,0.26220873779332404,True,True,False,True,False,True,1.0
NORT_ARTIC_4,15513,26,53,2,2,1,83,0.6002546772455677,True,True,False,True,False,True,1.0
NORT_ARTIC_4,16534,460,182,9,3,1,654,1.0,True,True,False,True,False,True,1.0
NORT_ARTIC_4,19173,201,354,5,7,1,567,0.7648251592499444,True,True,False,True,False,True,1.0
NORT_ARTIC_4,19652,344,241,7,7,1,599,0.587050567623516,True,True,False,False,False,True,1.0
NORT_ARTIC_4,20930,212,458,7,20,1,697,0.6735473189184222,True,True,False,False,False,True,1.0
NORT_ARTIC_4,21248,162,442,5,7,1,616,0.3226280351692725,True,True,False,True,False,True,1.0
NORT_ARTIC_4,24945,86,138,5,4,1,233,0.3177113383455294,True,True,False,True,False,True,1.0
NORT_ARTIC_4,25103,432,343,8,3,1,786,0.36327864828454626,True,True,False,True,False,True,1.0
NORT_ARTIC_4,26870,125,463,4,8,1,600,0.29827283971610397,True,True,False,True,False,True,1.0
NORT_ARTIC_4,29326,240,362,10,8,2,620,0.22397638172382617,True,True,False,False,False,True,1.0
NORT_ARTIC_4,2088,571,1446,8,11,1,2036,0.20334192468144796,True,False,False,False,False,True,1.0
NORT_ARTIC_4,5076,1198,381,13,6,1,1598,0.42714553707720654,True,False,False,True,False,True,1.0
NORT_ARTIC_4,8980,356,165,20,14,1,555,0.25977238091190247,True,True,False,False,False,True,1.0
NORT_ARTIC_4,10627,905,1517,12,10,1,2444,0.12102582725547473,True,False,False,False,False,True,1.0
NORT_ARTIC_4,13921,961,695,3,3,1,1662,0.7001396249068009,True,False,False,True,False,True,1.0
NORT_ARTIC_4,17027,1384,2515,0,0,1,3899,1.0,True,False,True,True,False,True,1.0
NORT_ARTIC_4,19159,689,1527,5,11,1,2232,1.0,True,False,False,True,False,True,1.0
NORT_ARTIC_4,19586,1782,713,18,10,1,2523,0.4050203376021643,True,False,False,False,False,True,1.0
NORT_ARTIC_4,19753,587,1542,5,15,1,2149,1.0,True,False,False,False,False,True,1.0
NORT_ARTIC_4,20595,1737,2429,13,14,2,4193,0.5588412803671312,True,False,False,False,False,True,1.0
NORT_ARTIC_4,20612,612,940,6,8,1,1566,0.7899511806199191,True,False,False,False,False,True,1.0
NORT_ARTIC_4,21309,269,801,5,9,1,1084,0.3612190855716157,True,False,False,True,False,True,1.0
NORT_ARTIC_4,24667,233,534,4,8,1,779,0.7619465698818162,True,True,False,True,False,True,1.0
NORT_ARTIC_4,27363,776,621,10,5,1,1412,0.4437526753096779,True,False,False,False,False,True,1.0
NORT_ARTIC_4,27689,215,388,0,1,1,604,1.0,True,True,True,True,False,True,1.0
NORT_ARTIC_4,28419,391,427,7,14,1,839,0.26834331262452205,True,True,False,False,False,True,1.0
NORT_ARTIC_4,29555,629,222,2,0,1,853,1.0,True,True,True,True,False,True,1.0
NORT_ARTIC_4,1274,400,1033,0,0,1,1433,1.0,True,False,True,True,False,True,1.0
NORT_ARTIC_4,3259,559,513,27,30,1,1129,0.49925759943692744,True,False,False,False,False,True,1.0
NORT_ARTIC_4,3784,350,157,38,250,1,795,1.0990507755324876e-55,True,True,False,False,False,True,3.2492651142349757e-53
NORT_ARTIC_4,4976,1123,643,9,8,1,1783,0.448596770962856,True,False,False,False,False,True,1.0
NORT_ARTIC_4,5165,429,821,4,9,1,1263,1.0,True,False,False,True,False,True,1.0
NORT_ARTIC_4,6867,1439,800,11,7,1,2257,0.8075285107840158,True,False,False,False,False,True,1.0
NORT_ARTIC_4,8248,178,647,3,6,1,834,0.4164649184651843,True,True,False,True,False,True,1.0
NORT_ARTIC_4,8345,1293,503,9,4,1,1809,0.7645240155702606,True,False,False,True,False,True,1.0
NORT_ARTIC_4,8509,582,585,9,3,1,1179,0.14395742344983592,True,False,False,False,False,True,1.0
NORT_ARTIC_4,8646,587,1638,3,12,1,2240,0.7716437876892486,True,False,False,True,False,True,1.0
NORT_ARTIC_4,9370,318,413,3,6,1,740,0.7387628909219567,True,True,False,True,False,True,1.0
NORT_ARTIC_4,9781,364,1679,4,9,1,2056,0.2668343486041129,True,False,False,True,False,True,1.0
NORT_ARTIC_4,9943,412,117,289,105,1,923,0.11963836495360472,True,True,False,False,False,True,1.0
NORT_ARTIC_4,13145,809,1515,5,12,1,2341,0.8003256596191306,True,False,False,False,False,True,1.0
NORT_ARTIC_4,13545,329,176,29,15,1,549,1.0,True,True,False,False,False,True,1.0
NORT_ARTIC_4,14827,219,119,5,2,1,345,1.0,True,True,False,True,False,True,1.0
NORT_ARTIC_4,15560,1001,291,8,4,1,1304,0.4849571698379048,True,False,False,True,False,True,1.0
NORT_ARTIC_4,16005,1591,612,15,4,1,2222,0.6153382317447147,True,False,False,False,False,True,1.0
NORT_ARTIC_4,16488,1132,963,9,10,1,2114,0.6464870926001793,True,False,False,False,False,True,1.0
NORT_ARTIC_4,17150,861,539,13,4,1,1417,0.3152941988036221,True,False,False,False,False,True,1.0
NORT_ARTIC_4,17412,1433,300,13,5,1,1751,0.22253253393894826,True,False,False,True,False,True,1.0
NORT_ARTIC_4,21867,134,751,2,26,1,913,0.41453805888722894,True,True,False,True,False,True,1.0
NORT_ARTIC_4,22105,1053,1084,7,14,2,2158,0.18853375687216734,True,False,False,False,False,True,1.0
NORT_ARTIC_4,24993,343,769,6,6,1,1124,0.20684180565105154,True,False,False,True,False,True,1.0
NORT_ARTIC_4,25467,1053,207,7,4,1,1271,0.09355603115838416,True,False,False,True,False,True,1.0
NORT_ARTIC_4,25946,181,634,2,7,1,824,1.0,True,True,False,True,False,True,1.0
NORT_ARTIC_4,26766,441,423,5,6,1,875,0.7690958995581756,True,True,False,False,False,True,1.0
NORT_ARTIC_4,27290,2550,918,17,9,2,3494,0.3733201689431779,True,False,False,False,False,True,1.0
NORT_ARTIC_4,27419,377,1293,7,10,1,1687,0.08125927366520808,True,False,False,True,False,True,1.0
NORT_ARTIC_4,27532,375,767,36,52,1,1230,0.12820726064263435,True,False,False,False,False,True,1.0
NORT_ARTIC_4,29217,776,214,10,2,1,1002,1.0,True,False,False,True,False,True,1.0
NORT_ARTIC_4,311,24,175,1,6,1,206,1.0,True,True,False,True,False,True,1.0
NORT_ARTIC_4,2085,81,261,1,6,1,349,1.0,True,True,False,True,False,True,1.0
NORT_ARTIC_4,6826,267,245,6,1,1,519,0.12602516232003308,True,True,False,True,False,True,1.0
NORT_ARTIC_4,9757,86,617,1,12,1,716,1.0,True,True,False,True,False,True,1.0
NORT_ARTIC_4,11172,302,160,6,2,1,470,0.7204486678125742,True,True,False,True,False,True,1.0
NORT_ARTIC_4,14695,40,261,3,4,1,308,0.059386009160101706,True,True,False,True,False,True,1.0
NORT_ARTIC_4,20262,227,164,3,6,1,400,0.17785917795337475,True,True,False,True,False,True,1.0
NORT_ARTIC_4,22526,511,138,6,3,1,658,0.411976143986271,True,True,False,True,False,True,1.0
NORT_ARTIC_4,24037,133,83,5,3,1,224,1.0,True,True,False,True,False,True,1.0
NORT_ARTIC_4,24386,182,218,0,0,1,400,1.0,True,True,True,True,False,True,1.0
NORT_ARTIC_4,25938,72,309,4,7,2,392,0.23515596469618955,True,True,False,True,False,True,1.0
NORT_ARTIC_4,28539,470,443,7,9,1,929,0.6185788621737127,True,True,False,False,False,True,1.0
NORT_ARTIC_4,29459,65,546,3,7,1,621,0.08589942467924065,True,True,False,True,False,True,1.0
NORT_ARTIC_4,361,28,31,2,2,1,63,1.0,True,True,False,True,False,True,1.0
NORT_ARTIC_4,1292,51,122,3,3,1,179,0.3679181065880139,True,True,False,True,False,True,1.0
NORT_ARTIC_4,2886,29,5,2,2,1,38,0.14746325272641067,True,True,False,True,False,True,1.0
NORT_ARTIC_4,3734,25,118,2,2,1,147,0.15395775693366626,True,True,False,True,False,True,1.0
NORT_ARTIC_4,4526,40,73,2,2,1,117,0.6174584772391134,True,True,False,True,False,True,1.0
NORT_ARTIC_4,4751,68,36,4,3,1,111,0.6947402616794128,True,True,False,True,False,True,1.0
NORT_ARTIC_4,6692,52,49,3,2,1,106,1.0,True,True,False,True,False,True,1.0
NORT_ARTIC_4,7936,12,46,2,4,1,64,0.6043629204050109,True,True,False,True,False,True,1.0
NORT_ARTIC_4,10202,149,40,8,1,1,198,0.6883510631746812,True,True,False,True,False,True,1.0
NORT_ARTIC_4,11754,83,22,6,2,1,113,0.6768412727283966,True,True,False,True,False,True,1.0
NORT_ARTIC_4,12264,140,73,4,1,1,218,0.6640155004515879,True,True,False,True,False,True,1.0
NORT_ARTIC_4,17689,1487,1114,10,11,2,2622,0.3858919594558241,True,False,False,False,False,True,1.0
NORT_ARTIC_4,18966,61,22,3,3,1,89,0.34396658812851866,True,True,False,True,False,True,1.0
NORT_ARTIC_4,20369,34,129,1,3,1,167,1.0,True,True,False,True,False,True,1.0
NORT_ARTIC_4,21641,78,45,7,2,1,132,0.48986949163928134,True,True,False,True,False,True,1.0
NORT_ARTIC_4,21955,65,16,7,3,1,91,0.42991955274996685,True,True,False,True,False,True,1.0
NORT_ARTIC_4,22000,75,21,4,2,1,102,0.6150433634717538,True,True,False,True,False,True,1.0
NORT_ARTIC_4,22148,46,91,3,3,1,143,0.41231956816109205,True,True,False,True,False,True,1.0
NORT_ARTIC_4,26013,75,23,65,16,1,179,0.5891412614836072,True,True,False,False,False,True,1.0
NORT_ARTIC_4,26663,88,15,4,2,1,109,0.2350312793724389,True,True,False,True,False,True,1.0
NORT_ARTIC_4,26723,100,30,2,2,1,134,0.24116782577592233,True,True,False,True,False,True,1.0
NORT_ARTIC_4,26895,17,80,1,7,1,105,1.0,True,True,False,True,False,True,1.0
NORT_ARTIC_4,2342,387,657,4,8,1,1056,1.0,True,False,False,True,False,True,1.0
NORT_ARTIC_4,3517,2235,550,24,4,2,2813,0.6342399951734441,True,False,False,False,False,True,1.0
NORT_ARTIC_4,12303,833,907,9,7,1,1756,0.6176700604520595,True,False,False,False,False,True,1.0
NORT_ARTIC_4,24063,394,408,6,7,1,815,1.0,True,True,False,False,False,True,1.0
NORT_ARTIC_4,26078,1929,257,12,3,1,2201,0.407951010544164,True,False,False,True,False,True,1.0
NORT_ARTIC_4,569,257,759,1,4,1,1021,1.0,True,False,False,True,False,True,1.0
NORT_ARTIC_4,5515,336,1575,0,1,1,1912,1.0,True,False,True,True,False,True,1.0
NORT_ARTIC_4,5797,360,1034,4,9,1,1407,0.7508531582705764,True,False,False,True,False,True,1.0
NORT_ARTIC_4,9525,2869,1259,26,8,2,4162,0.4568785408182623,True,False,False,False,False,True,1.0
NORT_ARTIC_4,13264,1654,677,137,66,1,2534,0.29697375255760533,True,False,False,False,False,True,1.0
NORT_ARTIC_4,14533,566,455,6,3,1,1030,0.7386742609506602,True,False,False,True,False,True,1.0
NORT_ARTIC_4,15641,1897,361,17,2,1,2277,0.7550818758879191,True,False,False,True,False,True,1.0
NORT_ARTIC_4,19554,923,428,4,0,1,1355,0.314487930912047,True,False,True,True,False,True,1.0
NORT_ARTIC_4,20216,3473,1190,20,11,2,4694,0.21655445830040443,True,False,False,False,False,True,1.0
NORT_ARTIC_4,26396,863,375,11,3,1,1252,0.571455064343005,True,False,False,True,False,True,1.0
NORT_ARTIC_4,878,429,800,0,0,1,1229,1.0,True,False,True,True,False,True,1.0
NORT_ARTIC_4,1677,1866,548,10,4,1,2428,0.535673729704657,True,False,False,True,False,True,1.0
NORT_ARTIC_4,2529,779,345,7,5,1,1136,0.5297711897321512,True,False,False,True,False,True,1.0
NORT_ARTIC_4,2703,419,510,6,6,1,941,0.7767850315524341,True,True,False,False,False,True,1.0
NORT_ARTIC_4,3121,1655,901,14,9,1,2579,0.668445312224216,True,False,False,False,False,True,1.0
NORT_ARTIC_4,4640,502,747,14,2,1,1265,0.000149286632068886,True,False,False,False,False,True,0.010472836781917273
NORT_ARTIC_4,5032,1600,362,10,4,1,1976,0.3078159394308354,True,False,False,True,False,True,1.0
NORT_ARTIC_4,5726,1919,1633,13,13,1,3578,0.6976389789150561,True,False,False,False,False,True,1.0
NORT_ARTIC_4,5888,955,2035,5,15,1,3010,0.6338619418694194,True,False,False,False,False,True,1.0
NORT_ARTIC_4,6140,190,1181,3,11,1,1385,0.42923663321177746,True,False,False,True,False,True,1.0
NORT_ARTIC_4,7585,2423,1928,17,16,2,4384,0.7257090243828568,True,False,False,False,False,True,1.0
NORT_ARTIC_4,11090,1729,829,13,6,1,2577,1.0,True,False,False,False,False,True,1.0
NORT_ARTIC_4,16678,399,1639,4,12,1,2054,0.5345117355045121,True,False,False,True,False,True,1.0
NORT_ARTIC_4,18567,1041,2142,9,11,1,3203,0.241585595827418,True,False,False,False,False,True,1.0
NORT_ARTIC_4,19130,1377,2843,12,13,1,4245,0.13262821809896486,True,False,False,False,False,True,1.0
NORT_ARTIC_4,19407,75,101,2,4,1,182,1.0,True,True,False,True,False,True,1.0
NORT_ARTIC_4,20347,702,2355,7,11,1,3075,0.154438441254978,True,False,False,True,False,True,1.0
NORT_ARTIC_4,20433,2647,2041,3,4,1,4695,0.47794692540403727,True,False,False,True,False,True,1.0
NORT_ARTIC_4,20702,895,2247,6,10,1,3158,0.4145769169310639,True,False,False,True,False,True,1.0
NORT_ARTIC_4,21035,1129,1057,7,7,1,2200,1.0,True,False,False,False,False,True,1.0
NORT_ARTIC_4,23440,952,971,5,10,1,1938,0.3004252354316095,True,False,False,False,False,True,1.0
NORT_ARTIC_4,25003,425,1028,6,9,1,1468,0.39565948024430087,True,False,False,True,False,True,1.0
NORT_ARTIC_4,27340,949,998,5,8,1,1960,0.5815473132450037,True,False,False,False,False,True,1.0
NORT_ARTIC_4,29166,860,480,5,5,1,1350,0.34481159466548256,True,False,False,True,False,True,1.0
NORT_ARTIC_4,743,615,164,10,3,1,792,0.7425241625251056,True,True,False,True,False,True,1.0
NORT_ARTIC_4,2541,532,270,9,5,1,816,1.0,True,True,False,True,False,True,1.0
NORT_ARTIC_4,4372,1099,480,7,6,1,1592,0.23377824288687177,True,False,False,True,False,True,1.0
NORT_ARTIC_4,4386,1112,449,8,4,1,1573,0.7520722188167492,True,False,False,True,False,True,1.0
NORT_ARTIC_4,4416,1125,469,11,5,1,1610,1.0,True,False,False,True,False,True,1.0
NORT_ARTIC_4,5644,1662,560,8,5,1,2235,0.33401198182730474,True,False,False,True,False,True,1.0
NORT_ARTIC_4,5829,583,1804,3,13,1,2403,0.774404240208897,True,False,False,True,False,True,1.0
NORT_ARTIC_4,5893,360,1369,0,2,1,1731,1.0,True,False,True,True,False,True,1.0
NORT_ARTIC_4,7510,1909,434,12,3,1,2358,0.7484860197827765,True,False,False,True,False,True,1.0
NORT_ARTIC_4,7910,212,437,2,6,1,657,1.0,True,True,False,True,False,True,1.0
NORT_ARTIC_4,8495,534,428,6,3,1,971,0.738605241570605,True,True,False,True,False,True,1.0
NORT_ARTIC_4,8628,400,1291,4,7,1,1702,0.3023056095925023,True,False,False,True,False,True,1.0
NORT_ARTIC_4,9493,864,547,6,5,1,1422,0.7586714032645044,True,False,False,True,False,True,1.0
NORT_ARTIC_4,11331,1290,1514,8,9,1,2821,1.0,True,False,False,False,False,True,1.0
NORT_ARTIC_4,11759,966,432,9,5,1,1412,0.7726418767456746,True,False,False,True,False,True,1.0
NORT_ARTIC_4,12495,906,2367,8,14,2,3295,0.34822916430477235,True,False,False,False,False,True,1.0
NORT_ARTIC_4,12568,1354,1586,10,12,1,2962,1.0,True,False,False,False,False,True,1.0
NORT_ARTIC_4,12869,1048,1025,8,10,1,2091,0.6431414669870177,True,False,False,False,False,True,1.0
NORT_ARTIC_4,13068,589,1069,5,9,1,1672,1.0,True,False,False,True,False,True,1.0
NORT_ARTIC_4,15060,864,259,7,6,1,1136,0.08964929221678739,True,False,False,True,False,True,1.0
NORT_ARTIC_4,17073,910,1961,9,12,1,2892,0.345931893890813,True,False,False,False,False,True,1.0
NORT_ARTIC_4,18413,973,743,9,7,1,1732,1.0,True,False,False,False,False,True,1.0
NORT_ARTIC_4,19073,791,692,7,5,1,1495,0.7796766138903105,True,False,False,False,False,True,1.0
NORT_ARTIC_4,19158,709,1622,6,9,1,2346,0.41021941342385837,True,False,False,True,False,True,1.0
NORT_ARTIC_4,21395,912,303,11,2,1,1228,0.5372319299137358,True,False,False,True,False,True,1.0
NORT_ARTIC_4,22705,2111,2341,17,21,2,4490,0.8706917506125684,True,False,False,False,False,True,1.0
NORT_ARTIC_4,24153,206,861,5,10,1,1082,0.18785189700392532,True,False,False,True,False,True,1.0
NORT_ARTIC_4,24317,1387,563,10,6,1,1966,0.42014187414930715,True,False,False,True,False,True,1.0
NORT_ARTIC_4,24568,699,314,8,6,1,1027,0.3860707553500921,True,False,False,True,False,True,1.0
NORT_ARTIC_4,25711,446,793,0,0,1,1239,1.0,True,False,True,True,False,True,1.0
NORT_ARTIC_4,26844,156,766,3,10,1,935,0.47216604295505593,True,True,False,True,False,True,1.0
NORT_ARTIC_4,27738,1158,422,7,6,1,1593,0.12370481972166235,True,False,False,True,False,True,1.0
NORT_ARTIC_4,27905,419,848,4,8,1,1279,1.0,True,False,False,True,False,True,1.0
NORT_ARTIC_4,730,356,113,4,5,1,478,0.044923342519546904,True,True,False,True,False,True,0.9699283053782488
NORT_ARTIC_4,2506,167,135,3,4,1,309,0.7048390987993307,True,True,False,True,False,True,1.0
NORT_ARTIC_4,3823,34,22,2,2,1,60,1.0,True,True,False,True,False,True,1.0
NORT_ARTIC_4,4108,754,313,12,6,2,1085,0.794647209636854,True,False,False,False,False,True,1.0
NORT_ARTIC_4,5683,795,286,9,3,1,1093,1.0,True,False,False,True,False,True,1.0
NORT_ARTIC_4,7479,764,185,7,3,1,959,0.4214118998824542,True,True,False,True,False,True,1.0
NORT_ARTIC_4,7630,362,917,6,7,1,1292,0.212660423498521,True,False,False,True,False,True,1.0
NORT_ARTIC_4,9023,212,67,3,2,1,284,0.5980532165819854,True,True,False,True,False,True,1.0
NORT_ARTIC_4,14194,260,114,4,4,1,382,0.25880200383038854,True,True,False,True,False,True,1.0
NORT_ARTIC_4,14334,79,229,4,4,1,316,0.21387421544321206,True,True,False,True,False,True,1.0
NORT_ARTIC_4,16725,775,729,8,7,1,1519,1.0,True,False,False,False,False,True,1.0
NORT_ARTIC_4,27909,309,531,5,7,1,852,0.7676922458964066,True,True,False,True,False,True,1.0
NORT_ARTIC_4,28110,1081,495,1,0,1,1577,1.0,True,False,True,True,False,True,1.0
NORT_ARTIC_4,893,195,444,2,8,1,649,0.73118945931323,True,True,False,True,False,True,1.0
NORT_ARTIC_4,1900,498,538,6,6,1,1048,1.0,True,False,False,False,False,True,1.0
NORT_ARTIC_4,3361,187,663,3,8,1,861,0.7145681045735053,True,True,False,True,False,True,1.0
NORT_ARTIC_4,3767,123,447,2,8,1,580,1.0,True,True,False,True,False,True,1.0
NORT_ARTIC_4,8012,111,312,3,4,1,430,0.3882405503364169,True,True,False,True,False,True,1.0
NORT_ARTIC_4,8253,39,127,1,4,1,171,1.0,True,True,False,True,False,True,1.0
NORT_ARTIC_4,8424,622,157,6,3,1,788,0.397414108880333,True,True,False,True,False,True,1.0
NORT_ARTIC_4,9799,214,730,4,8,1,956,0.48550895412146494,True,True,False,True,False,True,1.0
NORT_ARTIC_4,11671,451,633,5,9,1,1098,0.7881762997254306,True,False,False,False,False,True,1.0
NORT_ARTIC_4,13070,332,480,4,6,1,822,1.0,True,True,False,True,False,True,1.0
NORT_ARTIC_4,14642,92,304,2,5,1,403,0.6670443593351958,True,True,False,True,False,True,1.0
NORT_ARTIC_4,15094,568,204,8,4,1,784,0.5287710475745753,True,True,False,True,False,True,1.0
NORT_ARTIC_4,15700,923,372,8,2,1,1305,0.7332893116781476,True,False,False,True,False,True,1.0
NORT_ARTIC_4,16395,350,1088,3,10,1,1451,1.0,True,False,False,True,False,True,1.0
NORT_ARTIC_4,17682,864,1128,7,9,1,2008,1.0,True,False,False,False,False,True,1.0
NORT_ARTIC_4,17928,165,617,1,7,1,790,1.0,True,True,False,True,False,True,1.0
NORT_ARTIC_4,18410,438,279,6,6,1,729,0.552938336698926,True,True,False,True,False,True,1.0
NORT_ARTIC_4,18623,397,477,36,41,1,951,0.9050822810116229,True,True,False,False,False,True,1.0
NORT_ARTIC_4,21738,222,163,5,4,1,394,1.0,True,True,False,True,False,True,1.0
NORT_ARTIC_4,24917,144,126,2,5,1,277,0.26106434311687543,True,True,False,True,False,True,1.0
NORT_ARTIC_4,26667,389,94,4,4,1,491,0.054407885568801634,True,True,False,True,False,True,0.9880974014839219
NORT_ARTIC_4,27374,282,240,4,3,1,529,1.0,True,True,False,True,False,True,1.0
NORT_ARTIC_4,28705,466,376,5,4,1,851,1.0,True,True,False,True,False,True,1.0
NORT_ARTIC_4,29614,785,234,11,5,1,1035,0.38664646775994377,True,False,False,True,False,True,1.0
NORT_ARTIC_4,2011,1337,1080,11,9,1,2437,1.0,True,False,False,False,False,True,1.0
NORT_ARTIC_4,2439,319,1300,6,14,1,1639,0.25936868518567774,True,False,False,True,False,True,1.0
NORT_ARTIC_4,2692,555,531,7,3,1,1096,0.34311237647989423,True,False,False,True,False,True,1.0
NORT_ARTIC_4,3810,872,246,7,3,1,1128,0.4670113704564178,True,False,False,True,False,True,1.0
NORT_ARTIC_4,4083,557,264,7,4,1,832,0.752792375559791,True,True,False,True,False,True,1.0
NORT_ARTIC_4,4091,566,176,6,3,1,751,0.4514812782422888,True,True,False,True,False,True,1.0
NORT_ARTIC_4,4096,568,201,5,5,1,779,0.14015080920733597,True,True,False,True,False,True,1.0
NORT_ARTIC_4,4215,280,548,4,5,1,837,0.4974960411299092,True,True,False,True,False,True,1.0
NORT_ARTIC_4,5001,1372,352,10,3,1,1737,0.7359183222526828,True,False,False,True,False,True,1.0
NORT_ARTIC_4,5236,393,1577,5,12,1,1987,0.3587013255978039,True,False,False,True,False,True,1.0
NORT_ARTIC_4,6531,980,515,12,1,1,1508,0.043367237304063895,True,False,False,True,False,True,0.9678824580567362
NORT_ARTIC_4,7077,490,646,5,5,1,1146,0.7533569390544732,True,False,False,True,False,True,1.0
NORT_ARTIC_4,7530,1758,515,12,3,1,2288,1.0,True,False,False,True,False,True,1.0
NORT_ARTIC_4,7649,671,1879,7,10,1,2567,0.17294001000910392,True,False,False,True,False,True,1.0
NORT_ARTIC_4,7986,194,936,2,8,1,1140,0.68483751422861,True,False,False,True,False,True,1.0
NORT_ARTIC_4,8920,98,459,4,5,1,566,0.0602511008380238,True,True,False,True,False,True,1.0
NORT_ARTIC_4,9200,546,621,6,8,1,1181,0.7955289387816685,True,False,False,False,False,True,1.0
NORT_ARTIC_4,9217,611,669,6,4,1,1290,0.5330505949064364,True,False,False,True,False,True,1.0
NORT_ARTIC_4,9934,1217,394,10,5,1,1626,0.38292573991443024,True,False,False,True,False,True,1.0
NORT_ARTIC_4,12433,859,821,10,7,1,1697,0.6290495067634921,True,False,False,False,False,True,1.0
NORT_ARTIC_4,13752,210,629,5,5,1,849,0.1337006754572809,True,True,False,True,False,True,1.0
NORT_ARTIC_4,13755,212,625,2,7,1,846,1.0,True,True,False,True,False,True,1.0
NORT_ARTIC_4,14360,668,637,7,10,1,1322,0.4700431798428605,True,False,False,False,False,True,1.0
NORT_ARTIC_4,14448,1170,409,11,4,1,1594,1.0,True,False,False,True,False,True,1.0
NORT_ARTIC_4,15784,677,1701,10,10,1,2398,0.04522256827205358,True,False,False,False,False,True,0.9699283053782488
NORT_ARTIC_4,17335,347,868,3,10,1,1228,1.0,True,False,False,True,False,True,1.0
NORT_ARTIC_4,17512,738,667,7,8,1,1420,0.7963470623059112,True,False,False,False,False,True,1.0
NORT_ARTIC_4,17906,247,1193,5,8,1,1453,0.05851290181132209,True,False,False,True,False,True,1.0
NORT_ARTIC_4,19256,711,1470,4,8,1,2193,1.0,True,False,False,True,False,True,1.0
NORT_ARTIC_4,21363,660,586,5,6,1,1257,0.7642943168373377,True,False,False,False,False,True,1.0
NORT_ARTIC_4,24010,1125,349,9,4,1,1487,0.5210835551938626,True,False,False,True,False,True,1.0
NORT_ARTIC_4,24331,1570,769,11,5,1,2355,1.0,True,False,False,False,False,True,1.0
NORT_ARTIC_4,25416,848,670,3,7,1,1528,0.1187906119160867,True,False,False,True,False,True,1.0
NORT_ARTIC_4,25792,901,296,9,8,1,1214,0.046667981471056816,True,False,False,True,False,True,0.9785336679424218
NORT_ARTIC_4,28678,342,214,210,193,1,959,0.004401182599998695,True,True,False,False,False,True,0.20938499748729422
NORT_ARTIC_4,4621,245,736,5,6,1,992,0.15690333585833277,True,True,False,True,False,True,1.0
NORT_ARTIC_4,6628,938,500,15,11,1,1464,0.4147005819133093,True,False,False,False,False,True,1.0
NORT_ARTIC_4,11916,420,1132,8,30,1,1590,0.4647385026653169,True,False,False,False,False,True,1.0
NORT_ARTIC_4,12619,1844,1394,11,12,1,3261,0.40397127452057147,True,False,False,False,False,True,1.0
NORT_ARTIC_4,14857,323,299,2,0,1,624,0.5000668806848582,True,True,True,True,False,True,1.0
NORT_ARTIC_4,20999,510,1955,5,15,1,2485,0.5855777694458794,True,False,False,True,False,True,1.0
NORT_ARTIC_4,25669,1416,1679,16,35,1,3146,0.046810743235708996,True,False,False,False,False,True,0.9785336679424218
NORT_ARTIC_4,26783,1138,1179,11,7,1,2335,0.35080956857062295,True,False,False,False,False,True,1.0
NORT_ARTIC_4,27443,849,1502,7,14,1,2372,1.0,True,False,False,False,False,True,1.0
NORT_ARTIC_4,27594,573,238,7,5,1,823,0.35157935811069163,True,True,False,True,False,True,1.0
NORT_ARTIC_4,27745,1884,888,16,7,1,2795,1.0,True,False,False,False,False,True,1.0
NORT_ARTIC_4,769,39,16,6,4,1,65,0.48223056435905476,True,True,False,True,False,True,1.0
NORT_ARTIC_4,770,39,16,6,4,1,65,0.48223056435905476,True,True,False,True,False,True,1.0
NORT_ARTIC_4,788,25,9,23,9,1,66,1.0,True,True,False,False,False,True,1.0
NORT_ARTIC_4,1824,11,39,2,2,1,54,0.24158342582315942,True,True,False,True,False,True,1.0
NORT_ARTIC_4,1830,13,41,2,2,1,58,0.2728097673651213,True,True,False,True,False,True,1.0
NORT_ARTIC_4,7829,28,9,5,3,1,45,0.6608749501486164,True,True,False,True,False,True,1.0
NORT_ARTIC_4,7943,10,30,2,5,1,47,1.0,True,True,False,True,False,True,1.0
NORT_ARTIC_4,10692,8,36,0,0,1,44,1.0,True,True,True,True,False,True,1.0
NORT_ARTIC_4,11770,55,25,2,2,1,84,0.5905573513566461,True,True,False,True,False,True,1.0
NORT_ARTIC_4,11819,32,32,1,3,1,68,0.6142365097588978,True,True,False,True,False,True,1.0
NORT_ARTIC_4,12687,23,20,2,2,1,47,1.0,True,True,False,True,False,True,1.0
NORT_ARTIC_4,13359,25,50,2,2,1,79,0.6028621611566315,True,True,False,True,False,True,1.0
NORT_ARTIC_4,14186,38,12,9,4,1,63,0.7230037196411749,True,True,False,True,False,True,1.0
NORT_ARTIC_4,18835,24,55,2,2,1,83,0.5860079885939421,True,True,False,True,False,True,1.0
NORT_ARTIC_4,23081,53,23,4,2,1,82,1.0,True,True,False,True,False,True,1.0
NORT_ARTIC_4,23540,4,10,2,4,1,20,1.0,True,True,False,True,False,True,1.0
NORT_ARTIC_4,27188,31,8,2,2,1,43,0.22631877481565513,True,True,False,True,False,True,1.0
NORT_ARTIC_4,27619,7,5,3,4,1,19,0.6499166468206716,True,True,False,True,False,True,1.0
NORT_ARTIC_4,28724,40,36,2,2,1,80,1.0,True,True,False,True,False,True,1.0
NORT_ARTIC_4,767,15,4,6,2,1,27,1.0,True,True,False,True,False,True,1.0
NORT_ARTIC_4,5291,20,17,0,4,1,41,0.10694183864915573,True,True,True,True,False,True,1.0
NORT_ARTIC_4,5424,10,4,3,0,1,17,0.5411764705882353,True,True,True,True,False,True,1.0
NORT_ARTIC_4,6143,2,5,2,2,1,11,0.5757575757575758,True,True,False,True,False,True,1.0
NORT_ARTIC_4,6185,3,6,2,2,1,13,1.0,True,True,False,True,False,True,1.0
NORT_ARTIC_4,6976,3,7,3,1,1,14,0.24475524475524474,True,True,False,True,False,True,1.0
NORT_ARTIC_4,7812,25,11,2,1,1,39,1.0,True,True,False,True,False,True,1.0
NORT_ARTIC_4,10376,7,24,0,0,1,31,1.0,True,True,True,True,False,True,1.0
NORT_ARTIC_4,11986,36,32,0,0,1,68,1.0,True,True,True,True,False,True,1.0
NORT_ARTIC_4,13427,8,25,1,2,1,36,1.0,True,True,False,True,False,True,1.0
NORT_ARTIC_4,17563,10,16,2,2,1,30,1.0,True,True,False,True,False,True,1.0
NORT_ARTIC_4,20705,32,38,2,2,1,74,1.0,True,True,False,True,False,True,1.0
NORT_ARTIC_4,20725,32,38,2,2,1,74,1.0,True,True,False,True,False,True,1.0
NORT_ARTIC_4,25180,16,3,2,2,1,23,0.19367588932806326,True,True,False,True,False,True,1.0
NORT_ARTIC_4,1781,134,285,3,7,1,429,1.0,True,True,False,True,False,True,1.0
NORT_ARTIC_4,2934,330,134,6,4,1,474,0.4865606810091598,True,True,False,True,False,True,1.0
NORT_ARTIC_4,5033,310,90,5,3,1,408,0.3899421146327108,True,True,False,True,False,True,1.0
NORT_ARTIC_4,6116,77,223,2,5,1,307,1.0,True,True,False,True,False,True,1.0
NORT_ARTIC_4,6801,501,338,7,3,1,849,0.7477044108354922,True,True,False,True,False,True,1.0
NORT_ARTIC_4,6996,194,493,0,0,1,687,1.0,True,True,True,True,False,True,1.0
NORT_ARTIC_4,18020,214,88,7,3,1,312,1.0,True,True,False,True,False,True,1.0
NORT_ARTIC_4,19185,218,398,5,7,1,628,0.7623632105816703,True,True,False,True,False,True,1.0
NORT_ARTIC_4,20321,179,228,6,6,1,419,0.7716709610963027,True,True,False,False,False,True,1.0
NORT_ARTIC_4,21356,375,249,8,4,1,636,0.7712508896991905,True,True,False,True,False,True,1.0
NORT_ARTIC_4,26289,385,783,5,6,1,1179,0.5203154662062371,True,False,False,True,False,True,1.0
NORT_ARTIC_4,26324,336,731,5,6,1,1078,0.3383994391376144,True,False,False,True,False,True,1.0
NORT_ARTIC_4,27210,1868,554,19,9,2,2450,0.25926794999231206,True,False,False,False,False,True,1.0
NORT_ARTIC_4,28445,196,448,4,6,1,654,0.5039139493408566,True,True,False,True,False,True,1.0
NORT_ARTIC_4,28907,230,100,8,2,1,340,0.7291669599673338,True,True,False,True,False,True,1.0
NORT_ARTIC_4,657,145,719,124,17,1,1005,7.546470046098469e-63,True,False,False,False,False,True,2.4026799631385817e-60
NORT_ARTIC_4,3394,459,1603,7,12,1,2081,0.16222719950363007,True,False,False,True,False,True,1.0
NORT_ARTIC_4,4054,466,406,6,5,1,883,1.0,True,True,False,False,False,True,1.0
NORT_ARTIC_4,5154,447,607,7,9,1,1070,1.0,True,False,False,False,False,True,1.0
NORT_ARTIC_4,7002,486,1165,1,2,1,1654,1.0,True,False,False,True,False,True,1.0
NORT_ARTIC_4,8938,123,289,3,6,1,421,1.0,True,True,False,True,False,True,1.0
NORT_ARTIC_4,9787,274,1457,2,5,1,1738,0.308054515453504,True,False,False,True,False,True,1.0
NORT_ARTIC_4,14981,711,513,7,5,1,1236,1.0,True,False,False,False,False,True,1.0
NORT_ARTIC_4,17169,639,768,9,9,1,1425,0.8129629013615247,True,False,False,False,False,True,1.0
NORT_ARTIC_4,21495,874,612,9,8,1,1503,0.6291163680153076,True,False,False,False,False,True,1.0
NORT_ARTIC_4,22209,513,736,4,8,1,1261,0.7705497067432316,True,False,False,True,False,True,1.0
NORT_ARTIC_4,23280,1180,1205,2,1,1,2388,0.6211075903161102,True,False,False,True,False,True,1.0
NORT_ARTIC_4,26212,694,2898,0,9,1,3601,0.2213488754143706,True,False,True,True,False,True,1.0
NORT_ARTIC_4,27977,432,2355,4,13,1,2804,0.32164095779055124,True,False,False,True,False,True,1.0
NORT_ARTIC_4,29115,216,632,4,6,1,858,0.2890587971186674,True,True,False,True,False,True,1.0
NORT_ARTIC_4,998,594,647,8,7,1,1256,0.7967275058718029,True,False,False,False,False,True,1.0
NORT_ARTIC_4,4410,888,352,11,5,1,1256,0.7840527780261405,True,False,False,True,False,True,1.0
NORT_ARTIC_4,5288,875,908,20,15,1,1818,0.3950932710264017,True,False,False,False,False,True,1.0
NORT_ARTIC_4,5617,1066,769,17,4,1,1856,0.04349508026058298,True,False,False,False,False,True,0.9678824580567362
NORT_ARTIC_4,6027,472,258,7,3,1,740,1.0,True,True,False,True,False,True,1.0
NORT_ARTIC_4,6605,793,366,9,5,1,1173,0.7751915935669595,True,False,False,True,False,True,1.0
NORT_ARTIC_4,6895,906,382,11,6,1,1305,0.6002269428335163,True,False,False,False,False,True,1.0
NORT_ARTIC_4,12044,1003,252,7,3,1,1265,0.4310796310289084,True,False,False,True,False,True,1.0
NORT_ARTIC_4,19152,452,991,8,16,1,1467,0.82664344224103,True,False,False,False,False,True,1.0
NORT_ARTIC_4,20919,522,1275,3,5,1,1805,0.6981852748512021,True,False,False,True,False,True,1.0
NORT_ARTIC_4,22088,368,345,23,31,1,767,0.20748650281758546,True,True,False,False,False,True,1.0
NORT_ARTIC_4,24584,311,298,4,8,1,621,0.2559940051467534,True,True,False,False,False,True,1.0
NORT_ARTIC_4,28477,428,1406,0,0,1,1834,1.0,True,False,True,True,False,True,1.0
NORT_ARTIC_4,28500,388,1356,0,1,1,1745,1.0,True,False,True,True,False,True,1.0
NORT_ARTIC_4,734,17,3,2,2,1,24,0.17927724449463583,True,True,False,True,False,True,1.0
NORT_ARTIC_4,4296,8,33,3,3,1,47,0.13067142826409656,True,True,False,True,False,True,1.0
NORT_ARTIC_4,4778,38,18,5,2,1,63,1.0,True,True,False,True,False,True,1.0
NORT_ARTIC_4,5460,16,16,3,1,1,36,0.6051948051948051,True,True,False,True,False,True,1.0
NORT_ARTIC_4,5609,37,37,1,5,1,80,0.20437062937062936,True,True,False,True,False,True,1.0
NORT_ARTIC_4,6636,33,13,7,3,1,56,1.0,True,True,False,True,False,True,1.0
NORT_ARTIC_4,6809,33,41,1,8,1,83,0.07501285906628372,True,True,False,True,False,True,1.0
NORT_ARTIC_4,8657,14,53,2,3,1,72,0.30697741435827247,True,True,False,True,False,True,1.0
NORT_ARTIC_4,9487,8,18,9,3,1,38,0.015871822879609306,True,True,False,False,False,True,0.5457777598935779
NORT_ARTIC_4,12895,46,35,7,1,1,89,0.135818534548926,True,True,False,True,False,True,1.0
NORT_ARTIC_4,15150,39,24,3,3,1,69,0.6722701159397156,True,True,False,True,False,True,1.0
NORT_ARTIC_4,16901,53,30,5,4,1,92,0.7212049921653312,True,True,False,True,False,True,1.0
NORT_ARTIC_4,16963,56,110,3,6,1,175,1.0,True,True,False,True,False,True,1.0
NORT_ARTIC_4,17012,51,130,0,0,1,181,1.0,True,True,True,True,False,True,1.0
NORT_ARTIC_4,18833,12,39,2,2,1,55,0.26548503906994475,True,True,False,True,False,True,1.0
NORT_ARTIC_4,21222,19,46,1,5,1,71,0.6684727561878854,True,True,False,True,False,True,1.0
NORT_ARTIC_4,21353,23,46,7,1,1,77,0.004825357516848931,True,True,False,True,False,True,0.22440623328356993
NORT_ARTIC_4,21974,13,3,0,0,1,16,1.0,True,True,True,True,False,True,1.0
NORT_ARTIC_4,25922,18,36,2,4,1,60,1.0,True,True,False,True,False,True,1.0
NORT_ARTIC_4,29200,86,29,8,5,1,128,0.3284909868423161,True,True,False,True,False,True,1.0
NORT_ARTIC_4,29296,57,33,5,2,1,97,1.0,True,True,False,True,False,True,1.0
NORT_ARTIC_4,685,912,835,7,8,1,1762,0.7969449603171657,True,False,False,False,False,True,1.0
NORT_ARTIC_4,1641,1708,176,3,1,1,1888,0.3257062784150927,True,False,False,True,False,True,1.0
NORT_ARTIC_4,1994,1783,338,12,5,1,2138,0.17314609094907307,True,False,False,True,False,True,1.0
NORT_ARTIC_4,2540,962,321,7,5,1,1295,0.19053273901554282,True,False,False,True,False,True,1.0
NORT_ARTIC_4,5021,1428,94,11,0,1,1533,1.0,True,False,True,True,False,True,1.0
NORT_ARTIC_4,5221,167,1578,0,2,1,1747,1.0,True,False,True,True,False,True,1.0
NORT_ARTIC_4,6506,1687,109,16,3,1,1815,0.10781671887192396,True,False,False,True,False,True,1.0
NORT_ARTIC_4,8910,4,34,1,3,1,42,0.40994371482176356,True,True,False,True,False,True,1.0
NORT_ARTIC_4,9776,200,2471,2,19,1,2692,0.6683188248042374,True,False,False,True,False,True,1.0
NORT_ARTIC_4,10436,1620,1467,11,10,1,3108,1.0,True,False,False,False,False,True,1.0
NORT_ARTIC_4,10455,1700,1343,11,8,1,3062,1.0,True,False,False,False,False,True,1.0
NORT_ARTIC_4,15406,44,27,0,0,1,71,1.0,True,True,True,True,False,True,1.0
NORT_ARTIC_4,16724,2057,1555,13,10,1,3635,1.0,True,False,False,False,False,True,1.0
NORT_ARTIC_4,16791,2493,161,15,2,1,2671,0.2783045491501423,True,False,False,True,False,True,1.0
NORT_ARTIC_4,17244,463,1435,0,29,1,1927,0.0005977134250626469,True,False,True,False,False,True,0.038060551789758396
NORT_ARTIC_4,19901,1054,86,6,0,1,1146,1.0,True,False,True,True,False,True,1.0
NORT_ARTIC_4,21018,1046,1148,10,6,1,2210,0.31625735936547084,True,False,False,False,False,True,1.0
NORT_ARTIC_4,21174,494,301,5,6,1,806,0.34922753701282944,True,True,False,True,False,True,1.0
NORT_ARTIC_4,22685,1662,1639,14,7,1,3322,0.18822351788322106,True,False,False,False,False,True,1.0
NORT_ARTIC_4,22692,1713,1620,8,15,1,3356,0.14271518655743437,True,False,False,False,False,True,1.0
NORT_ARTIC_4,22711,1927,1472,8,9,1,3416,0.4679381234904711,True,False,False,False,False,True,1.0
NORT_ARTIC_4,22733,1954,1402,7,12,1,3375,0.0655919062528182,True,False,False,False,False,True,1.0
NORT_ARTIC_4,22757,2032,1143,14,6,1,3195,0.6476965298878385,True,False,False,False,False,True,1.0
NORT_ARTIC_4,23024,1065,1237,4,12,1,2318,0.12940974780279568,True,False,False,False,False,True,1.0
NORT_ARTIC_4,23030,1066,1181,11,6,1,2264,0.22229323245164173,True,False,False,False,False,True,1.0
NORT_ARTIC_4,23035,1084,1111,6,10,1,2211,0.4535592924871531,True,False,False,False,False,True,1.0
NORT_ARTIC_4,23052,1096,93,10,1,1,1200,0.5939209611864518,True,False,False,True,False,True,1.0
NORT_ARTIC_4,23888,1235,1060,11,8,1,2314,0.819381202722329,True,False,False,False,False,True,1.0
NORT_ARTIC_4,24564,1373,239,14,1,1,1627,0.7118666753036583,True,False,False,True,False,True,1.0
NORT_ARTIC_4,24582,1203,285,12,5,1,1505,0.3478448205892877,True,False,False,True,False,True,1.0
NORT_ARTIC_4,25273,437,169,0,0,1,606,1.0,True,True,True,True,False,True,1.0
NORT_ARTIC_4,27912,375,1070,7,6,1,1458,0.049461550365938765,True,False,False,True,False,True,0.9880974014839219
NORT_ARTIC_4,28099,2262,342,13,8,1,2625,0.003863396149898338,True,False,False,True,False,True,0.18812466664034377
NORT_ARTIC_4,823,13,13,2,2,1,30,1.0,True,True,False,True,False,True,1.0
NORT_ARTIC_4,1313,29,39,2,2,1,72,1.0,True,True,False,True,False,True,1.0
NORT_ARTIC_4,3112,79,75,2,12,1,168,0.010258252491682522,True,True,False,False,False,True,0.41222239867062094
NORT_ARTIC_4,3153,92,73,2,8,1,175,0.045893718925393165,True,True,False,True,False,True,0.975403787901099
NORT_ARTIC_4,5000,68,45,11,3,1,127,0.24696811377928307,True,True,False,False,False,True,1.0
NORT_ARTIC_4,5414,52,44,2,2,1,100,1.0,True,True,False,True,False,True,1.0
NORT_ARTIC_4,6068,56,66,0,0,1,122,1.0,True,True,True,True,False,True,1.0
NORT_ARTIC_4,6539,86,25,0,0,1,111,1.0,True,True,True,True,False,True,1.0
NORT_ARTIC_4,7872,33,36,2,2,1,73,1.0,True,True,False,True,False,True,1.0
NORT_ARTIC_4,12793,14,83,0,0,1,97,1.0,True,True,True,True,False,True,1.0
NORT_ARTIC_4,14133,20,19,2,2,1,43,1.0,True,True,False,True,False,True,1.0
NORT_ARTIC_4,16524,127,30,2,2,1,161,0.17692947855459148,True,True,False,True,False,True,1.0
NORT_ARTIC_4,17125,127,41,17,7,1,192,0.6187929676697677,True,True,False,False,False,True,1.0
NORT_ARTIC_4,21449,24,6,2,2,1,34,0.22912713472485768,True,True,False,True,False,True,1.0
NORT_ARTIC_4,21645,106,70,14,6,1,196,0.47338583686709784,True,True,False,False,False,True,1.0
NORT_ARTIC_4,21899,55,61,2,3,1,121,1.0,True,True,False,True,False,True,1.0
NORT_ARTIC_4,22708,190,63,9,1,1,263,0.45911687578513266,True,True,False,True,False,True,1.0
NORT_ARTIC_4,23251,67,74,4,3,1,148,0.7105430095805627,True,True,False,True,False,True,1.0
NORT_ARTIC_4,23625,44,80,9,1,1,134,0.001037895926921165,True,True,False,True,False,True,0.060504947063756365
NORT_ARTIC_4,23827,17,51,2,2,1,72,0.2827311696264544,True,True,False,True,False,True,1.0
NORT_ARTIC_4,23978,129,41,4,1,1,175,1.0,True,True,False,True,False,True,1.0
NORT_ARTIC_4,25352,61,142,39,4,1,246,7.917643847216626e-14,True,True,False,False,False,True,9.363179395322748e-12
NORT_ARTIC_4,25563,53,69,3,5,1,130,1.0,True,True,False,True,False,True,1.0
NORT_ARTIC_4,25779,91,35,4,2,1,132,0.6725653607131052,True,True,False,True,False,True,1.0
NORT_ARTIC_4,26124,537,153,14,7,1,711,0.2851405862297839,True,True,False,True,False,True,1.0
NORT_ARTIC_4,26180,221,226,8,6,1,461,0.599594878057679,True,True,False,False,False,True,1.0
NORT_ARTIC_4,26839,35,181,1,14,1,231,0.4770625624976097,True,True,False,True,False,True,1.0
NORT_ARTIC_4,27015,55,19,5,2,1,81,1.0,True,True,False,True,False,True,1.0
NORT_ARTIC_4,27366,84,56,8,2,1,150,0.3175310675224621,True,True,False,True,False,True,1.0
NORT_ARTIC_4,28288,193,246,2,16,1,457,0.00611190231561006,True,True,False,False,False,True,0.27201251273451654
NORT_ARTIC_4,28319,195,247,4,13,1,459,0.13334276427067762,True,True,False,False,False,True,1.0
