centre_protocol,position,a_major_fw,b_major_rv,c_minor_fw,d_minor_rv,sample_count,total_reads,p_combined,low_sample_flag,low_reads_flag,zero_cell_flag,low_expected_flag,pseudo_count_flag,underpowered_flag,q_value
NORT_ARTIC_3,437,869,176,7,3,1,1055,0.3869773254689972,True,False,False,True,False,True,1.0
NORT_ARTIC_3,439,867,174,8,4,1,1053,0.12910278872756642,True,False,False,True,False,True,1.0
NORT_ARTIC_3,574,267,945,7,12,1,1231,0.1595574772531386,True,False,False,True,False,True,1.0
NORT_ARTIC_3,641,169,765,1,10,1,945,0.6995401518455687,True,True,False,True,False,True,1.0
NORT_ARTIC_3,778,849,176,10,1,1,1036,0.7009781067863281,True,False,False,True,False,True,1.0
NORT_ARTIC_3,921,250,945,2,9,1,1206,1.0,True,False,False,True,False,True,1.0
NORT_ARTIC_3,951,2037,5961,46,63,6,8107,0.0001527014866935577,True,False,False,False,False,True,0.006458979230432311
NORT_ARTIC_3,1005,9261,9711,85,82,8,19139,0.6410214662770567,True,False,False,False,False,True,1.0
NORT_ARTIC_3,1134,558,361,5,4,1,928,0.7441477243653327,True,True,False,True,False,True,1.0
NORT_ARTIC_3,1229,228,864,4,7,1,1103,0.2572455714191061,True,False,False,True,False,True,1.0
NORT_ARTIC_3,1311,458,571,5,8,1,1042,0.7826416991164507,True,False,False,False,False,True,1.0
NORT_ARTIC_3,1417,383,245,7,2,1,637,0.4938716109544555,True,True,False,True,False,True,1.0
NORT_ARTIC_3,1767,353,330,0,0,1,683,1.0,True,True,True,True,False,True,1.0
NORT_ARTIC_3,1771,825,785,10,11,2,1631,0.8276741535088648,True,False,False,False,False,True,1.0
NORT_ARTIC_3,1845,173,745,3,7,1,928,0.4114276776320319,True,True,False,True,False,True,1.0
NORT_ARTIC_3,1867,1558,1783,8,17,2,3366,0.16254147334350816,True,False,False,False,False,True,1.0
NORT_ARTIC_3,1873,3005,2537,19,24,2,5585,0.21947765866113306,True,False,False,False,False,True,1.0
NORT_ARTIC_3,2239,4255,1507,28,8,2,5798,0.7054532438311001,True,False,False,False,False,True,1.0
NORT_ARTIC_3,2402,1109,1257,8,12,1,2386,0.6547255799067291,True,False,False,False,False,True,1.0
NORT_ARTIC_3,2405,1116,1261,8,10,1,2395,1.0,True,False,False,False,False,True,1.0
NORT_ARTIC_3,2417,2919,3313,22,14,2,6268,0.09544854827835977,True,False,False,False,False,True,1.0
NORT_ARTIC_3,2425,920,1419,5,14,1,2358,0.3461569451204466,True,False,False,False,False,True,1.0
NORT_ARTIC_3,2432,904,2064,8,9,1,2985,0.1839503930389726,True,False,False,False,False,True,1.0
NORT_ARTIC_3,2439,863,2165,5,13,1,3046,1.0,True,False,False,False,False,True,1.0
NORT_ARTIC_3,2440,857,2158,7,11,1,3033,0.30788068064598173,True,False,False,False,False,True,1.0
NORT_ARTIC_3,2444,841,2152,11,19,1,3023,0.3103355230101467,True,False,False,False,False,True,1.0
NORT_ARTIC_3,2446,1663,4224,12,24,2,5923,0.5774693704251916,True,False,False,False,False,True,1.0
NORT_ARTIC_3,2489,1064,2536,7,16,2,3623,1.0,True,False,False,False,False,True,1.0
NORT_ARTIC_3,2497,885,2496,50,14,2,3445,1.3819166414593239e-17,True,False,False,False,False,True,1.321532892560775e-15
NORT_ARTIC_3,2501,650,1556,7,12,1,2225,0.4589888683562583,True,False,False,False,False,True,1.0
NORT_ARTIC_3,2506,1350,2806,8,19,2,4183,0.8391026399116313,True,False,False,False,False,True,1.0
NORT_ARTIC_3,2526,1801,2219,10,15,2,4045,0.6904327380807416,True,False,False,False,False,True,1.0
NORT_ARTIC_3,2540,1096,1291,5,10,1,2402,0.4382321361786632,True,False,False,False,False,True,1.0
NORT_ARTIC_3,2541,1904,2235,11,17,2,4167,0.5697587279434864,True,False,False,False,False,True,1.0
NORT_ARTIC_3,2645,2359,829,23,9,2,3220,0.8396065478843475,True,False,False,False,False,True,1.0
NORT_ARTIC_3,2646,1238,392,10,2,1,1642,0.7417787357440553,True,False,False,True,False,True,1.0
NORT_ARTIC_3,2839,2772,5420,37,33,5,8262,0.0013542844973177407,True,False,False,False,False,True,0.04479321431353941
NORT_ARTIC_3,2889,2343,859,16,7,1,3225,0.6442138201167122,True,False,False,False,False,True,1.0
NORT_ARTIC_3,2901,2333,534,14,2,1,2883,0.7510833196159237,True,False,False,True,False,True,1.0
NORT_ARTIC_3,2911,7543,1998,51,11,3,9603,0.639338680756466,True,False,False,False,False,True,1.0
NORT_ARTIC_3,3029,851,1531,5,10,1,2397,1.0,True,False,False,False,False,True,1.0
NORT_ARTIC_3,3037,42502,86829,102,248,100,129681,0.15414503255800124,False,False,False,False,False,False,1.0
NORT_ARTIC_3,3256,1079,318,8,3,1,1408,0.7207196018300239,True,False,False,True,False,True,1.0
NORT_ARTIC_3,3451,246,1127,3,7,1,1383,0.39891751149989435,True,False,False,True,False,True,1.0
NORT_ARTIC_3,3459,340,2645,5,17,2,3007,0.09874065296962102,True,False,False,True,False,True,1.0
NORT_ARTIC_3,3513,447,348,5,4,1,804,1.0,True,True,False,True,False,True,1.0
NORT_ARTIC_3,3733,280,1011,7,10,2,1308,0.07224511287755855,True,False,False,True,False,True,0.9525092501774175
NORT_ARTIC_3,3845,3597,1099,28,11,3,4735,0.452530443113626,True,False,False,False,False,True,1.0
NORT_ARTIC_3,3852,2651,576,22,7,2,3256,0.3388380075834971,True,False,False,False,False,True,1.0
NORT_ARTIC_3,3855,12743,3060,118,32,8,15953,0.5339659621371492,True,False,False,False,False,True,1.0
NORT_ARTIC_3,3865,1373,251,13,5,1,1642,0.18191206024730278,True,False,False,True,False,True,1.0
NORT_ARTIC_3,3867,1377,255,10,2,1,1644,1.0,True,False,False,True,False,True,1.0
NORT_ARTIC_3,3889,1421,303,11,3,1,1738,0.7230443397491328,True,False,False,True,False,True,1.0
NORT_ARTIC_3,3894,3071,791,21,6,2,3889,0.811515073246609,True,False,False,False,False,True,1.0
NORT_ARTIC_3,3895,1445,323,9,1,1,1778,0.7002278075482955,True,False,False,True,False,True,1.0
NORT_ARTIC_3,3917,1482,339,12,0,1,1833,0.1388818006848299,True,False,True,True,False,True,1.0
NORT_ARTIC_3,4023,1199,3413,14,29,2,4655,0.3819535534236639,True,False,False,False,False,True,1.0
NORT_ARTIC_3,4083,5254,5980,39,39,4,11312,0.5716241951621377,True,False,False,False,False,True,1.0
NORT_ARTIC_3,4089,2473,3097,16,20,2,5606,1.0,True,False,False,False,False,True,1.0
NORT_ARTIC_3,4104,5003,6611,40,39,4,11693,0.20965877644694625,True,False,False,False,False,True,1.0
NORT_ARTIC_3,4114,3282,3716,20,27,2,7045,0.562105026400947,True,False,False,False,False,True,1.0
NORT_ARTIC_3,4118,4141,3816,29,16,2,8002,0.10185697695877001,True,False,False,False,False,True,1.0
NORT_ARTIC_3,4138,3451,1990,20,17,2,5478,0.23640576690765475,True,False,False,False,False,True,1.0
NORT_ARTIC_3,4181,129178,58181,23,80,96,187462,2.847770336594488e-22,False,False,False,False,False,False,3.131835427669788e-20
NORT_ARTIC_3,4277,829,2516,8,13,1,3366,0.20186563830710944,True,False,False,False,False,True,1.0
NORT_ARTIC_3,4293,1701,4887,14,28,2,6630,0.28881676122160993,True,False,False,False,False,True,1.0
NORT_ARTIC_3,4330,12193,13362,50,62,5,25667,0.5697576148544414,True,False,False,False,False,True,1.0
NORT_ARTIC_3,4337,5218,4199,36,22,2,9475,0.35441933114108337,True,False,False,False,False,True,1.0
NORT_ARTIC_3,4341,4755,3732,17,21,2,8525,0.19041110964038468,True,False,False,False,False,True,1.0
NORT_ARTIC_3,4344,24038,18910,104,76,7,43128,0.6521858535249137,True,False,False,False,False,True,1.0
NORT_ARTIC_3,4353,31301,20453,134,88,9,51976,1.0,True,False,False,False,False,True,1.0
NORT_ARTIC_3,4359,16078,9210,89,47,5,25424,0.7209577869037144,True,False,False,False,False,True,1.0
NORT_ARTIC_3,4368,6588,3934,28,20,2,10570,0.5522369105032857,True,False,False,False,False,True,1.0
NORT_ARTIC_3,4382,8513,6322,45,39,3,14919,0.5077156310866024,True,False,False,False,False,True,1.0
NORT_ARTIC_3,4395,25701,18570,127,98,9,44496,0.6358862953436133,True,False,False,False,False,True,1.0
NORT_ARTIC_3,4402,47066,36416,266,231,14,83979,0.204255277669388,False,False,False,False,False,False,1.0
NORT_ARTIC_3,4439,2861,1288,14,8,1,4171,0.6452115235527314,True,False,False,False,False,True,1.0
NORT_ARTIC_3,4446,56645,29794,296,164,18,86899,0.5888934050475407,False,False,False,False,False,False,1.0
NORT_ARTIC_3,4535,1722,6026,11,42,3,7801,1.0,True,False,False,False,False,True,1.0
NORT_ARTIC_3,4552,570,2277,4,11,1,2862,0.5189224022541893,True,False,False,True,False,True,1.0
NORT_ARTIC_3,4599,414,2005,4,9,1,2432,0.25674879810153894,True,False,False,True,False,True,1.0
NORT_ARTIC_3,4600,417,2000,1,12,1,2430,0.7099286531445317,True,False,False,True,False,True,1.0
NORT_ARTIC_3,4644,573,2376,5,23,2,2977,1.0,True,False,False,False,False,True,1.0
NORT_ARTIC_3,4645,142,1681,1,13,1,1837,1.0,True,False,False,True,False,True,1.0
NORT_ARTIC_3,4753,1683,564,12,5,1,2264,0.7787611322601331,True,False,False,True,False,True,1.0
NORT_ARTIC_3,4759,5275,2098,32,16,2,7421,0.5208590216731509,True,False,False,False,False,True,1.0
NORT_ARTIC_3,4848,685,1398,2,10,1,2095,0.3573066072211462,True,False,False,True,False,True,1.0
NORT_ARTIC_3,4860,2841,7146,20,28,4,10035,0.053418839656843894,True,False,False,False,False,True,0.8216415232533437
NORT_ARTIC_3,4896,888,2208,11,16,2,3123,0.1991317551126604,True,False,False,False,False,True,1.0
NORT_ARTIC_3,4911,1993,4955,17,39,4,7004,0.7681032348381902,True,False,False,False,False,True,1.0
NORT_ARTIC_3,4946,463,1130,3,8,1,1604,1.0,True,False,False,True,False,True,1.0
NORT_ARTIC_3,5205,1298,4425,12,33,3,5768,0.4807440055810519,True,False,False,False,False,True,1.0
NORT_ARTIC_3,5260,3511,17386,32,404,21,21333,1.1489739528182237e-08,False,False,False,False,False,False,7.220480597781951e-07
NORT_ARTIC_3,5290,7432,3940,48,25,4,11445,1.0,True,False,False,False,False,True,1.0
NORT_ARTIC_3,5299,6846,3705,41,26,3,10618,0.5234580568132303,True,False,False,False,False,True,1.0
NORT_ARTIC_3,5302,8025,3908,45,98,4,12076,4.933965720628635e-18,True,False,False,False,False,True,4.823225601121193e-16
NORT_ARTIC_3,5313,4053,876,21,9,2,4959,0.09272166672078179,True,False,False,False,False,True,1.0
NORT_ARTIC_3,5317,2315,353,16,2,1,2686,1.0,True,False,False,True,False,True,1.0
NORT_ARTIC_3,5325,2377,387,14,2,1,2780,1.0,True,False,False,True,False,True,1.0
NORT_ARTIC_3,5352,12442,3089,79,25,5,15635,0.3234384908505312,True,False,False,False,False,True,1.0
NORT_ARTIC_3,5401,2748,707,16,4,1,3475,1.0,True,False,False,True,False,True,1.0
NORT_ARTIC_3,5454,3466,4434,28,32,3,7960,0.6963619647809159,True,False,False,False,False,True,1.0
NORT_ARTIC_3,5469,969,1549,6,8,1,2532,0.786347388431416,True,False,False,False,False,True,1.0
NORT_ARTIC_3,5478,2333,4647,16,27,2,7023,0.6278714639964635,True,False,False,False,False,True,1.0
NORT_ARTIC_3,5479,1399,2912,14,16,2,4341,0.11705680781380837,True,False,False,False,False,True,1.0
NORT_ARTIC_3,5498,847,2890,8,18,1,3763,0.34718881031398785,True,False,False,False,False,True,1.0
NORT_ARTIC_3,5510,2074,8159,16,49,3,10298,0.3572276209965548,True,False,False,False,False,True,1.0
NORT_ARTIC_3,5528,1512,6138,12,32,2,7694,0.2523909534656532,True,False,False,False,False,True,1.0
NORT_ARTIC_3,5541,1241,6190,10,42,3,7483,0.5784211162479407,True,False,False,False,False,True,1.0
NORT_ARTIC_3,5562,666,3695,9,23,2,4393,0.07884571143431186,True,False,False,True,False,True,0.99381743438263
NORT_ARTIC_3,5563,950,4631,10,27,2,5618,0.12247830295175528,True,False,False,False,False,True,1.0
NORT_ARTIC_3,5576,8365,14645,41,93,6,23144,0.1773639405270157,True,False,False,False,False,True,1.0
NORT_ARTIC_3,5588,5594,7632,35,42,3,13303,0.6438549593918419,True,False,False,False,False,True,1.0
NORT_ARTIC_3,5590,2634,3214,17,19,2,5884,0.8670871974884846,True,False,False,False,False,True,1.0
NORT_ARTIC_3,5598,1580,1934,12,10,1,3536,0.39620818633785104,True,False,False,False,False,True,1.0
NORT_ARTIC_3,5640,8265,3054,49,25,4,11393,0.19057069306613875,True,False,False,False,False,True,1.0
NORT_ARTIC_3,5645,7587,2606,35,16,3,10244,0.3371539340562045,True,False,False,False,False,True,1.0
NORT_ARTIC_3,5647,16672,5892,88,43,7,22695,0.08976640982052048,True,False,False,False,False,True,1.0
NORT_ARTIC_3,5655,2216,765,11,5,1,2997,0.5744402355651703,True,False,False,True,False,True,1.0
NORT_ARTIC_3,5661,8242,3232,47,23,3,11544,0.4238196984304454,True,False,False,False,False,True,1.0
NORT_ARTIC_3,5667,13080,5551,69,31,4,18731,0.8265482561736612,True,False,False,False,False,True,1.0
NORT_ARTIC_3,5669,2259,815,15,10,1,3099,0.16970950766212536,True,False,False,False,False,True,1.0
NORT_ARTIC_3,5681,2795,1044,25,14,2,3878,0.2769676286897276,True,False,False,False,False,True,1.0
NORT_ARTIC_3,5684,5963,2581,31,15,2,8590,0.748134037064212,True,False,False,False,False,True,1.0
NORT_ARTIC_3,5689,2306,869,16,4,1,3195,0.6170909909595221,True,False,False,False,False,True,1.0
NORT_ARTIC_3,5807,2451,6634,14,43,3,9142,0.7658540012053322,True,False,False,False,False,True,1.0
NORT_ARTIC_3,5818,5100,15310,138,390,8,20938,0.5416986612800107,True,False,False,False,False,True,1.0
NORT_ARTIC_3,5836,3444,9893,25,46,4,13408,0.07756728940975238,True,False,False,False,False,True,0.9805129486020137
NORT_ARTIC_3,5843,4174,13517,30,83,5,17804,0.43882739503140056,True,False,False,False,False,True,1.0
NORT_ARTIC_3,5863,461,1589,1,10,1,2061,0.4733397209468123,True,False,False,True,False,True,1.0
NORT_ARTIC_3,5883,929,1555,6,7,1,2497,0.5707242808879988,True,False,False,True,False,True,1.0
NORT_ARTIC_3,5930,3017,2396,19,18,2,5450,0.621112181115185,True,False,False,False,False,True,1.0
NORT_ARTIC_3,5978,1510,284,10,3,1,1807,0.44637277345859244,True,False,False,True,False,True,1.0
NORT_ARTIC_3,6007,11069,6904,74,51,6,18098,0.5812175737760363,True,False,False,False,False,True,1.0
NORT_ARTIC_3,6029,1156,1065,8,8,1,2237,1.0,True,False,False,False,False,True,1.0
NORT_ARTIC_3,6035,1006,1064,7,8,1,2085,1.0,True,False,False,False,False,True,1.0
NORT_ARTIC_3,6115,575,2616,5,19,2,3215,0.788733626253182,True,False,False,True,False,True,1.0
NORT_ARTIC_3,6124,312,1950,4,19,2,2285,0.5475382725161564,True,False,False,True,False,True,1.0
NORT_ARTIC_3,6133,205,1445,3,9,1,1662,0.1818800552688465,True,False,False,True,False,True,1.0
NORT_ARTIC_3,6162,123,716,3,7,1,849,0.1746731276385436,True,True,False,True,False,True,1.0
NORT_ARTIC_3,6191,3902,1203,29,6,2,5140,0.43080266301857145,True,False,False,False,False,True,1.0
NORT_ARTIC_3,6199,18955,5594,127,38,6,24714,0.9259355950533394,True,False,False,False,False,True,1.0
NORT_ARTIC_3,6208,30057,10018,160,61,11,40296,0.39148695867353045,False,False,False,False,False,False,1.0
NORT_ARTIC_3,6225,26335,6393,120,40,7,32888,0.08908968997824696,True,False,False,False,False,True,1.0
NORT_ARTIC_3,6237,3632,907,24,6,1,4569,1.0,True,False,False,False,False,True,1.0
NORT_ARTIC_3,6243,18438,4266,103,25,5,22832,0.8206151920868461,True,False,False,False,False,True,1.0
NORT_ARTIC_3,6256,44750,12241,230,74,11,57295,0.233883030566532,False,False,False,False,False,False,1.0
NORT_ARTIC_3,6281,3954,869,15,5,1,4843,0.38703318225135236,True,False,False,True,False,True,1.0
NORT_ARTIC_3,6295,4105,997,19,4,1,5125,1.0,True,False,False,True,False,True,1.0
NORT_ARTIC_3,6299,6602,1449,38,9,2,8098,0.8487857416095046,True,False,False,False,False,True,1.0
NORT_ARTIC_3,6303,4062,977,16,4,1,5059,1.0,True,False,False,True,False,True,1.0
NORT_ARTIC_3,6325,3593,1451,18,6,1,5068,0.8229688426622637,True,False,False,False,False,True,1.0
NORT_ARTIC_3,6350,2185,4174,13,22,2,6394,0.7239215546571043,True,False,False,False,False,True,1.0
NORT_ARTIC_3,6351,1206,2328,7,14,1,3555,1.0,True,False,False,False,False,True,1.0
NORT_ARTIC_3,6366,1069,2634,7,11,1,3721,0.43344867544039656,True,False,False,False,False,True,1.0
NORT_ARTIC_3,6370,2865,6893,17,31,2,9806,0.34515812091166764,True,False,False,False,False,True,1.0
NORT_ARTIC_3,6402,35419,165858,68,338,91,201683,0.6957132396774306,False,False,False,False,False,False,1.0
NORT_ARTIC_3,6411,620,3704,2,15,1,4341,1.0,True,False,False,True,False,True,1.0
NORT_ARTIC_3,6414,1058,4468,7,26,2,5559,0.8238484010544708,True,False,False,False,False,True,1.0
NORT_ARTIC_3,6444,304,3397,3,18,1,3722,0.24769166291660383,True,False,False,True,False,True,1.0
NORT_ARTIC_3,6453,276,3318,2,22,1,3618,0.7066337027594709,True,False,False,True,False,True,1.0
NORT_ARTIC_3,6465,256,3116,2,23,1,3397,0.7146830084652471,True,False,False,True,False,True,1.0
NORT_ARTIC_3,6562,1800,446,10,3,1,2259,0.7302427110990753,True,False,False,True,False,True,1.0
NORT_ARTIC_3,6597,1961,646,9,5,1,2621,0.35599217770138986,True,False,False,True,False,True,1.0
NORT_ARTIC_3,6645,1114,923,7,5,1,2049,1.0,True,False,False,False,False,True,1.0
NORT_ARTIC_3,6758,1727,2973,11,23,2,4734,0.7217881788690106,True,False,False,False,False,True,1.0
NORT_ARTIC_3,6761,1263,1914,8,11,1,3196,0.8187992196432982,True,False,False,False,False,True,1.0
NORT_ARTIC_3,6778,1294,1835,8,12,1,3149,1.0,True,False,False,False,False,True,1.0
NORT_ARTIC_3,6783,1279,1749,7,11,1,3046,0.8162481677375448,True,False,False,False,False,True,1.0
NORT_ARTIC_3,6787,6985,13404,38,74,6,20501,1.0,True,False,False,False,False,True,1.0
NORT_ARTIC_3,6942,316,750,5,8,1,1079,0.5439461154490294,True,False,False,True,False,True,1.0
NORT_ARTIC_3,6980,267,975,4,10,1,1256,0.5165915190023569,True,False,False,True,False,True,1.0
NORT_ARTIC_3,7045,304,619,6,6,1,935,0.2269486387826037,True,True,False,True,False,True,1.0
NORT_ARTIC_3,7062,713,553,7,7,1,1280,0.787788312436602,True,False,False,False,False,True,1.0
NORT_ARTIC_3,7124,59572,13043,138,37,87,72790,0.27806653342179677,False,False,False,False,False,False,1.0
NORT_ARTIC_3,7204,1371,818,8,7,1,2204,0.5935076846982883,True,False,False,False,False,True,1.0
NORT_ARTIC_3,7335,1044,1435,9,4,1,2492,0.08706443795269188,True,False,False,False,False,True,1.0
NORT_ARTIC_3,7351,1355,1347,10,4,1,2716,0.1785204011049703,True,False,False,False,False,True,1.0
NORT_ARTIC_3,7375,2249,3745,10,23,2,6027,0.4726401238628122,True,False,False,False,False,True,1.0
NORT_ARTIC_3,7383,8019,3766,54,26,4,11865,0.9047122914293277,True,False,False,False,False,True,1.0
NORT_ARTIC_3,7388,15451,8137,212,49,8,23849,2.811565699626103e-08,True,False,False,False,False,True,1.67136182603449e-06
NORT_ARTIC_3,7397,6200,2909,46,19,3,9174,0.6907259517533235,True,False,False,False,False,True,1.0
NORT_ARTIC_3,7422,2253,769,12,3,1,3037,0.7731301709455579,True,False,False,True,False,True,1.0
NORT_ARTIC_3,7424,4159,1663,31,16,2,5869,0.4192362680626631,True,False,False,False,False,True,1.0
NORT_ARTIC_3,7432,3585,1199,26,11,2,4821,0.5675914891013201,True,False,False,False,False,True,1.0
NORT_ARTIC_3,7441,4370,1796,28,17,3,6211,0.2482597895337316,True,False,False,False,False,True,1.0
NORT_ARTIC_3,7448,9470,3459,73,23,5,13025,0.6433411443064336,True,False,False,False,False,True,1.0
NORT_ARTIC_3,7464,2318,1037,15,5,1,3375,0.8084942872001879,True,False,False,False,False,True,1.0
NORT_ARTIC_3,7490,5528,2319,39,19,2,7905,0.5671046898910187,True,False,False,False,False,True,1.0
NORT_ARTIC_3,7494,5546,2435,26,15,2,8022,0.3986981852820584,True,False,False,False,False,True,1.0
NORT_ARTIC_3,7497,1991,2098,15,18,2,4122,0.7303854832508689,True,False,False,False,False,True,1.0
NORT_ARTIC_3,7499,1340,1403,11,8,1,2762,0.49443845989255075,True,False,False,False,False,True,1.0
NORT_ARTIC_3,7545,715,2152,7,13,1,2887,0.3041620630042814,True,False,False,False,False,True,1.0
NORT_ARTIC_3,7570,437,1937,2,12,1,2388,1.0,True,False,False,True,False,True,1.0
NORT_ARTIC_3,7576,425,1912,4,11,1,2352,0.49752256892063484,True,False,False,True,False,True,1.0
NORT_ARTIC_3,7685,6888,6327,42,34,3,13291,0.6455797317692471,True,False,False,False,False,True,1.0
NORT_ARTIC_3,7755,2692,766,17,13,2,3488,0.012893829800339877,True,False,False,False,False,True,0.3241140416668293
NORT_ARTIC_3,7849,495,1052,5,7,1,1559,0.5376533979677814,True,False,False,True,False,True,1.0
NORT_ARTIC_3,7851,30783,52752,88,160,72,83783,0.6926819764963568,False,False,False,False,False,False,1.0
NORT_ARTIC_3,7941,420,2103,8,21,2,2552,0.1311009079145346,True,False,False,True,False,True,1.0
NORT_ARTIC_3,7963,827,1196,5,18,1,2046,0.08595146810352862,True,False,False,False,False,True,1.0
NORT_ARTIC_3,7965,1130,1216,9,7,1,2362,0.6188553888625646,True,False,False,False,False,True,1.0
NORT_ARTIC_3,7984,1866,999,9,6,1,2880,0.7868904950844817,True,False,False,False,False,True,1.0
NORT_ARTIC_3,8004,2065,725,12,8,1,2810,0.19797273998050324,True,False,False,False,False,True,1.0
NORT_ARTIC_3,8023,2086,440,14,4,1,2544,0.5381668393468051,True,False,False,True,False,True,1.0
NORT_ARTIC_3,8033,2099,461,14,3,1,2577,1.0,True,False,False,True,False,True,1.0
NORT_ARTIC_3,8058,2263,693,17,10,2,2983,0.11052785544403063,True,False,False,False,False,True,1.0
NORT_ARTIC_3,8059,10182,2932,66,30,4,13210,0.04836765146318137,True,False,False,False,False,True,0.8059187970588728
NORT_ARTIC_3,8063,4361,2160,30,16,3,6567,0.8752557172028914,True,False,False,False,False,True,1.0
NORT_ARTIC_3,8085,24479,9536,138,66,10,34219,0.18377562225630284,False,False,False,False,False,False,1.0
NORT_ARTIC_3,8086,2216,774,16,4,2,3010,0.7977771971229014,True,False,False,False,False,True,1.0
NORT_ARTIC_3,8094,2338,895,17,8,2,3258,0.655129965661863,True,False,False,False,False,True,1.0
NORT_ARTIC_3,8096,2178,819,17,8,1,3022,0.6527177977627328,True,False,False,False,False,True,1.0
NORT_ARTIC_3,8156,372,1204,4,13,1,1593,1.0,True,False,False,True,False,True,1.0
NORT_ARTIC_3,8235,278,1714,3,8,1,2003,0.1918829144858286,True,False,False,True,False,True,1.0
NORT_ARTIC_3,8237,1237,6118,16,48,3,7419,0.09262741795824914,True,False,False,False,False,True,1.0
NORT_ARTIC_3,8242,760,3965,10,23,2,4758,0.05255595758700618,True,False,False,False,False,True,0.8197000616645129
NORT_ARTIC_3,8293,1299,1244,2,4,1,2549,0.4434111695413844,True,False,False,True,False,True,1.0
NORT_ARTIC_3,8315,1386,1104,2,3,1,2495,0.6607492142740833,True,False,False,True,False,True,1.0
NORT_ARTIC_3,8323,1421,1020,9,9,1,2459,0.4834295661149164,True,False,False,False,False,True,1.0
NORT_ARTIC_3,8399,1726,557,12,5,1,2300,0.5803388892417338,True,False,False,True,False,True,1.0
NORT_ARTIC_3,8448,6847,3236,39,30,4,10152,0.05185841118500996,True,False,False,False,False,True,0.8147326814387814
NORT_ARTIC_3,8560,351,1484,5,9,1,1849,0.1630076179693603,True,False,False,True,False,True,1.0
NORT_ARTIC_3,8604,1965,6460,34,48,3,8507,0.000325106842987127,True,False,False,False,False,True,0.01288418920991326
NORT_ARTIC_3,8629,514,1042,2,9,1,1567,0.5203590582054956,True,False,False,True,False,True,1.0
NORT_ARTIC_3,8643,1646,2818,17,23,2,4504,0.5112278355620437,True,False,False,False,False,True,1.0
NORT_ARTIC_3,8689,2323,1851,21,14,3,4209,0.7331372161438472,True,False,False,False,False,True,1.0
NORT_ARTIC_3,8693,1005,166,9,2,1,1182,0.661760929951165,True,False,False,True,False,True,1.0
NORT_ARTIC_3,8732,1179,259,10,2,1,1450,1.0,True,False,False,True,False,True,1.0
NORT_ARTIC_3,8938,1586,2491,10,21,2,4108,0.5796239180382179,True,False,False,False,False,True,1.0
NORT_ARTIC_3,8970,994,521,5,7,1,1527,0.12345498918644031,True,False,False,True,False,True,1.0
NORT_ARTIC_3,8981,1572,337,16,5,2,1930,0.40086042239015673,True,False,False,True,False,True,1.0
NORT_ARTIC_3,8986,75855,18330,175,49,95,94409,0.3533635936535765,False,False,False,False,False,False,1.0
NORT_ARTIC_3,9053,75066,31911,30,8,95,107015,0.28890678744665677,False,False,False,False,False,False,1.0
NORT_ARTIC_3,9200,403,1332,3,10,1,1748,1.0,True,False,False,True,False,True,1.0
NORT_ARTIC_3,9217,4341,4703,34,32,3,9110,0.6215906877917461,True,False,False,False,False,True,1.0
NORT_ARTIC_3,9256,1300,999,12,4,1,2315,0.20475386868736076,True,False,False,False,False,True,1.0
NORT_ARTIC_3,9259,1339,714,9,3,1,2065,0.5597221819325721,True,False,False,True,False,True,1.0
NORT_ARTIC_3,9304,11738,4628,101,45,9,16512,0.5183829319895483,True,False,False,False,False,True,1.0
NORT_ARTIC_3,9370,1058,579,5,5,1,1647,0.33890835473863495,True,False,False,True,False,True,1.0
NORT_ARTIC_3,9427,816,1951,7,7,1,2781,0.13722816547428512,True,False,False,True,False,True,1.0
NORT_ARTIC_3,9449,675,2010,4,11,1,2700,1.0,True,False,False,True,False,True,1.0
NORT_ARTIC_3,9459,694,2003,2,11,1,2710,0.5348634024278152,True,False,False,True,False,True,1.0
NORT_ARTIC_3,9484,570,1900,8,13,1,2491,0.11893701086184492,True,False,False,True,False,True,1.0
NORT_ARTIC_3,9490,1323,1902,11,10,1,3246,0.3739279754119029,True,False,False,False,False,True,1.0
NORT_ARTIC_3,9493,1347,1889,5,10,1,3251,0.6065249039456322,True,False,False,False,False,True,1.0
NORT_ARTIC_3,9499,1311,1847,8,10,1,3176,0.8143488756371302,True,False,False,False,False,True,1.0
NORT_ARTIC_3,9511,10944,9992,75,77,8,21088,0.5146155644663577,True,False,False,False,False,True,1.0
NORT_ARTIC_3,9513,1532,1844,9,6,1,3391,0.3037820316078804,True,False,False,False,False,True,1.0
NORT_ARTIC_3,9530,5542,5318,25,31,4,10916,0.35157610341010537,True,False,False,False,False,True,1.0
NORT_ARTIC_3,9535,4283,3089,25,13,2,7410,0.4106920702073722,True,False,False,False,False,True,1.0
NORT_ARTIC_3,9540,4766,2660,25,19,3,7470,0.34478568777996954,True,False,False,False,False,True,1.0
NORT_ARTIC_3,9542,4731,3638,24,23,3,8416,0.4640276513848276,True,False,False,False,False,True,1.0
NORT_ARTIC_3,9557,1796,1128,8,5,1,2937,1.0,True,False,False,False,False,True,1.0
NORT_ARTIC_3,9604,8625,3211,50,24,3,11910,0.29705128924555557,True,False,False,False,False,True,1.0
NORT_ARTIC_3,9621,1925,834,16,9,1,2784,0.5180203052731622,True,False,False,False,False,True,1.0
NORT_ARTIC_3,9710,1021,3643,9,21,2,4694,0.27336843342516326,True,False,False,False,False,True,1.0
NORT_ARTIC_3,9723,349,1715,3,10,1,2077,0.47152779635454445,True,False,False,True,False,True,1.0
NORT_ARTIC_3,9900,1197,359,8,5,1,1569,0.1939934077880956,True,False,False,True,False,True,1.0
NORT_ARTIC_3,10011,5785,7563,75,87,7,13510,0.4732849950712348,True,False,False,False,False,True,1.0
NORT_ARTIC_3,10029,21941,60695,66,160,95,82862,0.36598476944877156,False,False,False,False,False,False,1.0
NORT_ARTIC_3,10117,1093,967,11,5,1,2076,0.31465034545560433,True,False,False,False,False,True,1.0
NORT_ARTIC_3,10118,1100,952,7,8,1,2067,0.6136867994394187,True,False,False,False,False,True,1.0
NORT_ARTIC_3,10159,1260,587,7,7,1,1861,0.1570465980880551,True,False,False,True,False,True,1.0
NORT_ARTIC_3,10320,369,1382,5,12,1,1768,0.378169103444872,True,False,False,True,False,True,1.0
NORT_ARTIC_3,10370,334,1191,2,10,1,1537,1.0,True,False,False,True,False,True,1.0
NORT_ARTIC_3,10428,925,1043,7,8,1,1983,1.0,True,False,False,False,False,True,1.0
NORT_ARTIC_3,10484,1280,244,9,4,1,1537,0.14384902335744124,True,False,False,True,False,True,1.0
NORT_ARTIC_3,10522,1054,322,8,4,1,1388,0.4918058181447653,True,False,False,True,False,True,1.0
NORT_ARTIC_3,10587,711,637,4,7,1,1359,0.36732227832939934,True,False,False,False,False,True,1.0
NORT_ARTIC_3,10855,769,604,10,3,1,1386,0.16494272136241034,True,False,False,False,False,True,1.0
NORT_ARTIC_3,10936,507,1784,5,10,1,2306,0.3462849780156316,True,False,False,True,False,True,1.0
NORT_ARTIC_3,10948,855,2686,8,21,2,3570,0.6647495898112847,True,False,False,False,False,True,1.0
NORT_ARTIC_3,10985,722,2939,11,26,2,3698,0.14508460610670726,True,False,False,False,False,True,1.0
NORT_ARTIC_3,11033,13827,12350,75,79,8,26331,0.3315780018232199,True,False,False,False,False,True,1.0
NORT_ARTIC_3,11052,3229,2280,21,16,2,5546,0.8676707082521211,True,False,False,False,False,True,1.0
NORT_ARTIC_3,11059,5963,2915,29,21,2,8928,0.17601711962969074,True,False,False,False,False,True,1.0
NORT_ARTIC_3,11129,3396,665,22,6,1,4089,0.4443047814182531,True,False,False,True,False,True,1.0
NORT_ARTIC_3,11131,14255,2961,72,17,3,17305,0.6721514982740188,True,False,False,False,False,True,1.0
NORT_ARTIC_3,11137,8514,2358,46,18,2,10936,0.22374186283225656,True,False,False,False,False,True,1.0
NORT_ARTIC_3,11153,9537,2720,47,14,2,12318,0.877536109380192,True,False,False,False,False,True,1.0
NORT_ARTIC_3,11192,9644,8840,50,62,4,18596,0.12877722792634816,True,False,False,False,False,True,1.0
NORT_ARTIC_3,11201,100926,116107,165,186,96,217384,0.8724238809522844,False,False,False,False,False,False,1.0
NORT_ARTIC_3,11260,1087,3517,7,23,1,4634,1.0,True,False,False,False,False,True,1.0
NORT_ARTIC_3,11277,1186,5604,4,34,2,6828,0.38872512746041443,True,False,False,False,False,True,1.0
NORT_ARTIC_3,11305,1747,8273,15,49,2,10084,0.24536335542020868,True,False,False,False,False,True,1.0
NORT_ARTIC_3,11332,111519,168506,122,171,96,280318,0.5505895481392623,False,False,False,False,False,False,1.0
NORT_ARTIC_3,11373,2126,1773,13,9,1,3921,0.8306582072798825,True,False,False,False,False,True,1.0
NORT_ARTIC_3,11384,2162,1521,12,10,1,3705,0.8286750866779087,True,False,False,False,False,True,1.0
NORT_ARTIC_3,11403,5091,1254,28,9,2,6382,0.5332695381122388,True,False,False,False,False,True,1.0
NORT_ARTIC_3,11449,4207,1770,26,12,2,6015,0.8586609866047237,True,False,False,False,False,True,1.0
NORT_ARTIC_3,11459,8873,4017,58,35,3,12983,0.17937770702498462,True,False,False,False,False,True,1.0
NORT_ARTIC_3,11489,1515,1559,11,12,2,3097,1.0,True,False,False,False,False,True,1.0
NORT_ARTIC_3,11531,767,1091,7,7,1,1872,0.5897277272801833,True,False,False,False,False,True,1.0
NORT_ARTIC_3,11573,1242,2189,10,18,1,3459,1.0,True,False,False,False,False,True,1.0
NORT_ARTIC_3,11574,1251,2196,5,10,1,3462,1.0,True,False,False,False,False,True,1.0
NORT_ARTIC_3,11577,1230,2180,7,11,1,3428,0.809058243708771,True,False,False,False,False,True,1.0
NORT_ARTIC_3,11590,2198,2318,16,10,1,4542,0.23830498274152662,True,False,False,False,False,True,1.0
NORT_ARTIC_3,11593,2468,2323,11,12,1,4814,0.8352329325511394,True,False,False,False,False,True,1.0
NORT_ARTIC_3,11595,11177,8990,52,50,4,20269,0.37085327454877715,True,False,False,False,False,True,1.0
NORT_ARTIC_3,11597,2518,2324,12,13,1,4867,0.6944482734773136,True,False,False,False,False,True,1.0
NORT_ARTIC_3,11602,2769,2295,13,11,1,5088,1.0,True,False,False,False,False,True,1.0
NORT_ARTIC_3,11604,2804,2307,9,11,1,5131,0.38016554884527337,True,False,False,False,False,True,1.0
NORT_ARTIC_3,11615,20957,18131,102,82,8,39272,0.6569115913554764,True,False,False,False,False,True,1.0
NORT_ARTIC_3,11619,2918,2306,13,12,1,5249,0.6927326750097174,True,False,False,False,False,True,1.0
NORT_ARTIC_3,11628,2911,2384,14,9,1,5318,0.6764236361304798,True,False,False,False,False,True,1.0
NORT_ARTIC_3,11641,2955,2505,11,14,1,5485,0.32256559180018796,True,False,False,False,False,True,1.0
NORT_ARTIC_3,11657,17057,15327,87,64,4,32535,0.25274421082299725,True,False,False,False,False,True,1.0
NORT_ARTIC_3,11664,17011,14718,120,89,6,31938,0.296655772800377,True,False,False,False,False,True,1.0
NORT_ARTIC_3,11673,2969,2512,15,6,1,5502,0.12836345337226057,True,False,False,False,False,True,1.0
NORT_ARTIC_3,11682,8667,3776,35,18,2,12496,0.5523930893498139,True,False,False,False,False,True,1.0
NORT_ARTIC_3,11709,2808,1191,20,10,1,4029,0.6902313174520313,True,False,False,False,False,True,1.0
NORT_ARTIC_3,11711,6494,2882,38,22,3,9436,0.32769554045417515,True,False,False,False,False,True,1.0
NORT_ARTIC_3,11721,7871,2958,40,26,3,10895,0.03683961184848697,True,False,False,False,False,True,0.6925532159038212
NORT_ARTIC_3,11776,639,1933,7,10,1,2589,0.1554801961259383,True,False,False,True,False,True,1.0
NORT_ARTIC_3,11796,828,3366,7,19,2,4220,0.33050777491493705,True,False,False,False,False,True,1.0
NORT_ARTIC_3,11813,2018,7460,18,51,3,9547,0.37508466508674326,True,False,False,False,False,True,1.0
NORT_ARTIC_3,11850,639,4446,5,29,2,5119,0.6089551254533292,True,False,False,True,False,True,1.0
NORT_ARTIC_3,11867,245,1849,3,14,1,2111,0.44047072966669387,True,False,False,True,False,True,1.0
NORT_ARTIC_3,11883,2931,5694,18,47,3,8690,0.35725850697677186,True,False,False,False,False,True,1.0
NORT_ARTIC_3,11925,1237,963,7,9,1,2216,0.3255943319407049,True,False,False,False,False,True,1.0
NORT_ARTIC_3,12190,1670,1152,7,8,1,2837,0.43063078019946044,True,False,False,False,False,True,1.0
NORT_ARTIC_3,12192,1669,1156,11,12,1,2848,0.2929523541751872,True,False,False,False,False,True,1.0
NORT_ARTIC_3,12195,2729,1878,17,9,2,4633,0.5564864036418441,True,False,False,False,False,True,1.0
NORT_ARTIC_3,12218,3135,2456,21,19,2,5631,0.749635205675631,True,False,False,False,False,True,1.0
NORT_ARTIC_3,12227,1733,897,10,8,1,2648,0.4545983613347746,True,False,False,False,False,True,1.0
NORT_ARTIC_3,12363,14281,11352,115,102,10,25850,0.4504897340305952,False,False,False,False,False,False,1.0
NORT_ARTIC_3,12365,1915,7004,18,59,4,8996,0.6765224385080151,True,False,False,False,False,True,1.0
NORT_ARTIC_3,12391,948,3801,5,24,2,4778,1.0,True,False,False,False,False,True,1.0
NORT_ARTIC_3,12418,458,2179,3,18,2,2658,1.0,True,False,False,True,False,True,1.0
NORT_ARTIC_3,12464,1894,802,18,4,1,2718,0.34808114913835453,True,False,False,False,False,True,1.0
NORT_ARTIC_3,12519,15104,3506,75,22,5,18707,0.3613670109303534,True,False,False,False,False,True,1.0
NORT_ARTIC_3,12603,10889,9181,75,71,7,20216,0.505444241190792,True,False,False,False,False,True,1.0
NORT_ARTIC_3,12604,917,706,10,4,1,1637,0.29359028898851947,True,False,False,False,False,True,1.0
NORT_ARTIC_3,12700,422,2328,3,16,1,2769,1.0,True,False,False,True,False,True,1.0
NORT_ARTIC_3,12720,1587,6849,14,44,3,8494,0.31152711831024693,True,False,False,False,False,True,1.0
NORT_ARTIC_3,12722,866,2248,5,15,1,3134,1.0,True,False,False,False,False,True,1.0
NORT_ARTIC_3,12744,4109,8708,27,48,3,12892,0.45900308900255316,True,False,False,False,False,True,1.0
NORT_ARTIC_3,12752,6419,13602,50,104,5,20175,0.9310003033781384,True,False,False,False,False,True,1.0
NORT_ARTIC_3,12760,1172,2235,12,15,1,3434,0.3104679848387679,True,False,False,False,False,True,1.0
NORT_ARTIC_3,12762,4897,10459,33,63,4,15452,0.584921969498639,True,False,False,False,False,True,1.0
NORT_ARTIC_3,12775,1456,2042,6,17,1,3521,0.14346067816314226,True,False,False,False,False,True,1.0
NORT_ARTIC_3,12787,1526,1089,11,14,2,2640,0.15827336699102765,True,False,False,False,False,True,1.0
NORT_ARTIC_3,13023,1761,1487,9,6,1,3263,0.797000160354974,True,False,False,False,False,True,1.0
NORT_ARTIC_3,13042,7230,5059,40,26,3,12355,0.8032465291816387,True,False,False,False,False,True,1.0
NORT_ARTIC_3,13052,2285,1692,13,9,2,3999,1.0,True,False,False,False,False,True,1.0
NORT_ARTIC_3,13066,2320,1564,10,9,1,3903,0.6403447988451787,True,False,False,False,False,True,1.0
NORT_ARTIC_3,13071,2268,978,12,5,1,3263,1.0,True,False,False,False,False,True,1.0
NORT_ARTIC_3,13081,5226,2176,28,14,2,7444,0.6110174279560584,True,False,False,False,False,True,1.0
NORT_ARTIC_3,13086,3568,1188,38,15,2,4809,0.6321132826661604,True,False,False,False,False,True,1.0
NORT_ARTIC_3,13087,2295,700,8,5,1,3008,0.1987918432875219,True,False,False,True,False,True,1.0
NORT_ARTIC_3,13097,4788,1170,22,8,2,5988,0.3554510249422089,True,False,False,False,False,True,1.0
NORT_ARTIC_3,13131,5480,1497,37,14,2,7028,0.30516666737725323,True,False,False,False,False,True,1.0
NORT_ARTIC_3,13182,2699,1037,16,11,2,3763,0.13618867404161203,True,False,False,False,False,True,1.0
NORT_ARTIC_3,13186,1708,862,11,6,1,2587,1.0,True,False,False,False,False,True,1.0
NORT_ARTIC_3,13203,6816,3940,34,26,3,10816,0.28526549700812237,True,False,False,False,False,True,1.0
NORT_ARTIC_3,13237,3563,7523,27,49,2,11162,0.5389038585847595,True,False,False,False,False,True,1.0
NORT_ARTIC_3,13253,2416,6340,14,31,2,8801,0.616827391735121,True,False,False,False,False,True,1.0
NORT_ARTIC_3,13288,936,2960,4,13,1,3913,1.0,True,False,False,True,False,True,1.0
NORT_ARTIC_3,13291,955,3060,7,15,2,4037,0.4497486235904099,True,False,False,False,False,True,1.0
NORT_ARTIC_3,13294,12467,27126,68,158,8,39819,0.7195581890867472,True,False,False,False,False,True,1.0
NORT_ARTIC_3,13362,1274,2365,11,13,1,3663,0.28704796416584116,True,False,False,False,False,True,1.0
NORT_ARTIC_3,13369,1308,2063,12,11,1,3394,0.20289289134973765,True,False,False,False,False,True,1.0
NORT_ARTIC_3,13394,6948,2284,52,20,5,9304,0.5834166129677633,True,False,False,False,False,True,1.0
NORT_ARTIC_3,13545,586,1562,4,14,1,2166,0.7932967150514538,True,False,False,True,False,True,1.0
NORT_ARTIC_3,13579,458,1539,4,8,1,2009,0.4882743025340521,True,False,False,True,False,True,1.0
NORT_ARTIC_3,13597,422,1528,5,6,1,1961,0.06899377311791653,True,False,False,True,False,True,0.9309926624101681
NORT_ARTIC_3,13616,1924,4223,17,34,2,6198,0.7627527552143464,True,False,False,False,False,True,1.0
NORT_ARTIC_3,13648,1153,1349,8,7,1,2517,0.6118307872217643,True,False,False,False,False,True,1.0
NORT_ARTIC_3,13650,2726,2782,14,24,2,5546,0.14301325592022515,True,False,False,False,False,True,1.0
NORT_ARTIC_3,13717,1925,559,16,5,1,2505,0.7981568809858246,True,False,False,True,False,True,1.0
NORT_ARTIC_3,13741,2028,661,10,5,1,2704,0.5465090730145693,True,False,False,True,False,True,1.0
NORT_ARTIC_3,13815,2274,3187,16,18,2,5495,0.6014584113376283,True,False,False,False,False,True,1.0
NORT_ARTIC_3,13986,1411,196,8,3,1,1618,0.14377372148420522,True,False,False,True,False,True,1.0
NORT_ARTIC_3,13995,1445,205,10,1,1,1661,1.0,True,False,False,True,False,True,1.0
NORT_ARTIC_3,14012,4124,721,25,4,2,4874,1.0,True,False,False,True,False,True,1.0
NORT_ARTIC_3,14067,1709,824,12,6,1,2551,1.0,True,False,False,False,False,True,1.0
NORT_ARTIC_3,14111,2467,4085,17,26,2,6595,0.874765689704718,True,False,False,False,False,True,1.0
NORT_ARTIC_3,14142,476,1535,5,9,1,2025,0.3416733618553539,True,False,False,True,False,True,1.0
NORT_ARTIC_3,14176,344,1658,5,13,1,2020,0.21910981756004716,True,False,False,True,False,True,1.0
NORT_ARTIC_3,14196,2697,6314,19,45,5,9075,1.0,True,False,False,False,False,True,1.0
NORT_ARTIC_3,14199,754,3387,8,23,2,4172,0.2509578892290212,True,False,False,False,False,True,1.0
NORT_ARTIC_3,14208,1703,3263,13,28,3,5007,0.8690115819029316,True,False,False,False,False,True,1.0
NORT_ARTIC_3,14232,895,1055,6,6,1,1962,0.7806361393469229,True,False,False,False,False,True,1.0
NORT_ARTIC_3,14237,946,1064,5,8,1,2023,0.5887900730698283,True,False,False,False,False,True,1.0
NORT_ARTIC_3,14259,1103,1047,5,6,1,2161,0.768861772280052,True,False,False,False,False,True,1.0
NORT_ARTIC_3,14408,49167,48467,187,167,99,97988,0.36562942983577273,False,False,False,False,False,False,1.0
NORT_ARTIC_3,14418,1065,1646,13,13,2,2737,0.31416751927019737,True,False,False,False,False,True,1.0
NORT_ARTIC_3,14444,378,1160,6,11,1,1555,0.3936692886744048,True,False,False,True,False,True,1.0
NORT_ARTIC_3,14493,478,1769,8,15,2,2270,0.12613303715354443,True,False,False,True,False,True,1.0
NORT_ARTIC_3,14558,628,854,8,6,1,1496,0.2881833404626389,True,False,False,False,False,True,1.0
NORT_ARTIC_3,14562,784,835,6,5,1,1630,0.7678358974129771,True,False,False,False,False,True,1.0
NORT_ARTIC_3,14568,1060,767,8,4,1,1839,0.770684522669722,True,False,False,False,False,True,1.0
NORT_ARTIC_3,14579,1342,798,9,5,1,2154,1.0,True,False,False,False,False,True,1.0
NORT_ARTIC_3,14626,27954,7120,199,62,12,35335,0.16517754241427202,False,False,False,False,False,False,1.0
NORT_ARTIC_3,14658,53033,13369,362,93,19,66857,0.8603960286538372,False,False,False,False,False,False,1.0
NORT_ARTIC_3,14681,1809,536,11,4,1,2360,0.758157563051489,True,False,False,True,False,True,1.0
NORT_ARTIC_3,14762,647,1593,7,11,1,2258,0.43301073936692824,True,False,False,False,False,True,1.0
NORT_ARTIC_3,14771,1494,3597,13,21,2,5125,0.2606122291373124,True,False,False,False,False,True,1.0
NORT_ARTIC_3,14796,495,1877,5,12,2,2389,0.37430021970958627,True,False,False,True,False,True,1.0
NORT_ARTIC_3,14830,1048,4180,10,28,2,5266,0.31456558337705287,True,False,False,False,False,True,1.0
NORT_ARTIC_3,14837,415,1687,5,11,1,2118,0.3393135318179603,True,False,False,True,False,True,1.0
NORT_ARTIC_3,14940,1242,332,9,5,1,1588,0.1914542929632565,True,False,False,True,False,True,1.0
NORT_ARTIC_3,15003,1349,575,9,3,1,1936,1.0,True,False,False,True,False,True,1.0
NORT_ARTIC_3,15015,6866,3029,46,26,4,9967,0.3074530216820436,True,False,False,False,False,True,1.0
NORT_ARTIC_3,15189,805,1033,8,10,1,1856,1.0,True,False,False,False,False,True,1.0
NORT_ARTIC_3,15236,1147,369,12,4,1,1532,1.0,True,False,False,True,False,True,1.0
NORT_ARTIC_3,15242,1157,234,9,2,1,1402,1.0,True,False,False,True,False,True,1.0
NORT_ARTIC_3,15321,1457,516,12,6,2,1991,0.5896988304877415,True,False,False,True,False,True,1.0
NORT_ARTIC_3,15325,1406,557,10,4,1,1977,1.0,True,False,False,True,False,True,1.0
NORT_ARTIC_3,15427,406,1352,3,9,1,1770,1.0,True,False,False,True,False,True,1.0
NORT_ARTIC_3,15451,22743,97841,80,305,97,120969,0.32825921183861884,False,False,False,False,False,False,1.0
NORT_ARTIC_3,15477,205,1080,2,9,1,1296,0.691348047199747,True,False,False,True,False,True,1.0
NORT_ARTIC_3,15498,745,1040,6,8,1,1799,1.0,True,False,False,False,False,True,1.0
NORT_ARTIC_3,15537,1216,900,6,6,1,2128,0.7712184330365854,True,False,False,False,False,True,1.0
NORT_ARTIC_3,15565,12123,2823,73,22,6,15041,0.2931045496114595,True,False,False,False,False,True,1.0
NORT_ARTIC_3,15597,9518,2238,65,24,5,11845,0.07684015241906529,True,False,False,False,False,True,0.980486627415278
NORT_ARTIC_3,15599,1546,378,14,2,1,1940,0.751653991542553,True,False,False,True,False,True,1.0
NORT_ARTIC_3,15604,1556,393,7,6,1,1962,0.03194780815686805,True,False,False,True,False,True,0.6469545344058112
NORT_ARTIC_3,15700,5667,3996,32,28,4,9723,0.43150336281705703,True,False,False,False,False,True,1.0
NORT_ARTIC_3,15753,444,1602,4,8,1,2058,0.306012011863574,True,False,False,True,False,True,1.0
NORT_ARTIC_3,15764,1631,5451,12,32,3,7126,0.4766934094884324,True,False,False,False,False,True,1.0
NORT_ARTIC_3,15779,554,2368,5,21,2,2948,1.0,True,False,False,True,False,True,1.0
NORT_ARTIC_3,15784,321,1485,3,11,1,1820,0.72487636927181,True,False,False,True,False,True,1.0
NORT_ARTIC_3,15797,828,4437,7,26,2,5298,0.34473343171399734,True,False,False,False,False,True,1.0
NORT_ARTIC_3,15891,9227,7336,63,45,5,16671,0.6275968831226899,True,False,False,False,False,True,1.0
NORT_ARTIC_3,15939,2051,424,14,4,1,2493,0.5326641876359761,True,False,False,True,False,True,1.0
NORT_ARTIC_3,16088,2768,15879,31,101,7,18779,0.009380997597957566,True,False,False,False,False,True,0.25092583848367883
NORT_ARTIC_3,16210,1443,276,10,3,1,1732,0.4514279061734543,True,False,False,True,False,True,1.0
NORT_ARTIC_3,16231,1542,301,9,3,1,1855,0.4284288527002937,True,False,False,True,False,True,1.0
NORT_ARTIC_3,16235,1546,300,9,3,1,1858,0.42692944424155344,True,False,False,True,False,True,1.0
NORT_ARTIC_3,16256,12703,3636,72,23,5,16434,0.6222015827124617,True,False,False,False,False,True,1.0
NORT_ARTIC_3,16266,3217,943,22,11,2,4193,0.14749564906253523,True,False,False,False,False,True,1.0
NORT_ARTIC_3,16275,3396,1138,23,6,2,4563,0.6730267831579696,True,False,False,False,False,True,1.0
NORT_ARTIC_3,16342,555,1285,2,10,1,1852,0.5280089765560921,True,False,False,True,False,True,1.0
NORT_ARTIC_3,16364,1785,5917,9,33,2,7744,1.0,True,False,False,False,False,True,1.0
NORT_ARTIC_3,16382,342,1597,4,13,1,1956,0.5224640577379966,True,False,False,True,False,True,1.0
NORT_ARTIC_3,16404,285,1520,2,13,1,1820,1.0,True,False,False,True,False,True,1.0
NORT_ARTIC_3,16415,269,1421,5,15,1,1710,0.3506654401628505,True,False,False,True,False,True,1.0
NORT_ARTIC_3,16441,3064,3686,23,29,3,6802,0.8898274076357011,True,False,False,False,False,True,1.0
NORT_ARTIC_3,16466,80220,67693,175,172,99,148260,0.1609466064166839,False,False,False,False,False,False,1.0
NORT_ARTIC_3,16563,6945,2190,48,18,3,9201,0.5626802458457456,True,False,False,False,False,True,1.0
NORT_ARTIC_3,16617,815,695,7,2,1,1519,0.1917111559064152,True,False,False,True,False,True,1.0
NORT_ARTIC_3,16771,1234,1480,8,10,1,2732,1.0,True,False,False,False,False,True,1.0
NORT_ARTIC_3,16776,6211,7247,33,43,4,13534,0.6466640428908078,True,False,False,False,False,True,1.0
NORT_ARTIC_3,16817,13383,5968,89,33,5,19473,0.4313286664261149,True,False,False,False,False,True,1.0
NORT_ARTIC_3,16831,2347,394,18,1,1,2760,0.5051375286658012,True,False,False,True,False,True,1.0
NORT_ARTIC_3,16842,2562,533,15,8,2,3118,0.046028984043137294,True,False,False,True,False,True,0.7821564378871305
NORT_ARTIC_3,16888,10388,3371,54,20,3,13833,0.5898629784010765,True,False,False,False,False,True,1.0
NORT_ARTIC_3,16932,2515,1624,18,8,2,4165,0.42640461363208204,True,False,False,False,False,True,1.0
NORT_ARTIC_3,16950,1222,1025,6,7,1,2260,0.5872626478495085,True,False,False,False,False,True,1.0
NORT_ARTIC_3,17003,8554,19318,50,93,6,28015,0.2759515098364979,True,False,False,False,False,True,1.0
NORT_ARTIC_3,17005,872,2744,5,15,1,3636,1.0,True,False,False,True,False,True,1.0
NORT_ARTIC_3,17011,3115,10419,20,54,3,13608,0.4075636092991626,True,False,False,False,False,True,1.0
NORT_ARTIC_3,17045,754,2627,9,18,1,3408,0.1691143348201153,True,False,False,False,False,True,1.0
NORT_ARTIC_3,17060,10878,24659,65,149,7,35751,1.0,True,False,False,False,False,True,1.0
NORT_ARTIC_3,17075,11710,14975,58,83,5,26826,0.5518382449257634,True,False,False,False,False,True,1.0
NORT_ARTIC_3,17166,7766,2347,41,17,2,10171,0.27612440283039347,True,False,False,False,False,True,1.0
NORT_ARTIC_3,17181,11219,3641,59,24,2,14943,0.3703685788229295,True,False,False,False,False,True,1.0
NORT_ARTIC_3,17184,3558,861,23,8,1,4450,0.3653775970632339,True,False,False,False,False,True,1.0
NORT_ARTIC_3,17192,94969,28964,483,160,22,124576,0.3747598028708849,False,False,False,False,False,False,1.0
NORT_ARTIC_3,17194,32251,9624,172,57,7,42104,0.4793688077153579,True,False,False,False,False,True,1.0
NORT_ARTIC_3,17232,9480,4580,44,22,3,14126,0.8957228118429056,True,False,False,False,False,True,1.0
NORT_ARTIC_3,17241,1707,948,8,6,1,2669,0.5849346167109093,True,False,False,False,False,True,1.0
NORT_ARTIC_3,17281,15124,14746,71,57,5,29998,0.2886101181511622,True,False,False,False,False,True,1.0
NORT_ARTIC_3,17283,1634,2556,16,12,1,4218,0.054042970424987735,True,False,False,False,False,True,0.8262278159252683
NORT_ARTIC_3,17301,1399,3805,8,25,1,5237,0.8453708690729493,True,False,False,False,False,True,1.0
NORT_ARTIC_3,17305,21219,49809,122,239,8,71389,0.10674446452035856,True,False,False,False,False,True,1.0
NORT_ARTIC_3,17308,12668,26230,73,149,5,39120,0.9427711896645858,True,False,False,False,False,True,1.0
NORT_ARTIC_3,17319,1445,3771,13,22,1,5251,0.25454479691179877,True,False,False,False,False,True,1.0
NORT_ARTIC_3,17354,1313,7686,9,33,2,9041,0.19410512652601447,True,False,False,False,False,True,1.0
NORT_ARTIC_3,17360,8163,29701,44,139,6,38047,0.4176503738848968,True,False,False,False,False,True,1.0
NORT_ARTIC_3,17364,732,3482,3,20,1,4237,0.7846306113922799,True,False,False,True,False,True,1.0
NORT_ARTIC_3,17365,22789,77915,104,352,16,101160,0.9107799733460805,False,False,False,False,False,False,1.0
NORT_ARTIC_3,17367,666,3470,7,22,1,4165,0.30589142239377537,True,False,False,True,False,True,1.0
NORT_ARTIC_3,17379,588,3462,2,16,1,4068,1.0,True,False,False,True,False,True,1.0
NORT_ARTIC_3,17387,3397,18652,15,119,4,22183,0.22841416722197794,True,False,False,False,False,True,1.0
NORT_ARTIC_3,17389,2112,10067,16,56,3,12251,0.275015335650731,True,False,False,False,False,True,1.0
NORT_ARTIC_3,17398,4078,18535,21,86,4,22720,0.7050140722028571,True,False,False,False,False,True,1.0
NORT_ARTIC_3,17400,2330,9952,11,44,2,12337,0.8630089652199924,True,False,False,False,False,True,1.0
NORT_ARTIC_3,17404,5425,23346,28,110,5,28909,0.662765102766856,True,False,False,False,False,True,1.0
NORT_ARTIC_3,17426,8075,20283,46,108,6,28512,0.7204051409220555,True,False,False,False,False,True,1.0
NORT_ARTIC_3,17454,1051,226,9,3,1,1289,0.45633187316767104,True,False,False,True,False,True,1.0
NORT_ARTIC_3,17571,804,846,3,7,2,1660,0.34416110168461406,True,False,False,True,False,True,1.0
NORT_ARTIC_3,17625,296,1168,4,9,1,1477,0.3132524797031835,True,False,False,True,False,True,1.0
NORT_ARTIC_3,17643,518,2746,16,42,2,3322,0.02806576412746076,True,False,False,False,False,True,0.5879109352223805
NORT_ARTIC_3,17694,857,3178,6,27,3,4068,0.831562953780791,True,False,False,False,False,True,1.0
NORT_ARTIC_3,17727,3759,2200,24,22,2,6005,0.12846782045284064,True,False,False,False,False,True,1.0
NORT_ARTIC_3,18038,5076,1959,40,15,3,7090,1.0,True,False,False,False,False,True,1.0
NORT_ARTIC_3,18119,1729,634,13,5,1,2381,1.0,True,False,False,True,False,True,1.0
NORT_ARTIC_3,18130,884,584,8,4,1,1480,0.7726010099834801,True,False,False,True,False,True,1.0
NORT_ARTIC_3,18139,2192,1671,13,11,2,3887,0.8381679994150816,True,False,False,False,False,True,1.0
NORT_ARTIC_3,18156,723,715,4,8,1,1450,0.2636847412177986,True,False,False,False,False,True,1.0
NORT_ARTIC_3,18272,349,1343,3,11,1,1706,1.0,True,False,False,True,False,True,1.0
NORT_ARTIC_3,18273,398,1339,2,10,1,1749,1.0,True,False,False,True,False,True,1.0
NORT_ARTIC_3,18285,1101,1341,6,11,1,2459,0.47200404939034063,True,False,False,False,False,True,1.0
NORT_ARTIC_3,18405,4746,3149,31,14,2,7940,0.28530910916684443,True,False,False,False,False,True,1.0
NORT_ARTIC_3,18439,928,648,6,4,1,1586,1.0,True,False,False,True,False,True,1.0
NORT_ARTIC_3,18468,2863,2750,16,16,2,5645,1.0,True,False,False,False,False,True,1.0
NORT_ARTIC_3,18473,957,982,9,14,2,1962,0.403364507000748,True,False,False,False,False,True,1.0
NORT_ARTIC_3,18573,1467,4776,13,31,2,6287,0.3721016880467313,True,False,False,False,False,True,1.0
NORT_ARTIC_3,18581,388,1498,4,11,1,1901,0.5273072200674189,True,False,False,True,False,True,1.0
NORT_ARTIC_3,18633,797,1225,5,8,1,2035,1.0,True,False,False,False,False,True,1.0
NORT_ARTIC_3,18688,7951,1891,75,22,5,9939,0.36722793598823217,True,False,False,False,False,True,1.0
NORT_ARTIC_3,18706,948,213,9,2,1,1172,1.0,True,False,False,True,False,True,1.0
NORT_ARTIC_3,18800,1403,1472,13,12,2,2900,0.8417500611809512,True,False,False,False,False,True,1.0
NORT_ARTIC_3,18950,1500,908,16,4,2,2428,0.1621140162939078,True,False,False,False,False,True,1.0
NORT_ARTIC_3,19008,7427,2514,65,33,4,10039,0.06216195946678685,True,False,False,False,False,True,0.884952943994807
NORT_ARTIC_3,19015,1875,635,11,4,1,2525,1.0,True,False,False,True,False,True,1.0
NORT_ARTIC_3,19026,4876,2063,32,11,3,6982,0.6188851203709109,True,False,False,False,False,True,1.0
NORT_ARTIC_3,19033,7517,3628,43,24,3,11212,0.6014337984401259,True,False,False,False,False,True,1.0
NORT_ARTIC_3,19100,767,988,7,10,1,1772,1.0,True,False,False,False,False,True,1.0
NORT_ARTIC_3,19114,2687,3141,24,34,3,5886,0.5099052965508564,True,False,False,False,False,True,1.0
NORT_ARTIC_3,19153,513,1805,4,15,1,2337,1.0,True,False,False,True,False,True,1.0
NORT_ARTIC_3,19188,535,1717,6,12,2,2270,0.40248425356355483,True,False,False,True,False,True,1.0
NORT_ARTIC_3,19189,957,3246,9,19,2,4231,0.2581574888217067,True,False,False,False,False,True,1.0
NORT_ARTIC_3,19220,25541,78028,741,373,88,104683,9.082687387135395e-188,False,False,False,False,False,False,6.659123636001434e-185
NORT_ARTIC_3,19601,947,147,9,3,1,1106,0.21511302925395054,True,False,False,True,False,True,1.0
NORT_ARTIC_3,19722,1400,634,13,7,1,2054,0.8087667331555171,True,False,False,False,False,True,1.0
NORT_ARTIC_3,19745,871,746,8,8,1,1633,0.8049317338027766,True,False,False,False,False,True,1.0
NORT_ARTIC_3,19785,1787,3819,12,30,2,5648,0.7409275594419695,True,False,False,False,False,True,1.0
NORT_ARTIC_3,19828,1145,3737,10,23,2,4915,0.4084890285997086,True,False,False,False,False,True,1.0
NORT_ARTIC_3,19880,3746,2804,27,19,2,6596,0.8821028774525412,True,False,False,False,False,True,1.0
NORT_ARTIC_3,20124,4380,5266,18,28,2,9692,0.45888845149409924,True,False,False,False,False,True,1.0
NORT_ARTIC_3,20531,2564,447,17,2,1,3030,1.0,True,False,False,True,False,True,1.0
NORT_ARTIC_3,20546,2644,510,16,4,1,3174,0.5517709726592179,True,False,False,True,False,True,1.0
NORT_ARTIC_3,20573,3157,734,15,6,1,3912,0.26352307225323296,True,False,False,True,False,True,1.0
NORT_ARTIC_3,20575,4528,1087,32,13,2,5660,0.12780040832259026,True,False,False,False,False,True,1.0
NORT_ARTIC_3,20601,3340,832,18,3,1,4193,0.783626916920374,True,False,False,True,False,True,1.0
NORT_ARTIC_3,20604,3362,851,12,5,1,4230,0.3628319054835122,True,False,False,True,False,True,1.0
NORT_ARTIC_3,20642,1425,1407,8,11,1,2851,0.49988914495478265,True,False,False,False,False,True,1.0
NORT_ARTIC_3,20697,1148,1982,7,10,1,3147,0.8017787744363425,True,False,False,False,False,True,1.0
NORT_ARTIC_3,20699,34346,47091,246,357,25,82040,0.5080374988387094,False,False,False,False,False,False,1.0
NORT_ARTIC_3,20711,7607,14078,52,83,6,21820,0.41618978338188034,True,False,False,False,False,True,1.0
NORT_ARTIC_3,20727,735,2900,5,14,1,3654,0.5648751684013602,True,False,False,True,False,True,1.0
NORT_ARTIC_3,20728,734,2889,5,17,1,3645,0.7901535382022113,True,False,False,True,False,True,1.0
NORT_ARTIC_3,20729,11650,26004,84,163,11,37901,0.3008206272873406,False,False,False,False,False,False,1.0
NORT_ARTIC_3,20731,2040,4577,19,41,2,6677,0.8888156183426534,True,False,False,False,False,True,1.0
NORT_ARTIC_3,20754,540,3049,5,9,1,3603,0.04789919433648725,True,False,False,True,False,True,0.8059187970588728
NORT_ARTIC_3,20766,397,2896,3,12,1,3308,0.41319316263303546,True,False,False,True,False,True,1.0
NORT_ARTIC_3,20769,389,2878,0,16,1,3283,0.24393372055674065,True,False,True,True,False,True,1.0
NORT_ARTIC_3,20780,723,5387,4,27,2,6141,0.7806165375580298,True,False,False,True,False,True,1.0
NORT_ARTIC_3,20782,678,4794,7,31,2,5510,0.3174831054603944,True,False,False,True,False,True,1.0
NORT_ARTIC_3,20802,10445,20717,64,111,7,31337,0.42205999151755513,True,False,False,False,False,True,1.0
NORT_ARTIC_3,20807,4355,5950,27,38,4,10370,1.0,True,False,False,False,False,True,1.0
NORT_ARTIC_3,20814,940,2224,4,11,1,3179,1.0,True,False,False,True,False,True,1.0
NORT_ARTIC_3,20824,2107,4433,10,27,2,6577,0.5981676510755658,True,False,False,False,False,True,1.0
NORT_ARTIC_3,20830,2115,3231,21,16,2,5383,0.042031514736626,True,False,False,False,False,True,0.7485693656939991
NORT_ARTIC_3,20892,1585,413,12,4,1,2014,0.7555703168635631,True,False,False,True,False,True,1.0
NORT_ARTIC_3,20907,1699,564,14,2,1,2279,0.38488187491297887,True,False,False,True,False,True,1.0
NORT_ARTIC_3,20967,2293,2072,18,15,2,4398,0.8625486340307634,True,False,False,False,False,True,1.0
NORT_ARTIC_3,21009,1528,3902,11,25,2,5466,0.7134476657163679,True,False,False,False,False,True,1.0
NORT_ARTIC_3,21568,1130,829,8,7,1,1974,0.7961597646525413,True,False,False,False,False,True,1.0
NORT_ARTIC_3,21577,2362,2653,15,19,2,5049,0.8634752291103684,True,False,False,False,False,True,1.0
NORT_ARTIC_3,21618,41888,77759,8,29,97,119684,0.11933481705905842,False,False,False,False,False,False,1.0
NORT_ARTIC_3,21689,148,1080,1,8,1,1237,1.0,True,False,False,True,False,True,1.0
NORT_ARTIC_3,21698,92,881,4,8,1,985,0.022740764322851638,True,True,False,True,False,True,0.5378313024528191
NORT_ARTIC_3,21846,3374,11323,15,53,45,14765,1.0,False,False,False,False,False,False,1.0
NORT_ARTIC_3,21987,15366,4248,526,628,67,20768,5.106262506773418e-121,False,False,False,False,False,False,2.2462448767296267e-118
NORT_ARTIC_3,22200,421,614,4,9,1,1048,0.5771779460278619,True,False,False,False,False,True,1.0
NORT_ARTIC_3,22594,916,379,10,2,2,1307,0.5259937464741185,True,False,False,True,False,True,1.0
NORT_ARTIC_3,22705,1154,620,11,8,1,1793,0.6294376060600664,True,False,False,False,False,True,1.0
NORT_ARTIC_3,22736,24466,28448,214,244,22,53372,0.8507481849157793,False,False,False,False,False,False,1.0
NORT_ARTIC_3,22776,3166,6686,27,44,4,9923,0.30824629455424246,True,False,False,False,False,True,1.0
NORT_ARTIC_3,22780,767,1587,4,9,1,2367,1.0,True,False,False,True,False,True,1.0
NORT_ARTIC_3,22784,3404,4202,24,27,4,7657,0.7785183328665826,True,False,False,False,False,True,1.0
NORT_ARTIC_3,22786,1054,2361,14,17,2,3446,0.11641334601242079,True,False,False,False,False,True,1.0
NORT_ARTIC_3,22788,1820,4143,16,29,3,6008,0.5159692884337737,True,False,False,False,False,True,1.0
NORT_ARTIC_3,22795,1389,3311,13,20,2,4733,0.2504340001436137,True,False,False,False,False,True,1.0
NORT_ARTIC_3,22805,366,1488,4,9,1,1867,0.3026318610153441,True,False,False,True,False,True,1.0
NORT_ARTIC_3,22917,7655,17287,10,54,70,25006,0.009263673670335867,False,False,False,False,False,False,0.2500055243914569
NORT_ARTIC_3,22995,12385,16398,1,4,70,28788,0.39904940970480646,False,False,False,True,False,True,1.0
NORT_ARTIC_3,23180,2205,366,17,8,2,2596,0.019818600737958905,True,False,False,True,False,True,0.47381535133848485
NORT_ARTIC_3,23272,3340,1248,30,9,3,4627,0.7179097320220686,True,False,False,False,False,True,1.0
NORT_ARTIC_3,23316,833,567,5,11,2,1416,0.03717313817475145,True,False,False,False,False,True,0.6941056528285238
NORT_ARTIC_3,23317,1481,1312,12,14,2,2819,0.555884371603828,True,False,False,False,False,True,1.0
NORT_ARTIC_3,23337,536,465,4,5,1,1010,0.7407379785011062,True,False,False,True,False,True,1.0
NORT_ARTIC_3,23394,369,1255,4,8,1,1636,0.4865517127187803,True,False,False,True,False,True,1.0
NORT_ARTIC_3,23398,370,1262,5,11,1,1648,0.3807892293385069,True,False,False,True,False,True,1.0
NORT_ARTIC_3,23403,42097,100723,25,59,99,142904,1.0,False,False,False,False,False,False,1.0
NORT_ARTIC_3,23408,366,1240,5,6,1,1617,0.13992026526378393,True,False,False,True,False,True,1.0
NORT_ARTIC_3,23411,741,2351,6,16,2,3114,0.8018770313274173,True,False,False,False,False,True,1.0
NORT_ARTIC_3,23445,268,1133,5,12,1,1418,0.34749716466447883,True,False,False,True,False,True,1.0
NORT_ARTIC_3,23604,61768,45948,42,33,99,107791,0.8163740704120614,False,False,False,False,False,False,1.0
NORT_ARTIC_3,23826,705,453,10,4,1,1172,0.5838920264678501,True,False,False,False,False,True,1.0
NORT_ARTIC_3,23908,1688,382,16,6,2,2092,0.275069311549433,True,False,False,True,False,True,1.0
NORT_ARTIC_3,23918,8032,3541,51,25,5,11649,0.7080976870069862,True,False,False,False,False,True,1.0
NORT_ARTIC_3,23990,1813,2078,14,19,2,3924,0.7270318400950719,True,False,False,False,False,True,1.0
NORT_ARTIC_3,24030,302,1201,4,9,1,1516,0.31042750311067,True,False,False,True,False,True,1.0
NORT_ARTIC_3,24032,297,1199,4,6,1,1506,0.11993517858019073,True,False,False,True,False,True,1.0
NORT_ARTIC_3,24046,632,2999,5,21,2,3657,0.795170628134141,True,False,False,True,False,True,1.0
NORT_ARTIC_3,24059,200,1121,1,11,1,1333,1.0,True,False,False,True,False,True,1.0
NORT_ARTIC_3,24091,325,970,5,7,1,1307,0.19175326010238677,True,False,False,True,False,True,1.0
NORT_ARTIC_3,24135,596,492,7,3,1,1098,0.5256697643712135,True,False,False,True,False,True,1.0
NORT_ARTIC_3,24187,3946,2801,35,28,3,6810,0.7003906497026411,True,False,False,False,False,True,1.0
NORT_ARTIC_3,24242,934,374,7,5,2,1320,0.3417202619700074,True,False,False,True,False,True,1.0
NORT_ARTIC_3,24275,699,355,8,3,1,1065,0.7593440406002336,True,False,False,True,False,True,1.0
NORT_ARTIC_3,24303,736,889,5,8,1,1638,0.7819173234121443,True,False,False,False,False,True,1.0
NORT_ARTIC_3,24315,3250,5688,25,40,4,9003,0.7959828381785012,True,False,False,False,False,True,1.0
NORT_ARTIC_3,24330,552,1194,5,10,1,1761,1.0,True,False,False,True,False,True,1.0
NORT_ARTIC_3,24367,432,1122,4,9,1,1567,0.7629129508281013,True,False,False,True,False,True,1.0
NORT_ARTIC_3,24410,25764,75192,15960,1968,84,118884,0.0,False,False,False,False,False,False,0.0
NORT_ARTIC_3,24436,1771,2344,22,24,3,4161,0.5509332681413985,True,False,False,False,False,True,1.0
NORT_ARTIC_3,24671,226,740,5,8,2,979,0.20017281226318315,True,True,False,True,False,True,1.0
NORT_ARTIC_3,24774,8297,2037,44,20,4,10398,0.026883761460232147,True,False,False,False,False,True,0.5820437346371442
NORT_ARTIC_3,24780,27563,6640,218,53,14,34474,0.9385966381214893,False,False,False,False,False,False,1.0
NORT_ARTIC_3,24829,4665,1973,22,16,2,6676,0.10926277206340984,True,False,False,False,False,True,1.0
NORT_ARTIC_3,24835,1891,701,13,9,1,2614,0.15256604282436212,True,False,False,False,False,True,1.0
NORT_ARTIC_3,24849,4672,2376,31,16,2,7095,1.0,True,False,False,False,False,True,1.0
NORT_ARTIC_3,24900,2299,3453,37,66,3,5855,0.4190528537918583,True,False,False,False,False,True,1.0
NORT_ARTIC_3,24960,276,1556,5,9,1,1846,0.0487266055925129,True,False,False,True,False,True,0.8059187970588728
NORT_ARTIC_3,24968,267,1528,2,13,1,1810,1.0,True,False,False,True,False,True,1.0
NORT_ARTIC_3,25004,4020,2743,29,17,2,6809,0.6545029754784952,True,False,False,False,False,True,1.0
NORT_ARTIC_3,25011,11954,10737,62,61,5,22814,0.6511338386109193,True,False,False,False,False,True,1.0
NORT_ARTIC_3,25043,16356,9011,85,41,5,25493,0.5147605369591524,True,False,False,False,False,True,1.0
NORT_ARTIC_3,25056,6323,3546,27,19,2,9915,0.4452941279491173,True,False,False,False,False,True,1.0
NORT_ARTIC_3,25065,2369,897,16,7,1,3289,0.814912045819058,True,False,False,False,False,True,1.0
NORT_ARTIC_3,25095,2466,748,19,5,1,3238,1.0,True,False,False,False,False,True,1.0
NORT_ARTIC_3,25098,2470,754,13,3,1,3240,1.0,True,False,False,True,False,True,1.0
NORT_ARTIC_3,25105,8700,3765,52,25,3,12542,0.7089439940706854,True,False,False,False,False,True,1.0
NORT_ARTIC_3,25108,3803,1300,26,9,2,5138,1.0,True,False,False,False,False,True,1.0
NORT_ARTIC_3,25109,2481,830,13,10,1,3334,0.053106278148303286,True,False,False,False,False,True,0.8197000616645129
NORT_ARTIC_3,25111,3754,1334,21,10,2,5119,0.4196815208503285,True,False,False,False,False,True,1.0
NORT_ARTIC_3,25136,2619,992,14,8,1,3633,0.3449815515405372,True,False,False,False,False,True,1.0
NORT_ARTIC_3,25161,2560,3214,15,24,2,5813,0.5198129811764589,True,False,False,False,False,True,1.0
NORT_ARTIC_3,25174,6463,8379,46,58,5,14946,0.9210942558578243,True,False,False,False,False,True,1.0
NORT_ARTIC_3,25188,795,1192,6,7,1,2000,0.7780361533817879,True,False,False,False,False,True,1.0
NORT_ARTIC_3,25410,1216,287,8,3,1,1514,0.45004026442086925,True,False,False,True,False,True,1.0
NORT_ARTIC_3,25469,50715,28465,98,56,98,79334,0.9330900575397731,False,False,False,False,False,False,1.0
NORT_ARTIC_3,25491,418,783,6,9,1,1216,0.7860909225601895,True,False,False,False,False,True,1.0
NORT_ARTIC_3,25577,189,1127,2,8,1,1326,0.6439383420757712,True,False,False,True,False,True,1.0
NORT_ARTIC_3,25604,593,3238,8,18,2,3857,0.050755540159343304,True,False,False,True,False,True,0.8060419536496433
NORT_ARTIC_3,25758,2607,1057,13,5,1,3682,1.0,True,False,False,False,False,True,1.0
NORT_ARTIC_3,25786,5766,3376,32,23,3,9197,0.4845823761255117,True,False,False,False,False,True,1.0
NORT_ARTIC_3,25827,682,1678,6,14,1,2380,1.0,True,False,False,False,False,True,1.0
NORT_ARTIC_3,25828,685,1745,8,12,1,2450,0.3167366753857823,True,False,False,False,False,True,1.0
NORT_ARTIC_3,25884,633,2156,5,12,1,2806,0.5605919102963585,True,False,False,True,False,True,1.0
NORT_ARTIC_3,25929,832,2045,8,13,1,2898,0.3433865228403984,True,False,False,False,False,True,1.0
NORT_ARTIC_3,26063,725,180,442,97,1,1444,0.40718033890346406,True,False,False,False,False,True,1.0
NORT_ARTIC_3,26069,1031,253,12,1,1,1297,0.48278557738930417,True,False,False,True,False,True,1.0
NORT_ARTIC_3,26524,320,793,3,6,1,1122,0.7221713908470591,True,False,False,True,False,True,1.0
NORT_ARTIC_3,26572,798,435,6,4,1,1243,0.7487702767492559,True,False,False,True,False,True,1.0
NORT_ARTIC_3,26619,4468,3561,30,25,3,8084,0.892299819062732,True,False,False,False,False,True,1.0
NORT_ARTIC_3,26720,5197,1864,294,111,6,7466,0.6435192247237322,True,False,False,False,False,True,1.0
NORT_ARTIC_3,26767,47988,94018,36,78,99,142120,0.6921529614201345,False,False,False,False,False,False,1.0
NORT_ARTIC_3,26808,775,2223,9,18,2,3025,0.38063632257149027,True,False,False,False,False,True,1.0
NORT_ARTIC_3,26821,739,2186,8,16,2,2949,0.3523479653636042,True,False,False,False,False,True,1.0
NORT_ARTIC_3,26850,676,1429,3,13,1,2121,0.29688304129816545,True,False,False,False,False,True,1.0
NORT_ARTIC_3,26879,783,1381,5,9,1,2178,1.0,True,False,False,False,False,True,1.0
NORT_ARTIC_3,26990,1340,332,7,4,1,1683,0.24530584067224395,True,False,False,True,False,True,1.0
NORT_ARTIC_3,27083,302,1397,6,8,1,1713,0.026610350695250792,True,False,False,True,False,True,0.5820437346371442
NORT_ARTIC_3,27117,258,1323,1,10,1,1592,1.0,True,False,False,True,False,True,1.0
NORT_ARTIC_3,27182,4606,2909,33,25,3,7573,0.5011762194407945,True,False,False,False,False,True,1.0
NORT_ARTIC_3,27264,4185,1178,36,9,3,5408,0.8577550478392978,True,False,False,False,False,True,1.0
NORT_ARTIC_3,27368,693,1173,7,11,1,1884,1.0,True,False,False,False,False,True,1.0
NORT_ARTIC_3,27421,402,1651,4,9,1,2066,0.2992065249626817,True,False,False,True,False,True,1.0
NORT_ARTIC_3,27638,21743,16891,20,22,90,38676,0.27828539771544075,False,False,False,False,False,False,1.0
NORT_ARTIC_3,27752,33389,47188,58,94,95,80729,0.4584303330148053,False,False,False,False,False,False,1.0
NORT_ARTIC_3,27810,1987,585,17,7,2,2596,0.4646939459150722,True,False,False,False,False,True,1.0
NORT_ARTIC_3,27874,101859,36461,212,74,95,138606,0.8932357740116901,False,False,False,False,False,False,1.0
NORT_ARTIC_3,27876,1067,265,14,5,1,1351,0.5609121040073171,True,False,False,True,False,True,1.0
NORT_ARTIC_3,27917,7138,2923,42,22,4,10125,0.33738074808661644,True,False,False,False,False,True,1.0
NORT_ARTIC_3,28069,3923,3783,30,42,3,7778,0.12486155157619916,True,False,False,False,False,True,1.0
NORT_ARTIC_3,28133,5290,3278,32,22,3,8622,0.7790822855264391,True,False,False,False,False,True,1.0
NORT_ARTIC_3,28154,2398,941,14,7,2,3360,0.6284520557657735,True,False,False,False,False,True,1.0
NORT_ARTIC_3,28461,96146,30323,181,114,98,126764,2.3295902800778176e-08,False,False,False,False,False,False,1.4038174852140164e-06
NORT_ARTIC_3,28508,1073,295,13,4,1,1385,0.7717571321704155,True,False,False,True,False,True,1.0
NORT_ARTIC_3,28741,446,729,5,5,1,1185,0.5180519183673618,True,False,False,True,False,True,1.0
NORT_ARTIC_3,28881,16803,26961,13,21,89,43798,1.0,False,False,False,False,False,False,1.0
NORT_ARTIC_3,28916,14922,21865,14,107,94,36908,4.515013382836342e-12,False,False,False,False,False,False,3.546704262695905e-10
NORT_ARTIC_3,29257,144,682,3,7,1,836,0.39296030872952964,True,True,False,True,False,True,1.0
NORT_ARTIC_3,29295,115,598,2,7,1,722,0.6442102012971052,True,True,False,True,False,True,1.0
NORT_ARTIC_3,29402,51910,24197,23,9,97,76139,0.849586049619289,False,False,False,False,False,False,1.0
NORT_ARTIC_3,29461,851,311,10,4,1,1176,1.0,True,False,False,True,False,True,1.0
NORT_ARTIC_3,29519,1183,733,12,6,1,1934,0.8093956038813219,True,False,False,False,False,True,1.0
NORT_ARTIC_3,29615,2766,3111,22,22,3,5921,0.7625497198819464,True,False,False,False,False,True,1.0
NORT_ARTIC_3,673,562,343,2,4,1,911,0.20882673303074203,True,True,False,True,False,True,1.0
NORT_ARTIC_3,1048,1273,197,1,0,2,1471,1.0,True,False,True,True,False,True,1.0
NORT_ARTIC_3,1758,151,309,0,0,1,460,1.0,True,True,True,True,False,True,1.0
NORT_ARTIC_3,2746,262,1020,0,2,1,1284,1.0,True,False,True,True,False,True,1.0
NORT_ARTIC_3,2945,707,151,1,1,1,860,0.32241925440615105,True,True,False,True,False,True,1.0
NORT_ARTIC_3,4386,1114,390,12,6,1,1522,0.4319004994856513,True,False,False,True,False,True,1.0
NORT_ARTIC_3,4780,489,230,0,0,1,719,1.0,True,True,True,True,False,True,1.0
NORT_ARTIC_3,5853,406,1937,5,14,1,2362,0.35582981802818203,True,False,False,True,False,True,1.0
NORT_ARTIC_3,6040,417,260,0,1,1,678,0.38495575221238937,True,True,True,True,False,True,1.0
NORT_ARTIC_3,6080,176,366,0,2,1,544,1.0,True,True,True,True,False,True,1.0
NORT_ARTIC_3,6235,151,324,3,5,1,483,0.7140010596434542,True,True,False,True,False,True,1.0
NORT_ARTIC_3,6782,21612,34791,131,216,16,56750,0.8680882142338143,False,False,False,False,False,False,1.0
NORT_ARTIC_3,7451,15231,7773,123,65,7,23192,0.8167139829809735,True,False,False,False,False,True,1.0
NORT_ARTIC_3,7480,11542,5436,69,41,4,17088,0.2594882817568855,True,False,False,False,False,True,1.0
NORT_ARTIC_3,11149,8436,2027,56,19,4,10538,0.18908517426850768,True,False,False,False,False,True,1.0
NORT_ARTIC_3,11316,2475,5860,16,39,2,8390,1.0,True,False,False,False,False,True,1.0
NORT_ARTIC_3,11763,3364,3478,26,26,3,6894,1.0,True,False,False,False,False,True,1.0
NORT_ARTIC_3,12941,4551,1724,31,13,2,6319,0.7367443561290974,True,False,False,False,False,True,1.0
NORT_ARTIC_3,13998,224,769,0,31,1,1024,0.0006275265063331831,True,False,True,False,False,True,0.02379731983930752
NORT_ARTIC_3,14960,1172,3166,176,36,5,4550,1.799432830176806e-61,True,False,False,False,False,True,3.598047736339895e-59
NORT_ARTIC_3,15121,2787,1709,92,2,6,4590,1.0740907865254766e-16,True,False,False,False,False,True,1.0053032701969302e-14
NORT_ARTIC_3,15521,438,1342,26,31,5,1837,0.0009025677253790154,True,False,False,False,False,True,0.0325442247864122
NORT_ARTIC_3,15849,812,3038,9,26,2,3885,0.5320515894805165,True,False,False,False,False,True,1.0
NORT_ARTIC_3,20249,1984,620,18,8,1,2630,0.48667128338775767,True,False,False,False,False,True,1.0
NORT_ARTIC_3,20427,2848,5369,13,29,2,8259,0.7454729914730372,True,False,False,False,False,True,1.0
NORT_ARTIC_3,20442,4292,4403,31,32,3,8758,1.0,True,False,False,False,False,True,1.0
NORT_ARTIC_3,20578,548,363,6,1,2,918,0.25431134282929835,True,True,False,True,False,True,1.0
NORT_ARTIC_3,21393,873,228,8,5,1,1114,0.160857266437182,True,False,False,True,False,True,1.0
NORT_ARTIC_3,21489,4606,1601,41,19,4,6267,0.30141228171231643,True,False,False,False,False,True,1.0
NORT_ARTIC_3,22209,336,884,4,9,1,1233,0.7609108258055828,True,False,False,True,False,True,1.0
NORT_ARTIC_3,22472,3852,1646,43,9,3,5550,0.048202245684472664,True,False,False,False,False,True,0.8059187970588728
NORT_ARTIC_3,22660,5254,5816,35,49,4,11154,0.32405155946911784,True,False,False,False,False,True,1.0
NORT_ARTIC_3,22993,587,639,2,3,1,1231,1.0,True,False,False,True,False,True,1.0
NORT_ARTIC_3,23111,629,218,12,3,1,862,0.771224829885456,True,True,False,True,False,True,1.0
NORT_ARTIC_3,23118,613,227,28,6,1,874,0.3216201020808607,True,True,False,False,False,True,1.0
NORT_ARTIC_3,23190,309,692,5,9,1,1015,0.7721845041807405,True,False,False,True,False,True,1.0
NORT_ARTIC_3,23683,1089,270,1,1,1,1361,0.35870575269049576,True,False,False,True,False,True,1.0
NORT_ARTIC_3,24068,253,264,0,0,1,517,1.0,True,True,True,True,False,True,1.0
NORT_ARTIC_3,24535,546,1079,1,1,1,1627,1.0,True,False,False,True,False,True,1.0
NORT_ARTIC_3,25088,708,788,0,1,1,1497,1.0,True,False,True,True,False,True,1.0
NORT_ARTIC_3,25770,841,222,0,0,1,1063,1.0,True,False,True,True,False,True,1.0
NORT_ARTIC_3,26304,5385,7576,35,62,5,13058,0.30186152216239637,True,False,False,False,False,True,1.0
NORT_ARTIC_3,27407,11908,31569,70,207,14,43754,0.45760223839472075,False,False,False,False,False,False,1.0
NORT_ARTIC_3,27476,550,1213,0,5,1,1768,0.3325373504073735,True,False,True,True,False,True,1.0
NORT_ARTIC_3,27601,390,110,70,20,1,590,1.0,True,True,False,False,False,True,1.0
NORT_ARTIC_3,27745,709,465,1,0,1,1175,1.0,True,False,True,True,False,True,1.0
NORT_ARTIC_3,28087,1551,2685,44,337,3,4617,1.7251907024945008e-26,True,False,False,False,False,True,2.232092323609797e-24
NORT_ARTIC_3,28141,1992,827,16,8,2,2843,0.6567293257736642,True,False,False,False,False,True,1.0
NORT_ARTIC_3,28868,283,490,2,5,1,780,1.0,True,True,False,True,False,True,1.0
NORT_ARTIC_3,29227,632,421,5,13,2,1071,0.007240611243902782,True,False,False,False,False,True,0.20682759001252166
NORT_ARTIC_3,29557,261,69,0,0,1,330,1.0,True,True,True,True,False,True,1.0
NORT_ARTIC_3,841,59,61,4,2,1,126,0.6798145535174358,True,True,False,True,False,True,1.0
NORT_ARTIC_3,1820,763,3004,3,12,3,3782,1.0,True,False,False,True,False,True,1.0
NORT_ARTIC_3,11739,223,203,9,8,2,443,1.0,True,True,False,False,False,True,1.0
NORT_ARTIC_3,12778,1017,3212,32,16,3,4277,6.739997213981511e-10,True,False,False,False,False,True,4.561422729893026e-08
NORT_ARTIC_3,15264,518,125,23,2,4,668,0.19764885256315862,True,True,False,True,False,True,1.0
NORT_ARTIC_3,16705,285,1334,10,38,2,1667,0.5648252454268584,True,False,False,False,False,True,1.0
NORT_ARTIC_3,18284,250,245,4,3,1,502,1.0,True,True,False,True,False,True,1.0
NORT_ARTIC_3,20465,704,2626,45,61,6,3436,1.7484493255857501e-06,True,False,False,False,False,True,8.642054587923274e-05
NORT_ARTIC_3,23314,159,98,5,2,1,264,0.7129831685899503,True,True,False,True,False,True,1.0
NORT_ARTIC_3,26716,50,21,2,2,1,75,0.581800979061253,True,True,False,True,False,True,1.0
NORT_ARTIC_3,29475,33,11,4,2,1,50,0.643397647680719,True,True,False,True,False,True,1.0
NORT_ARTIC_3,598,114,459,0,2,1,575,1.0,True,True,True,True,False,True,1.0
NORT_ARTIC_3,1620,8353,3893,62,37,6,12345,0.23498884854238375,True,False,False,False,False,True,1.0
NORT_ARTIC_3,4298,428,1375,56,154,1,2013,0.3486682569685544,True,False,False,False,False,True,1.0
NORT_ARTIC_3,4401,15916,11788,71,63,5,27838,0.2951244023192922,True,False,False,False,False,True,1.0
NORT_ARTIC_3,4408,7656,5671,40,30,2,13397,1.0,True,False,False,False,False,True,1.0
NORT_ARTIC_3,5248,1173,6687,7,95,6,7962,0.023604679620449844,True,False,False,False,False,True,0.552324391757228
NORT_ARTIC_3,7736,922,215,0,0,1,1137,1.0,True,False,True,True,False,True,1.0
NORT_ARTIC_3,11019,2096,1372,12,8,1,3488,1.0,True,False,False,False,False,True,1.0
NORT_ARTIC_3,11639,30351,24623,137,127,8,55238,0.29187644977938143,True,False,False,False,False,True,1.0
NORT_ARTIC_3,12100,150,757,17,58,1,982,0.19927252499289663,True,True,False,False,False,True,1.0
NORT_ARTIC_3,12916,511,464,3,3,1,981,1.0,True,True,False,True,False,True,1.0
NORT_ARTIC_3,13106,26010,7081,134,43,10,33268,0.35817254857988046,False,False,False,False,False,False,1.0
NORT_ARTIC_3,13517,619,946,0,1,1,1566,1.0,True,False,True,True,False,True,1.0
NORT_ARTIC_3,16054,443,1566,0,1,1,2010,1.0,True,False,True,True,False,True,1.0
NORT_ARTIC_3,16392,148,962,1,4,1,1115,0.5125739183772104,True,False,False,True,False,True,1.0
NORT_ARTIC_3,16887,1605,382,1,1,1,1989,0.34811736178761865,True,False,False,True,False,True,1.0
NORT_ARTIC_3,19736,553,379,8,4,1,944,0.770607667330455,True,True,False,True,False,True,1.0
NORT_ARTIC_3,20713,6194,11344,44,70,5,17652,0.49173238755000787,True,False,False,False,False,True,1.0
NORT_ARTIC_3,25807,877,901,1,2,1,1781,1.0,True,False,False,True,False,True,1.0
NORT_ARTIC_3,526,1357,1278,0,2,4,2637,0.2355184738255582,True,False,True,True,False,True,1.0
NORT_ARTIC_3,3811,2747,855,11,3,3,3616,1.0,True,False,False,True,False,True,1.0
NORT_ARTIC_3,7959,845,2064,4,19,2,2932,0.2570417671268649,True,False,False,False,False,True,1.0
NORT_ARTIC_3,9120,232,753,5,32,1,1022,0.23171058069407047,True,False,False,False,False,True,1.0
NORT_ARTIC_3,11083,23406,4809,318,50,10,28583,0.08092697457836201,False,False,False,False,False,False,1.0
NORT_ARTIC_3,15026,2136,1497,17,13,2,3663,0.8534024015981274,True,False,False,False,False,True,1.0
NORT_ARTIC_3,18804,207,284,13,10,1,514,0.1988382454719812,True,True,False,False,False,True,1.0
NORT_ARTIC_3,19524,1822,610,14,6,3,2452,0.6079680365118473,True,False,False,False,False,True,1.0
NORT_ARTIC_3,20281,162,20,6,1,1,189,0.5677356627329531,True,True,False,True,False,True,1.0
NORT_ARTIC_3,20542,1866,272,11,3,1,2152,0.4082231478304029,True,False,False,True,False,True,1.0
NORT_ARTIC_3,21110,360,823,0,2,1,1185,1.0,True,False,True,True,False,True,1.0
NORT_ARTIC_3,21575,783,996,7,10,2,1796,1.0,True,False,False,False,False,True,1.0
NORT_ARTIC_3,21650,9975,31874,162,920,37,42931,1.5879767473019828e-12,False,False,False,False,False,False,1.2700926747966222e-10
NORT_ARTIC_3,22150,23,47,2,2,1,74,0.5996961653917083,True,True,False,True,False,True,1.0
NORT_ARTIC_3,22260,14,43,1,3,1,61,1.0,True,True,False,True,False,True,1.0
NORT_ARTIC_3,23415,234,1255,7,25,1,1521,0.32970875310403736,True,False,False,False,False,True,1.0
NORT_ARTIC_3,24857,914,547,23,8,1,1492,0.2592924553038305,True,False,False,False,False,True,1.0
NORT_ARTIC_3,25286,494,2559,2,121,3,3176,3.374400658048533e-07,True,False,False,False,False,True,1.8554985618444372e-05
NORT_ARTIC_3,26058,1336,253,15,5,2,1609,0.3506278638548569,True,False,False,True,False,True,1.0
NORT_ARTIC_3,26204,2675,10942,262,304,21,14183,3.9834225317262765e-44,False,False,False,False,False,False,7.009230286825557e-42
NORT_ARTIC_3,26207,2539,5937,25,219,13,8720,3.847569811008055e-13,False,False,False,False,False,False,3.193482943136686e-11
NORT_ARTIC_3,27261,1712,449,62,26,1,2249,0.060997386021257094,True,False,False,False,False,True,0.8796899275424369
NORT_ARTIC_3,27920,3615,1334,77,33,2,5059,0.5147389703911225,True,False,False,False,False,True,1.0
NORT_ARTIC_3,28628,403,2543,0,8,1,2954,0.6085951902922734,True,False,True,True,False,True,1.0
NORT_ARTIC_3,2180,23,63,0,0,1,86,1.0,True,True,True,True,False,True,1.0
NORT_ARTIC_3,3532,82,20,11,3,1,116,1.0,True,True,False,True,False,True,1.0
NORT_ARTIC_3,3939,6,38,1,4,1,49,0.5538963041275714,True,True,False,True,False,True,1.0
NORT_ARTIC_3,4366,4982,2974,41,19,3,8016,0.4222543789744474,True,False,False,False,False,True,1.0
NORT_ARTIC_3,4421,225,88,6,4,1,323,0.47872257272482954,True,True,False,True,False,True,1.0
NORT_ARTIC_3,4455,215,108,11,2,1,336,0.23463444210688933,True,True,False,True,False,True,1.0
NORT_ARTIC_3,4582,28,148,4,14,1,194,0.50608343379294,True,True,False,True,False,True,1.0
NORT_ARTIC_3,5335,145,38,5,2,1,190,0.6394063202563678,True,True,False,True,False,True,1.0
NORT_ARTIC_3,5339,150,40,1,0,1,191,1.0,True,True,True,True,False,True,1.0
NORT_ARTIC_3,6066,19,31,2,2,1,54,0.6377054934213647,True,True,False,True,False,True,1.0
NORT_ARTIC_3,6475,3,21,1,2,1,27,0.3945299145299145,True,True,False,True,False,True,1.0
NORT_ARTIC_3,6809,51,70,4,4,1,129,0.7227361658251208,True,True,False,True,False,True,1.0
NORT_ARTIC_3,6813,52,64,1,10,1,127,0.02506132999314259,True,True,False,True,False,True,0.5716342384079981
NORT_ARTIC_3,7860,34,24,20,18,1,96,0.6746073548027399,True,True,False,False,False,True,1.0
NORT_ARTIC_3,8187,67,66,4,4,1,141,1.0,True,True,False,True,False,True,1.0
NORT_ARTIC_3,9136,29,43,4,5,1,81,1.0,True,True,False,True,False,True,1.0
NORT_ARTIC_3,9411,57,164,3,8,1,232,1.0,True,True,False,True,False,True,1.0
NORT_ARTIC_3,10024,44,122,2,7,1,175,1.0,True,True,False,True,False,True,1.0
NORT_ARTIC_3,10308,61,49,5,3,1,118,1.0,True,True,False,True,False,True,1.0
NORT_ARTIC_3,11104,143,50,8,1,1,202,0.4539491642468113,True,True,False,True,False,True,1.0
NORT_ARTIC_3,11461,118,61,8,0,1,187,0.05495559117805518,True,True,True,True,False,True,0.8336194675595336
NORT_ARTIC_3,12596,136,149,2,8,1,295,0.11071136721826276,True,True,False,True,False,True,1.0
NORT_ARTIC_3,13308,27,36,0,0,1,63,1.0,True,True,True,True,False,True,1.0
NORT_ARTIC_3,13737,4457,1515,27,12,3,6011,0.46088753044921943,True,False,False,False,False,True,1.0
NORT_ARTIC_3,14918,49,114,3,4,1,170,0.4385458308618126,True,True,False,True,False,True,1.0
NORT_ARTIC_3,15841,114,359,2,6,1,481,1.0,True,True,False,True,False,True,1.0
NORT_ARTIC_3,17523,99,101,5,1,1,206,0.21199122733084547,True,True,False,True,False,True,1.0
NORT_ARTIC_3,17682,384,213,11,3,1,611,0.3981956468494963,True,True,False,True,False,True,1.0
NORT_ARTIC_3,17767,363,133,17,3,1,516,0.30724456684428825,True,True,False,False,False,True,1.0
NORT_ARTIC_3,19116,72,68,7,8,1,155,0.790350700447079,True,True,False,False,False,True,1.0
NORT_ARTIC_3,19138,69,145,4,13,1,231,0.5922610325220932,True,True,False,False,False,True,1.0
NORT_ARTIC_3,20417,90,154,1,12,1,257,0.0365510638238767,True,True,False,True,False,True,0.6900778101340497
NORT_ARTIC_3,20987,43,165,1,9,1,218,0.690949663327621,True,True,False,True,False,True,1.0
NORT_ARTIC_3,21010,99,161,0,8,1,268,0.028008293358442286,True,True,True,True,False,True,0.5879109352223805
NORT_ARTIC_3,21155,74,44,5,1,1,124,0.4156037774643464,True,True,False,True,False,True,1.0
NORT_ARTIC_3,22448,195,95,10,0,1,300,0.03384772430922552,True,True,True,True,False,True,0.6647149073048352
NORT_ARTIC_3,23472,50,61,10,0,1,121,0.0005958835316280487,True,True,True,True,False,True,0.022793840483754664
NORT_ARTIC_3,23854,43,164,3,7,1,217,0.4450600013191045,True,True,False,True,False,True,1.0
NORT_ARTIC_3,23989,285,88,9,4,1,386,0.5186609899933465,True,True,False,True,False,True,1.0
NORT_ARTIC_3,25067,2633,1260,19,12,2,3924,0.4463486536087413,True,False,False,False,False,True,1.0
NORT_ARTIC_3,25176,379,143,6,2,1,530,1.0,True,True,False,True,False,True,1.0
NORT_ARTIC_3,25416,1567,1740,23,21,3,3351,0.5461144416447756,True,False,False,False,False,True,1.0
NORT_ARTIC_3,25489,1099,1536,2,4,3,2641,1.0,True,False,False,True,False,True,1.0
NORT_ARTIC_3,25680,252,316,1,0,1,569,0.44463971880492087,True,True,True,True,False,True,1.0
NORT_ARTIC_3,26085,421,89,11,0,1,521,0.2251748199241302,True,True,True,True,False,True,1.0
NORT_ARTIC_3,26880,106,433,0,13,2,552,0.14387944242760892,True,True,True,True,False,True,1.0
NORT_ARTIC_3,27259,2923,1029,19,12,2,3983,0.14800857279542323,True,False,False,False,False,True,1.0
NORT_ARTIC_3,27277,354,108,6,2,1,470,1.0,True,True,False,True,False,True,1.0
NORT_ARTIC_3,27668,41,97,1,7,1,146,0.4392534136192494,True,True,False,True,False,True,1.0
NORT_ARTIC_3,27858,498,201,16,7,1,722,0.8186485490216293,True,True,False,False,False,True,1.0
NORT_ARTIC_3,27897,2723,1589,19,13,2,4344,0.7140494438852507,True,False,False,False,False,True,1.0
NORT_ARTIC_3,27913,170,331,4,6,1,511,0.740730671024391,True,True,False,True,False,True,1.0
NORT_ARTIC_3,29485,186,227,8,2,1,423,0.04892642057904012,True,True,False,True,False,True,0.8059187970588728
NORT_ARTIC_3,734,446,106,6,3,1,561,0.3866504272908349,True,True,False,True,False,True,1.0
NORT_ARTIC_3,877,1204,2392,15,20,2,3631,0.28047160444599867,True,False,False,False,False,True,1.0
NORT_ARTIC_3,1621,1239,513,13,4,1,1769,0.7905958956956954,True,False,False,True,False,True,1.0
NORT_ARTIC_3,1882,1034,1101,0,0,1,2135,1.0,True,False,True,True,False,True,1.0
NORT_ARTIC_3,3405,2688,5503,18,38,3,8247,1.0,True,False,False,False,False,True,1.0
NORT_ARTIC_3,3731,1577,3859,102,24,3,5562,1.167840846646982e-32,True,False,False,False,False,True,1.7714937532414048e-30
NORT_ARTIC_3,4131,4423,2727,32,15,3,7197,0.45212854041000716,True,False,False,False,False,True,1.0
NORT_ARTIC_3,4516,143,309,0,0,1,452,1.0,True,True,True,True,False,True,1.0
NORT_ARTIC_3,5183,227,774,3,13,1,1017,1.0,True,False,False,True,False,True,1.0
NORT_ARTIC_3,5885,6098,10067,43,74,5,16282,0.848920053890879,True,False,False,False,False,True,1.0
NORT_ARTIC_3,6780,2622,4802,17,47,4,7488,0.15092228761040571,True,False,False,False,False,True,1.0
NORT_ARTIC_3,6801,1679,3837,10,24,2,5550,1.0,True,False,False,False,False,True,1.0
NORT_ARTIC_3,6808,4221,8184,30,42,4,12477,0.1724265585481855,True,False,False,False,False,True,1.0
NORT_ARTIC_3,7522,3772,876,24,10,2,4682,0.12440593171797246,True,False,False,False,False,True,1.0
NORT_ARTIC_3,7683,5240,11013,36,62,4,16351,0.3858426756270128,True,False,False,False,False,True,1.0
NORT_ARTIC_3,9734,1564,7721,13,60,3,9358,0.755733068681652,True,False,False,False,False,True,1.0
NORT_ARTIC_3,9796,500,2153,3,16,1,2672,1.0,True,False,False,True,False,True,1.0
NORT_ARTIC_3,10110,1683,1173,17,9,2,2882,0.5540893778838931,True,False,False,False,False,True,1.0
NORT_ARTIC_3,10870,2942,2365,3,1,3,5311,0.6337262638196415,True,False,False,True,False,True,1.0
NORT_ARTIC_3,11021,651,757,11,6,1,1425,0.14722648639601774,True,False,False,False,False,True,1.0
NORT_ARTIC_3,11445,1492,460,12,5,1,1969,0.5693923354405546,True,False,False,True,False,True,1.0
NORT_ARTIC_3,12577,11480,11835,84,71,6,23470,0.22738004735097606,True,False,False,False,False,True,1.0
NORT_ARTIC_3,12579,1473,1092,13,8,1,2586,0.8255877461630019,True,False,False,False,False,True,1.0
NORT_ARTIC_3,12594,2829,2276,21,15,2,5141,0.8666784090417279,True,False,False,False,False,True,1.0
NORT_ARTIC_3,12673,1412,2484,19,13,2,3928,0.009143499839574657,True,False,False,False,False,True,0.24856625591255824
NORT_ARTIC_3,13272,1590,1772,15,15,2,3392,0.8549504526597129,True,False,False,False,False,True,1.0
NORT_ARTIC_3,14349,145,480,5,5,1,635,0.06154599628493639,True,True,False,True,False,True,0.8796899275424369
NORT_ARTIC_3,14580,259,708,0,0,1,967,1.0,True,True,True,True,False,True,1.0
NORT_ARTIC_3,14972,386,433,10,3,1,832,0.04727422392168588,True,True,False,False,False,True,0.799843503967293
NORT_ARTIC_3,15013,847,466,5,0,1,1318,0.1681032745069134,True,False,True,True,False,True,1.0
NORT_ARTIC_3,16499,2358,521,29,6,2,2914,1.0,True,False,False,False,False,True,1.0
NORT_ARTIC_3,16812,39663,22764,265,151,15,62843,0.9592929130399521,False,False,False,False,False,False,1.0
NORT_ARTIC_3,17037,10120,19989,70,130,7,30309,0.7073981726574273,True,False,False,False,False,True,1.0
NORT_ARTIC_3,17040,24758,63191,69,125,31,88143,0.025079656288416373,False,False,False,False,False,False,0.5716342384079981
NORT_ARTIC_3,17635,4333,7417,24,47,3,11821,0.6239891207744618,True,False,False,False,False,True,1.0
NORT_ARTIC_3,18820,385,1666,6,13,1,2070,0.1501992695867298,True,False,False,True,False,True,1.0
NORT_ARTIC_3,20161,7223,6490,41,33,3,13787,0.7264577267970854,True,False,False,False,False,True,1.0
NORT_ARTIC_3,20376,247,1160,2,13,1,1422,1.0,True,False,False,True,False,True,1.0
NORT_ARTIC_3,20520,4506,1048,30,7,2,5591,1.0,True,False,False,False,False,True,1.0
NORT_ARTIC_3,20622,52859,24309,402,181,19,77751,0.8579509236885194,False,False,False,False,False,False,1.0
NORT_ARTIC_3,20657,410,1444,7,11,1,1872,0.09394691065377767,True,False,False,True,False,True,1.0
NORT_ARTIC_3,20757,1217,1343,12,15,1,2587,0.8473023577112513,True,False,False,False,False,True,1.0
NORT_ARTIC_3,20934,388,1217,0,0,1,1605,1.0,True,False,True,True,False,True,1.0
NORT_ARTIC_3,21078,909,166,8,4,1,1087,0.103088278209881,True,False,False,True,False,True,1.0
NORT_ARTIC_3,21628,3929,3948,24,26,2,7927,0.8873889551108154,True,False,False,False,False,True,1.0
NORT_ARTIC_3,21849,217,937,6,8,1,1168,0.0347560140102145,True,False,False,True,False,True,0.6705776562760244
NORT_ARTIC_3,22205,730,994,0,0,1,1724,1.0,True,False,True,True,False,True,1.0
NORT_ARTIC_3,22662,6235,5209,41,42,4,11527,0.3772520042757257,True,False,False,False,False,True,1.0
NORT_ARTIC_3,22779,1423,644,12,6,1,2085,0.8031214064652338,True,False,False,False,False,True,1.0
NORT_ARTIC_3,23305,871,685,10,9,1,1575,0.8187701085887731,True,False,False,False,False,True,1.0
NORT_ARTIC_3,23935,1326,701,9,9,1,2045,0.21332173982152014,True,False,False,False,False,True,1.0
NORT_ARTIC_3,23949,3685,856,17,35,3,4593,4.8686515486154366e-14,True,False,False,False,False,True,4.118691954299866e-12
NORT_ARTIC_3,24505,3458,4035,30,27,2,7550,0.35230281280488,True,False,False,False,False,True,1.0
NORT_ARTIC_3,24518,6519,7138,55,46,5,13758,0.19405057874954507,True,False,False,False,False,True,1.0
NORT_ARTIC_3,24525,1141,1115,11,10,1,2277,1.0,True,False,False,False,False,True,1.0
NORT_ARTIC_3,25072,9959,3989,53,26,4,14027,0.38496686581018796,True,False,False,False,False,True,1.0
NORT_ARTIC_3,25415,2728,1905,18,25,2,4676,0.028847389864874323,True,False,False,False,False,True,0.6003754353987742
NORT_ARTIC_3,25529,209,258,121,143,1,731,0.8165453119118151,True,True,False,False,False,True,1.0
NORT_ARTIC_3,27274,3547,1167,20,10,2,4744,0.2902566745604479,True,False,False,False,False,True,1.0
NORT_ARTIC_3,27383,505,636,4,7,1,1152,0.763626152115801,True,False,False,True,False,True,1.0
NORT_ARTIC_3,27615,671,338,5,2,1,1016,1.0,True,False,False,True,False,True,1.0
NORT_ARTIC_3,27936,374,1113,3,4,1,1494,0.37810190045185044,True,False,False,True,False,True,1.0
NORT_ARTIC_3,27966,1876,5916,16,36,3,7844,0.25735857267878776,True,False,False,False,False,True,1.0
NORT_ARTIC_3,28081,6085,5445,40,39,4,11609,0.7352513868267418,True,False,False,False,False,True,1.0
NORT_ARTIC_3,28139,2786,1144,7,4,1,3941,0.7401162192464052,True,False,False,True,False,True,1.0
NORT_ARTIC_3,29442,191,1136,1,0,1,1328,0.14457831325301207,True,False,True,True,False,True,1.0
NORT_ARTIC_3,564,10,10,0,0,1,20,1.0,True,True,True,True,False,True,1.0
NORT_ARTIC_3,1481,3,10,2,2,1,17,0.5378151260504201,True,True,False,True,False,True,1.0
NORT_ARTIC_3,2229,20,17,2,2,1,41,1.0,True,True,False,True,False,True,1.0
NORT_ARTIC_3,2516,8,22,0,0,1,30,1.0,True,True,True,True,False,True,1.0
NORT_ARTIC_3,3117,39,18,2,4,1,63,0.1714461060648869,True,True,False,True,False,True,1.0
NORT_ARTIC_3,4288,1,13,0,0,1,14,1.0,True,True,True,True,False,True,1.0
NORT_ARTIC_3,8372,25,5,5,1,1,36,1.0,True,True,False,True,False,True,1.0
NORT_ARTIC_3,8472,21,14,2,1,1,38,1.0,True,True,False,True,False,True,1.0
NORT_ARTIC_3,9692,37,58,2,7,1,104,0.47797281173535877,True,True,False,True,False,True,1.0
NORT_ARTIC_3,10071,7,15,2,2,1,26,0.5906354515050167,True,True,False,True,False,True,1.0
NORT_ARTIC_3,11655,18,44,0,4,1,66,0.5680319680319681,True,True,True,True,False,True,1.0
NORT_ARTIC_3,12126,23,18,5,1,1,47,0.37828883677903746,True,True,False,True,False,True,1.0
NORT_ARTIC_3,12304,34,45,0,4,1,83,0.1405361282528488,True,True,True,True,False,True,1.0
NORT_ARTIC_3,12641,61,21,5,3,1,90,0.4353651279414888,True,True,False,True,False,True,1.0
NORT_ARTIC_3,15688,119,39,10,4,1,172,0.7515038113917885,True,True,False,True,False,True,1.0
NORT_ARTIC_3,16878,3617,1154,28,13,2,4812,0.27310394056297543,True,False,False,False,False,True,1.0
NORT_ARTIC_3,24777,5978,1877,31,9,3,7895,1.0,True,False,False,False,False,True,1.0
NORT_ARTIC_3,27740,2004,793,20,7,2,2824,1.0,True,False,False,False,False,True,1.0
NORT_ARTIC_3,28116,114,53,6,3,1,176,1.0,True,True,False,True,False,True,1.0
NORT_ARTIC_3,949,114,496,0,1,1,611,1.0,True,True,True,True,False,True,1.0
NORT_ARTIC_3,1907,980,739,12,6,1,1737,0.47934793626819283,True,False,False,False,False,True,1.0
NORT_ARTIC_3,4041,460,315,0,0,1,775,1.0,True,True,True,True,False,True,1.0
NORT_ARTIC_3,4209,1069,893,9,8,2,1979,1.0,True,False,False,False,False,True,1.0
NORT_ARTIC_3,5704,1505,527,7,2,1,2041,1.0,True,False,False,True,False,True,1.0
NORT_ARTIC_3,7932,257,800,0,2,1,1059,1.0,True,False,True,True,False,True,1.0
NORT_ARTIC_3,8647,3454,7925,30,51,5,11460,0.22485903842920468,True,False,False,False,False,True,1.0
NORT_ARTIC_3,10198,800,205,15,2,1,1022,0.5476122158690457,True,False,False,True,False,True,1.0
NORT_ARTIC_3,10273,429,270,8,4,1,711,0.7750767510600634,True,True,False,True,False,True,1.0
NORT_ARTIC_3,12273,12190,13316,90,115,9,25711,0.2924139702879619,True,False,False,False,False,True,1.0
NORT_ARTIC_3,14467,2022,796,18,12,3,2848,0.1582353328827517,True,False,False,False,False,True,1.0
NORT_ARTIC_3,15169,247,305,7,3,1,562,0.19763102869610336,True,True,False,True,False,True,1.0
NORT_ARTIC_3,15827,469,1812,4,15,1,2300,1.0,True,False,False,True,False,True,1.0
NORT_ARTIC_3,17609,2165,8687,14,52,4,10918,0.758622920785992,True,False,False,False,False,True,1.0
NORT_ARTIC_3,18298,773,249,6,4,1,1032,0.2712401234650426,True,False,False,True,False,True,1.0
NORT_ARTIC_3,23671,477,167,6,4,1,654,0.2973793548317774,True,True,False,True,False,True,1.0
NORT_ARTIC_3,24018,714,290,10,4,1,1018,1.0,True,False,False,True,False,True,1.0
NORT_ARTIC_3,26305,822,1140,6,2,1,1970,0.07582715007730796,True,False,False,True,False,True,0.9801518649648834
NORT_ARTIC_3,27846,13677,3199,87,27,8,16990,0.22971544366630953,True,False,False,False,False,True,1.0
NORT_ARTIC_3,872,33,45,0,0,1,78,1.0,True,True,True,True,False,True,1.0
NORT_ARTIC_3,897,96,278,5,16,2,395,1.0,True,True,False,False,False,True,1.0
NORT_ARTIC_3,2091,21,83,2,4,1,110,0.6032186837254954,True,True,False,True,False,True,1.0
NORT_ARTIC_3,2205,823,669,10,12,2,1514,0.39393776772148364,True,False,False,False,False,True,1.0
NORT_ARTIC_3,3643,27,85,3,10,1,125,1.0,True,True,False,True,False,True,1.0
NORT_ARTIC_3,4225,11,36,4,4,1,55,0.19340991971402624,True,True,False,True,False,True,1.0
NORT_ARTIC_3,4237,11433,11927,7,11,6,23378,0.48232772205193497,True,False,False,False,False,True,1.0
NORT_ARTIC_3,4255,14,55,2,5,1,76,0.6335991017063753,True,True,False,True,False,True,1.0
NORT_ARTIC_3,4586,325,1237,6,15,2,1583,0.41617470335608736,True,False,False,True,False,True,1.0
NORT_ARTIC_3,4795,60,41,0,0,1,101,1.0,True,True,True,True,False,True,1.0
NORT_ARTIC_3,5281,68,69,0,0,1,137,1.0,True,True,True,True,False,True,1.0
NORT_ARTIC_3,5412,33,21,5,6,1,65,0.5035519366684964,True,True,False,True,False,True,1.0
NORT_ARTIC_3,6058,28,27,3,1,1,59,0.6137992555907594,True,True,False,True,False,True,1.0
NORT_ARTIC_3,7546,142,41,11,1,1,195,0.467618502982814,True,True,False,True,False,True,1.0
NORT_ARTIC_3,7696,66,163,3,15,1,247,0.4132954008399591,True,True,False,False,False,True,1.0
NORT_ARTIC_3,7764,55,23,6,2,1,86,1.0,True,True,False,True,False,True,1.0
NORT_ARTIC_3,8110,3688,2359,8,5,2,6060,1.0,True,False,False,False,False,True,1.0
NORT_ARTIC_3,10755,51,78,1,6,1,136,0.2505769604562502,True,True,False,True,False,True,1.0
NORT_ARTIC_3,11472,82,64,7,2,1,155,0.3026413044939803,True,True,False,True,False,True,1.0
NORT_ARTIC_3,12070,525,127,28,5,2,685,0.6553623238919313,True,True,False,False,False,True,1.0
NORT_ARTIC_3,12076,183,49,12,3,1,247,1.0,True,True,False,True,False,True,1.0
NORT_ARTIC_3,13210,5429,4644,4,2,3,10079,0.6930920193721828,True,False,False,True,False,True,1.0
NORT_ARTIC_3,14688,35,39,4,3,1,81,0.7058198013894216,True,True,False,True,False,True,1.0
NORT_ARTIC_3,14742,5591,5677,31,27,4,11326,0.5998985555299672,True,False,False,False,False,True,1.0
NORT_ARTIC_3,14755,61,16,5,2,1,84,0.6389212298406345,True,True,False,True,False,True,1.0
NORT_ARTIC_3,15628,184,31,12,3,1,230,0.47043130067660716,True,True,False,True,False,True,1.0
NORT_ARTIC_3,16221,111,86,6,2,1,205,0.4704599743635437,True,True,False,True,False,True,1.0
NORT_ARTIC_3,18401,114,67,5,4,1,190,0.7296536922255612,True,True,False,True,False,True,1.0
NORT_ARTIC_3,19979,42,16,0,0,1,58,1.0,True,True,True,True,False,True,1.0
NORT_ARTIC_3,19983,7618,3280,52,26,7,10976,0.5369977608757095,True,False,False,False,False,True,1.0
NORT_ARTIC_3,20451,87,72,0,0,1,159,1.0,True,True,True,True,False,True,1.0
NORT_ARTIC_3,22224,25,37,0,0,1,62,1.0,True,True,True,True,False,True,1.0
NORT_ARTIC_3,24138,28,115,3,15,1,161,1.0,True,True,False,True,False,True,1.0
NORT_ARTIC_3,24149,29,115,0,10,1,154,0.20974176714241397,True,True,True,True,False,True,1.0
NORT_ARTIC_3,24566,122,47,10,4,1,183,1.0,True,True,False,True,False,True,1.0
NORT_ARTIC_3,26803,17,39,5,8,1,69,0.7421064755713802,True,True,False,True,False,True,1.0
NORT_ARTIC_3,27005,24,2,0,0,1,26,1.0,True,True,True,True,False,True,1.0
NORT_ARTIC_3,27216,11,25,1,2,1,39,1.0,True,True,False,True,False,True,1.0
NORT_ARTIC_3,613,133,770,2,2,1,907,0.10762056019574891,True,True,False,True,False,True,1.0
NORT_ARTIC_3,975,610,1006,5,10,1,1631,0.7958849246304986,True,False,False,False,False,True,1.0
NORT_ARTIC_3,1585,8735,4398,67,31,6,13231,0.7480200245323592,True,False,False,False,False,True,1.0
NORT_ARTIC_3,1588,3892,1843,24,16,2,5775,0.3094686588505578,True,False,False,False,False,True,1.0
NORT_ARTIC_3,2899,991,132,9,4,1,1136,0.059332539792535305,True,False,False,True,False,True,0.8758518206287342
NORT_ARTIC_3,4941,1811,4276,18,32,3,6137,0.35261868849353994,True,False,False,False,False,True,1.0
NORT_ARTIC_3,5099,2702,809,22,9,2,3542,0.39893645377844433,True,False,False,False,False,True,1.0
NORT_ARTIC_3,5508,1307,7168,13,46,3,8534,0.20272267893540635,True,False,False,False,False,True,1.0
NORT_ARTIC_3,5533,4598,19923,32,112,7,24665,0.28492905752995756,True,False,False,False,False,True,1.0
NORT_ARTIC_3,6760,285,1442,3,11,1,1741,0.714701172075327,True,False,False,True,False,True,1.0
NORT_ARTIC_3,7059,21,108,0,0,1,129,1.0,True,True,True,True,False,True,1.0
NORT_ARTIC_3,7328,731,3407,41,12,2,4191,8.612203681035519e-21,True,False,False,False,False,True,9.020258093541727e-19
NORT_ARTIC_3,7628,3037,7579,17,33,2,10666,0.43310955004646295,True,False,False,False,False,True,1.0
NORT_ARTIC_3,8672,2761,4959,22,39,4,7781,1.0,True,False,False,False,False,True,1.0
NORT_ARTIC_3,9201,1077,1812,12,16,2,2917,0.5598800196644449,True,False,False,False,False,True,1.0
NORT_ARTIC_3,11451,2828,789,22,9,2,3648,0.3808088365486504,True,False,False,False,False,True,1.0
NORT_ARTIC_3,11457,2847,847,22,11,2,3727,0.20978242351281623,True,False,False,False,False,True,1.0
NORT_ARTIC_3,13617,350,121,3,1,1,475,1.0,True,True,False,True,False,True,1.0
NORT_ARTIC_3,13694,322,470,0,0,2,792,1.0,True,True,True,True,False,True,1.0
NORT_ARTIC_3,14368,522,638,6,8,1,1174,1.0,True,False,False,False,False,True,1.0
NORT_ARTIC_3,14599,344,804,1,0,2,1149,0.3002610966057441,True,False,True,True,False,True,1.0
NORT_ARTIC_3,15854,335,2681,4,14,1,3034,0.13315275377796715,True,False,False,True,False,True,1.0
NORT_ARTIC_3,15882,9645,9210,56,67,6,18978,0.23947476643588061,True,False,False,False,False,True,1.0
NORT_ARTIC_3,16450,2387,3836,16,23,2,6262,0.7432054640030978,True,False,False,False,False,True,1.0
NORT_ARTIC_3,17057,2226,2538,13,14,1,4791,1.0,True,False,False,False,False,True,1.0
NORT_ARTIC_3,17361,8464,15135,60,88,5,23747,0.2636964227053977,True,False,False,False,False,True,1.0
NORT_ARTIC_3,19595,1388,310,10,4,1,1712,0.3034888406743344,True,False,False,True,False,True,1.0
NORT_ARTIC_3,19605,3621,1151,27,8,2,4807,1.0,True,False,False,False,False,True,1.0
NORT_ARTIC_3,20428,1226,1789,9,28,1,3052,0.04457430035994759,True,False,False,False,False,True,0.7750290406458872
NORT_ARTIC_3,20455,1409,1460,11,15,1,2895,0.5572847355382036,True,False,False,False,False,True,1.0
NORT_ARTIC_3,20475,1448,1362,8,10,1,2828,0.6391835472373164,True,False,False,False,False,True,1.0
NORT_ARTIC_3,21596,876,966,7,8,1,1857,1.0,True,False,False,False,False,True,1.0
NORT_ARTIC_3,22074,529,360,7,6,1,902,0.7783647103614617,True,True,False,False,False,True,1.0
NORT_ARTIC_3,23898,1192,942,8,7,1,2149,1.0,True,False,False,False,False,True,1.0
NORT_ARTIC_3,24537,1395,1437,19,11,2,2862,0.14352960538867535,True,False,False,False,False,True,1.0
NORT_ARTIC_3,25434,1474,1260,14,9,2,2757,0.5366266900061171,True,False,False,False,False,True,1.0
NORT_ARTIC_3,25950,283,1274,4,21,1,1582,1.0,True,False,False,True,False,True,1.0
NORT_ARTIC_3,26125,22376,5235,91,416,8,28118,4.580531405187305e-202,True,False,False,False,False,True,4.0299515302837914e-199
NORT_ARTIC_3,26271,4286,6406,33,42,4,10767,0.5547102476456698,True,False,False,False,False,True,1.0
NORT_ARTIC_3,26467,271,318,37,33,1,659,0.31139353970643635,True,True,False,False,False,True,1.0
NORT_ARTIC_3,26681,5200,1329,348,140,4,7017,2.414934780170494e-05,True,False,False,False,False,True,0.0011422901180612906
NORT_ARTIC_3,27527,1245,1248,3,12,2,2508,0.034656197284893636,True,False,False,False,False,True,0.6705776562760244
NORT_ARTIC_3,27684,478,808,8,12,1,1306,0.8181510824730066,True,False,False,False,False,True,1.0
NORT_ARTIC_3,28037,2259,1746,14,6,1,4025,0.2631238067986218,True,False,False,False,False,True,1.0
NORT_ARTIC_3,28053,2316,1804,12,10,1,4142,1.0,True,False,False,False,False,True,1.0
NORT_ARTIC_3,28079,2527,1757,24,31,2,4339,0.026744402634616797,True,False,False,False,False,True,0.5820437346371442
NORT_ARTIC_3,28108,5858,4522,38,26,3,10444,0.7050656556568609,True,False,False,False,False,True,1.0
NORT_ARTIC_3,29254,1632,2860,4,10,4,4506,0.7817720046853425,True,False,False,False,False,True,1.0
NORT_ARTIC_3,29371,1293,2292,1,66,4,3652,6.4923219760910224e-12,True,False,False,False,False,True,4.924090409107657e-10
NORT_ARTIC_3,1910,2062,1100,15,8,1,3185,1.0,True,False,False,False,False,True,1.0
NORT_ARTIC_3,1969,9644,3291,52,25,3,13012,0.18859066563747742,True,False,False,False,False,True,1.0
NORT_ARTIC_3,2021,1304,1094,14,13,1,2425,0.8473089488765583,True,False,False,False,False,True,1.0
NORT_ARTIC_3,4942,663,894,6,10,1,1573,0.8020846882775674,True,False,False,False,False,True,1.0
NORT_ARTIC_3,5102,1777,535,5,1,1,2318,1.0,True,False,False,True,False,True,1.0
NORT_ARTIC_3,5163,1858,3155,12,23,2,5048,0.8610536177039556,True,False,False,False,False,True,1.0
NORT_ARTIC_3,5608,4251,4094,35,21,2,8401,0.10679891249349013,True,False,False,False,False,True,1.0
NORT_ARTIC_3,5653,10618,3623,59,20,5,14320,1.0,True,False,False,False,False,True,1.0
NORT_ARTIC_3,6858,157,902,3,8,1,1070,0.21904957292587782,True,False,False,True,False,True,1.0
NORT_ARTIC_3,7654,565,2323,7,14,1,2909,0.1613796102862236,True,False,False,True,False,True,1.0
NORT_ARTIC_3,7665,4336,3800,22,34,3,8192,0.04326075743017446,True,False,False,False,False,True,0.7612162877413499
NORT_ARTIC_3,7682,991,3924,8,27,2,4950,0.673712325422823,True,False,False,False,False,True,1.0
NORT_ARTIC_3,7692,3283,6140,16,43,3,9482,0.27238527896223297,True,False,False,False,False,True,1.0
NORT_ARTIC_3,8418,3838,1436,34,9,2,5317,0.3953321445482505,True,False,False,False,False,True,1.0
NORT_ARTIC_3,8649,3773,7589,23,52,4,11437,0.712804822370732,True,False,False,False,False,True,1.0
NORT_ARTIC_3,8669,3536,6713,31,46,5,10326,0.3357318682728113,True,False,False,False,False,True,1.0
NORT_ARTIC_3,9441,272,1020,0,1,1,1293,1.0,True,False,True,True,False,True,1.0
NORT_ARTIC_3,9562,3503,446,21,6,1,3976,0.11593876773514263,True,False,False,True,False,True,1.0
NORT_ARTIC_3,9610,3881,1079,19,8,1,4987,0.3486652685286693,True,False,False,False,False,True,1.0
NORT_ARTIC_3,9922,1381,278,13,3,1,1675,0.7410267586725198,True,False,False,True,False,True,1.0
NORT_ARTIC_3,10627,3957,7087,30,50,3,11124,0.8151122556331512,True,False,False,False,False,True,1.0
NORT_ARTIC_3,11862,870,3669,12,32,2,4583,0.17922918574344898,True,False,False,False,False,True,1.0
NORT_ARTIC_3,11885,1425,2617,12,19,2,4073,0.708054095782622,True,False,False,False,False,True,1.0
NORT_ARTIC_3,12399,1498,713,12,5,1,2228,1.0,True,False,False,False,False,True,1.0
NORT_ARTIC_3,12401,1517,731,15,9,1,2272,0.6625057258548213,True,False,False,False,False,True,1.0
NORT_ARTIC_3,12549,1587,2086,9,13,1,3695,1.0,True,False,False,False,False,True,1.0
NORT_ARTIC_3,13675,345,466,6,6,1,823,0.770274040879938,True,True,False,False,False,True,1.0
NORT_ARTIC_3,13935,2019,2389,15,23,2,4446,0.5141238770885156,True,False,False,False,False,True,1.0
NORT_ARTIC_3,14351,2133,1349,18,13,2,3513,0.7148211925881626,True,False,False,False,False,True,1.0
NORT_ARTIC_3,14413,1141,533,11,4,1,1689,0.7864686666464721,True,False,False,True,False,True,1.0
NORT_ARTIC_3,14799,7579,20724,61,107,8,28471,0.006698899252069564,True,False,False,False,False,True,0.19260429941081056
NORT_ARTIC_3,14952,516,1718,10,19,2,2263,0.18151361185791923,True,False,False,False,False,True,1.0
NORT_ARTIC_3,15657,5973,1181,34,7,2,7195,0.8349886969260742,True,False,False,False,False,True,1.0
NORT_ARTIC_3,15709,5078,2446,35,21,2,7580,0.47427181121125295,True,False,False,False,False,True,1.0
NORT_ARTIC_3,15756,3320,5751,31,43,4,9145,0.3964984552258258,True,False,False,False,False,True,1.0
NORT_ARTIC_3,15828,600,3017,8,21,1,3646,0.1300334007729455,True,False,False,True,False,True,1.0
NORT_ARTIC_3,15842,514,3003,0,4,1,3521,1.0,True,False,True,True,False,True,1.0
NORT_ARTIC_3,15877,917,2538,4,15,1,3474,0.7953872524762245,True,False,False,False,False,True,1.0
NORT_ARTIC_3,15920,2013,1497,14,13,1,3537,0.5649506704602453,True,False,False,False,False,True,1.0
NORT_ARTIC_3,16194,2251,1918,10,13,1,4192,0.4022173135132918,True,False,False,False,False,True,1.0
NORT_ARTIC_3,16196,2267,1925,11,10,1,4213,1.0,True,False,False,False,False,True,1.0
NORT_ARTIC_3,16227,2382,1538,12,15,1,3947,0.11218198232219165,True,False,False,False,False,True,1.0
NORT_ARTIC_3,16384,635,3627,7,27,2,4296,0.3352949726676878,True,False,False,False,False,True,1.0
NORT_ARTIC_3,16980,695,2830,7,16,1,3548,0.19400636933069232,True,False,False,True,False,True,1.0
NORT_ARTIC_3,17501,2837,2681,20,19,2,5557,1.0,True,False,False,False,False,True,1.0
NORT_ARTIC_3,17681,2200,1291,13,8,1,3512,1.0,True,False,False,False,False,True,1.0
NORT_ARTIC_3,17687,2215,1257,18,12,1,3502,0.7044644284325877,True,False,False,False,False,True,1.0
NORT_ARTIC_3,17959,1244,1556,12,11,1,2823,0.5295412737823683,True,False,False,False,False,True,1.0
NORT_ARTIC_3,18033,24250,9062,171,77,13,33560,0.1743420951964314,False,False,False,False,False,False,1.0
NORT_ARTIC_3,18497,596,1659,5,12,1,2272,0.7846129323326139,True,False,False,True,False,True,1.0
NORT_ARTIC_3,18554,345,1341,5,12,1,1703,0.36692307092634896,True,False,False,True,False,True,1.0
NORT_ARTIC_3,18999,3976,1538,33,17,2,5564,0.34393517530940276,True,False,False,False,False,True,1.0
NORT_ARTIC_3,19225,1744,6160,13,50,5,7967,0.8794479085312954,True,False,False,False,False,True,1.0
NORT_ARTIC_3,19770,1546,4135,17,24,2,5722,0.05183464023228568,True,False,False,False,False,True,0.8147326814387814
NORT_ARTIC_3,19835,636,1311,8,10,1,1965,0.3165714022235193,True,False,False,False,False,True,1.0
NORT_ARTIC_3,20631,4480,6414,24,39,3,10957,0.7006954300216262,True,False,False,False,False,True,1.0
NORT_ARTIC_3,21737,645,483,10,7,1,1145,1.0,True,False,False,False,False,True,1.0
NORT_ARTIC_3,21957,602,122,16,3,2,743,1.0,True,True,False,True,False,True,1.0
NORT_ARTIC_3,22498,1424,288,5,1,1,1718,1.0,True,False,False,True,False,True,1.0
NORT_ARTIC_3,22810,1979,4924,21,32,3,6956,0.0929905114796013,True,False,False,False,False,True,1.0
NORT_ARTIC_3,23310,7691,4870,54,34,5,12649,1.0,True,False,False,False,False,True,1.0
NORT_ARTIC_3,23593,915,1222,0,2,1,2139,0.510205366853976,True,False,True,True,False,True,1.0
NORT_ARTIC_3,23638,1048,168,53,10,1,1279,0.579850935742457,True,False,False,False,False,True,1.0
NORT_ARTIC_3,24871,2734,2507,22,25,2,5288,0.4682937493813957,True,False,False,False,False,True,1.0
NORT_ARTIC_3,24933,4437,15026,71,194,8,19728,0.14033725745854092,True,False,False,False,False,True,1.0
NORT_ARTIC_3,25355,970,1081,3,6,1,2060,0.5128850597931423,True,False,False,True,False,True,1.0
NORT_ARTIC_3,25986,1089,1629,9,13,1,2740,1.0,True,False,False,False,False,True,1.0
NORT_ARTIC_3,26109,3199,574,20,2,1,3795,0.562306107143064,True,False,False,True,False,True,1.0
NORT_ARTIC_3,26254,380,2995,1,23,1,3399,0.5102162627072309,True,False,False,True,False,True,1.0
NORT_ARTIC_3,26303,1031,2556,8,22,1,3617,1.0,True,False,False,False,False,True,1.0
NORT_ARTIC_3,26374,1155,248,11,2,1,1416,1.0,True,False,False,True,False,True,1.0
NORT_ARTIC_3,27014,651,173,1,0,1,825,1.0,True,True,True,True,False,True,1.0
NORT_ARTIC_3,27305,2226,841,17,6,1,3090,1.0,True,False,False,False,False,True,1.0
NORT_ARTIC_3,27377,3763,6709,21,41,3,10534,0.7917475501967185,True,False,False,False,False,True,1.0
NORT_ARTIC_3,27408,746,2239,7,14,1,3006,0.446896652321335,True,False,False,False,False,True,1.0
NORT_ARTIC_3,27872,5224,1809,45,20,4,7098,0.39214746413062107,True,False,False,False,False,True,1.0
NORT_ARTIC_3,28961,657,187,7,5,1,856,0.15415449960230393,True,True,False,True,False,True,1.0
NORT_ARTIC_3,1599,255,80,9,0,1,344,0.12399049661780064,True,True,True,True,False,True,1.0
NORT_ARTIC_3,1690,292,96,14,5,1,407,0.7925291151033422,True,True,False,True,False,True,1.0
NORT_ARTIC_3,2139,39,145,1,7,1,192,1.0,True,True,False,True,False,True,1.0
NORT_ARTIC_3,2222,3930,2792,20,18,3,6760,0.5107180774001576,True,False,False,False,False,True,1.0
NORT_ARTIC_3,2498,31,92,3,2,1,128,0.11639295088113985,True,True,False,True,False,True,1.0
NORT_ARTIC_3,4549,28,78,0,0,1,106,1.0,True,True,True,True,False,True,1.0
NORT_ARTIC_3,4815,48,49,2,4,1,103,0.6788805094101643,True,True,False,True,False,True,1.0
NORT_ARTIC_3,10391,67,224,4,4,1,299,0.09430683905239254,True,True,False,True,False,True,1.0
NORT_ARTIC_3,12994,101,48,6,4,1,159,0.7296902470984241,True,True,False,True,False,True,1.0
NORT_ARTIC_3,14379,61,49,2,3,1,115,0.6569057362581188,True,True,False,True,False,True,1.0
NORT_ARTIC_3,16329,113,169,5,8,2,295,1.0,True,True,False,False,False,True,1.0
NORT_ARTIC_3,16423,147,207,6,12,1,372,0.6256802724818136,True,True,False,False,False,True,1.0
NORT_ARTIC_3,16952,105,229,6,9,1,349,0.5721188641172832,True,True,False,True,False,True,1.0
NORT_ARTIC_3,17717,95,36,6,3,1,140,0.7089588591000389,True,True,False,True,False,True,1.0
NORT_ARTIC_3,18634,418,398,27,1,2,844,5.663841747541418e-07,True,True,False,False,False,True,2.966099981837464e-05
NORT_ARTIC_3,18723,118,56,3,3,2,180,0.39517377021739586,True,True,False,True,False,True,1.0
NORT_ARTIC_3,20041,42,67,3,9,1,121,0.5317290052340484,True,True,False,True,False,True,1.0
NORT_ARTIC_3,20065,29,109,2,5,1,145,0.6418323244236696,True,True,False,True,False,True,1.0
NORT_ARTIC_3,21336,120,125,4,2,1,251,0.4428364295124268,True,True,False,True,False,True,1.0
NORT_ARTIC_3,22483,93,61,4,4,1,162,0.714813969437196,True,True,False,True,False,True,1.0
NORT_ARTIC_3,24485,132,94,2,5,1,233,0.13823812482938586,True,True,False,True,False,True,1.0
NORT_ARTIC_3,24496,583,204,7,5,2,799,0.31691704840410373,True,True,False,True,False,True,1.0
NORT_ARTIC_3,25450,52,14,7,35,1,108,1.708034933592997e-10,True,True,False,False,False,True,1.1926421702977133e-08
NORT_ARTIC_3,26256,24,90,3,9,1,126,0.7191418957978055,True,True,False,True,False,True,1.0
NORT_ARTIC_3,26632,1175,431,12,9,2,1627,0.13441186531501,True,False,False,False,False,True,1.0
NORT_ARTIC_3,27410,103,164,3,4,1,274,1.0,True,True,False,True,False,True,1.0
NORT_ARTIC_3,27655,42,72,4,3,1,121,0.4248682477022536,True,True,False,True,False,True,1.0
NORT_ARTIC_3,27701,29,157,3,8,1,197,0.39106942438862063,True,True,False,True,False,True,1.0
NORT_ARTIC_3,27839,141,74,4,2,1,221,1.0,True,True,False,True,False,True,1.0
NORT_ARTIC_3,29002,53,45,0,0,1,98,1.0,True,True,True,True,False,True,1.0
NORT_ARTIC_3,29237,326,88,14,4,1,432,1.0,True,True,False,True,False,True,1.0
NORT_ARTIC_3,873,62,386,0,13,1,461,0.23192742399483374,True,True,True,True,False,True,1.0
NORT_ARTIC_3,926,30,433,2,7,1,472,0.11894012628210818,True,True,False,True,False,True,1.0
NORT_ARTIC_3,1898,45,736,0,12,1,793,1.0,True,True,True,True,False,True,1.0
NORT_ARTIC_3,7691,572,16,9,0,1,597,1.0,True,True,True,True,False,True,1.0
NORT_ARTIC_3,11533,2270,3143,0,109,9,5522,4.660331649697116e-26,True,False,True,False,False,True,5.857371122005032e-24
NORT_ARTIC_3,11563,292,928,7,12,2,1239,0.1863767861427844,True,False,False,True,False,True,1.0
NORT_ARTIC_3,12742,4562,11347,27,77,5,16013,0.5877486469868332,True,False,False,False,False,True,1.0
NORT_ARTIC_3,13384,51,6,0,0,1,57,1.0,True,True,True,True,False,True,1.0
NORT_ARTIC_3,13726,418,25,11,1,1,455,0.5108239663686147,True,True,False,True,False,True,1.0
NORT_ARTIC_3,16773,471,498,6,8,1,983,0.7903181624355724,True,True,False,False,False,True,1.0
NORT_ARTIC_3,21008,47,342,0,1,1,390,1.0,True,True,True,True,False,True,1.0
NORT_ARTIC_3,23183,365,15,9,0,1,389,1.0,True,True,True,True,False,True,1.0
NORT_ARTIC_3,23437,24,405,2,7,1,438,0.09434222814763332,True,True,False,True,False,True,1.0
NORT_ARTIC_3,23438,24,408,2,7,1,441,0.0932278375795299,True,True,False,True,False,True,1.0
NORT_ARTIC_3,24726,691,136,8,1,1,836,1.0,True,True,False,True,False,True,1.0
NORT_ARTIC_3,24779,17529,3758,108,24,7,21419,0.8198053349199159,True,False,False,False,False,True,1.0
NORT_ARTIC_3,25225,127,300,0,42,3,469,1.5165217985553592e-06,True,True,True,False,False,True,7.580885672551164e-05
NORT_ARTIC_3,25578,21,575,0,0,1,596,1.0,True,True,True,True,False,True,1.0
NORT_ARTIC_3,27505,111,567,0,0,1,678,1.0,True,True,True,True,False,True,1.0
NORT_ARTIC_3,28438,821,416,12,7,1,1256,0.808491904170686,True,False,False,False,False,True,1.0
NORT_ARTIC_3,28657,52,849,0,2,1,903,1.0,True,True,True,True,False,True,1.0
NORT_ARTIC_3,1064,3073,991,27,14,4,4105,0.1475571672075405,True,False,False,False,False,True,1.0
NORT_ARTIC_3,2802,11,34,1,3,1,49,1.0,True,True,False,True,False,True,1.0
NORT_ARTIC_3,3286,170,52,5,2,1,229,0.6692813751677713,True,True,False,True,False,True,1.0
NORT_ARTIC_3,3439,26,137,0,8,1,171,0.609170992139954,True,True,True,True,False,True,1.0
NORT_ARTIC_3,3653,17,11,0,0,1,28,1.0,True,True,True,True,False,True,1.0
NORT_ARTIC_3,5904,92,83,3,4,1,182,0.7110348470065074,True,True,False,True,False,True,1.0
NORT_ARTIC_3,6372,20,59,3,6,1,88,0.6917194353285916,True,True,False,True,False,True,1.0
NORT_ARTIC_3,9549,109,16,1,0,1,126,1.0,True,True,True,True,False,True,1.0
NORT_ARTIC_3,10659,27,103,1,7,1,138,1.0,True,True,False,True,False,True,1.0
NORT_ARTIC_3,12526,9774,4874,78,43,5,14769,0.6283792742521426,True,False,False,False,False,True,1.0
NORT_ARTIC_3,12692,80,380,1,10,1,471,0.6986987688585059,True,True,False,True,False,True,1.0
NORT_ARTIC_3,14271,150,162,13,0,1,325,0.00019035206592582122,True,True,True,False,False,True,0.007753378671731385
NORT_ARTIC_3,14391,67,77,9,9,1,162,0.8070611204108822,True,True,False,False,False,True,1.0
NORT_ARTIC_3,15230,127,72,6,0,1,205,0.09267857711413055,True,True,True,True,False,True,1.0
NORT_ARTIC_3,15419,57,166,4,9,1,236,0.74554443826175,True,True,False,True,False,True,1.0
NORT_ARTIC_3,15952,13918,3916,17,11,7,17862,0.037526284379990844,True,False,False,False,False,True,0.6941056528285238
NORT_ARTIC_3,17124,258,182,4,4,1,448,0.7235623595716596,True,True,False,True,False,True,1.0
NORT_ARTIC_3,17259,89,95,6,2,1,192,0.1671675034779439,True,True,False,True,False,True,1.0
NORT_ARTIC_3,17446,197,28,7,0,1,232,1.0,True,True,True,True,False,True,1.0
NORT_ARTIC_3,18697,162,35,9,1,1,207,1.0,True,True,False,True,False,True,1.0
NORT_ARTIC_3,18744,4243,1378,17,8,3,5646,0.35990701285257837,True,False,False,False,False,True,1.0
NORT_ARTIC_3,20585,259,53,4,3,1,319,0.1064100499044236,True,True,False,True,False,True,1.0
NORT_ARTIC_3,20589,247,57,17,2,1,323,0.5439544289653915,True,True,False,True,False,True,1.0
NORT_ARTIC_3,21450,22,3,0,0,1,25,1.0,True,True,True,True,False,True,1.0
NORT_ARTIC_3,23425,31,132,2,3,1,168,0.2540766248871636,True,True,False,True,False,True,1.0
NORT_ARTIC_3,23601,2054,1074,44,0,4,3172,1.4479502860776801e-08,True,False,True,False,False,True,8.971173673881288e-07
NORT_ARTIC_3,24000,19,29,0,0,1,48,1.0,True,True,True,True,False,True,1.0
NORT_ARTIC_3,24130,3663,3155,25,27,4,6870,0.48563991008285623,True,False,False,False,False,True,1.0
NORT_ARTIC_3,25051,64,104,4,4,1,176,0.7124949591875336,True,True,False,True,False,True,1.0
NORT_ARTIC_3,25549,162,537,3,12,2,714,1.0,True,True,False,True,False,True,1.0
NORT_ARTIC_3,25624,30,93,2,8,1,133,1.0,True,True,False,True,False,True,1.0
NORT_ARTIC_3,26273,17,27,4,0,1,48,0.030758556891766882,True,True,True,True,False,True,0.6293343803110815
NORT_ARTIC_3,27103,2,20,0,4,1,26,1.0,True,True,True,True,False,True,1.0
NORT_ARTIC_3,27393,62,216,9,16,1,303,0.13961002823221197,True,True,False,False,False,True,1.0
NORT_ARTIC_3,28299,4305,5190,20,10,6,9525,0.026070108024900625,True,False,False,False,False,True,0.5808340586537993
NORT_ARTIC_3,729,847,223,5,5,1,1080,0.039961303608652875,True,False,False,True,False,True,0.7204498957969836
NORT_ARTIC_3,4291,1141,2977,12,23,2,4153,0.44780435104165806,True,False,False,False,False,True,1.0
NORT_ARTIC_3,5743,44307,49570,316,1171,34,95364,2.434029144416944e-94,False,False,False,False,False,False,6.692058878931336e-92
NORT_ARTIC_3,5744,24538,28987,248,904,17,54677,7.2423836288007355e-65,False,False,False,False,False,False,1.592962279154722e-62
NORT_ARTIC_3,6582,1206,457,0,1,1,1664,0.27524038461538464,True,False,True,True,False,True,1.0
NORT_ARTIC_3,10799,1658,672,14,7,1,2351,0.6338674177514768,True,False,False,False,False,True,1.0
NORT_ARTIC_3,11443,4077,1644,35,15,3,5771,0.875498968630832,True,False,False,False,False,True,1.0
NORT_ARTIC_3,11463,2394,1111,22,15,2,3542,0.2867912993679452,True,False,False,False,False,True,1.0
NORT_ARTIC_3,11819,2412,8789,20,57,3,11278,0.33250684530929797,True,False,False,False,False,True,1.0
NORT_ARTIC_3,12280,364,356,4,6,1,730,0.5429800386175726,True,True,False,True,False,True,1.0
NORT_ARTIC_3,12454,1376,689,1,0,1,2066,1.0,True,False,True,True,False,True,1.0
NORT_ARTIC_3,13296,2349,6917,17,40,3,9323,0.4461836967482909,True,False,False,False,False,True,1.0
NORT_ARTIC_3,13373,6229,10702,40,71,5,17042,0.9215235281295688,True,False,False,False,False,True,1.0
NORT_ARTIC_3,14483,372,1215,3,9,1,1599,1.0,True,False,False,True,False,True,1.0
NORT_ARTIC_3,14504,327,1051,3,7,1,1388,0.709260160029584,True,False,False,True,False,True,1.0
NORT_ARTIC_3,14758,870,1229,6,9,1,2114,1.0,True,False,False,False,False,True,1.0
NORT_ARTIC_3,14807,632,1972,7,12,2,2623,0.279683778545616,True,False,False,True,False,True,1.0
NORT_ARTIC_3,15090,3834,6089,35,51,5,10009,0.7389616602104796,True,False,False,False,False,True,1.0
NORT_ARTIC_3,15434,563,1573,7,15,2,2158,0.6268414603257593,True,False,False,False,False,True,1.0
NORT_ARTIC_3,15821,1530,4728,8,29,2,6295,0.8482244168896993,True,False,False,False,False,True,1.0
NORT_ARTIC_3,16482,891,471,0,0,1,1362,1.0,True,False,True,True,False,True,1.0
NORT_ARTIC_3,16497,1020,290,10,4,1,1324,0.5262331865815095,True,False,False,True,False,True,1.0
NORT_ARTIC_3,16916,4480,2577,29,18,3,7104,0.8793648383768529,True,False,False,False,False,True,1.0
NORT_ARTIC_3,17153,2492,789,12,6,1,3299,0.40565642693221204,True,False,False,True,False,True,1.0
NORT_ARTIC_3,17755,2846,1021,23,12,3,3902,0.33499358629709386,True,False,False,False,False,True,1.0
NORT_ARTIC_3,18853,754,1610,6,12,1,2382,1.0,True,False,False,False,False,True,1.0
NORT_ARTIC_3,19144,1824,3943,14,21,2,5802,0.2804190111668695,True,False,False,False,False,True,1.0
NORT_ARTIC_3,19376,56,34,2,2,1,94,0.6357384372066119,True,True,False,True,False,True,1.0
NORT_ARTIC_3,19778,1668,2763,13,18,2,4462,0.710481614703639,True,False,False,False,False,True,1.0
NORT_ARTIC_3,20638,1135,753,1,0,1,1889,1.0,True,False,True,True,False,True,1.0
NORT_ARTIC_3,23434,343,1057,4,7,1,1411,0.4795570558867123,True,False,False,True,False,True,1.0
NORT_ARTIC_3,24534,746,301,9,8,2,1064,0.10983126934214263,True,False,False,True,False,True,1.0
NORT_ARTIC_3,24753,7387,2121,47,14,3,9569,0.8779308439472837,True,False,False,False,False,True,1.0
NORT_ARTIC_3,26907,660,129,6,194,1,989,2.2721771328563434e-108,True,True,False,False,False,True,7.688697851873119e-106
NORT_ARTIC_3,27346,732,724,1,0,1,1457,1.0,True,False,True,True,False,True,1.0
NORT_ARTIC_3,28864,157,190,0,1,1,348,1.0,True,True,True,True,False,True,1.0
NORT_ARTIC_3,1684,954,301,0,0,1,1255,1.0,True,False,True,True,False,True,1.0
NORT_ARTIC_3,4040,322,867,4,9,1,1202,0.7577941518039489,True,False,False,True,False,True,1.0
NORT_ARTIC_3,4389,10994,7553,61,43,4,18651,0.9204544702033458,True,False,False,False,False,True,1.0
NORT_ARTIC_3,4801,1041,700,10,5,1,1756,0.7925299857051252,True,False,False,False,False,True,1.0
NORT_ARTIC_3,4891,396,979,0,2,1,1377,1.0,True,False,True,True,False,True,1.0
NORT_ARTIC_3,5164,181,400,0,0,1,581,1.0,True,True,True,True,False,True,1.0
NORT_ARTIC_3,5184,1157,4398,1,10,3,5566,0.4778920212138762,True,False,False,True,False,True,1.0
NORT_ARTIC_3,9707,299,955,1,1,1,1256,0.42080087294135565,True,False,False,True,False,True,1.0
NORT_ARTIC_3,9891,1724,598,4,1,3,2327,1.0,True,False,False,True,False,True,1.0
NORT_ARTIC_3,11106,1538,436,11,5,1,1990,0.3699666605063769,True,False,False,True,False,True,1.0
NORT_ARTIC_3,11320,763,1580,4,13,1,2360,0.6046489940011603,True,False,False,False,False,True,1.0
NORT_ARTIC_3,11343,1152,1438,6,9,1,2605,0.7993821282151479,True,False,False,False,False,True,1.0
NORT_ARTIC_3,11418,6488,2145,3,1,3,8637,1.0,True,False,False,True,False,True,1.0
NORT_ARTIC_3,11514,3034,2959,4,4,3,6001,1.0,True,False,False,True,False,True,1.0
NORT_ARTIC_3,12049,729,768,1,2,1,1500,1.0,True,False,False,True,False,True,1.0
NORT_ARTIC_3,12206,4651,3805,27,24,3,8507,0.7794272228981407,True,False,False,False,False,True,1.0
NORT_ARTIC_3,12615,7260,6102,56,40,4,13458,0.4723254225764475,True,False,False,False,False,True,1.0
NORT_ARTIC_3,12764,2731,5473,22,33,3,8259,0.3157147981976157,True,False,False,False,False,True,1.0
NORT_ARTIC_3,13019,3167,1753,2314,2058,3,9292,4.565032615489899e-29,True,False,False,False,False,True,6.693859491846689e-27
NORT_ARTIC_3,13078,5297,1976,41,12,2,7326,0.5368817381905424,True,False,False,False,False,True,1.0
NORT_ARTIC_3,13303,1662,4922,12,25,2,6621,0.3426438912627693,True,False,False,False,False,True,1.0
NORT_ARTIC_3,14031,11999,3370,72,21,5,15462,0.8999564470122496,True,False,False,False,False,True,1.0
NORT_ARTIC_3,14217,834,4011,53,30,3,4928,1.269667211319756e-20,True,False,False,False,False,True,1.2988990843245598e-18
NORT_ARTIC_3,14747,5170,5679,34,32,5,10915,0.5393613287796319,True,False,False,False,False,True,1.0
NORT_ARTIC_3,16713,380,1067,4,12,2,1463,1.0,True,False,False,True,False,True,1.0
NORT_ARTIC_3,17487,2385,693,17,7,2,3102,0.4619317947525721,True,False,False,False,False,True,1.0
NORT_ARTIC_3,17524,1023,356,7,4,1,1390,0.4894023210394517,True,False,False,True,False,True,1.0
NORT_ARTIC_3,18323,3714,3370,30,21,3,7135,0.40023583600970203,True,False,False,False,False,True,1.0
NORT_ARTIC_3,19347,65,31,2,2,1,100,0.5968440984641278,True,True,False,True,False,True,1.0
NORT_ARTIC_3,19371,56,37,0,0,1,93,1.0,True,True,True,True,False,True,1.0
NORT_ARTIC_3,19972,484,193,2,1,1,680,1.0,True,True,False,True,False,True,1.0
NORT_ARTIC_3,20918,1286,568,10,5,1,1869,0.7843790343761217,True,False,False,True,False,True,1.0
NORT_ARTIC_3,21014,340,1309,4,13,2,1666,0.7641009173822506,True,False,False,True,False,True,1.0
NORT_ARTIC_3,21405,240,337,0,2,1,579,0.5137780805708446,True,True,True,True,False,True,1.0
NORT_ARTIC_3,22227,1725,3676,5,11,13,5417,1.0,False,False,False,False,False,False,1.0
NORT_ARTIC_3,22427,51,22,1,1,1,75,0.5221621621621622,True,True,False,True,False,True,1.0
NORT_ARTIC_3,22501,36,66,2,2,1,106,0.6166411350144634,True,True,False,True,False,True,1.0
NORT_ARTIC_3,24027,3540,9363,33,78,6,13014,0.5938947243868407,True,False,False,False,False,True,1.0
NORT_ARTIC_3,24080,145,635,2,9,1,791,1.0,True,True,False,True,False,True,1.0
NORT_ARTIC_3,25583,150,892,1,4,1,1047,0.5417468981848594,True,False,False,True,False,True,1.0
NORT_ARTIC_3,27941,670,425,6,5,1,1106,0.7585859436039126,True,False,False,True,False,True,1.0
NORT_ARTIC_3,28084,196,577,2,6,1,781,1.0,True,True,False,True,False,True,1.0
NORT_ARTIC_3,28326,541,1208,0,1,1,1750,1.0,True,False,True,True,False,True,1.0
NORT_ARTIC_3,1884,474,1899,333,94,2,2800,3.985931062887159e-119,True,False,False,False,False,True,1.5940100677855102e-116
NORT_ARTIC_3,2545,1856,2258,13,20,2,4147,0.5995880919359997,True,False,False,False,False,True,1.0
NORT_ARTIC_3,3374,593,1251,5,9,1,1858,0.7783279156869126,True,False,False,True,False,True,1.0
NORT_ARTIC_3,4346,35842,26831,155,134,11,62962,0.23356780188289894,False,False,False,False,False,False,1.0
NORT_ARTIC_3,4664,9906,10728,57,66,6,20757,0.7185054955899897,True,False,False,False,False,True,1.0
NORT_ARTIC_3,4929,451,1073,28,58,1,1610,0.5465580672949091,True,False,False,False,False,True,1.0
NORT_ARTIC_3,4930,484,1128,5,8,1,1625,0.547494060295656,True,False,False,True,False,True,1.0
NORT_ARTIC_3,5173,529,1689,0,5,1,2223,0.5983963472507555,True,False,True,True,False,True,1.0
NORT_ARTIC_3,5586,8942,12096,54,64,5,21156,0.5136331186487785,True,False,False,False,False,True,1.0
NORT_ARTIC_3,5595,4384,5372,14,22,3,9792,0.5058417452161094,True,False,False,False,False,True,1.0
NORT_ARTIC_3,5624,13413,9958,87,60,5,23518,0.6767233565084989,True,False,False,False,False,True,1.0
NORT_ARTIC_3,5765,2326,3293,38,60,4,5717,0.6792144558376862,True,False,False,False,False,True,1.0
NORT_ARTIC_3,5766,3863,5088,42,71,5,9064,0.2148384123484091,True,False,False,False,False,True,1.0
NORT_ARTIC_3,6357,2325,4589,18,26,2,6958,0.33764917707880304,True,False,False,False,False,True,1.0
NORT_ARTIC_3,6423,5555,29393,31,147,8,35126,0.6069901712522046,True,False,False,False,False,True,1.0
NORT_ARTIC_3,7652,1049,1135,10,7,1,2201,0.46736406402649633,True,False,False,False,False,True,1.0
NORT_ARTIC_3,7815,569,481,164,152,1,1366,0.4798007517573011,True,False,False,False,False,True,1.0
NORT_ARTIC_3,8020,5994,1784,33,11,3,7822,0.7207701225218803,True,False,False,False,False,True,1.0
NORT_ARTIC_3,8113,2859,1695,21,18,2,4593,0.24968262441828504,True,False,False,False,False,True,1.0
NORT_ARTIC_3,8200,494,2004,8,15,1,2521,0.10909760204834529,True,False,False,True,False,True,1.0
NORT_ARTIC_3,8248,1759,7411,18,54,5,9242,0.2286570895315797,True,False,False,False,False,True,1.0
NORT_ARTIC_3,8580,533,1429,6,10,1,1978,0.3982204717945863,True,False,False,True,False,True,1.0
NORT_ARTIC_3,9102,2641,2411,21,20,3,5093,1.0,True,False,False,False,False,True,1.0
NORT_ARTIC_3,10039,432,1077,2,9,1,1520,0.7382828274436877,True,False,False,True,False,True,1.0
NORT_ARTIC_3,10046,1788,4370,40,55,4,6253,0.008498377397893586,True,False,False,False,False,True,0.23512177467505588
NORT_ARTIC_3,10195,5298,1530,42,17,3,6887,0.27150090870563115,True,False,False,False,False,True,1.0
NORT_ARTIC_3,10681,9941,12180,90,184,8,22395,6.591396326603102e-05,True,False,False,False,False,True,0.002958729840890515
NORT_ARTIC_3,10689,1389,1385,11,10,1,2795,1.0,True,False,False,False,False,True,1.0
NORT_ARTIC_3,11225,1236,1892,8,8,1,3144,0.44617194954553036,True,False,False,False,False,True,1.0
NORT_ARTIC_3,11229,1247,1919,7,11,1,3184,1.0,True,False,False,False,False,True,1.0
NORT_ARTIC_3,11256,4892,16139,26,78,4,21135,0.6433554332177363,True,False,False,False,False,True,1.0
NORT_ARTIC_3,11539,739,1961,8,13,1,2721,0.32482297900345325,True,False,False,False,False,True,1.0
NORT_ARTIC_3,12184,4261,3710,26,23,3,8020,1.0,True,False,False,False,False,True,1.0
NORT_ARTIC_3,12555,25564,12439,146,68,9,38217,0.8265970901556785,True,False,False,False,False,True,1.0
NORT_ARTIC_3,13219,1929,1594,17,5,1,3545,0.05063537550452436,True,False,False,False,False,True,0.8060419536496433
NORT_ARTIC_3,15696,3762,3627,26,23,3,7438,0.7765868994199829,True,False,False,False,False,True,1.0
NORT_ARTIC_3,16348,3021,6598,20,38,3,9677,0.670548020726809,True,False,False,False,False,True,1.0
NORT_ARTIC_3,16389,362,1783,5,10,1,2160,0.15582651292551689,True,False,False,True,False,True,1.0
NORT_ARTIC_3,16780,43335,37234,321,251,21,81141,0.27400739960536513,False,False,False,False,False,False,1.0
NORT_ARTIC_3,17020,730,1962,88,268,1,3048,0.37294389916468784,True,False,False,False,False,True,1.0
NORT_ARTIC_3,17369,2187,11745,18,53,4,14003,0.03288466103548526,True,False,False,False,False,True,0.6545684339144782
NORT_ARTIC_3,17867,1263,3175,13,22,2,4473,0.2623840278570013,True,False,False,False,False,True,1.0
NORT_ARTIC_3,18005,2677,1121,18,10,2,3826,0.5330711321133439,True,False,False,False,False,True,1.0
NORT_ARTIC_3,18414,5245,3494,31,21,2,8791,1.0,True,False,False,False,False,True,1.0
NORT_ARTIC_3,18849,530,1304,6,7,1,1847,0.21768408659687594,True,False,False,True,False,True,1.0
NORT_ARTIC_3,21324,764,2084,11,22,2,2881,0.43019933513876557,True,False,False,False,False,True,1.0
NORT_ARTIC_3,22496,133,265,4,4,1,406,0.4512003457376549,True,True,False,True,False,True,1.0
NORT_ARTIC_3,23840,715,137,9,2,1,863,0.6935545743804936,True,True,False,True,False,True,1.0
NORT_ARTIC_3,24383,561,1745,10,17,2,2333,0.17324379278330404,True,False,False,False,False,True,1.0
NORT_ARTIC_3,24727,1398,803,9,6,1,2216,0.7920226763443383,True,False,False,False,False,True,1.0
NORT_ARTIC_3,25081,1877,694,12,5,1,2588,0.7880307341088015,True,False,False,True,False,True,1.0
NORT_ARTIC_3,27283,5879,2431,37,13,3,8360,0.755269960888197,True,False,False,False,False,True,1.0
NORT_ARTIC_3,27298,6878,2744,38,18,3,9678,0.5541490517878698,True,False,False,False,False,True,1.0
NORT_ARTIC_3,27968,474,780,4,7,1,1265,1.0,True,False,False,True,False,True,1.0
NORT_ARTIC_3,28949,148,587,3,8,1,746,0.4722000665902854,True,True,False,True,False,True,1.0
NORT_ARTIC_3,954,147,353,1,7,1,508,0.4476860390135965,True,True,False,True,False,True,1.0
NORT_ARTIC_3,1406,37,23,10,6,1,76,1.0,True,True,False,False,False,True,1.0
NORT_ARTIC_3,1853,126,433,4,7,1,570,0.2830378342398245,True,True,False,True,False,True,1.0
NORT_ARTIC_3,1964,34,18,0,0,1,52,1.0,True,True,True,True,False,True,1.0
NORT_ARTIC_3,4320,225,257,3,10,1,495,0.15623124301563768,True,True,False,False,False,True,1.0
NORT_ARTIC_3,4504,116,157,0,0,1,273,1.0,True,True,True,True,False,True,1.0
NORT_ARTIC_3,5282,170,101,3,3,1,277,0.6750790263118596,True,True,False,True,False,True,1.0
NORT_ARTIC_3,5511,94,320,6,18,1,438,0.8035605957474833,True,True,False,False,False,True,1.0
NORT_ARTIC_3,5951,134,45,9,1,1,189,0.45546742213667823,True,True,False,True,False,True,1.0
NORT_ARTIC_3,6555,195,62,0,0,1,257,1.0,True,True,True,True,False,True,1.0
NORT_ARTIC_3,6638,122,104,3,6,1,235,0.3113013082842961,True,True,False,True,False,True,1.0
NORT_ARTIC_3,7481,11915,7248,63,42,5,19268,0.6867543108963661,True,False,False,False,False,True,1.0
NORT_ARTIC_3,9388,32,28,0,0,1,60,1.0,True,True,True,True,False,True,1.0
NORT_ARTIC_3,10146,358,176,10,4,1,548,1.0,True,True,False,True,False,True,1.0
NORT_ARTIC_3,10286,159,184,0,0,1,343,1.0,True,True,True,True,False,True,1.0
NORT_ARTIC_3,10843,104,105,3,4,1,216,1.0,True,True,False,True,False,True,1.0
NORT_ARTIC_3,11565,163,345,6,11,1,525,0.7948599141807674,True,True,False,False,False,True,1.0
NORT_ARTIC_3,11837,49,258,2,9,1,318,0.6915022164058215,True,True,False,True,False,True,1.0
NORT_ARTIC_3,12578,268,98,12,4,1,382,1.0,True,True,False,True,False,True,1.0
NORT_ARTIC_3,13068,436,166,16,2,1,620,0.17731840086415834,True,True,False,True,False,True,1.0
NORT_ARTIC_3,13115,463,158,11,3,1,635,1.0,True,True,False,True,False,True,1.0
NORT_ARTIC_3,14277,204,66,4,9,1,283,0.0011968827571040585,True,True,False,True,False,True,0.04170106837937326
NORT_ARTIC_3,15181,79,256,3,4,1,342,0.36487067841152476,True,True,False,True,False,True,1.0
NORT_ARTIC_3,17353,829,3900,15,67,2,4811,0.883402105859027,True,False,False,False,False,True,1.0
NORT_ARTIC_3,17962,108,283,5,5,2,401,0.15292912520048102,True,True,False,True,False,True,1.0
NORT_ARTIC_3,20719,108,269,4,12,1,393,1.0,True,True,False,True,False,True,1.0
NORT_ARTIC_3,20974,255,241,10,5,1,511,0.2996693791843018,True,True,False,False,False,True,1.0
NORT_ARTIC_3,21250,149,102,3,2,1,256,1.0,True,True,False,True,False,True,1.0
NORT_ARTIC_3,21655,844,2347,11,25,2,3227,0.5714802948908841,True,False,False,False,False,True,1.0
NORT_ARTIC_3,22417,13,4,0,0,1,17,1.0,True,True,True,True,False,True,1.0
NORT_ARTIC_3,23302,1429,1147,16,15,2,2607,0.7180780135865316,True,False,False,False,False,True,1.0
NORT_ARTIC_3,23410,147,413,4,8,1,572,0.5259063959259648,True,True,False,True,False,True,1.0
NORT_ARTIC_3,23461,248,381,3,13,1,645,0.12066443490740522,True,True,False,False,False,True,1.0
NORT_ARTIC_3,23819,156,176,3,6,1,341,0.5111063916446231,True,True,False,True,False,True,1.0
NORT_ARTIC_3,25548,100,368,1,10,1,479,0.47167154332619265,True,True,False,True,False,True,1.0
NORT_ARTIC_3,25717,89,26,4,2,1,121,0.6213704284695074,True,True,False,True,False,True,1.0
NORT_ARTIC_3,25959,86,78,0,0,1,164,1.0,True,True,True,True,False,True,1.0
NORT_ARTIC_3,26145,168,208,25,26,1,427,0.6532290969263727,True,True,False,False,False,True,1.0
NORT_ARTIC_3,26783,1685,3080,14,28,3,4807,0.8719792720636206,True,False,False,False,False,True,1.0
NORT_ARTIC_3,28148,585,339,16,5,1,945,0.2596711351309868,True,True,False,False,False,True,1.0
NORT_ARTIC_3,28344,447,910,10,10,1,1377,0.14868773525859708,True,False,False,False,False,True,1.0
NORT_ARTIC_3,28748,233,506,3,8,1,750,1.0,True,True,False,True,False,True,1.0
NORT_ARTIC_3,28750,1215,2925,18,25,3,4183,0.0913373370788029,True,False,False,False,False,True,1.0
NORT_ARTIC_3,2537,593,1204,5,8,1,1810,0.768646819295439,True,False,False,True,False,True,1.0
NORT_ARTIC_3,2706,214,277,1,3,1,495,0.6364019475253256,True,True,False,True,False,True,1.0
NORT_ARTIC_3,4555,872,2587,9,17,2,3485,0.2636705757129352,True,False,False,False,False,True,1.0
NORT_ARTIC_3,5022,675,145,5,3,1,828,0.15737937656748266,True,True,False,True,False,True,1.0
NORT_ARTIC_3,7398,1638,475,17,145,1,2275,9.768016122208784e-68,True,False,False,False,False,True,2.387194606755358e-65
NORT_ARTIC_3,7505,4755,3059,33,25,3,7872,0.5897058465482321,True,False,False,False,False,True,1.0
NORT_ARTIC_3,8060,8793,3421,42,24,3,12280,0.13265137358314397,True,False,False,False,False,True,1.0
NORT_ARTIC_3,8128,562,1061,4,10,1,1637,0.7818031706357882,True,False,False,True,False,True,1.0
NORT_ARTIC_3,9112,812,1349,8,13,2,2182,1.0,True,False,False,False,False,True,1.0
NORT_ARTIC_3,10699,3007,4421,21,30,3,7479,1.0,True,False,False,False,False,True,1.0
NORT_ARTIC_3,10713,1521,1213,7,7,1,2748,0.7893540259231684,True,False,False,False,False,True,1.0
NORT_ARTIC_3,11194,5965,6115,34,33,3,12147,0.9026294584299106,True,False,False,False,False,True,1.0
NORT_ARTIC_3,11450,1500,556,21,10,1,2087,0.5425008701977038,True,False,False,False,False,True,1.0
NORT_ARTIC_3,11841,1158,6251,13,46,4,7468,0.20529732710541962,True,False,False,False,False,True,1.0
NORT_ARTIC_3,12124,255,1435,271,36,1,1997,3.128938897828386e-142,True,False,False,False,False,True,1.5293558012830079e-139
NORT_ARTIC_3,12181,697,1196,10,12,1,1915,0.5055842228948119,True,False,False,False,False,True,1.0
NORT_ARTIC_3,13248,7523,13454,45,65,5,21087,0.2742890778513686,True,False,False,False,False,True,1.0
NORT_ARTIC_3,13274,952,2800,8,21,1,3781,0.8305305874725761,True,False,False,False,False,True,1.0
NORT_ARTIC_3,13720,1002,251,14,4,1,1271,0.7696472543015695,True,False,False,True,False,True,1.0
NORT_ARTIC_3,14325,1246,339,20,10,1,1615,0.11979292802002871,True,False,False,False,False,True,1.0
NORT_ARTIC_3,16152,885,1582,7,9,1,2483,0.602671008479216,True,False,False,False,False,True,1.0
NORT_ARTIC_3,16179,1064,1232,6,12,1,2314,0.34508820372820337,True,False,False,False,False,True,1.0
NORT_ARTIC_3,16676,795,2295,10,19,2,3119,0.2891833924834399,True,False,False,False,False,True,1.0
NORT_ARTIC_3,16857,7446,2471,35,11,2,9963,1.0,True,False,False,False,False,True,1.0
NORT_ARTIC_3,16911,2045,1055,12,9,1,3121,0.488609598418454,True,False,False,False,False,True,1.0
NORT_ARTIC_3,18205,1590,3788,15,22,2,5415,0.15085075985641666,True,False,False,False,False,True,1.0
NORT_ARTIC_3,19255,115,718,1,22,1,856,0.3482145765715168,True,True,False,True,False,True,1.0
NORT_ARTIC_3,24499,694,142,2,0,1,838,1.0,True,True,True,True,False,True,1.0
NORT_ARTIC_3,24817,38233,15051,237,86,16,53607,0.5360144035689163,False,False,False,False,False,False,1.0
NORT_ARTIC_3,25110,2869,1085,13,10,1,3977,0.10089350160848871,True,False,False,False,False,True,1.0
NORT_ARTIC_3,25903,355,1338,7,15,2,1715,0.2887119640999075,True,False,False,True,False,True,1.0
NORT_ARTIC_3,25942,318,695,4,5,1,1022,0.47426493567550054,True,False,False,True,False,True,1.0
NORT_ARTIC_3,27640,152,168,1,0,1,321,0.47663551401869153,True,True,True,True,False,True,1.0
NORT_ARTIC_3,27922,15039,8952,89,78,8,24158,0.0157846822044408,True,False,False,False,False,True,0.3893825714333187
NORT_ARTIC_3,29288,284,1691,1,17,2,1993,0.49745875264883765,True,False,False,True,False,True,1.0
NORT_ARTIC_3,435,4202,1042,35,13,3,5292,0.2068062494044068,True,False,False,False,False,True,1.0
NORT_ARTIC_3,1177,195,546,3,6,1,750,0.7050189483165648,True,True,False,True,False,True,1.0
NORT_ARTIC_3,1327,1065,1036,15,136,2,2252,4.682239469835777e-25,True,False,False,False,False,True,5.721436507724329e-23
NORT_ARTIC_3,1712,2584,1094,18,10,2,3706,0.5345546800508424,True,False,False,False,False,True,1.0
NORT_ARTIC_3,2653,841,366,7,5,1,1219,0.5284270461394489,True,False,False,True,False,True,1.0
NORT_ARTIC_3,3213,1163,282,11,3,1,1459,0.7434784286894677,True,False,False,True,False,True,1.0
NORT_ARTIC_3,4081,1015,1257,10,7,1,2289,0.3280145659698247,True,False,False,False,False,True,1.0
NORT_ARTIC_3,4473,3144,2732,20,19,2,5915,0.8723873848328022,True,False,False,False,False,True,1.0
NORT_ARTIC_3,4621,843,3599,6,26,2,4474,1.0,True,False,False,False,False,True,1.0
NORT_ARTIC_3,5406,5756,1455,30,16,2,7257,0.024988157011665436,True,False,False,False,False,True,0.5716342384079981
NORT_ARTIC_3,6026,1977,1290,0,0,2,3267,1.0,True,False,True,True,False,True,1.0
NORT_ARTIC_3,6438,931,6936,7,40,2,7914,0.49568157664331247,True,False,False,False,False,True,1.0
NORT_ARTIC_3,6464,1895,17929,10,97,5,19931,1.0,True,False,False,False,False,True,1.0
NORT_ARTIC_3,6486,6789,20612,47,111,6,27559,0.16536175590527644,True,False,False,False,False,True,1.0
NORT_ARTIC_3,7484,5469,2100,28,16,2,7613,0.23642310511216444,True,False,False,False,False,True,1.0
NORT_ARTIC_3,7591,2547,3811,32,29,3,6419,0.06526616093228825,True,False,False,False,False,True,0.8933168320153324
NORT_ARTIC_3,8345,7462,1360,49,19,5,8890,0.010299268087079793,True,False,False,False,False,True,0.26808568233765684
NORT_ARTIC_3,10967,545,1581,7,13,1,2146,0.3159058173404238,True,False,False,False,False,True,1.0
NORT_ARTIC_3,11620,6420,4343,38,29,2,10830,0.6199495293023021,True,False,False,False,False,True,1.0
NORT_ARTIC_3,11702,2455,1038,11,7,1,3511,0.43956168562756387,True,False,False,False,False,True,1.0
NORT_ARTIC_3,11716,2204,1096,14,7,1,3321,1.0,True,False,False,False,False,True,1.0
NORT_ARTIC_3,11718,7081,3995,38,22,3,11136,1.0,True,False,False,False,False,True,1.0
NORT_ARTIC_3,11857,321,1722,5,11,1,2059,0.15725628802942182,True,False,False,True,False,True,1.0
NORT_ARTIC_3,12492,1707,337,18,8,1,2070,0.06279298755189185,True,False,False,True,False,True,0.8853408725665777
NORT_ARTIC_3,12620,2315,2063,18,13,2,4409,0.593189066110988,True,False,False,False,False,True,1.0
NORT_ARTIC_3,12739,2187,4182,8,19,2,6396,0.688538180051398,True,False,False,False,False,True,1.0
NORT_ARTIC_3,13250,3250,3776,22,20,2,7068,0.44186749535990444,True,False,False,False,False,True,1.0
NORT_ARTIC_3,13273,13081,31906,69,150,9,45206,0.45575784416746723,True,False,False,False,False,True,1.0
NORT_ARTIC_3,13312,4089,12400,32,73,5,16594,0.1756276638726044,True,False,False,False,False,True,1.0
NORT_ARTIC_3,13947,1009,939,8,8,1,1964,1.0,True,False,False,False,False,True,1.0
NORT_ARTIC_3,14667,21936,5836,119,35,7,27926,0.6198956216546361,True,False,False,False,False,True,1.0
NORT_ARTIC_3,14795,872,2611,6,15,1,3504,0.800416773400429,True,False,False,False,False,True,1.0
NORT_ARTIC_3,15020,2056,911,21,6,2,2994,0.4068980243688324,True,False,False,False,False,True,1.0
NORT_ARTIC_3,15348,883,895,8,8,1,1794,1.0,True,False,False,False,False,True,1.0
NORT_ARTIC_3,15667,3923,1462,26,9,2,5420,1.0,True,False,False,False,False,True,1.0
NORT_ARTIC_3,15717,2026,2198,15,13,2,4252,0.5748243834917501,True,False,False,False,False,True,1.0
NORT_ARTIC_3,15945,2799,754,13,8,1,3574,0.10264139821573914,True,False,False,True,False,True,1.0
NORT_ARTIC_3,16695,1205,3852,18,26,2,5101,0.012245668921660144,True,False,False,False,False,True,0.3118678413802515
NORT_ARTIC_3,17850,185,172,15,14,1,386,1.0,True,True,False,False,False,True,1.0
NORT_ARTIC_3,18485,8651,11185,47,62,5,19945,1.0,True,False,False,False,False,True,1.0
NORT_ARTIC_3,19597,4854,1926,26,14,2,6820,0.38016314237813326,True,False,False,False,False,True,1.0
NORT_ARTIC_3,19611,986,172,6,3,1,1167,0.14002402153324006,True,False,False,True,False,True,1.0
NORT_ARTIC_3,19671,5527,1669,42,16,3,7254,0.4357417760795844,True,False,False,False,False,True,1.0
NORT_ARTIC_3,19844,495,1564,4,11,1,2074,0.7662627177961989,True,False,False,True,False,True,1.0
NORT_ARTIC_3,20854,4204,2745,22,16,2,6987,0.7420917898431395,True,False,False,False,False,True,1.0
NORT_ARTIC_3,21267,394,302,5,5,1,706,0.7537097901549001,True,True,False,True,False,True,1.0
NORT_ARTIC_3,23223,4214,960,24,8,3,5206,0.36093862521804454,True,False,False,False,False,True,1.0
NORT_ARTIC_3,23869,2961,624,20,4,2,3609,1.0,True,False,False,True,False,True,1.0
NORT_ARTIC_3,24735,2072,758,14,8,1,2852,0.3354563312322251,True,False,False,False,False,True,1.0
NORT_ARTIC_3,24758,2207,614,11,6,1,2838,0.23303378803323943,True,False,False,True,False,True,1.0
NORT_ARTIC_3,24820,23732,9104,206,82,9,33124,0.7915093551800922,True,False,False,False,False,True,1.0
NORT_ARTIC_3,24837,10182,3839,127,51,4,14199,0.735172546730666,True,False,False,False,False,True,1.0
NORT_ARTIC_3,24851,7834,3768,35,25,3,11662,0.130801629196708,True,False,False,False,False,True,1.0
NORT_ARTIC_3,25001,9383,8055,54,58,5,17550,0.2544035667814664,True,False,False,False,False,True,1.0
NORT_ARTIC_3,25008,1769,1337,9,8,1,3123,0.8082798868265288,True,False,False,False,False,True,1.0
NORT_ARTIC_3,25020,1831,1250,6,8,1,3095,0.27580998702462617,True,False,False,False,False,True,1.0
NORT_ARTIC_3,25526,838,1709,0,0,2,2547,1.0,True,False,True,True,False,True,1.0
NORT_ARTIC_3,25612,1723,2609,13,21,2,4366,1.0,True,False,False,False,False,True,1.0
NORT_ARTIC_3,26060,4599,909,15,0,3,5523,0.15276652665132423,True,False,True,True,False,True,1.0
NORT_ARTIC_3,26209,157,738,32,3,1,930,2.846567808805795e-20,True,True,False,False,False,True,2.8459208615765206e-18
NORT_ARTIC_3,27210,2334,909,16,11,2,3270,0.19473499556469787,True,False,False,False,False,True,1.0
NORT_ARTIC_3,27416,1430,3198,2,16,2,4646,0.07667524463696691,True,False,False,False,False,True,0.980486627415278
NORT_ARTIC_3,27482,1057,2894,10,18,2,3979,0.28826634388291233,True,False,False,False,False,True,1.0
NORT_ARTIC_3,27904,1356,597,8,5,1,1966,0.5525563067767746,True,False,False,True,False,True,1.0
NORT_ARTIC_3,28043,3492,2975,20,17,2,6504,1.0,True,False,False,False,False,True,1.0
NORT_ARTIC_3,28755,1722,3246,17,28,3,5013,0.6408541973815616,True,False,False,False,False,True,1.0
NORT_ARTIC_3,1288,9,21,0,0,1,30,1.0,True,True,True,True,False,True,1.0
NORT_ARTIC_3,1485,2,4,3,1,1,10,0.5238095238095238,True,True,False,True,False,True,1.0
NORT_ARTIC_3,3316,22,12,2,1,1,37,1.0,True,True,False,True,False,True,1.0
NORT_ARTIC_3,4407,1442,631,15,5,2,2093,0.8075836518858865,True,False,False,False,False,True,1.0
NORT_ARTIC_3,6119,5,31,1,2,1,39,0.4029981398402452,True,True,False,True,False,True,1.0
NORT_ARTIC_3,6601,47,17,2,2,1,68,0.3099922027051087,True,True,False,True,False,True,1.0
NORT_ARTIC_3,6844,13,22,2,6,1,43,0.6916222428954915,True,True,False,True,False,True,1.0
NORT_ARTIC_3,9180,365,1388,0,6,2,1759,0.3551413745443529,True,False,True,True,False,True,1.0
NORT_ARTIC_3,9761,2,5,1,3,1,11,1.0,True,True,False,True,False,True,1.0
NORT_ARTIC_3,11625,31,14,2,2,1,49,0.5879854254375201,True,True,False,True,False,True,1.0
NORT_ARTIC_3,11697,34,10,2,2,1,48,0.2569380203515264,True,True,False,True,False,True,1.0
NORT_ARTIC_3,13659,49,11,6,1,1,67,1.0,True,True,False,True,False,True,1.0
NORT_ARTIC_3,14463,3,33,2,2,1,40,0.06899004267425321,True,True,False,True,False,True,0.9309926624101681
NORT_ARTIC_3,15947,37,9,5,2,1,53,0.6256488062908825,True,True,False,True,False,True,1.0
NORT_ARTIC_3,17278,1048,1367,1,0,2,2416,0.4341887417218543,True,False,True,True,False,True,1.0
NORT_ARTIC_3,18677,29,4,10,3,1,46,0.3851323912632453,True,True,False,True,False,True,1.0
NORT_ARTIC_3,19146,7,25,0,0,1,32,1.0,True,True,True,True,False,True,1.0
NORT_ARTIC_3,21219,28,7,0,0,1,35,1.0,True,True,True,True,False,True,1.0
NORT_ARTIC_3,22858,4,34,0,0,1,38,1.0,True,True,True,True,False,True,1.0
NORT_ARTIC_3,23246,19,8,2,1,1,30,1.0,True,True,False,True,False,True,1.0
NORT_ARTIC_3,24928,1836,8262,8,7,7,10113,0.0022855649135827224,True,False,False,True,False,True,0.0713063833677333
NORT_ARTIC_3,26690,16,1,0,0,1,17,1.0,True,True,True,True,False,True,1.0
NORT_ARTIC_3,29253,1764,4227,14,17,7,6022,0.07355680410248562,True,False,False,False,False,True,0.957326571736196
NORT_ARTIC_3,909,414,1437,7,9,1,1867,0.06443584278929687,True,False,False,True,False,True,0.8933168320153324
NORT_ARTIC_3,1181,306,1076,0,0,1,1382,1.0,True,False,True,True,False,True,1.0
NORT_ARTIC_3,1897,606,1066,7,8,1,1687,0.4264478327688844,True,False,False,False,False,True,1.0
NORT_ARTIC_3,1926,673,1034,11,15,1,1733,0.8405376277467493,True,False,False,False,False,True,1.0
NORT_ARTIC_3,2656,1443,550,13,2,1,2008,0.3820645486281198,True,False,False,True,False,True,1.0
NORT_ARTIC_3,2671,698,488,9,7,1,1202,1.0,True,False,False,False,False,True,1.0
NORT_ARTIC_3,2728,406,956,4,12,1,1378,0.7894241941540674,True,False,False,True,False,True,1.0
NORT_ARTIC_3,2857,1823,831,61,21,1,2736,0.33257974610108715,True,False,False,False,False,True,1.0
NORT_ARTIC_3,2926,2463,499,16,2,1,2980,0.754096803946831,True,False,False,True,False,True,1.0
NORT_ARTIC_3,3160,788,2016,4,12,1,2820,1.0,True,False,False,True,False,True,1.0
NORT_ARTIC_3,3184,1077,1238,38,40,1,2393,0.73012138078883,True,False,False,False,False,True,1.0
NORT_ARTIC_3,3327,969,673,10,4,1,1656,0.42187799590689073,True,False,False,False,False,True,1.0
NORT_ARTIC_3,3840,5130,1402,36,12,3,6580,0.5960796526038603,True,False,False,False,False,True,1.0
NORT_ARTIC_3,4098,3692,3347,17,21,3,7077,0.41598213336613227,True,False,False,False,False,True,1.0
NORT_ARTIC_3,4219,7225,5603,47,40,4,12915,0.6662062335259602,True,False,False,False,False,True,1.0
NORT_ARTIC_3,4241,1485,1695,8,8,1,3196,0.807208633401787,True,False,False,False,False,True,1.0
NORT_ARTIC_3,4355,21099,13855,103,61,6,35118,0.5755794260488676,True,False,False,False,False,True,1.0
NORT_ARTIC_3,4356,13793,8765,73,44,5,22675,0.849323291009376,True,False,False,False,False,True,1.0
NORT_ARTIC_3,4362,7599,4129,50,18,3,11796,0.1607650949315491,True,False,False,False,False,True,1.0
NORT_ARTIC_3,4369,7395,4400,43,26,3,11864,1.0,True,False,False,False,False,True,1.0
NORT_ARTIC_3,4385,28584,21608,129,111,7,50432,0.3274645781780661,True,False,False,False,False,True,1.0
NORT_ARTIC_3,4414,31262,20448,139,101,9,51950,0.4277745899718774,True,False,False,False,False,True,1.0
NORT_ARTIC_3,4597,985,4605,11,28,2,5629,0.09211257514058455,True,False,False,False,False,True,1.0
NORT_ARTIC_3,5330,17703,3556,105,30,6,21394,0.10439575020986197,True,False,False,False,False,True,1.0
NORT_ARTIC_3,5621,2289,1875,35,33,1,4232,0.6235865146102477,True,False,False,False,False,True,1.0
NORT_ARTIC_3,5623,7705,5409,40,33,3,13187,0.5514474409654757,True,False,False,False,False,True,1.0
NORT_ARTIC_3,5731,3112,2707,19,17,2,5855,1.0,True,False,False,False,False,True,1.0
NORT_ARTIC_3,5955,2624,411,25,6,2,3066,0.3010072591899583,True,False,False,True,False,True,1.0
NORT_ARTIC_3,5971,1552,264,11,4,1,1831,0.25771335430442205,True,False,False,True,False,True,1.0
NORT_ARTIC_3,6207,22023,6213,111,32,6,28379,0.919428769566813,True,False,False,False,False,True,1.0
NORT_ARTIC_3,6211,14153,3319,72,18,4,17562,0.788012666633644,True,False,False,False,False,True,1.0
NORT_ARTIC_3,6221,7403,1997,43,14,2,9457,0.518266147239152,True,False,False,False,False,True,1.0
NORT_ARTIC_3,6484,2480,8537,14,44,2,11075,0.7533783717517489,True,False,False,False,False,True,1.0
NORT_ARTIC_3,6561,2432,496,3,1,1,2932,0.5244913270984958,True,False,False,True,False,True,1.0
NORT_ARTIC_3,7263,1549,4924,16,52,2,6541,1.0,True,False,False,False,False,True,1.0
NORT_ARTIC_3,8091,3227,982,14,10,1,4233,0.04964637215186499,True,False,False,False,False,True,0.8060419536496433
NORT_ARTIC_3,9041,1466,491,12,4,1,1973,1.0,True,False,False,True,False,True,1.0
NORT_ARTIC_3,9765,299,1928,3,10,1,2240,0.4023058412720484,True,False,False,True,False,True,1.0
NORT_ARTIC_3,9861,763,153,6,4,1,926,0.07246188755681486,True,True,False,True,False,True,0.9525092501774175
NORT_ARTIC_3,11395,2229,303,14,5,1,2551,0.06930469811912633,True,False,False,True,False,True,0.9323283395291644
NORT_ARTIC_3,11635,7065,5564,24,30,2,12683,0.09967262946173037,True,False,False,False,False,True,1.0
NORT_ARTIC_3,11645,14262,11283,60,57,5,25662,0.3510969354882982,True,False,False,False,False,True,1.0
NORT_ARTIC_3,11891,1387,1717,11,11,1,3126,0.6702814752879379,True,False,False,False,False,True,1.0
NORT_ARTIC_3,12060,5454,3814,32,37,4,9337,0.03755334061677396,True,False,False,False,False,True,0.6941056528285238
NORT_ARTIC_3,12237,3844,2177,26,16,2,6063,0.8721829439976032,True,False,False,False,False,True,1.0
NORT_ARTIC_3,12381,357,1753,4,16,1,2130,0.7628866188474951,True,False,False,True,False,True,1.0
NORT_ARTIC_3,12558,9819,2941,50,20,3,12830,0.31839581949324025,True,False,False,False,False,True,1.0
NORT_ARTIC_3,12711,406,2667,6,9,1,3088,0.009411858001774723,True,False,False,True,False,True,0.25092583848367883
NORT_ARTIC_3,12725,3804,9584,23,53,3,13464,0.7034851648763243,True,False,False,False,False,True,1.0
NORT_ARTIC_3,13069,2510,1290,10,13,1,3823,0.027666347702688266,True,False,False,False,False,True,0.5879109352223805
NORT_ARTIC_3,13315,796,3087,7,28,2,3918,1.0,True,False,False,False,False,True,1.0
NORT_ARTIC_3,13688,2279,352,10,4,1,2645,0.10769373997821333,True,False,False,True,False,True,1.0
NORT_ARTIC_3,13715,7067,2002,34,7,3,9110,0.5715042525275902,True,False,False,False,False,True,1.0
NORT_ARTIC_3,13845,995,3023,0,5,1,4023,0.34195169629052274,True,False,True,True,False,True,1.0
NORT_ARTIC_3,14054,2636,1072,12,9,1,3729,0.22518777508598992,True,False,False,False,False,True,1.0
NORT_ARTIC_3,14070,2710,1148,16,9,1,3883,0.513215917431169,True,False,False,False,False,True,1.0
NORT_ARTIC_3,14075,3403,1630,25,11,2,5069,1.0,True,False,False,False,False,True,1.0
NORT_ARTIC_3,14120,801,1639,7,10,2,2457,0.4490366531824183,True,False,False,False,False,True,1.0
NORT_ARTIC_3,14275,2705,2333,17,17,2,5072,0.7313158923366738,True,False,False,False,False,True,1.0
NORT_ARTIC_3,14598,2167,244,15,3,1,2429,0.4185204065118026,True,False,False,True,False,True,1.0
NORT_ARTIC_3,14803,1205,5484,10,24,2,6723,0.11310112109991416,True,False,False,False,False,True,1.0
NORT_ARTIC_3,14839,2896,9912,27,54,5,12889,0.03202051756586987,True,False,False,False,False,True,0.6469545344058112
NORT_ARTIC_3,15547,3411,1607,23,9,2,5050,0.7077603466941433,True,False,False,False,False,True,1.0
NORT_ARTIC_3,15570,7068,1741,41,16,3,8866,0.13211951136215008,True,False,False,False,False,True,1.0
NORT_ARTIC_3,15885,2472,236,17,4,1,2729,0.1064947851216563,True,False,False,True,False,True,1.0
NORT_ARTIC_3,15954,3236,706,16,8,1,3966,0.06091498677201954,True,False,False,True,False,True,0.8796899275424369
NORT_ARTIC_3,15974,3286,944,19,4,1,4253,0.801729494573123,True,False,False,False,False,True,1.0
NORT_ARTIC_3,16049,978,3012,0,7,1,3997,0.2055960792747985,True,False,True,True,False,True,1.0
NORT_ARTIC_3,16083,2799,12029,19,82,4,14929,1.0,True,False,False,False,False,True,1.0
NORT_ARTIC_3,16460,1689,1145,10,7,1,2851,1.0,True,False,False,False,False,True,1.0
NORT_ARTIC_3,16548,8340,2006,52,17,4,10415,0.2845502878615185,True,False,False,False,False,True,1.0
NORT_ARTIC_3,16570,2719,718,15,7,1,3459,0.19766971375677295,True,False,False,True,False,True,1.0
NORT_ARTIC_3,16579,4638,1712,38,11,3,6399,0.6275460799038384,True,False,False,False,False,True,1.0
NORT_ARTIC_3,16730,4159,8932,32,60,4,13183,0.574422913248086,True,False,False,False,False,True,1.0
NORT_ARTIC_3,16838,16824,4445,87,25,6,21381,0.7266418411522845,True,False,False,False,False,True,1.0
NORT_ARTIC_3,17272,5155,2974,29,19,2,8177,0.65529437354712,True,False,False,False,False,True,1.0
NORT_ARTIC_3,17357,2220,7674,9,34,2,9937,1.0,True,False,False,False,False,True,1.0
NORT_ARTIC_3,17382,704,8102,2,36,2,8844,0.7661470959550174,True,False,False,True,False,True,1.0
NORT_ARTIC_3,17424,2966,8774,18,40,2,11798,0.3627784740030848,True,False,False,False,False,True,1.0
NORT_ARTIC_3,17631,3322,6418,20,41,3,9801,0.8928168092461028,True,False,False,False,False,True,1.0
NORT_ARTIC_3,18161,1091,1186,14,13,2,2304,0.7030248232988332,True,False,False,False,False,True,1.0
NORT_ARTIC_3,18916,3090,5648,22,35,3,8795,0.6769996504140132,True,False,False,False,False,True,1.0
NORT_ARTIC_3,19198,1433,5549,11,39,3,7032,0.7285907537355218,True,False,False,False,False,True,1.0
NORT_ARTIC_3,19807,2071,5584,17,31,3,7703,0.19501827149390755,True,False,False,False,False,True,1.0
NORT_ARTIC_3,19885,5570,6268,42,41,4,11921,0.5814460254808147,True,False,False,False,False,True,1.0
NORT_ARTIC_3,20787,494,4986,9,28,2,5517,0.0049413566301415215,True,False,False,True,False,True,0.14491351877328368
NORT_ARTIC_3,20886,2371,513,22,3,1,2909,0.6030901318447495,True,False,False,True,False,True,1.0
NORT_ARTIC_3,22423,172,91,4,3,1,270,0.6973009383192006,True,True,False,True,False,True,1.0
NORT_ARTIC_3,22628,2802,1037,17,7,2,3863,0.8188765126880796,True,False,False,False,False,True,1.0
NORT_ARTIC_3,23440,275,1653,3,14,1,1945,0.7242707812189666,True,False,False,True,False,True,1.0
NORT_ARTIC_3,23914,1280,296,9,2,1,1587,1.0,True,False,False,True,False,True,1.0
NORT_ARTIC_3,24694,236,1139,5,15,2,1395,0.3690989067341942,True,False,False,True,False,True,1.0
NORT_ARTIC_3,24700,145,817,5,7,1,974,0.025772848571246107,True,True,False,True,False,True,0.5808340586537993
NORT_ARTIC_3,24810,7462,2268,45,8,3,9783,0.19231020577273825,True,False,False,False,False,True,1.0
NORT_ARTIC_3,24913,1142,4062,11,34,2,5249,0.7174232478900406,True,False,False,False,False,True,1.0
NORT_ARTIC_3,26216,554,1199,5,7,1,1765,0.5351361043431319,True,False,False,True,False,True,1.0
NORT_ARTIC_3,26510,1312,3525,12,30,3,4879,0.8618973646174978,True,False,False,False,False,True,1.0
NORT_ARTIC_3,26927,1578,166,17,3,2,1764,0.4308250101541389,True,False,False,True,False,True,1.0
NORT_ARTIC_3,1063,911,147,0,0,1,1058,1.0,True,False,True,True,False,True,1.0
NORT_ARTIC_3,1224,246,1406,4,19,2,1675,0.7663918654223179,True,False,False,True,False,True,1.0
NORT_ARTIC_3,4475,1384,1045,4,4,1,2437,0.7319367763699236,True,False,False,True,False,True,1.0
NORT_ARTIC_3,6600,3671,1348,13,5,2,5037,1.0,True,False,False,True,False,True,1.0
NORT_ARTIC_3,8590,146,1261,0,3,1,1410,1.0,True,False,True,True,False,True,1.0
NORT_ARTIC_3,9225,1252,2465,52,22,2,3791,2.440753172831324e-10,True,False,False,False,False,True,1.6776364386382802e-08
NORT_ARTIC_3,9522,846,997,5,7,1,1855,1.0,True,False,False,False,False,True,1.0
NORT_ARTIC_3,10897,438,631,10,7,1,1086,0.1454006359555871,True,False,False,False,False,True,1.0
NORT_ARTIC_3,12559,2033,424,7,4,1,2468,0.10699027408756785,True,False,False,True,False,True,1.0
NORT_ARTIC_3,14708,1625,782,4,2,2,2413,1.0,True,False,False,True,False,True,1.0
NORT_ARTIC_3,17144,4392,678,19,15,1,5104,1.2800446807981557e-05,True,False,False,True,False,True,0.0006120561468294659
NORT_ARTIC_3,17502,1052,218,1,1,1,1272,0.3148093166872022,True,False,False,True,False,True,1.0
NORT_ARTIC_3,18596,529,4499,90,23,3,5141,2.0494847087865178e-63,True,False,False,False,False,True,4.2931824923580445e-61
NORT_ARTIC_3,21343,191,930,5,9,1,1135,0.07708913534785322,True,False,False,True,False,True,0.980486627415278
NORT_ARTIC_3,23929,1099,259,2,1,1,1361,0.4708714365845213,True,False,False,True,False,True,1.0
NORT_ARTIC_3,26383,3471,1483,26,27,2,5007,0.0014480692617687054,True,False,False,False,False,True,0.047185605055707666
NORT_ARTIC_3,28346,406,1827,10,12,1,2255,0.0031868213484036213,True,False,False,True,False,True,0.09803375602536735
NORT_ARTIC_3,2123,27,191,0,0,1,218,1.0,True,True,True,True,False,True,1.0
NORT_ARTIC_3,3453,310,2252,2,5,3,2569,0.20494225326914264,True,False,False,True,False,True,1.0
NORT_ARTIC_3,4824,230,297,0,0,1,527,1.0,True,True,True,True,False,True,1.0
NORT_ARTIC_3,6293,3101,335,8,0,1,3444,1.0,True,False,True,True,False,True,1.0
NORT_ARTIC_3,6706,270,577,0,0,1,847,1.0,True,True,True,True,False,True,1.0
NORT_ARTIC_3,14976,1030,154,0,0,1,1184,1.0,True,False,True,True,False,True,1.0
NORT_ARTIC_3,22278,11,56,2,0,1,69,0.03324808184143222,True,True,True,True,False,True,0.658821225317389
NORT_ARTIC_3,26827,1324,3897,9,20,2,5250,0.5210151518465621,True,False,False,False,False,True,1.0
NORT_ARTIC_3,28624,839,4106,0,116,4,5061,1.0358380862401585e-09,True,False,True,False,False,True,6.904017789955237e-08
NORT_ARTIC_3,5507,1365,6410,13,36,2,7824,0.12890620894427435,True,False,False,False,False,True,1.0
NORT_ARTIC_3,5515,359,2901,5,28,1,3293,0.403595806673239,True,False,False,True,False,True,1.0
NORT_ARTIC_3,5571,2269,9348,25,42,3,11684,0.0009273494032155157,True,False,False,False,False,True,0.032898467941492364
NORT_ARTIC_3,5746,980,922,0,5,2,1907,0.026991798560122172,True,False,True,True,False,True,0.5820437346371442
NORT_ARTIC_3,9299,1846,212,11,2,1,2071,0.6363519993485769,True,False,False,True,False,True,1.0
NORT_ARTIC_3,9533,5715,3163,33,23,2,8934,0.403478121029032,True,False,False,False,False,True,1.0
NORT_ARTIC_3,10461,1336,139,13,3,1,1491,0.18989541297529539,True,False,False,True,False,True,1.0
NORT_ARTIC_3,13345,1107,2599,8,14,1,3728,0.490981786229732,True,False,False,False,False,True,1.0
NORT_ARTIC_3,13642,1105,1415,7,14,1,2541,0.38325226654752076,True,False,False,False,False,True,1.0
NORT_ARTIC_3,13719,3257,553,28,8,3,3846,0.22990847980277415,True,False,False,False,False,True,1.0
NORT_ARTIC_3,14765,582,2034,8,9,1,2633,0.034407257728453704,True,False,False,True,False,True,0.6697235696790612
NORT_ARTIC_3,15911,7671,5835,41,30,3,13577,0.9049287649117905,True,False,False,False,False,True,1.0
NORT_ARTIC_3,18048,2977,1078,25,10,2,4090,0.8477096501569359,True,False,False,False,False,True,1.0
NORT_ARTIC_3,18060,1905,541,9,5,3,2460,0.21028933013561726,True,False,False,True,False,True,1.0
NORT_ARTIC_3,18878,160,719,1,8,1,888,1.0,True,True,False,True,False,True,1.0
NORT_ARTIC_3,19084,1577,1763,14,17,2,3371,0.8583783369588349,True,False,False,False,False,True,1.0
NORT_ARTIC_3,19234,139,1149,1,13,1,1302,1.0,True,False,False,True,False,True,1.0
NORT_ARTIC_3,21712,134,916,2,10,1,1062,0.6586957236001503,True,False,False,True,False,True,1.0
NORT_ARTIC_3,23902,6771,1625,38,11,4,8445,0.5866126895266464,True,False,False,False,False,True,1.0
NORT_ARTIC_3,25005,5424,3987,24,21,2,9456,0.6505749289896446,True,False,False,False,False,True,1.0
NORT_ARTIC_3,25254,574,1784,2,82,2,2442,5.913121307855662e-08,True,False,False,False,False,True,3.385464287119054e-06
NORT_ARTIC_3,26793,447,1360,1,1,1,1809,0.43407348703874915,True,False,False,True,False,True,1.0
NORT_ARTIC_3,27178,1043,959,8,7,1,2017,1.0,True,False,False,False,False,True,1.0
NORT_ARTIC_3,1504,133,693,3,13,2,842,0.7325358457093245,True,True,False,True,False,True,1.0
NORT_ARTIC_3,1637,3292,1399,27,12,2,4730,0.8621659673905142,True,False,False,False,False,True,1.0
NORT_ARTIC_3,2364,2768,1777,15,13,2,4573,0.44230531904213055,True,False,False,False,False,True,1.0
NORT_ARTIC_3,3267,975,207,5,2,1,1189,0.35588465158020516,True,False,False,True,False,True,1.0
NORT_ARTIC_3,3833,2338,410,19,3,2,2770,1.0,True,False,False,True,False,True,1.0
NORT_ARTIC_3,5019,3797,823,25,6,2,4651,0.813846922108448,True,False,False,False,False,True,1.0
NORT_ARTIC_3,6204,11144,2690,54,12,4,13900,0.877231260147031,True,False,False,False,False,True,1.0
NORT_ARTIC_3,9521,760,1129,1,5,1,1895,0.4114453403579379,True,False,False,True,False,True,1.0
NORT_ARTIC_3,15560,1114,110,10,2,1,1236,0.2976426621821661,True,False,False,True,False,True,1.0
NORT_ARTIC_3,16253,2205,538,21,8,2,2772,0.3444688308919387,True,False,False,False,False,True,1.0
NORT_ARTIC_3,20772,1470,3166,12,10,2,4658,0.035736429699365975,True,False,False,False,False,True,0.6834980619456997
NORT_ARTIC_3,23153,767,53,8,1,1,829,0.456247721100318,True,True,False,True,False,True,1.0
NORT_ARTIC_3,26153,241,646,0,0,1,887,1.0,True,True,True,True,False,True,1.0
NORT_ARTIC_3,2719,143,363,120,296,1,922,0.8835141443834247,True,True,False,False,False,True,1.0
NORT_ARTIC_3,2856,1516,726,9,9,1,2260,0.13073731296292734,True,False,False,False,False,True,1.0
NORT_ARTIC_3,4754,1251,260,4,0,1,1515,1.0,True,False,True,True,False,True,1.0
NORT_ARTIC_3,4944,1581,2582,11,21,2,4195,0.7190065910539387,True,False,False,False,False,True,1.0
NORT_ARTIC_3,6823,2330,3569,14,29,2,5942,0.43420966290716656,True,False,False,False,False,True,1.0
NORT_ARTIC_3,7083,829,218,2,0,1,1049,1.0,True,False,True,True,False,True,1.0
NORT_ARTIC_3,8661,1101,77,11,1,1,1190,0.558436661583319,True,False,False,True,False,True,1.0
NORT_ARTIC_3,11290,1385,9025,9,56,3,10475,0.8548006618539146,True,False,False,False,False,True,1.0
NORT_ARTIC_3,13020,1517,1060,9,7,1,2593,0.8057303737609578,True,False,False,False,False,True,1.0
NORT_ARTIC_3,17978,3407,1902,44,13,3,5366,0.050679050312729,True,False,False,False,False,True,0.8060419536496433
NORT_ARTIC_3,18008,4261,1770,31,15,3,6077,0.6278015122329965,True,False,False,False,False,True,1.0
NORT_ARTIC_3,20793,153,2329,3,16,1,2501,0.11077059016461546,True,False,False,True,False,True,1.0
NORT_ARTIC_3,21220,817,148,0,0,1,965,1.0,True,True,True,True,False,True,1.0
NORT_ARTIC_3,22847,101,724,1,7,1,833,1.0,True,True,False,True,False,True,1.0
NORT_ARTIC_3,24177,647,79,8,2,1,736,0.3029728346664978,True,True,False,True,False,True,1.0
NORT_ARTIC_3,25101,2403,451,15,4,1,2873,0.5262364392353479,True,False,False,True,False,True,1.0
NORT_ARTIC_3,25216,1074,3437,2,122,4,4635,5.881753085014199e-12,True,False,False,False,False,True,4.5392687405223614e-10
NORT_ARTIC_3,25240,775,3260,6,93,2,4134,0.0003767280952859057,True,False,False,False,False,True,0.014796668671095529
NORT_ARTIC_3,25277,387,2180,0,83,2,2650,3.713445941386238e-06,True,False,True,False,False,True,0.00018150498551286736
NORT_ARTIC_3,26080,1541,354,14,8,2,1917,0.050401375078112196,True,False,False,True,False,True,0.8060419536496433
NORT_ARTIC_3,28758,567,710,9,9,1,1295,0.6418375629820757,True,False,False,False,False,True,1.0
NORT_ARTIC_3,29296,496,1817,38,42,2,2393,3.9894661804373493e-07,True,False,False,False,False,True,2.1666249046597407e-05
NORT_ARTIC_3,29604,2123,2585,1,3,2,4712,0.6320841701417114,True,False,False,True,False,True,1.0
NORT_ARTIC_3,487,330,107,15,10,1,462,0.09779192540326354,True,True,False,False,False,True,1.0
NORT_ARTIC_3,5685,4072,1321,30,15,2,5438,0.1676254295890926,True,False,False,False,False,True,1.0
NORT_ARTIC_3,6408,658,3715,5,13,2,4391,0.1749463799972032,True,False,False,True,False,True,1.0
NORT_ARTIC_3,7507,2212,3167,88,36,2,5503,3.64304140903294e-11,True,False,False,False,False,True,2.627170353825558e-09
NORT_ARTIC_3,9679,355,292,4,7,1,658,0.23967883573569876,True,True,False,True,False,True,1.0
NORT_ARTIC_3,12458,4257,1944,75,11,3,6287,9.282575778429532e-05,True,False,False,False,False,True,0.004124651600940557
NORT_ARTIC_3,25247,370,2033,0,86,2,2489,1.3473614554901441e-06,True,False,True,False,False,True,6.81269315253005e-05
NORT_ARTIC_3,25593,40,569,0,0,1,609,1.0,True,True,True,True,False,True,1.0
NORT_ARTIC_3,26106,812,170,0,0,1,982,1.0,True,True,True,True,False,True,1.0
NORT_ARTIC_3,2265,2131,248,0,0,1,2379,1.0,True,False,True,True,False,True,1.0
NORT_ARTIC_3,2385,5628,5466,37,39,4,11170,0.7314648811323297,True,False,False,False,False,True,1.0
NORT_ARTIC_3,2893,4471,799,27,12,2,5309,0.012389059467387293,True,False,False,False,False,True,0.3132153597530845
NORT_ARTIC_3,2966,8915,2528,47,20,2,11510,0.13937947617678104,True,False,False,False,False,True,1.0
NORT_ARTIC_3,4424,5507,2107,28,14,2,7656,0.3927733864016879,True,False,False,False,False,True,1.0
NORT_ARTIC_3,5371,12222,3203,65,22,3,15512,0.29085965674235437,True,False,False,False,False,True,1.0
NORT_ARTIC_3,6797,2039,1846,7,21,1,3913,0.0040095096077337605,True,False,False,False,False,True,0.12164022596152285
NORT_ARTIC_3,7252,2747,4708,121,26,3,7602,7.031728523536489e-29,True,False,False,False,False,True,9.978249604850648e-27
NORT_ARTIC_3,7465,3786,1466,19,11,1,5282,0.3086199706709485,True,False,False,False,False,True,1.0
NORT_ARTIC_3,7564,546,3423,5,21,1,3995,0.39210634827313606,True,False,False,True,False,True,1.0
NORT_ARTIC_3,7926,140,1440,19,170,1,1769,0.590158929250419,True,False,False,False,False,True,1.0
NORT_ARTIC_3,9009,1065,187,15,2,1,1269,1.0,True,False,False,True,False,True,1.0
NORT_ARTIC_3,9223,1725,1137,24,12,1,2898,0.49573846669444466,True,False,False,False,False,True,1.0
NORT_ARTIC_3,10595,1135,1245,13,14,2,2407,1.0,True,False,False,False,False,True,1.0
NORT_ARTIC_3,11127,5757,768,25,9,1,6559,0.014872742084924858,True,False,False,True,False,True,0.3717340479067298
NORT_ARTIC_3,11151,5844,949,24,7,1,6824,0.188963257346647,True,False,False,True,False,True,1.0
NORT_ARTIC_3,12816,2354,1008,15,9,2,3386,0.502444789729344,True,False,False,False,False,True,1.0
NORT_ARTIC_3,12924,684,1543,0,2,1,2229,1.0,True,False,True,True,False,True,1.0
NORT_ARTIC_3,14213,236,1676,2,21,1,1935,1.0,True,False,False,True,False,True,1.0
NORT_ARTIC_3,16176,5380,5548,29,31,2,10988,0.8978805860971066,True,False,False,False,False,True,1.0
NORT_ARTIC_3,16612,2354,2023,20,15,2,4412,0.7360772343119395,True,False,False,False,False,True,1.0
NORT_ARTIC_3,17634,149,933,55,378,1,1515,0.6178123702280146,True,False,False,False,False,True,1.0
NORT_ARTIC_3,17902,384,567,14,28,2,993,0.42273581463035875,True,True,False,False,False,True,1.0
NORT_ARTIC_3,18509,2135,3067,18,21,2,5241,0.5182958089865176,True,False,False,False,False,True,1.0
NORT_ARTIC_3,18972,1044,814,471,112,1,2441,2.5094428051351794e-28,True,False,False,False,False,True,3.4496996561842666e-26
NORT_ARTIC_3,19025,7924,3090,67,26,3,11107,1.0,True,False,False,False,False,True,1.0
NORT_ARTIC_3,19863,619,1758,5,12,1,2394,0.782620532026727,True,False,False,True,False,True,1.0
NORT_ARTIC_3,21131,1030,1108,7,7,1,2152,1.0,True,False,False,False,False,True,1.0
NORT_ARTIC_3,22072,601,222,8,5,1,836,0.3552049176205077,True,True,False,True,False,True,1.0
NORT_ARTIC_3,22110,1547,785,13,10,2,2355,0.3760061438673624,True,False,False,False,False,True,1.0
NORT_ARTIC_3,22411,253,61,2,0,1,316,1.0,True,True,True,True,False,True,1.0
NORT_ARTIC_3,22792,883,2204,2,10,1,3099,0.5273182300093253,True,False,False,True,False,True,1.0
NORT_ARTIC_3,24942,1723,6709,17,45,4,8494,0.20455555358672953,True,False,False,False,False,True,1.0
NORT_ARTIC_3,25401,1396,283,0,0,1,1679,1.0,True,False,True,True,False,True,1.0
NORT_ARTIC_3,25902,1578,5677,18,33,3,7306,0.026143474338134184,True,False,False,False,False,True,0.5808340586537993
NORT_ARTIC_3,26365,2887,714,20,4,1,3625,1.0,True,False,False,True,False,True,1.0
NORT_ARTIC_3,26422,6126,8456,35,53,4,14670,0.7454829666096321,True,False,False,False,False,True,1.0
NORT_ARTIC_3,26497,613,3185,6,16,1,3820,0.15256219511912356,True,False,False,True,False,True,1.0
NORT_ARTIC_3,27296,4022,1385,24,16,2,5447,0.045492959684789364,True,False,False,False,False,True,0.7821564378871305
NORT_ARTIC_3,28113,1632,1568,12,13,2,3225,0.8421073472458569,True,False,False,False,False,True,1.0
NORT_ARTIC_3,2589,1943,627,17,8,1,2595,0.3573986041880597,True,False,False,False,False,True,1.0
NORT_ARTIC_3,2615,3237,1188,24,16,2,4465,0.07289669417605635,True,False,False,False,False,True,0.9525092501774175
NORT_ARTIC_3,2903,3302,1029,15,7,1,4353,0.44961575264028575,True,False,False,False,False,True,1.0
NORT_ARTIC_3,3252,1751,757,13,9,1,2530,0.3501320694917179,True,False,False,False,False,True,1.0
NORT_ARTIC_3,3797,1652,686,8,8,1,2354,0.09552955768773506,True,False,False,True,False,True,1.0
NORT_ARTIC_3,4222,4154,3657,31,28,3,7870,1.0,True,False,False,False,False,True,1.0
NORT_ARTIC_3,4463,6716,5843,38,40,2,12637,0.42662733133759945,True,False,False,False,False,True,1.0
NORT_ARTIC_3,4855,1689,3581,16,24,2,5310,0.30855239471343643,True,False,False,False,False,True,1.0
NORT_ARTIC_3,4888,1022,2091,3,13,1,3129,0.29316649811275314,True,False,False,False,False,True,1.0
NORT_ARTIC_3,5606,4124,4832,26,31,2,9013,1.0,True,False,False,False,False,True,1.0
NORT_ARTIC_3,5985,1814,430,13,5,1,2262,0.36666241270998823,True,False,False,True,False,True,1.0
NORT_ARTIC_3,6251,17371,5180,86,23,4,22660,0.732236156597552,True,False,False,False,False,True,1.0
NORT_ARTIC_3,6342,2591,3558,11,14,1,6174,0.8423154090845573,True,False,False,False,False,True,1.0
NORT_ARTIC_3,6409,1368,5651,10,24,1,7053,0.18920975059633083,True,False,False,False,False,True,1.0
NORT_ARTIC_3,6412,2217,9560,12,53,2,11842,1.0,True,False,False,False,False,True,1.0
NORT_ARTIC_3,6803,1707,2613,9,18,1,4347,0.5599037025189829,True,False,False,False,False,True,1.0
NORT_ARTIC_3,7413,6311,3128,43,24,3,9506,0.6962243254938001,True,False,False,False,False,True,1.0
NORT_ARTIC_3,7426,3731,1524,22,8,1,5285,1.0,True,False,False,False,False,True,1.0
NORT_ARTIC_3,7525,1991,3264,12,18,1,5285,0.8512764782969715,True,False,False,False,False,True,1.0
NORT_ARTIC_3,7601,3172,5648,16,32,2,8868,0.7646737428223078,True,False,False,False,False,True,1.0
NORT_ARTIC_3,7676,1646,943,10,8,1,2607,0.47229428689231034,True,False,False,False,False,True,1.0
NORT_ARTIC_3,7924,486,1833,6,8,1,2333,0.09064056815884508,True,False,False,True,False,True,1.0
NORT_ARTIC_3,7986,5218,2119,24,17,2,7378,0.08469814371187624,True,False,False,False,False,True,1.0
NORT_ARTIC_3,8679,4095,886,32,8,3,5021,0.6795329877232738,True,False,False,False,False,True,1.0
NORT_ARTIC_3,10569,1323,909,11,10,1,2253,0.5139377094884587,True,False,False,False,False,True,1.0
NORT_ARTIC_3,11404,2894,831,13,6,1,3744,0.40448239224654386,True,False,False,True,False,True,1.0
NORT_ARTIC_3,11498,1582,1779,11,9,1,3381,0.5080745835100158,True,False,False,False,False,True,1.0
NORT_ARTIC_3,12186,3558,2506,25,12,2,6101,0.3170925088398445,True,False,False,False,False,True,1.0
NORT_ARTIC_3,12324,759,1781,5,12,1,2557,1.0,True,False,False,False,False,True,1.0
NORT_ARTIC_3,12915,1372,1234,3,4,1,2613,0.714235497437018,True,False,False,True,False,True,1.0
NORT_ARTIC_3,13613,1102,2375,8,14,1,3499,0.6493116290262859,True,False,False,False,False,True,1.0
NORT_ARTIC_3,13670,1757,1424,9,12,1,3202,0.27757553630916737,True,False,False,False,False,True,1.0
NORT_ARTIC_3,13695,1919,545,12,6,1,2482,0.25798742969006805,True,False,False,True,False,True,1.0
NORT_ARTIC_3,14294,1465,468,13,4,1,1950,1.0,True,False,False,True,False,True,1.0
NORT_ARTIC_3,14671,6759,1915,46,17,2,8737,0.3606980526376271,True,False,False,False,False,True,1.0
NORT_ARTIC_3,14761,2532,5515,15,30,2,8092,0.7505973813630684,True,False,False,False,False,True,1.0
NORT_ARTIC_3,14971,1826,741,13,7,1,2587,0.6207495867075093,True,False,False,False,False,True,1.0
NORT_ARTIC_3,15005,2930,1472,20,12,2,4434,0.7072824500179767,True,False,False,False,False,True,1.0
NORT_ARTIC_3,15276,7102,2319,44,15,3,9480,0.8798712380080678,True,False,False,False,False,True,1.0
NORT_ARTIC_3,15572,2141,625,13,5,1,2784,0.576421977990389,True,False,False,True,False,True,1.0
NORT_ARTIC_3,15926,3177,925,20,7,1,4129,0.647194031639531,True,False,False,False,False,True,1.0
NORT_ARTIC_3,16261,11266,3804,66,24,4,15160,0.7169134699734097,True,False,False,False,False,True,1.0
NORT_ARTIC_3,16424,4207,12565,33,85,5,16890,0.4573649383376064,True,False,False,False,False,True,1.0
NORT_ARTIC_3,16443,396,1694,6,5,1,2101,0.009153838021785505,True,False,False,True,False,True,0.24856625591255824
NORT_ARTIC_3,17332,4171,10960,27,61,2,15219,0.5497498007321298,True,False,False,False,False,True,1.0
NORT_ARTIC_3,17355,4614,12626,28,59,3,17327,0.2744934609633024,True,False,False,False,False,True,1.0
NORT_ARTIC_3,17384,1633,10388,9,51,3,12081,0.7061271451517565,True,False,False,False,False,True,1.0
NORT_ARTIC_3,17826,852,441,10,6,1,1309,0.794048450312118,True,False,False,False,False,True,1.0
NORT_ARTIC_3,17935,376,851,3,8,1,1238,1.0,True,False,False,True,False,True,1.0
NORT_ARTIC_3,17956,2983,4713,25,37,3,7758,0.7950113888444823,True,False,False,False,False,True,1.0
NORT_ARTIC_3,18168,1117,1257,9,7,1,2390,0.616805366307903,True,False,False,False,False,True,1.0
NORT_ARTIC_3,18448,1756,1259,8,7,1,3030,0.7949322205074252,True,False,False,False,False,True,1.0
NORT_ARTIC_3,18614,1363,2279,10,22,1,3674,0.5830281457706761,True,False,False,False,False,True,1.0
NORT_ARTIC_3,18857,910,2488,9,22,2,3429,0.8386649936165533,True,False,False,False,False,True,1.0
NORT_ARTIC_3,18977,1856,994,20,13,1,2883,0.5858706320658389,True,False,False,False,False,True,1.0
NORT_ARTIC_3,20239,579,310,7,4,1,900,1.0,True,True,False,True,False,True,1.0
NORT_ARTIC_3,20612,15373,5215,75,31,4,20694,0.37054895968920265,True,False,False,False,False,True,1.0
NORT_ARTIC_3,20889,6796,2231,32,16,2,9075,0.17987453139892395,True,False,False,False,False,True,1.0
NORT_ARTIC_3,20999,831,1798,9,12,1,2650,0.34537750109351395,True,False,False,False,False,True,1.0
NORT_ARTIC_3,22801,491,1513,1,4,1,2009,1.0,True,False,False,True,False,True,1.0
NORT_ARTIC_3,23247,2715,1547,25,17,2,4304,0.6293245654175494,True,False,False,False,False,True,1.0
NORT_ARTIC_3,24232,4341,2520,32,22,3,6915,0.5719814451068093,True,False,False,False,False,True,1.0
NORT_ARTIC_3,24309,1029,1581,9,11,1,2630,0.6498953422393299,True,False,False,False,False,True,1.0
NORT_ARTIC_3,24377,2468,5809,21,36,3,8334,0.24789910340600968,True,False,False,False,False,True,1.0
NORT_ARTIC_3,24778,5319,1780,30,13,2,7142,0.479958661588174,True,False,False,False,False,True,1.0
NORT_ARTIC_3,24786,2593,787,15,5,1,3400,0.7946305023534677,True,False,False,True,False,True,1.0
NORT_ARTIC_3,24877,2189,3691,17,27,2,5924,0.8762037610922901,True,False,False,False,False,True,1.0
NORT_ARTIC_3,25729,2732,1414,16,8,1,4170,1.0,True,False,False,False,False,True,1.0
NORT_ARTIC_3,25893,884,2347,9,14,1,3254,0.24011321464495328,True,False,False,False,False,True,1.0
NORT_ARTIC_3,26246,1099,1683,7,14,1,2803,0.6579970479877899,True,False,False,False,False,True,1.0
NORT_ARTIC_3,27513,727,414,2,14,1,1157,4.12728254265951e-05,True,False,False,False,False,True,0.0018912412401207483
NORT_ARTIC_3,1087,1083,437,7,5,1,1532,0.3437323875140233,True,False,False,True,False,True,1.0
NORT_ARTIC_3,1373,730,291,7,6,1,1034,0.21398146430121665,True,False,False,True,False,True,1.0
NORT_ARTIC_3,2283,982,343,8,4,1,1337,0.5210002822573211,True,False,False,True,False,True,1.0
NORT_ARTIC_3,3259,3430,1278,26,13,2,4747,0.3713640711734894,True,False,False,False,False,True,1.0
NORT_ARTIC_3,5061,771,295,7,4,1,1077,0.5094829660883373,True,False,False,True,False,True,1.0
NORT_ARTIC_3,7945,530,1888,28,83,1,2529,0.41320684929703433,True,False,False,False,False,True,1.0
NORT_ARTIC_3,8252,1397,5712,17,39,4,7165,0.06143747007666105,True,False,False,False,False,True,0.8796899275424369
NORT_ARTIC_3,10403,1238,1843,10,9,1,3100,0.34834251790531306,True,False,False,False,False,True,1.0
NORT_ARTIC_3,10702,1340,1344,16,31,1,2731,0.03851952011700059,True,False,False,False,False,True,0.7031011161605212
NORT_ARTIC_3,13099,2806,1114,19,9,1,3948,0.6759635258975546,True,False,False,False,False,True,1.0
NORT_ARTIC_3,13474,2218,1097,29,15,3,3359,0.8730708700981205,True,False,False,False,False,True,1.0
NORT_ARTIC_3,14180,856,2024,8,14,1,2902,0.4889368866236141,True,False,False,False,False,True,1.0
NORT_ARTIC_3,14236,1371,1822,9,10,1,3212,0.8171182423032118,True,False,False,False,False,True,1.0
NORT_ARTIC_3,14519,372,1136,7,11,1,1526,0.17383001846057566,True,False,False,True,False,True,1.0
NORT_ARTIC_3,14835,2103,5076,13,35,2,7227,0.8737557298807457,True,False,False,False,False,True,1.0
NORT_ARTIC_3,14878,1776,3823,14,21,2,5634,0.36204406364593505,True,False,False,False,False,True,1.0
NORT_ARTIC_3,15012,4519,2049,34,23,3,6625,0.15145299684459315,True,False,False,False,False,True,1.0
NORT_ARTIC_3,15263,3336,1118,13,5,2,4472,0.7873043278877896,True,False,False,True,False,True,1.0
NORT_ARTIC_3,15810,380,1174,1,2,1,1557,0.5693894293761168,True,False,False,True,False,True,1.0
NORT_ARTIC_3,16262,526,211,6,4,1,747,0.4848653047846329,True,True,False,True,False,True,1.0
NORT_ARTIC_3,18042,1465,655,9,7,1,2136,0.28355913331546634,True,False,False,True,False,True,1.0
NORT_ARTIC_3,19331,95,34,4,2,1,135,0.657229997984242,True,True,False,True,False,True,1.0
NORT_ARTIC_3,19727,3629,1899,24,16,2,5568,0.5045336318668048,True,False,False,False,False,True,1.0
NORT_ARTIC_3,20459,146,360,3,12,1,521,0.5718242321181414,True,True,False,True,False,True,1.0
NORT_ARTIC_3,20789,1755,2272,18,21,2,4066,0.7485341910253931,True,False,False,False,False,True,1.0
NORT_ARTIC_3,20856,2880,1860,17,13,2,4770,0.7087727526350036,True,False,False,False,False,True,1.0
NORT_ARTIC_3,22104,143,118,0,0,1,261,1.0,True,True,True,True,False,True,1.0
NORT_ARTIC_3,24401,460,1317,7,12,1,1796,0.29528613906160056,True,False,False,True,False,True,1.0
NORT_ARTIC_3,24858,10586,9135,137,96,8,19954,0.12851560157038977,True,False,False,False,False,True,1.0
NORT_ARTIC_3,25123,2569,1312,1,1,1,3883,1.0,True,False,False,True,False,True,1.0
NORT_ARTIC_3,28140,3068,2043,17,17,2,5145,0.29185800735760004,True,False,False,False,False,True,1.0
NORT_ARTIC_3,28374,543,1609,2,2,1,2156,0.2663284625553842,True,False,False,True,False,True,1.0
NORT_ARTIC_3,1375,559,202,7,4,1,772,0.49602078907230973,True,True,False,True,False,True,1.0
NORT_ARTIC_3,2110,54,130,1,1,1,186,0.5050857308921826,True,True,False,True,False,True,1.0
NORT_ARTIC_3,3254,1238,461,10,6,1,1715,0.39775372215214144,True,False,False,True,False,True,1.0
NORT_ARTIC_3,3748,2361,2617,34,28,5,5040,0.25243466870309006,True,False,False,False,False,True,1.0
NORT_ARTIC_3,7806,1712,1614,8,16,2,3350,0.10003710168281157,True,False,False,False,False,True,1.0
NORT_ARTIC_3,11400,730,193,10,3,1,936,0.7410182489942184,True,True,False,True,False,True,1.0
NORT_ARTIC_3,11633,6932,7132,42,49,3,14155,0.5994451356432138,True,False,False,False,False,True,1.0
NORT_ARTIC_3,14870,150,1064,3,9,1,1226,0.1805679490643866,True,False,False,True,False,True,1.0
NORT_ARTIC_3,18570,365,999,1,2,1,1367,1.0,True,False,False,True,False,True,1.0
NORT_ARTIC_3,21995,2129,818,2,0,10,2949,1.0,False,False,True,True,False,True,1.0
NORT_ARTIC_3,22024,22,9,2,2,1,35,0.5747899159663864,True,True,False,True,False,True,1.0
NORT_ARTIC_3,22603,912,406,9,7,1,1334,0.2821826483493758,True,False,False,True,False,True,1.0
NORT_ARTIC_3,25614,2302,8483,756,185,10,11726,1.45278153729573e-293,False,False,False,False,False,False,2.1302619941879722e-290
NORT_ARTIC_3,25626,91,448,0,0,1,539,1.0,True,True,True,True,False,True,1.0
NORT_ARTIC_3,2131,508,1233,6,9,1,1756,0.39508822049892955,True,False,False,True,False,True,1.0
NORT_ARTIC_3,2347,2567,1772,16,11,1,4366,1.0,True,False,False,False,False,True,1.0
NORT_ARTIC_3,2392,2219,2136,15,11,1,4381,0.5580641624985855,True,False,False,False,False,True,1.0
NORT_ARTIC_3,2457,3615,7890,27,46,3,11578,0.31319547729696046,True,False,False,False,False,True,1.0
NORT_ARTIC_3,2561,2045,2340,12,13,1,4410,1.0,True,False,False,False,False,True,1.0
NORT_ARTIC_3,3147,532,2469,17,12,1,3030,1.1626858023596354e-06,True,False,False,False,False,True,5.9472730750930655e-05
NORT_ARTIC_3,3610,959,532,8,6,1,1505,0.5842821002245343,True,False,False,False,False,True,1.0
NORT_ARTIC_3,4284,1532,3565,10,18,1,5125,0.5373763007406847,True,False,False,False,False,True,1.0
NORT_ARTIC_3,4372,9409,8022,44,29,2,17504,0.2922172249792525,True,False,False,False,False,True,1.0
NORT_ARTIC_3,4397,3814,3080,21,20,1,6935,0.6383095764506224,True,False,False,False,False,True,1.0
NORT_ARTIC_3,4441,4852,2536,24,21,2,7433,0.08545493590666338,True,False,False,False,False,True,1.0
NORT_ARTIC_3,4593,1314,4392,11,26,2,5743,0.33030355804350875,True,False,False,False,False,True,1.0
NORT_ARTIC_3,4739,3010,1339,25,10,2,4384,0.8559242269551625,True,False,False,False,False,True,1.0
NORT_ARTIC_3,4830,1164,1849,8,13,1,3034,1.0,True,False,False,False,False,True,1.0
NORT_ARTIC_3,5707,2717,1552,19,13,1,4301,0.7126922954086248,True,False,False,False,False,True,1.0
NORT_ARTIC_3,5870,1586,4133,12,26,2,5757,0.5883301354321322,True,False,False,False,False,True,1.0
NORT_ARTIC_3,5881,2249,3469,15,27,2,5760,0.7516445835316816,True,False,False,False,False,True,1.0
NORT_ARTIC_3,6148,1540,5597,5,121,6,7263,5.925909300026533e-08,True,False,False,False,False,True,3.385464287119054e-06
NORT_ARTIC_3,6313,11568,4449,52,29,3,16098,0.13479931463092765,True,False,False,False,False,True,1.0
NORT_ARTIC_3,7458,12087,4910,68,37,3,17102,0.160709050556501,True,False,False,False,False,True,1.0
NORT_ARTIC_3,7461,3662,1781,21,11,1,5475,0.8512796204792763,True,False,False,False,False,True,1.0
NORT_ARTIC_3,7496,2736,2302,13,14,1,5065,0.564759964464516,True,False,False,False,False,True,1.0
NORT_ARTIC_3,7690,1654,352,10,3,1,2019,0.7118169291829466,True,False,False,True,False,True,1.0
NORT_ARTIC_3,8090,4530,1917,57,15,2,6519,0.11888714453730644,True,False,False,False,False,True,1.0
NORT_ARTIC_3,9115,1428,1922,11,13,1,3374,0.8368001026047462,True,False,False,False,False,True,1.0
NORT_ARTIC_3,9806,1744,3965,16,31,2,5756,0.6341480128015469,True,False,False,False,False,True,1.0
NORT_ARTIC_3,10041,629,1373,8,13,1,2023,0.4884931179206753,True,False,False,False,False,True,1.0
NORT_ARTIC_3,10152,1628,890,11,10,1,2539,0.25719805902844894,True,False,False,False,False,True,1.0
NORT_ARTIC_3,10383,2609,5054,23,37,3,7723,0.4958564339933845,True,False,False,False,False,True,1.0
NORT_ARTIC_3,11220,2274,3309,10,15,1,5608,1.0,True,False,False,False,False,True,1.0
NORT_ARTIC_3,11413,3182,1664,26,11,1,4883,0.6066933613205734,True,False,False,False,False,True,1.0
NORT_ARTIC_3,11482,1928,2074,9,12,1,4023,0.6674024656444368,True,False,False,False,False,True,1.0
NORT_ARTIC_3,11740,2712,3779,40,35,2,6566,0.045959415558823796,True,False,False,False,False,True,0.7821564378871305
NORT_ARTIC_3,11934,1609,1272,14,8,1,2903,0.5235029488645668,True,False,False,False,False,True,1.0
NORT_ARTIC_3,12483,1936,415,14,4,1,2369,0.5428135445555691,True,False,False,True,False,True,1.0
NORT_ARTIC_3,13039,6454,3771,36,15,3,10276,0.3099440743052112,True,False,False,False,False,True,1.0
NORT_ARTIC_3,13060,7640,5026,35,27,2,12728,0.603062246415916,True,False,False,False,False,True,1.0
NORT_ARTIC_3,13838,1201,2410,11,17,1,3639,0.547187535761003,True,False,False,False,False,True,1.0
NORT_ARTIC_3,14095,1298,1173,11,10,1,2492,1.0,True,False,False,False,False,True,1.0
NORT_ARTIC_3,14853,2603,7724,17,52,4,10396,1.0,True,False,False,False,False,True,1.0
NORT_ARTIC_3,14859,1584,4922,8,27,2,6541,1.0,True,False,False,False,False,True,1.0
NORT_ARTIC_3,14861,854,6666,9,44,3,7573,0.19306309909675162,True,False,False,False,False,True,1.0
NORT_ARTIC_3,15887,2158,405,12,4,1,2579,0.30295948113343796,True,False,False,True,False,True,1.0
NORT_ARTIC_3,16338,987,1723,87,181,1,2978,0.2057407602790633,True,False,False,False,False,True,1.0
NORT_ARTIC_3,16717,844,1922,8,12,1,2786,0.34163498989002783,True,False,False,False,False,True,1.0
NORT_ARTIC_3,16850,2957,1035,15,7,1,4014,0.6253252034024025,True,False,False,False,False,True,1.0
NORT_ARTIC_3,18321,1650,1516,15,13,1,3194,1.0,True,False,False,False,False,True,1.0
NORT_ARTIC_3,18432,3784,2471,24,11,2,6290,0.3880860996807355,True,False,False,False,False,True,1.0
NORT_ARTIC_3,18526,1423,2457,15,20,1,3915,0.483003366020416,True,False,False,False,False,True,1.0
NORT_ARTIC_3,19012,5605,2481,41,17,3,8144,0.8871632747761962,True,False,False,False,False,True,1.0
NORT_ARTIC_3,24101,695,1482,5,9,1,2191,0.7772487306376762,True,False,False,True,False,True,1.0
NORT_ARTIC_3,24912,1840,4527,99,452,3,6918,1.4899836157568019e-08,True,False,False,False,False,True,9.10338600793635e-07
NORT_ARTIC_3,25314,1553,540,39,36,1,2168,5.100114956094715e-05,True,False,False,False,False,True,0.002312928421841304
NORT_ARTIC_3,25317,1543,551,38,17,1,2149,0.44091838315514864,True,False,False,False,False,True,1.0
NORT_ARTIC_3,25910,1427,5350,12,44,4,6833,1.0,True,False,False,False,False,True,1.0
NORT_ARTIC_3,25962,924,967,8,5,1,1904,0.41376079515599834,True,False,False,False,False,True,1.0
NORT_ARTIC_3,25980,3821,5586,28,32,4,9467,0.35788265685926385,True,False,False,False,False,True,1.0
NORT_ARTIC_3,26264,1105,1366,9,8,1,2488,0.6260464430008286,True,False,False,False,False,True,1.0
NORT_ARTIC_3,26496,928,1755,7,14,1,2704,1.0,True,False,False,False,False,True,1.0
NORT_ARTIC_3,27738,437,1018,7,10,1,1472,0.30244461628127284,True,False,False,False,False,True,1.0
NORT_ARTIC_3,27860,6247,1487,42,14,3,7790,0.3058423929081042,True,False,False,False,False,True,1.0
NORT_ARTIC_3,27935,6747,3663,47,32,5,10489,0.3448342208149583,True,False,False,False,False,True,1.0
NORT_ARTIC_3,27938,2315,3258,14,22,2,5609,0.8656901450635213,True,False,False,False,False,True,1.0
NORT_ARTIC_3,28974,188,599,4,7,1,798,0.3075355216891399,True,True,False,True,False,True,1.0
NORT_ARTIC_3,1908,1472,2250,15,13,2,3750,0.17349958500124968,True,False,False,False,False,True,1.0
NORT_ARTIC_3,2703,642,739,9,4,1,1394,0.1604206297620104,True,False,False,False,False,True,1.0
NORT_ARTIC_3,3394,881,1703,8,14,1,2606,0.8238221005046359,True,False,False,False,False,True,1.0
NORT_ARTIC_3,4092,4457,4793,23,28,2,9301,0.6762369016310954,True,False,False,False,False,True,1.0
NORT_ARTIC_3,4360,12840,8561,56,53,4,21510,0.0773728048829086,True,False,False,False,False,True,0.9805129486020137
NORT_ARTIC_3,4411,24863,16723,128,98,8,41812,0.3415615969919596,True,False,False,False,False,True,1.0
NORT_ARTIC_3,5864,798,1810,10,13,1,2631,0.18104700869997498,True,False,False,False,False,True,1.0
NORT_ARTIC_3,6610,4096,1994,25,16,2,6131,0.40621735987187835,True,False,False,False,False,True,1.0
NORT_ARTIC_3,8527,1594,4852,25,35,3,6506,0.004051284263974487,True,False,False,False,False,True,0.12206574984399841
NORT_ARTIC_3,8860,316,725,261,601,1,1903,1.0,True,False,False,False,False,True,1.0
NORT_ARTIC_3,11286,3892,12848,25,65,3,16830,0.3173586583586945,True,False,False,False,False,True,1.0
NORT_ARTIC_3,12337,527,1395,7,11,1,1940,0.29261895797886217,True,False,False,True,False,True,1.0
NORT_ARTIC_3,13807,2668,2287,25,14,2,4994,0.25878623226737635,True,False,False,False,False,True,1.0
NORT_ARTIC_3,14264,2874,2722,21,16,2,5633,0.6212180814937251,True,False,False,False,False,True,1.0
NORT_ARTIC_3,14637,9573,2883,54,18,3,12528,0.6761136886271155,True,False,False,False,False,True,1.0
NORT_ARTIC_3,14725,4024,3342,27,27,3,7420,0.49687891480038726,True,False,False,False,False,True,1.0
NORT_ARTIC_3,18396,6555,3340,38,17,2,9950,0.7751461892830687,True,False,False,False,False,True,1.0
NORT_ARTIC_3,18502,9035,11587,58,79,5,20759,0.7956285057803112,True,False,False,False,False,True,1.0
NORT_ARTIC_3,20517,2248,541,19,4,1,2812,1.0,True,False,False,True,False,True,1.0
NORT_ARTIC_3,21441,2070,697,34,13,2,2814,0.7349275013240426,True,False,False,False,False,True,1.0
NORT_ARTIC_3,21773,24,21,2,2,1,49,1.0,True,True,False,True,False,True,1.0
NORT_ARTIC_3,23243,1442,549,5,2,1,1998,1.0,True,False,False,True,False,True,1.0
NORT_ARTIC_3,24063,445,1623,5,13,1,2086,0.5637465314078294,True,False,False,True,False,True,1.0
NORT_ARTIC_3,24170,1003,404,10,7,2,1424,0.2840207300646801,True,False,False,True,False,True,1.0
NORT_ARTIC_3,24775,12259,4097,71,27,5,16454,0.5599312407429425,True,False,False,False,False,True,1.0
NORT_ARTIC_3,24796,5586,2748,20,20,2,8374,0.027898804391707367,True,False,False,False,False,True,0.5879109352223805
NORT_ARTIC_3,27143,444,1647,4,2,2,2097,0.02135031189835596,True,False,False,True,False,True,0.507675794815502
NORT_ARTIC_3,29670,333,377,12,32,1,754,0.012264863959714368,True,True,False,False,False,True,0.3118678413802515
NORT_ARTIC_3,1515,378,1050,0,0,1,1428,1.0,True,False,True,True,False,True,1.0
NORT_ARTIC_3,3870,1225,370,11,6,1,1612,0.25128391417749985,True,False,False,True,False,True,1.0
NORT_ARTIC_3,3913,1318,436,12,3,1,1769,1.0,True,False,False,True,False,True,1.0
NORT_ARTIC_3,3950,847,489,1,0,1,1337,1.0,True,False,True,True,False,True,1.0
NORT_ARTIC_3,4381,3385,2726,14,12,1,6137,1.0,True,False,False,False,False,True,1.0
NORT_ARTIC_3,5030,926,273,10,4,1,1213,0.5366324953511755,True,False,False,True,False,True,1.0
NORT_ARTIC_3,6093,460,1076,5,8,1,1549,0.5468051034968018,True,False,False,True,False,True,1.0
NORT_ARTIC_3,6677,995,952,10,10,1,1967,1.0,True,False,False,False,False,True,1.0
NORT_ARTIC_3,6754,1217,1997,8,12,1,3234,0.8215498625377035,True,False,False,False,False,True,1.0
NORT_ARTIC_3,7367,1963,870,13,5,1,2851,1.0,True,False,False,False,False,True,1.0
NORT_ARTIC_3,7914,1106,5121,9,29,2,6265,0.39193870796179353,True,False,False,False,False,True,1.0
NORT_ARTIC_3,10323,1005,2780,9,20,1,3814,0.6728681215509872,True,False,False,False,False,True,1.0
NORT_ARTIC_3,11710,9253,4959,43,32,2,14287,0.1813079664439313,True,False,False,False,False,True,1.0
NORT_ARTIC_3,11784,1327,3438,9,26,2,4800,0.8522620454743224,True,False,False,False,False,True,1.0
NORT_ARTIC_3,12021,2128,1267,23,11,2,3429,0.5978021864845041,True,False,False,False,False,True,1.0
NORT_ARTIC_3,12670,1151,3589,7,20,1,4767,0.8233364085232702,True,False,False,False,False,True,1.0
NORT_ARTIC_3,14513,475,1610,7,13,1,2105,0.18958064015160933,True,False,False,True,False,True,1.0
NORT_ARTIC_3,14788,1444,3422,7,16,1,4889,1.0,True,False,False,False,False,True,1.0
NORT_ARTIC_3,14834,4231,11810,32,62,5,16135,0.10043079860205392,True,False,False,False,False,True,1.0
NORT_ARTIC_3,15731,1431,3772,20,30,2,5253,0.05640775841027652,True,False,False,False,False,True,0.8497867439959125
NORT_ARTIC_3,15804,648,2388,5,12,1,3053,0.38360566335793733,True,False,False,True,False,True,1.0
NORT_ARTIC_3,15914,2754,691,15,6,1,3466,0.4089567262723647,True,False,False,True,False,True,1.0
NORT_ARTIC_3,16075,1168,3293,0,2,3,4463,1.0,True,False,True,True,False,True,1.0
NORT_ARTIC_3,16116,982,3957,9,19,2,4967,0.1497121143543293,True,False,False,False,False,True,1.0
NORT_ARTIC_3,16150,869,2384,8,20,1,3281,0.8311438821364219,True,False,False,False,False,True,1.0
NORT_ARTIC_3,16740,876,2136,7,11,1,3030,0.4345740155286316,True,False,False,False,False,True,1.0
NORT_ARTIC_3,17150,5233,1739,28,10,1,7010,0.851363793111964,True,False,False,False,False,True,1.0
NORT_ARTIC_3,17195,6056,2181,29,13,2,8279,0.48768152029146805,True,False,False,False,False,True,1.0
NORT_ARTIC_3,17899,91,130,2,5,1,228,0.7034575752719745,True,True,False,True,False,True,1.0
NORT_ARTIC_3,18002,2054,687,24,7,1,2772,0.8379653932611766,True,False,False,False,False,True,1.0
NORT_ARTIC_3,18022,4190,1479,32,18,3,5719,0.14412360559569598,True,False,False,False,False,True,1.0
NORT_ARTIC_3,18087,4826,2075,29,16,2,6946,0.4183875087788634,True,False,False,False,False,True,1.0
NORT_ARTIC_3,20950,1848,1404,10,14,1,3276,0.15090207110376327,True,False,False,False,False,True,1.0
NORT_ARTIC_3,23923,2195,749,14,4,1,2962,1.0,True,False,False,True,False,True,1.0
NORT_ARTIC_3,23933,2199,821,15,5,1,3040,1.0,True,False,False,False,False,True,1.0
NORT_ARTIC_3,24711,2021,1048,13,9,1,3091,0.5052899524767056,True,False,False,False,False,True,1.0
NORT_ARTIC_3,24808,6999,3519,48,25,3,10591,0.9012266651400639,True,False,False,False,False,True,1.0
NORT_ARTIC_3,25132,3321,1482,61,11,1,4875,0.004217746797891149,True,False,False,False,False,True,0.12621679023076982
NORT_ARTIC_3,25679,935,258,10,4,1,1207,0.5184142005826741,True,False,False,True,False,True,1.0
NORT_ARTIC_3,25855,953,1712,0,0,3,2665,1.0,True,False,True,True,False,True,1.0
NORT_ARTIC_3,26491,1015,2248,5,13,1,3281,1.0,True,False,False,False,False,True,1.0
NORT_ARTIC_3,26492,1008,2198,6,3,1,3215,0.032208011601471395,True,False,False,True,False,True,0.6469545344058112
NORT_ARTIC_3,26608,1807,508,13,4,1,2332,0.7756102223664633,True,False,False,True,False,True,1.0
NORT_ARTIC_3,26612,1820,514,9,6,1,2349,0.11520867003220424,True,False,False,True,False,True,1.0
NORT_ARTIC_3,26618,1866,528,11,9,2,2414,0.025883114663431243,True,False,False,True,False,True,0.5808340586537993
NORT_ARTIC_3,26819,1398,3583,18,29,2,5028,0.14152795702403692,True,False,False,False,False,True,1.0
NORT_ARTIC_3,27428,3014,6730,18,33,2,9795,0.5438375155712224,True,False,False,False,False,True,1.0
NORT_ARTIC_3,27496,570,2811,9,16,2,3406,0.02671451866693935,True,False,False,True,False,True,0.5820437346371442
NORT_ARTIC_3,28733,1223,2953,9,16,1,4201,0.5092354832422887,True,False,False,False,False,True,1.0
NORT_ARTIC_3,28738,1157,2884,8,18,1,4067,0.8286882671558238,True,False,False,False,False,True,1.0
NORT_ARTIC_3,1731,1281,722,11,5,1,2019,0.7982068637392843,True,False,False,False,False,True,1.0
NORT_ARTIC_3,1739,5033,2831,42,23,4,7929,1.0,True,False,False,False,False,True,1.0
NORT_ARTIC_3,2130,317,811,0,1,1,1129,1.0,True,False,True,True,False,True,1.0
NORT_ARTIC_3,2185,225,617,0,1,1,843,1.0,True,True,True,True,False,True,1.0
NORT_ARTIC_3,2509,939,1546,7,4,1,2496,0.11589779838601164,True,False,False,True,False,True,1.0
NORT_ARTIC_3,3258,1873,849,13,6,1,2741,1.0,True,False,False,False,False,True,1.0
NORT_ARTIC_3,4326,2800,3008,13,12,1,5833,0.841588079125108,True,False,False,False,False,True,1.0
NORT_ARTIC_3,4375,4102,3652,20,16,1,7790,0.8674500179158106,True,False,False,False,False,True,1.0
NORT_ARTIC_3,4393,38921,28451,171,118,11,67661,0.6762129579679872,False,False,False,False,False,False,1.0
NORT_ARTIC_3,4717,1772,626,10,6,1,2414,0.3897717299889618,True,False,False,True,False,True,1.0
NORT_ARTIC_3,4781,9171,4699,62,45,5,13977,0.08150816793682128,True,False,False,False,False,True,1.0
NORT_ARTIC_3,5584,424,2260,213,41,1,2938,1.3000661454147177e-111,True,False,False,False,False,True,4.765825811399452e-109
NORT_ARTIC_3,5860,428,1445,5,16,2,1894,1.0,True,False,False,True,False,True,1.0
NORT_ARTIC_3,6381,1612,4207,7,19,1,5845,1.0,True,False,False,False,False,True,1.0
NORT_ARTIC_3,6460,852,6655,6,31,2,7544,0.3050556620568724,True,False,False,True,False,True,1.0
NORT_ARTIC_3,7705,1658,475,10,5,1,2148,0.3479297264013905,True,False,False,True,False,True,1.0
NORT_ARTIC_3,7740,1810,675,12,4,1,2501,1.0,True,False,False,True,False,True,1.0
NORT_ARTIC_3,8606,1069,3293,169,64,2,4595,2.758187453489908e-50,True,False,False,False,False,True,5.275333307783524e-48
NORT_ARTIC_3,10168,4771,1425,31,16,3,6243,0.08214044135202879,True,False,False,False,False,True,1.0
NORT_ARTIC_3,10777,7282,3287,50,27,4,10646,0.4599020102096267,True,False,False,False,False,True,1.0
NORT_ARTIC_3,10966,4360,12442,40,91,5,16933,0.23119259199520756,True,False,False,False,False,True,1.0
NORT_ARTIC_3,11074,3798,1014,12,2,1,4826,0.74743506579129,True,False,False,True,False,True,1.0
NORT_ARTIC_3,11480,1346,1518,9,11,1,2884,1.0,True,False,False,False,False,True,1.0
NORT_ARTIC_3,11556,2524,7582,24,52,3,10182,0.1853303892501812,True,False,False,False,False,True,1.0
NORT_ARTIC_3,11617,7779,4873,51,29,2,12732,0.73037385895491,True,False,False,False,False,True,1.0
NORT_ARTIC_3,12270,1489,1042,8,10,1,2549,0.23633768483172551,True,False,False,False,False,True,1.0
NORT_ARTIC_3,12410,526,1794,0,1,2,2321,1.0,True,False,True,True,False,True,1.0
NORT_ARTIC_3,12441,2331,2728,20,19,2,5098,0.5238624279567918,True,False,False,False,False,True,1.0
NORT_ARTIC_3,12831,1835,1046,11,9,1,2901,0.485719162062207,True,False,False,False,False,True,1.0
NORT_ARTIC_3,13177,2978,1473,16,7,1,4474,1.0,True,False,False,False,False,True,1.0
NORT_ARTIC_3,13638,1194,1677,8,12,1,2891,1.0,True,False,False,False,False,True,1.0
NORT_ARTIC_3,13730,2218,850,9,1,1,3078,0.30162681609355174,True,False,False,True,False,True,1.0
NORT_ARTIC_3,14017,2760,745,14,7,1,3526,0.183771551972935,True,False,False,True,False,True,1.0
NORT_ARTIC_3,14764,5197,11896,31,67,5,17191,0.8257925768042014,True,False,False,False,False,True,1.0
NORT_ARTIC_3,15715,1091,1701,7,12,1,2811,1.0,True,False,False,False,False,True,1.0
NORT_ARTIC_3,16272,1953,820,11,8,1,2792,0.3116087527685645,True,False,False,False,False,True,1.0
NORT_ARTIC_3,16732,948,2196,7,12,1,3163,0.6164454690153369,True,False,False,False,False,True,1.0
NORT_ARTIC_3,16753,854,2096,6,10,1,2966,0.42149129182922296,True,False,False,True,False,True,1.0
NORT_ARTIC_3,16921,9535,6122,56,37,4,15750,0.915324088973243,True,False,False,False,False,True,1.0
NORT_ARTIC_3,17014,1727,3623,0,0,1,5350,1.0,True,False,True,True,False,True,1.0
NORT_ARTIC_3,17284,3103,4029,19,20,1,7171,0.5215408266006377,True,False,False,False,False,True,1.0
NORT_ARTIC_3,17358,2072,5186,13,23,1,7294,0.3548996298857662,True,False,False,False,False,True,1.0
NORT_ARTIC_3,17685,520,1350,4,12,1,1886,1.0,True,False,False,True,False,True,1.0
NORT_ARTIC_3,18044,1852,1083,13,9,1,2957,0.8250155533973041,True,False,False,False,False,True,1.0
NORT_ARTIC_3,18070,1991,1034,12,10,1,3047,0.2678434138688563,True,False,False,False,False,True,1.0
NORT_ARTIC_3,18558,1324,2768,11,17,1,4120,0.4245090925338183,True,False,False,False,False,True,1.0
NORT_ARTIC_3,20911,2617,1209,1,1,1,3828,0.5323262721918371,True,False,False,True,False,True,1.0
NORT_ARTIC_3,21432,1135,749,6,9,1,1899,0.12008505073882927,True,False,False,False,False,True,1.0
NORT_ARTIC_3,21770,24,21,2,1,1,48,1.0,True,True,False,True,False,True,1.0
NORT_ARTIC_3,23084,25,53,0,0,1,78,1.0,True,True,True,True,False,True,1.0
NORT_ARTIC_3,23268,2059,851,14,9,1,2933,0.35691667195768456,True,False,False,False,False,True,1.0
NORT_ARTIC_3,23866,1749,404,12,3,1,2168,1.0,True,False,False,True,False,True,1.0
NORT_ARTIC_3,24769,2874,1035,15,8,1,3932,0.351478489965024,True,False,False,False,False,True,1.0
NORT_ARTIC_3,24838,5954,3186,31,20,2,9191,0.5562704476010867,True,False,False,False,False,True,1.0
NORT_ARTIC_3,25448,2258,1441,19,13,2,3731,0.857069273855334,True,False,False,False,False,True,1.0
NORT_ARTIC_3,25559,446,1575,7,14,1,2042,0.28691135719128286,True,False,False,True,False,True,1.0
NORT_ARTIC_3,25999,1103,358,2,2,1,1465,0.25438950925942966,True,False,False,True,False,True,1.0
NORT_ARTIC_3,27869,1387,472,10,7,1,1876,0.16111309340443353,True,False,False,True,False,True,1.0
NORT_ARTIC_3,29577,1949,2316,11,16,1,4292,0.7000352692080858,True,False,False,False,False,True,1.0
NORT_ARTIC_3,29628,1852,2081,0,0,1,3933,1.0,True,False,True,True,False,True,1.0
NORT_ARTIC_3,371,26,8,2,2,1,38,0.2788051209103841,True,True,False,True,False,True,1.0
NORT_ARTIC_3,2336,55,21,0,0,1,76,1.0,True,True,True,True,False,True,1.0
NORT_ARTIC_3,3747,9,25,2,4,1,40,1.0,True,True,False,True,False,True,1.0
NORT_ARTIC_3,3823,41,27,2,2,1,72,1.0,True,True,False,True,False,True,1.0
NORT_ARTIC_3,4928,90,175,5,11,2,281,1.0,True,True,False,False,False,True,1.0
NORT_ARTIC_3,5644,53,23,5,4,1,85,0.4561339298940412,True,True,False,True,False,True,1.0
NORT_ARTIC_3,8026,2116,187,15,3,2,2321,0.17801800167580206,True,False,False,True,False,True,1.0
NORT_ARTIC_3,9019,32,12,2,2,1,48,0.5694521533559462,True,True,False,True,False,True,1.0
NORT_ARTIC_3,9689,15,13,1,4,1,33,0.33528836754643215,True,True,False,True,False,True,1.0
NORT_ARTIC_3,10234,45,20,2,2,1,69,0.5873573309920985,True,True,False,True,False,True,1.0
NORT_ARTIC_3,10543,13,10,3,1,1,27,0.623931623931624,True,True,False,True,False,True,1.0
NORT_ARTIC_3,10741,41,36,11,5,1,93,0.28411154848415504,True,True,False,False,False,True,1.0
NORT_ARTIC_3,13656,43,25,2,2,1,72,0.6275916367771849,True,True,False,True,False,True,1.0
NORT_ARTIC_3,13668,51,27,2,2,1,82,0.6115890821355472,True,True,False,True,False,True,1.0
NORT_ARTIC_3,14981,997,326,12,7,2,1342,0.28134082052254644,True,False,False,True,False,True,1.0
NORT_ARTIC_3,16037,29,37,3,4,1,73,1.0,True,True,False,True,False,True,1.0
NORT_ARTIC_3,17285,37,69,5,13,1,124,0.7882315451811537,True,True,False,False,False,True,1.0
NORT_ARTIC_3,17331,225,540,19,51,2,835,0.7840659727181744,True,True,False,False,False,True,1.0
NORT_ARTIC_3,19817,16,33,2,3,1,54,1.0,True,True,False,True,False,True,1.0
NORT_ARTIC_3,20721,21,50,6,16,1,93,1.0,True,True,False,False,False,True,1.0
NORT_ARTIC_3,20722,2604,3177,19,34,2,5834,0.21219145387581223,True,False,False,False,False,True,1.0
NORT_ARTIC_3,25380,69,20,6,1,1,96,1.0,True,True,False,True,False,True,1.0
NORT_ARTIC_3,26515,383,1403,5,15,2,1806,0.7835701510956523,True,False,False,True,False,True,1.0
NORT_ARTIC_3,26645,59,28,6,1,1,94,0.4306864128190615,True,True,False,True,False,True,1.0
NORT_ARTIC_3,27412,43,91,3,3,1,140,0.3944375113906299,True,True,False,True,False,True,1.0
NORT_ARTIC_3,27882,119,49,5,2,1,175,1.0,True,True,False,True,False,True,1.0
NORT_ARTIC_3,28335,58,86,3,3,1,150,0.6874746203106176,True,True,False,True,False,True,1.0
NORT_ARTIC_3,28615,43,97,3,4,1,147,0.6779673994447828,True,True,False,True,False,True,1.0
NORT_ARTIC_3,330,110,360,13,5,2,488,2.574264666489231e-05,True,True,False,True,False,True,0.0012047010923283115
NORT_ARTIC_3,902,830,2001,10,15,1,2856,0.2709630136088734,True,False,False,False,False,True,1.0
NORT_ARTIC_3,2238,7945,2539,56,22,4,10562,0.4264434385070376,True,False,False,False,False,True,1.0
NORT_ARTIC_3,2454,2561,6215,16,34,2,8826,0.6424908857485125,True,False,False,False,False,True,1.0
NORT_ARTIC_3,3816,1955,669,11,7,1,2642,0.2749459314005203,True,False,False,True,False,True,1.0
NORT_ARTIC_3,3825,1998,664,18,3,1,2683,0.3203452565758852,True,False,False,False,False,True,1.0
NORT_ARTIC_3,3827,2003,663,13,5,1,2684,0.7857775347946006,True,False,False,True,False,True,1.0
NORT_ARTIC_3,3864,2153,695,13,6,1,2867,0.4321672960333553,True,False,False,True,False,True,1.0
NORT_ARTIC_3,3882,3693,1216,23,10,2,4942,0.42629997618224746,True,False,False,False,False,True,1.0
NORT_ARTIC_3,4087,1829,2325,13,12,1,4179,0.42785766998468566,True,False,False,False,False,True,1.0
NORT_ARTIC_3,4260,6081,7351,36,49,3,13517,0.6622506633172969,True,False,False,False,False,True,1.0
NORT_ARTIC_3,4377,5290,4356,30,22,1,9698,0.7802779983070527,True,False,False,False,False,True,1.0
NORT_ARTIC_3,5047,1662,425,1,0,1,2088,1.0,True,False,True,True,False,True,1.0
NORT_ARTIC_3,5468,1952,3204,17,20,2,5193,0.3129420401434045,True,False,False,False,False,True,1.0
NORT_ARTIC_3,5535,784,3294,6,21,1,4105,0.6293699680186163,True,False,False,False,False,True,1.0
NORT_ARTIC_3,5838,1179,3147,8,14,1,4348,0.34186133471947755,True,False,False,False,False,True,1.0
NORT_ARTIC_3,6375,1846,4748,9,21,1,6624,0.8389924942857883,True,False,False,False,False,True,1.0
NORT_ARTIC_3,6427,950,5117,6,20,1,6093,0.28220225555596024,True,False,False,True,False,True,1.0
NORT_ARTIC_3,6779,2055,2958,24,40,2,5077,0.6108103811581884,True,False,False,False,False,True,1.0
NORT_ARTIC_3,7330,1559,1596,14,11,2,3180,0.5519385254847056,True,False,False,False,False,True,1.0
NORT_ARTIC_3,7597,859,3749,7,21,1,4636,0.46277519357816316,True,False,False,False,False,True,1.0
NORT_ARTIC_3,7995,3391,1125,15,12,1,4543,0.02559315134611673,True,False,False,False,False,True,0.5803313029462243
NORT_ARTIC_3,8680,1175,189,9,3,1,1376,0.22819964944915172,True,False,False,True,False,True,1.0
NORT_ARTIC_3,10179,1642,518,13,5,1,2178,0.7814703351007972,True,False,False,True,False,True,1.0
NORT_ARTIC_3,10333,2145,5152,17,32,3,7346,0.43282191401431425,True,False,False,False,False,True,1.0
NORT_ARTIC_3,12077,1338,2649,0,38,2,4025,2.54739442789636e-07,True,False,True,False,False,True,1.4184795048501376e-05
NORT_ARTIC_3,12232,3763,3500,27,25,3,7315,1.0,True,False,False,False,False,True,1.0
NORT_ARTIC_3,12326,2529,2453,24,22,2,5028,0.8831116524330769,True,False,False,False,False,True,1.0
NORT_ARTIC_3,12421,451,1909,6,12,1,2378,0.13482456536912382,True,False,False,True,False,True,1.0
NORT_ARTIC_3,12757,3060,6285,19,34,2,9398,0.6604637628339955,True,False,False,False,False,True,1.0
NORT_ARTIC_3,13080,2852,1155,16,8,1,4031,0.6529598469524971,True,False,False,False,False,True,1.0
NORT_ARTIC_3,13768,6107,2537,47,19,3,8710,1.0,True,False,False,False,False,True,1.0
NORT_ARTIC_3,13783,2324,1273,14,12,2,3623,0.3036667941671899,True,False,False,False,False,True,1.0
NORT_ARTIC_3,13929,265,1489,768,77,1,2599,0.0,True,False,False,False,False,True,0.0
NORT_ARTIC_3,14613,3663,773,17,4,1,4457,0.775502969376695,True,False,False,True,False,True,1.0
NORT_ARTIC_3,14661,6496,1368,34,7,2,7905,1.0,True,False,False,False,False,True,1.0
NORT_ARTIC_3,14759,2115,3343,11,21,1,5490,0.717203953882054,True,False,False,False,False,True,1.0
NORT_ARTIC_3,15198,2962,2501,17,21,2,5501,0.25652907865299013,True,False,False,False,False,True,1.0
NORT_ARTIC_3,15578,2165,528,14,4,1,2711,0.7666067104831108,True,False,False,True,False,True,1.0
NORT_ARTIC_3,15924,3783,848,12,1,1,4644,0.48438527560078,True,False,False,True,False,True,1.0
NORT_ARTIC_3,16470,1690,891,3,1,1,2585,1.0,True,False,False,True,False,True,1.0
NORT_ARTIC_3,16664,1221,1810,10,9,1,3050,0.34871257430826286,True,False,False,False,False,True,1.0
NORT_ARTIC_3,17286,5034,7054,28,31,1,12147,0.4273017741404852,True,False,False,False,False,True,1.0
NORT_ARTIC_3,18009,3441,1374,25,6,2,4846,0.32083707837347164,True,False,False,False,False,True,1.0
NORT_ARTIC_3,20554,2942,1222,15,9,1,4188,0.3753498502645369,True,False,False,False,False,True,1.0
NORT_ARTIC_3,22282,153,583,3,5,1,744,0.3746250429843496,True,True,False,True,False,True,1.0
NORT_ARTIC_3,22381,98,39,0,0,1,137,1.0,True,True,True,True,False,True,1.0
NORT_ARTIC_3,23672,629,1246,5,11,1,1891,1.0,True,False,False,False,False,True,1.0
NORT_ARTIC_3,23883,3131,695,19,9,2,3854,0.08032003941737079,True,False,False,False,False,True,1.0
NORT_ARTIC_3,24100,794,2057,9,10,1,2870,0.07210901065500198,True,False,False,False,False,True,0.9525092501774175
NORT_ARTIC_3,24648,485,1284,6,12,1,1787,0.5980962274254635,True,False,False,True,False,True,1.0
NORT_ARTIC_3,25014,2912,1876,16,8,1,4812,0.676881823693062,True,False,False,False,False,True,1.0
NORT_ARTIC_3,25084,10944,4889,59,27,3,15919,0.9072170458274051,True,False,False,False,False,True,1.0
NORT_ARTIC_3,25097,3913,1485,15,8,1,5421,0.4830445515439663,True,False,False,False,False,True,1.0
NORT_ARTIC_3,26208,555,2299,232,54,2,3140,7.032091143944152e-99,True,False,False,False,False,True,2.2095834958721662e-96
NORT_ARTIC_3,26349,2077,913,12,7,1,3009,0.6182646248288426,True,False,False,False,False,True,1.0
NORT_ARTIC_3,26926,1563,238,11,2,1,1814,0.6863907969187715,True,False,False,True,False,True,1.0
NORT_ARTIC_3,28723,786,1195,8,14,1,2003,0.8293692861216083,True,False,False,False,False,True,1.0
NORT_ARTIC_3,29387,1467,253,9,3,1,1732,0.40202657775999884,True,False,False,True,False,True,1.0
NORT_ARTIC_3,29581,3734,4089,39,40,3,7902,0.8212561186027594,True,False,False,False,False,True,1.0
NORT_ARTIC_3,29599,1688,2285,15,13,1,4001,0.2542107024027536,True,False,False,False,False,True,1.0
NORT_ARTIC_3,1286,22,32,0,4,1,58,0.28675136116152455,True,True,True,True,False,True,1.0
NORT_ARTIC_3,1677,1746,408,13,5,2,2172,0.36295449644614575,True,False,False,True,False,True,1.0
NORT_ARTIC_3,3493,24,36,1,0,1,61,0.40983606557377045,True,True,True,True,False,True,1.0
NORT_ARTIC_3,4657,52,21,1,8,1,82,0.000810431659784124,True,True,False,True,False,True,0.029709073928253008
NORT_ARTIC_3,4847,38,62,4,5,1,109,0.7312828236543609,True,True,False,True,False,True,1.0
NORT_ARTIC_3,5227,5,16,0,3,1,24,1.0,True,True,True,True,False,True,1.0
NORT_ARTIC_3,5716,23,7,13,3,1,46,1.0,True,True,False,True,False,True,1.0
NORT_ARTIC_3,6282,25,7,3,3,1,38,0.3102517096325146,True,True,False,True,False,True,1.0
NORT_ARTIC_3,7255,1,6,1,2,1,10,1.0,True,True,False,True,False,True,1.0
NORT_ARTIC_3,9503,38,25,3,5,1,71,0.2693206873342273,True,True,False,True,False,True,1.0
NORT_ARTIC_3,9672,26,22,4,3,1,55,1.0,True,True,False,True,False,True,1.0
NORT_ARTIC_3,9926,23,9,2,2,1,36,0.5704948646125114,True,True,False,True,False,True,1.0
NORT_ARTIC_3,12380,24,54,3,5,2,86,0.7019399460452461,True,True,False,True,False,True,1.0
NORT_ARTIC_3,13607,2,7,0,3,1,12,1.0,True,True,True,True,False,True,1.0
NORT_ARTIC_3,14855,793,2369,16,30,3,3208,0.1693723677308089,True,False,False,False,False,True,1.0
NORT_ARTIC_3,20406,1794,3440,13,20,2,5267,0.5822008435984292,True,False,False,False,False,True,1.0
NORT_ARTIC_3,22673,53,25,2,2,1,82,0.5950138931769064,True,True,False,True,False,True,1.0
NORT_ARTIC_3,23388,47,66,7,13,2,133,0.6301268333753749,True,True,False,False,False,True,1.0
NORT_ARTIC_3,24755,77,19,0,0,1,96,1.0,True,True,True,True,False,True,1.0
NORT_ARTIC_3,2236,824,524,7,8,1,1363,0.2917935684059861,True,False,False,False,False,True,1.0
NORT_ARTIC_3,3956,407,1387,5,10,1,1809,0.3533289848031109,True,False,False,True,False,True,1.0
NORT_ARTIC_3,4333,97,401,79,12,1,589,1.8041523397024482e-35,True,True,False,False,False,True,2.9394319045744705e-33
NORT_ARTIC_3,4893,756,1663,0,3,2,2422,0.5566486952441823,True,False,True,True,False,True,1.0
NORT_ARTIC_3,5616,10168,8415,51,51,4,18685,0.36981023875721086,True,False,False,False,False,True,1.0
NORT_ARTIC_3,5823,807,2220,3,13,1,3043,0.5822719708436834,True,False,False,True,False,True,1.0
NORT_ARTIC_3,1894,1987,1146,15,11,1,3159,0.5456768771881804,True,False,False,False,False,True,1.0
NORT_ARTIC_3,1923,2098,1248,14,12,1,3372,0.4163377942952283,True,False,False,False,False,True,1.0
NORT_ARTIC_3,3518,1347,405,1,0,1,1753,1.0,True,False,True,True,False,True,1.0
NORT_ARTIC_3,4057,1280,1966,17,20,3,3283,0.49917694185483363,True,False,False,False,False,True,1.0
NORT_ARTIC_3,5034,1607,404,9,5,1,2025,0.1753785095192005,True,False,False,True,False,True,1.0
NORT_ARTIC_3,5538,429,1650,7,11,1,2097,0.0755561526943494,True,False,False,True,False,True,0.9801518649648834
NORT_ARTIC_3,5544,418,1652,1,5,1,2076,1.0,True,False,False,True,False,True,1.0
NORT_ARTIC_3,7165,1460,356,5,0,1,1821,0.589958736170643,True,False,True,True,False,True,1.0
NORT_ARTIC_3,7687,1174,2152,10,12,1,3348,0.37196852232254074,True,False,False,False,False,True,1.0
NORT_ARTIC_3,8412,1734,507,14,6,1,2261,0.4250820469325696,True,False,False,True,False,True,1.0
NORT_ARTIC_3,8665,743,1667,6,11,2,2427,0.7926341589724609,True,False,False,False,False,True,1.0
NORT_ARTIC_3,8670,722,1623,8,12,1,2365,0.46556322288972457,True,False,False,False,False,True,1.0
NORT_ARTIC_3,12074,1707,551,15,4,1,2277,1.0,True,False,False,True,False,True,1.0
NORT_ARTIC_3,12300,1537,1520,10,10,1,3077,1.0,True,False,False,False,False,True,1.0
NORT_ARTIC_3,12485,3155,2379,22,14,2,5570,0.7361697939946745,True,False,False,False,False,True,1.0
NORT_ARTIC_3,16157,2755,3890,19,18,2,6682,0.24368003600420723,True,False,False,False,False,True,1.0
NORT_ARTIC_3,16403,826,2137,5,16,1,2984,0.810087931974737,True,False,False,False,False,True,1.0
NORT_ARTIC_3,17022,2077,2975,11,19,1,5082,0.711608529659401,True,False,False,False,False,True,1.0
NORT_ARTIC_3,17762,1796,925,41,16,1,2778,0.3979421560134912,True,False,False,False,False,True,1.0
NORT_ARTIC_3,18000,7129,3530,52,35,5,10746,0.17051564765213734,True,False,False,False,False,True,1.0
NORT_ARTIC_3,18450,1179,1401,12,11,1,2603,0.5376051922534467,True,False,False,False,False,True,1.0
NORT_ARTIC_3,19546,1709,859,11,8,1,2587,0.4671038014401846,True,False,False,False,False,True,1.0
NORT_ARTIC_3,20178,2487,3534,21,33,3,6075,0.7822461384612314,True,False,False,False,False,True,1.0
NORT_ARTIC_3,22685,1222,1278,12,11,1,2523,0.8354221102052011,True,False,False,False,False,True,1.0
NORT_ARTIC_3,23362,2052,1255,22,24,2,3353,0.06538941120912413,True,False,False,False,False,True,0.8933168320153324
NORT_ARTIC_3,24879,1518,910,10,8,1,2446,0.6268088224215242,True,False,False,False,False,True,1.0
NORT_ARTIC_3,26300,4985,8991,24,72,3,14072,0.032064620131031236,True,False,False,False,False,True,0.6469545344058112
NORT_ARTIC_3,26306,4669,9737,25,55,3,14486,0.9048755357009658,True,False,False,False,False,True,1.0
NORT_ARTIC_3,26446,940,800,8,7,1,1755,1.0,True,False,False,False,False,True,1.0
NORT_ARTIC_3,26624,1347,1032,10,8,1,2397,1.0,True,False,False,False,False,True,1.0
NORT_ARTIC_3,27195,3874,2080,28,21,2,6003,0.292146524413058,True,False,False,False,False,True,1.0
NORT_ARTIC_3,27234,1501,967,0,0,1,2468,1.0,True,False,True,True,False,True,1.0
NORT_ARTIC_3,27440,1986,4322,21,30,3,6359,0.17227725444492975,True,False,False,False,False,True,1.0
NORT_ARTIC_3,829,84,57,26,19,1,186,0.8628458774865534,True,True,False,False,False,True,1.0
NORT_ARTIC_3,1139,153,85,10,10,1,258,0.23129428579491856,True,True,False,False,False,True,1.0
NORT_ARTIC_3,1190,144,135,26,27,1,332,0.7658634569425837,True,True,False,False,False,True,1.0
NORT_ARTIC_3,1204,139,188,26,47,1,400,0.2957901513290593,True,True,False,False,False,True,1.0
NORT_ARTIC_3,1843,256,1160,1,8,2,1425,1.0,True,False,False,True,False,True,1.0
NORT_ARTIC_3,2018,3017,2634,18,19,2,5688,0.6215129339990768,True,False,False,False,False,True,1.0
NORT_ARTIC_3,2246,84,21,39,17,1,161,0.17300865229667445,True,True,False,False,False,True,1.0
NORT_ARTIC_3,2438,41,107,2,8,1,158,0.7293544328727988,True,True,False,True,False,True,1.0
NORT_ARTIC_3,2462,35,102,3,7,1,147,0.7187246563419648,True,True,False,True,False,True,1.0
NORT_ARTIC_3,2593,112,24,4,3,1,143,0.12423486208631954,True,True,False,True,False,True,1.0
NORT_ARTIC_3,2867,189,106,11,1,1,307,0.06300706625637496,True,True,False,True,False,True,0.8855210366191485
NORT_ARTIC_3,3371,132,363,3,8,1,506,1.0,True,True,False,True,False,True,1.0
NORT_ARTIC_3,4331,200,199,5,9,1,413,0.41598429033216844,True,True,False,False,False,True,1.0
NORT_ARTIC_3,4585,71,265,6,12,1,354,0.24158370091759923,True,True,False,True,False,True,1.0
NORT_ARTIC_3,4845,129,200,3,4,1,336,1.0,True,True,False,True,False,True,1.0
NORT_ARTIC_3,5031,218,67,7,2,1,294,1.0,True,True,False,True,False,True,1.0
NORT_ARTIC_3,5399,251,148,6,4,1,409,1.0,True,True,False,True,False,True,1.0
NORT_ARTIC_3,5512,1131,3886,6,17,2,5040,0.6239061166919841,True,False,False,False,False,True,1.0
NORT_ARTIC_3,6673,172,165,8,4,1,349,0.38220455243102835,True,True,False,False,False,True,1.0
NORT_ARTIC_3,6791,982,2397,11,16,2,3406,0.20289673871327493,True,False,False,False,False,True,1.0
NORT_ARTIC_3,7169,109,31,7,1,1,148,1.0,True,True,False,True,False,True,1.0
NORT_ARTIC_3,7262,53,46,12,0,1,111,0.0012510880457592033,True,True,True,True,False,True,0.04233489471765181
NORT_ARTIC_3,7393,98,114,8,21,1,241,0.07252650646118719,True,True,False,False,False,True,0.9525092501774175
NORT_ARTIC_3,8188,55,61,6,7,1,129,1.0,True,True,False,False,False,True,1.0
NORT_ARTIC_3,8947,85,47,5,2,1,139,1.0,True,True,False,True,False,True,1.0
NORT_ARTIC_3,8950,117,55,5,1,1,178,0.666591976159367,True,True,False,True,False,True,1.0
NORT_ARTIC_3,11804,229,160,4,3,1,396,1.0,True,True,False,True,False,True,1.0
NORT_ARTIC_3,12317,218,320,4,7,1,549,1.0,True,True,False,True,False,True,1.0
NORT_ARTIC_3,12357,216,69,8,6,1,299,0.12363632277783691,True,True,False,True,False,True,1.0
NORT_ARTIC_3,12581,427,293,8,4,1,732,0.7701760066243967,True,True,False,True,False,True,1.0
NORT_ARTIC_3,12754,128,269,23,46,1,466,0.8894778857550194,True,True,False,False,False,True,1.0
NORT_ARTIC_3,13045,163,182,4,8,1,357,0.39177889646235264,True,True,False,False,False,True,1.0
NORT_ARTIC_3,14724,1898,1608,48,52,3,3606,0.2629963781321861,True,False,False,False,False,True,1.0
NORT_ARTIC_3,15285,131,422,5,10,1,568,0.3686373555586594,True,True,False,True,False,True,1.0
NORT_ARTIC_3,16616,98,178,5,5,1,286,0.5037833022747433,True,True,False,True,False,True,1.0
NORT_ARTIC_3,17018,4388,6368,21,30,2,10807,1.0,True,False,False,False,False,True,1.0
NORT_ARTIC_3,17019,624,598,4,9,1,1235,0.1707475205915762,True,False,False,False,False,True,1.0
NORT_ARTIC_3,17474,680,237,100,34,1,1051,1.0,True,False,False,False,False,True,1.0
NORT_ARTIC_3,17954,132,442,2,5,1,581,0.6643106775346831,True,True,False,True,False,True,1.0
NORT_ARTIC_3,18203,28,56,3,3,1,90,0.4108208539847513,True,True,False,True,False,True,1.0
NORT_ARTIC_3,18291,291,97,13,2,1,403,0.37770520101558525,True,True,False,True,False,True,1.0
NORT_ARTIC_3,18366,342,130,8,4,1,484,0.7446820047309036,True,True,False,True,False,True,1.0
NORT_ARTIC_3,18437,160,150,7,8,1,325,0.7945941966768619,True,True,False,False,False,True,1.0
NORT_ARTIC_3,18799,114,259,4,6,1,383,0.5049998166211077,True,True,False,True,False,True,1.0
NORT_ARTIC_3,20133,354,314,4,9,1,681,0.1601547600752778,True,True,False,False,False,True,1.0
NORT_ARTIC_3,20389,89,260,13,50,1,412,0.5258083743750932,True,True,False,False,False,True,1.0
NORT_ARTIC_3,20450,174,225,69,66,1,534,0.1349617071981769,True,True,False,False,False,True,1.0
NORT_ARTIC_3,20597,82,76,5,7,1,170,0.5593308278317451,True,True,False,False,False,True,1.0
NORT_ARTIC_3,20680,77,215,8,13,1,313,0.3080766361230423,True,True,False,False,False,True,1.0
NORT_ARTIC_3,20752,262,210,54,58,1,584,0.1716108901535334,True,True,False,False,False,True,1.0
NORT_ARTIC_3,20961,117,337,1,7,1,462,0.6860458502941955,True,True,False,True,False,True,1.0
NORT_ARTIC_3,21358,143,271,5,4,1,423,0.28767994168078426,True,True,False,True,False,True,1.0
NORT_ARTIC_3,21953,183,41,3,3,1,230,0.08580926055618195,True,True,False,True,False,True,1.0
NORT_ARTIC_3,21974,171,42,27,11,1,251,0.20116819612436054,True,True,False,False,False,True,1.0
NORT_ARTIC_3,22016,202,73,13,4,1,292,1.0,True,True,False,True,False,True,1.0
NORT_ARTIC_3,22206,218,259,6,4,1,487,0.5241584484060804,True,True,False,True,False,True,1.0
NORT_ARTIC_3,22742,554,281,11,6,1,852,1.0,True,True,False,False,False,True,1.0
NORT_ARTIC_3,23078,251,85,8,4,1,348,0.5115620085421726,True,True,False,True,False,True,1.0
NORT_ARTIC_3,23876,503,332,13,9,1,857,1.0,True,True,False,False,False,True,1.0
NORT_ARTIC_3,24449,386,349,11,4,1,750,0.12428306302506939,True,True,False,False,False,True,1.0
NORT_ARTIC_3,24867,191,78,9,2,1,280,0.7341625937523408,True,True,False,True,False,True,1.0
NORT_ARTIC_3,25599,86,310,16,48,1,460,0.6264964626191694,True,True,False,False,False,True,1.0
NORT_ARTIC_3,25739,403,164,5,4,1,576,0.2939448578847197,True,True,False,True,False,True,1.0
NORT_ARTIC_3,26089,941,207,21,4,1,1173,1.0,True,False,False,True,False,True,1.0
NORT_ARTIC_3,26664,498,172,17,3,1,690,0.4333668720478514,True,True,False,False,False,True,1.0
NORT_ARTIC_3,26834,92,411,6,18,1,527,0.4206684036291676,True,True,False,True,False,True,1.0
NORT_ARTIC_3,27530,557,398,9,7,1,971,1.0,True,True,False,False,False,True,1.0
NORT_ARTIC_3,27644,153,218,14,28,1,413,0.4072284569256389,True,True,False,False,False,True,1.0
NORT_ARTIC_3,28093,7968,4803,87,26,4,12884,0.0012039180914254159,True,False,False,False,False,True,0.04170106837937326
NORT_ARTIC_3,29297,458,228,9,4,1,699,1.0,True,True,False,True,False,True,1.0
NORT_ARTIC_3,29556,624,214,9,3,1,850,1.0,True,True,False,True,False,True,1.0
NORT_ARTIC_3,1154,671,602,8,6,1,1287,0.7938668565344206,True,False,False,False,False,True,1.0
NORT_ARTIC_3,1985,2449,861,17,5,1,3332,1.0,True,False,False,False,False,True,1.0
NORT_ARTIC_3,2062,733,1581,1,8,1,2323,0.2876903991513617,True,False,False,True,False,True,1.0
NORT_ARTIC_3,2518,858,632,0,0,1,1490,1.0,True,False,True,True,False,True,1.0
NORT_ARTIC_3,2764,333,1266,0,2,1,1601,1.0,True,False,True,True,False,True,1.0
NORT_ARTIC_3,2989,4819,3054,25,19,2,7917,0.5397819827472952,True,False,False,False,False,True,1.0
NORT_ARTIC_3,3472,1368,1067,9,7,1,2451,1.0,True,False,False,False,False,True,1.0
NORT_ARTIC_3,3628,705,1463,6,11,1,2185,0.7987779485810924,True,False,False,False,False,True,1.0
NORT_ARTIC_3,3801,1324,366,14,2,1,1706,0.5458370035229134,True,False,False,True,False,True,1.0
NORT_ARTIC_3,4427,1143,482,10,7,1,1642,0.2967030216902704,True,False,False,False,False,True,1.0
NORT_ARTIC_3,4673,992,432,7,4,1,1435,0.7437961800002652,True,False,False,True,False,True,1.0
NORT_ARTIC_3,4687,1143,399,9,3,1,1554,1.0,True,False,False,True,False,True,1.0
NORT_ARTIC_3,5437,1987,1972,97,93,2,4149,0.8241162974627365,True,False,False,False,False,True,1.0
NORT_ARTIC_3,5799,3198,8157,23,42,3,11420,0.21343727453293462,True,False,False,False,False,True,1.0
NORT_ARTIC_3,5827,1370,4376,16,30,2,5792,0.1161091729257411,True,False,False,False,False,True,1.0
NORT_ARTIC_3,5835,747,2505,1,4,1,3257,1.0,True,False,False,True,False,True,1.0
NORT_ARTIC_3,5841,740,2409,5,13,1,3167,0.5897371631895034,True,False,False,True,False,True,1.0
NORT_ARTIC_3,5935,5868,3147,35,26,3,9076,0.22581761967405006,True,False,False,False,False,True,1.0
NORT_ARTIC_3,6055,1290,1862,16,15,2,3183,0.2714523914878916,True,False,False,False,False,True,1.0
NORT_ARTIC_3,6588,1712,683,10,6,1,2411,0.41494180114740686,True,False,False,True,False,True,1.0
NORT_ARTIC_3,7678,567,1927,5,12,1,2511,0.5608548061749306,True,False,False,True,False,True,1.0
NORT_ARTIC_3,7768,1535,303,8,2,1,1848,0.6741514678821663,True,False,False,True,False,True,1.0
NORT_ARTIC_3,8599,2449,7452,17,45,4,9963,0.6578441433481356,True,False,False,False,False,True,1.0
NORT_ARTIC_3,8641,642,2011,5,9,1,2667,0.3480954087502701,True,False,False,True,False,True,1.0
NORT_ARTIC_3,8652,619,1872,5,14,1,2510,0.7959754093373395,True,False,False,True,False,True,1.0
NORT_ARTIC_3,9234,4077,3969,29,22,3,8097,0.40201255301924027,True,False,False,False,False,True,1.0
NORT_ARTIC_3,9600,3827,1570,23,11,1,5431,0.70571109475756,True,False,False,False,False,True,1.0
NORT_ARTIC_3,9645,2520,2250,11,13,1,4794,0.5426554363290419,True,False,False,False,False,True,1.0
NORT_ARTIC_3,9650,6067,5312,29,24,2,11432,0.8907755724083581,True,False,False,False,False,True,1.0
NORT_ARTIC_3,9667,3980,4749,27,31,2,8787,0.8955198227700223,True,False,False,False,False,True,1.0
NORT_ARTIC_3,9706,1243,3049,5,14,1,4311,1.0,True,False,False,False,False,True,1.0
NORT_ARTIC_3,9959,1360,852,15,9,2,2236,1.0,True,False,False,False,False,True,1.0
NORT_ARTIC_3,10171,1313,270,7,4,1,1594,0.10398498402230132,True,False,False,True,False,True,1.0
NORT_ARTIC_3,10314,2204,3277,14,30,3,5525,0.2831237019742412,True,False,False,False,False,True,1.0
NORT_ARTIC_3,10750,734,1653,6,9,1,2402,0.4149900972844328,True,False,False,True,False,True,1.0
NORT_ARTIC_3,10893,585,481,0,2,1,1068,0.2042953571390963,True,False,True,True,False,True,1.0
NORT_ARTIC_3,11178,2179,1343,15,12,1,3549,0.5526891608321485,True,False,False,False,False,True,1.0
NORT_ARTIC_3,12351,2344,1135,17,14,2,3510,0.17689437331394944,True,False,False,False,False,True,1.0
NORT_ARTIC_3,12358,3735,968,26,10,2,4739,0.3008996111843402,True,False,False,False,False,True,1.0
NORT_ARTIC_3,12556,1635,2150,10,16,1,3811,0.6945372346224277,True,False,False,False,False,True,1.0
NORT_ARTIC_3,12940,1696,528,14,7,1,2245,0.306962472359245,True,False,False,False,False,True,1.0
NORT_ARTIC_3,16131,1469,2376,8,18,1,3871,0.5451080097095748,True,False,False,False,False,True,1.0
NORT_ARTIC_3,16264,4176,1380,21,10,2,5587,0.40329800032916785,True,False,False,False,False,True,1.0
NORT_ARTIC_3,16410,2987,6286,18,31,2,9322,0.5403243908677384,True,False,False,False,False,True,1.0
NORT_ARTIC_3,16566,760,626,10,6,1,1402,0.6195800599965398,True,False,False,False,False,True,1.0
NORT_ARTIC_3,16962,1155,2991,10,20,1,4176,0.5406196236825654,True,False,False,False,False,True,1.0
NORT_ARTIC_3,17627,1182,2178,6,16,1,3382,0.5085636045703996,True,False,False,False,False,True,1.0
NORT_ARTIC_3,18537,862,2253,6,16,2,3137,1.0,True,False,False,False,False,True,1.0
NORT_ARTIC_3,18941,1774,685,12,6,1,2477,0.6025091479682219,True,False,False,False,False,True,1.0
NORT_ARTIC_3,19573,2082,566,17,6,1,2671,0.6093888325407908,True,False,False,True,False,True,1.0
NORT_ARTIC_3,19659,1584,1058,13,9,1,2664,1.0,True,False,False,False,False,True,1.0
NORT_ARTIC_3,19683,3454,1969,27,12,2,5462,0.5092562133456263,True,False,False,False,False,True,1.0
NORT_ARTIC_3,20010,1457,941,9,8,1,2415,0.6196074439017447,True,False,False,False,False,True,1.0
NORT_ARTIC_3,20127,8204,8711,42,50,3,17007,0.6025621122637361,True,False,False,False,False,True,1.0
NORT_ARTIC_3,20129,2128,2317,14,16,1,4475,1.0,True,False,False,False,False,True,1.0
NORT_ARTIC_3,20435,7240,7013,39,42,3,14334,0.65706496309304,True,False,False,False,False,True,1.0
NORT_ARTIC_3,20556,16153,5853,80,36,6,22122,0.2923669188716089,True,False,False,False,False,True,1.0
NORT_ARTIC_3,21786,487,1419,7,27,1,1940,0.6911363621865261,True,False,False,False,False,True,1.0
NORT_ARTIC_3,22314,174,172,1,1,1,348,1.0,True,True,False,True,False,True,1.0
NORT_ARTIC_3,22479,1570,347,12,2,1,1931,1.0,True,False,False,True,False,True,1.0
NORT_ARTIC_3,22503,1748,483,12,4,1,2247,0.7611834281763228,True,False,False,True,False,True,1.0
NORT_ARTIC_3,23086,1321,342,8,8,2,1679,0.00876983092512363,True,False,False,True,False,True,0.2411155389976178
NORT_ARTIC_3,23416,1330,1135,134,142,1,2741,0.09796842353226914,True,False,False,False,False,True,1.0
NORT_ARTIC_3,23930,1239,829,11,8,1,2087,1.0,True,False,False,False,False,True,1.0
NORT_ARTIC_3,24516,2681,3625,19,23,2,6348,0.7555396748522799,True,False,False,False,False,True,1.0
NORT_ARTIC_3,24543,1249,1598,6,12,1,2865,0.47710669939368655,True,False,False,False,False,True,1.0
NORT_ARTIC_3,25408,3468,2892,32,23,3,6415,0.6836961711915883,True,False,False,False,False,True,1.0
NORT_ARTIC_3,25973,567,1948,5,15,1,2535,0.7893826998909695,True,False,False,True,False,True,1.0
NORT_ARTIC_3,26064,2718,395,24,3,1,3140,1.0,True,False,False,True,False,True,1.0
NORT_ARTIC_3,26307,1755,2637,9,23,2,4424,0.20627825537742736,True,False,False,False,False,True,1.0
NORT_ARTIC_3,26705,2068,647,11,8,1,2734,0.09958511709388676,True,False,False,True,False,True,1.0
NORT_ARTIC_3,27241,1698,592,11,4,1,2305,1.0,True,False,False,True,False,True,1.0
NORT_ARTIC_3,27351,2384,2338,17,17,2,4756,1.0,True,False,False,False,False,True,1.0
NORT_ARTIC_3,27443,582,2116,6,16,1,2720,0.6015261001105265,True,False,False,True,False,True,1.0
NORT_ARTIC_3,27447,1632,6033,9,33,2,7707,1.0,True,False,False,False,False,True,1.0
NORT_ARTIC_3,28086,1439,527,5,52,1,2023,9.32793491720744e-24,True,False,False,False,False,True,1.0521432230973213e-21
NORT_ARTIC_3,28911,557,135,6,4,1,702,0.11586791305872013,True,True,False,True,False,True,1.0
NORT_ARTIC_3,1606,1702,890,12,8,1,2612,0.6389971543463088,True,False,False,False,False,True,1.0
NORT_ARTIC_3,2259,1944,528,14,3,1,2489,1.0,True,False,False,True,False,True,1.0
NORT_ARTIC_3,2536,1375,678,100,53,1,2206,0.7218537168037709,True,False,False,False,False,True,1.0
NORT_ARTIC_3,2658,2750,1333,28,17,3,4128,0.5229541231762527,True,False,False,False,False,True,1.0
NORT_ARTIC_3,3034,2291,4419,16,40,2,6766,0.4791957985449592,True,False,False,False,False,True,1.0
NORT_ARTIC_3,3249,6477,4073,44,40,4,10634,0.09284831569224467,True,False,False,False,False,True,1.0
NORT_ARTIC_3,4649,540,561,4,4,1,1109,1.0,True,False,False,True,False,True,1.0
NORT_ARTIC_3,5874,694,1775,5,12,1,2486,1.0,True,False,False,True,False,True,1.0
NORT_ARTIC_3,7488,2089,552,5,2,1,2648,0.6415939896604977,True,False,False,True,False,True,1.0
NORT_ARTIC_3,7637,1308,2848,11,18,1,4185,0.43101452856878164,True,False,False,False,False,True,1.0
NORT_ARTIC_3,8395,3142,764,33,15,2,3954,0.06501136997142573,True,False,False,False,False,True,0.8933168320153324
NORT_ARTIC_3,8724,645,248,6,5,1,904,0.19325518191889596,True,True,False,True,False,True,1.0
NORT_ARTIC_3,8835,652,1451,51,38,4,2192,6.3374081130093e-07,True,False,False,False,False,True,3.2797950928385776e-05
NORT_ARTIC_3,9560,2707,733,21,7,1,3468,0.6436234006157521,True,False,False,False,False,True,1.0
NORT_ARTIC_3,9594,8684,3905,50,17,2,12656,0.3558683261870607,True,False,False,False,False,True,1.0
NORT_ARTIC_3,9599,3362,1572,19,11,1,4964,0.5605874082128158,True,False,False,False,False,True,1.0
NORT_ARTIC_3,10442,2526,1811,15,11,1,4363,1.0,True,False,False,False,False,True,1.0
NORT_ARTIC_3,11825,1300,3414,9,28,2,4751,0.8534778017077547,True,False,False,False,False,True,1.0
NORT_ARTIC_3,16339,1115,2478,10,12,1,3615,0.16641915652000389,True,False,False,False,False,True,1.0
NORT_ARTIC_3,16363,934,3022,10,18,1,3984,0.17727118098434108,True,False,False,False,False,True,1.0
NORT_ARTIC_3,17763,2006,1082,16,8,1,3112,1.0,True,False,False,False,False,True,1.0
NORT_ARTIC_3,18011,1871,712,14,12,2,2609,0.046051038284329805,True,False,False,False,False,True,0.7821564378871305
NORT_ARTIC_3,19152,877,2141,48,133,1,3199,0.500148701749403,True,False,False,False,False,True,1.0
NORT_ARTIC_3,19434,347,1065,4,9,1,1425,0.5350499270292778,True,False,False,True,False,True,1.0
NORT_ARTIC_3,20753,7080,12481,37,61,5,19659,0.7526927134630432,True,False,False,False,False,True,1.0
NORT_ARTIC_3,20760,5301,9266,41,58,4,14666,0.2969237866627571,True,False,False,False,False,True,1.0
NORT_ARTIC_3,21543,1198,1373,8,14,1,2593,0.3948632271270551,True,False,False,False,False,True,1.0
NORT_ARTIC_3,21585,2029,2708,9,23,2,4769,0.10764935971464501,True,False,False,False,False,True,1.0
NORT_ARTIC_3,21972,561,234,7,3,1,805,1.0,True,True,False,True,False,True,1.0
NORT_ARTIC_3,22459,1410,395,11,3,1,1819,1.0,True,False,False,True,False,True,1.0
NORT_ARTIC_3,22940,241,758,4,7,1,1010,0.3119400829580442,True,False,False,True,False,True,1.0
NORT_ARTIC_3,23321,1979,1063,9,13,1,3064,0.023947720830619596,True,False,False,False,False,True,0.5573863700206116
NORT_ARTIC_3,23551,471,2175,1,5,1,2652,1.0,True,False,False,True,False,True,1.0
NORT_ARTIC_3,23595,952,1547,2,4,1,2505,1.0,True,False,False,True,False,True,1.0
NORT_ARTIC_3,24380,4676,6919,27,44,4,11666,0.7178161630493114,True,False,False,False,False,True,1.0
NORT_ARTIC_3,25693,1486,1344,7,4,1,2841,0.5539046826392766,True,False,False,False,False,True,1.0
NORT_ARTIC_3,25907,751,1911,1,3,1,2666,1.0,True,False,False,True,False,True,1.0
NORT_ARTIC_3,26331,1286,2864,1,1,1,4152,0.5239116418775056,True,False,False,True,False,True,1.0
NORT_ARTIC_3,26447,1082,904,0,0,1,1986,1.0,True,False,True,True,False,True,1.0
NORT_ARTIC_3,879,297,496,6,5,1,804,0.3474678436319152,True,True,False,True,False,True,1.0
NORT_ARTIC_3,1814,272,1097,4,13,1,1386,0.7589631928289851,True,False,False,True,False,True,1.0
NORT_ARTIC_3,1953,887,291,9,3,1,1190,1.0,True,False,False,True,False,True,1.0
NORT_ARTIC_3,1993,910,339,12,6,1,1267,0.5953113513900153,True,False,False,True,False,True,1.0
NORT_ARTIC_3,2317,398,318,2,4,1,722,0.4152877886333224,True,True,False,True,False,True,1.0
NORT_ARTIC_3,2394,1708,1723,13,22,2,3466,0.1736416512537809,True,False,False,False,False,True,1.0
NORT_ARTIC_3,2851,700,493,12,4,1,1209,0.21208379831201735,True,False,False,False,False,True,1.0
NORT_ARTIC_3,4108,699,276,7,5,1,987,0.33813316816794153,True,True,False,True,False,True,1.0
NORT_ARTIC_3,5275,1178,1201,12,7,1,2398,0.2579831070900604,True,False,False,False,False,True,1.0
NORT_ARTIC_3,5293,2938,1748,23,22,2,4731,0.1222147838453429,True,False,False,False,False,True,1.0
NORT_ARTIC_3,6197,124,594,4,7,1,729,0.10982672076170372,True,True,False,True,False,True,1.0
NORT_ARTIC_3,7619,672,1802,9,15,1,2498,0.2555417324126559,True,False,False,False,False,True,1.0
NORT_ARTIC_3,7623,666,1820,7,12,1,2505,0.309238304428858,True,False,False,False,False,True,1.0
NORT_ARTIC_3,7655,638,1825,5,13,1,2481,0.7923406785026864,True,False,False,True,False,True,1.0
NORT_ARTIC_3,7717,906,1742,9,9,1,2666,0.21133222335230434,True,False,False,False,False,True,1.0
NORT_ARTIC_3,8038,666,769,6,9,1,1450,0.795963344242901,True,False,False,False,False,True,1.0
NORT_ARTIC_3,8081,670,318,7,4,1,999,0.7531407142718924,True,True,False,True,False,True,1.0
NORT_ARTIC_3,8136,689,313,11,3,1,1016,0.5676378548627604,True,False,False,True,False,True,1.0
NORT_ARTIC_3,8427,1163,325,14,2,1,1504,0.5455473919404197,True,False,False,True,False,True,1.0
NORT_ARTIC_3,9167,393,931,3,13,1,1340,0.4203138368019938,True,False,False,True,False,True,1.0
NORT_ARTIC_3,9236,941,1226,9,8,1,2184,0.46837891477060944,True,False,False,False,False,True,1.0
NORT_ARTIC_3,9652,1083,737,25,18,1,1863,0.8760125332362902,True,False,False,False,False,True,1.0
NORT_ARTIC_3,9660,3332,3033,15,22,2,6402,0.18650567915471325,True,False,False,False,False,True,1.0
NORT_ARTIC_3,9830,454,1413,2,17,1,1886,0.27797134845912796,True,False,False,True,False,True,1.0
NORT_ARTIC_3,10181,1219,330,10,6,1,1565,0.1275528213947801,True,False,False,True,False,True,1.0
NORT_ARTIC_3,12407,585,314,5,4,1,908,0.7271091113843264,True,True,False,True,False,True,1.0
NORT_ARTIC_3,13455,167,756,0,0,1,923,1.0,True,True,True,True,False,True,1.0
NORT_ARTIC_3,14475,826,337,11,7,1,1181,0.43239245149677796,True,False,False,False,False,True,1.0
NORT_ARTIC_3,15028,1117,585,12,3,1,1717,0.2879285141130398,True,False,False,False,False,True,1.0
NORT_ARTIC_3,15410,52,58,3,3,1,116,1.0,True,True,False,True,False,True,1.0
NORT_ARTIC_3,16258,1624,562,10,5,1,2201,0.553800503508715,True,False,False,True,False,True,1.0
NORT_ARTIC_3,17470,1803,567,4,0,1,2374,0.5783312043818676,True,False,True,True,False,True,1.0
NORT_ARTIC_3,17557,652,1793,4,14,1,2463,0.7943579085000168,True,False,False,True,False,True,1.0
NORT_ARTIC_3,18314,1525,1062,16,11,2,2614,1.0,True,False,False,False,False,True,1.0
NORT_ARTIC_3,19169,442,969,6,8,1,1425,0.3896459529468837,True,False,False,True,False,True,1.0
NORT_ARTIC_3,20214,1683,775,13,9,2,2480,0.3612463977541429,True,False,False,False,False,True,1.0
NORT_ARTIC_3,20581,2846,2909,19,23,2,5797,0.6436981491362339,True,False,False,False,False,True,1.0
NORT_ARTIC_3,20690,904,1664,6,10,1,2584,0.7998990548551568,True,False,False,False,False,True,1.0
NORT_ARTIC_3,21904,490,728,0,0,1,1218,1.0,True,False,True,True,False,True,1.0
NORT_ARTIC_3,21960,784,159,10,3,1,956,0.4707099093925446,True,True,False,True,False,True,1.0
NORT_ARTIC_3,22615,288,691,4,10,1,993,1.0,True,True,False,True,False,True,1.0
NORT_ARTIC_3,23013,587,504,6,6,1,1103,1.0,True,False,False,False,False,True,1.0
NORT_ARTIC_3,23029,617,414,0,2,2,1033,0.16194271220273604,True,False,True,True,False,True,1.0
NORT_ARTIC_3,23052,609,174,6,4,1,793,0.2439092567280819,True,True,False,True,False,True,1.0
NORT_ARTIC_3,24265,952,233,9,5,1,1199,0.16967097649558038,True,False,False,True,False,True,1.0
NORT_ARTIC_3,24813,6573,3376,38,22,3,10009,0.6823719931613428,True,False,False,False,False,True,1.0
NORT_ARTIC_3,25103,1277,967,12,8,1,2264,0.8248583218551702,True,False,False,False,False,True,1.0
NORT_ARTIC_3,26011,1614,1030,12,10,2,2666,0.5203640791435042,True,False,False,False,False,True,1.0
NORT_ARTIC_3,26267,542,1790,4,11,1,2347,0.7605648175577342,True,False,False,True,False,True,1.0
NORT_ARTIC_3,26345,1156,1421,10,15,1,2602,0.6897772807605385,True,False,False,False,False,True,1.0
NORT_ARTIC_3,27371,71,95,5,9,2,180,0.7799862019904463,True,True,False,False,False,True,1.0
NORT_ARTIC_3,27509,1338,269,10,4,1,1621,0.2729867310811387,True,False,False,True,False,True,1.0
NORT_ARTIC_3,27850,4875,1565,33,18,2,6491,0.07292698382243015,True,False,False,False,False,True,0.9525092501774175
NORT_ARTIC_3,28000,363,1971,4,25,1,2363,1.0,True,False,False,True,False,True,1.0
NORT_ARTIC_3,28187,1168,1518,9,12,1,2707,1.0,True,False,False,False,False,True,1.0
NORT_ARTIC_3,28953,707,248,10,4,1,969,0.7656896582490571,True,True,False,True,False,True,1.0
NORT_ARTIC_3,29233,1500,410,12,5,1,1927,0.38609978880829404,True,False,False,True,False,True,1.0
NORT_ARTIC_3,29614,817,243,3,1,1,1064,1.0,True,False,False,True,False,True,1.0
NORT_ARTIC_3,2647,258,99,6,2,1,365,1.0,True,True,False,True,False,True,1.0
NORT_ARTIC_3,2792,78,347,2,6,1,433,0.6444090125482941,True,True,False,True,False,True,1.0
NORT_ARTIC_3,3485,422,99,17,2,1,540,0.5496563964727482,True,True,False,True,False,True,1.0
NORT_ARTIC_3,9100,216,99,3,3,1,321,0.38662231482830445,True,True,False,True,False,True,1.0
NORT_ARTIC_3,10078,71,324,1,3,1,399,0.5503733304329818,True,True,False,True,False,True,1.0
NORT_ARTIC_3,11575,187,732,20,69,1,1008,0.6799920802098329,True,False,False,False,False,True,1.0
NORT_ARTIC_3,11918,158,552,4,8,1,722,0.48222060581933335,True,True,False,True,False,True,1.0
NORT_ARTIC_3,12058,959,211,9,5,1,1184,0.15237624811286038,True,False,False,True,False,True,1.0
NORT_ARTIC_3,12082,915,258,25,7,1,1205,1.0,True,False,False,False,False,True,1.0
NORT_ARTIC_3,12668,1047,287,9,5,1,1348,0.19917456676284756,True,False,False,True,False,True,1.0
NORT_ARTIC_3,13103,283,993,5,10,1,1291,0.3464685530861352,True,False,False,True,False,True,1.0
NORT_ARTIC_3,14013,269,804,1,36,1,1110,0.0006407819021315804,True,False,False,False,False,True,0.024092304166468563
NORT_ARTIC_3,14041,203,734,1,39,1,977,0.0012283988634241457,True,True,False,False,False,True,0.04188935348994432
NORT_ARTIC_3,14267,165,282,2,1,1,450,0.5582908447343302,True,True,False,True,False,True,1.0
NORT_ARTIC_3,14649,136,515,1,2,1,654,0.506588862415144,True,True,False,True,False,True,1.0
NORT_ARTIC_3,15366,83,33,0,0,1,116,1.0,True,True,True,True,False,True,1.0
NORT_ARTIC_3,16340,1168,2600,7,20,2,3795,0.6790149724095409,True,False,False,False,False,True,1.0
NORT_ARTIC_3,16722,1325,992,10,8,1,2335,1.0,True,False,False,False,False,True,1.0
NORT_ARTIC_3,16752,1567,1020,11,5,1,2603,0.6130129708816767,True,False,False,False,False,True,1.0
NORT_ARTIC_3,18655,250,78,33,0,1,361,0.00027485256150973694,True,True,True,False,False,True,0.010991603800739389
NORT_ARTIC_3,18692,272,113,22,0,1,407,0.0009475224204010713,True,True,True,False,False,True,0.0333452090187545
NORT_ARTIC_3,20529,4811,1592,27,12,2,6442,0.4566517171795894,True,False,False,False,False,True,1.0
NORT_ARTIC_3,21306,117,586,6,5,1,714,0.0050966109904552505,True,True,False,True,False,True,0.1484767665365076
NORT_ARTIC_3,23870,313,297,7,4,1,621,0.5473066860612608,True,True,False,False,False,True,1.0
NORT_ARTIC_3,24905,416,197,6,4,1,623,0.7343109262099281,True,True,False,True,False,True,1.0
NORT_ARTIC_3,25439,614,422,13,7,1,1056,0.6538276267643361,True,False,False,False,False,True,1.0
NORT_ARTIC_3,27207,5808,3078,40,23,4,8949,0.7908535917240254,True,False,False,False,False,True,1.0
NORT_ARTIC_3,27787,1108,800,9,7,1,1924,1.0,True,False,False,False,False,True,1.0
NORT_ARTIC_3,27971,650,1761,8,15,2,2434,0.4783458904534779,True,False,False,False,False,True,1.0
NORT_ARTIC_3,28577,1543,1040,11,6,1,2600,0.8063640036361858,True,False,False,False,False,True,1.0
NORT_ARTIC_3,29584,2439,1358,22,13,2,3832,0.860872599764521,True,False,False,False,False,True,1.0
NORT_ARTIC_3,1100,1731,569,10,7,1,2317,0.1544733037341152,True,False,False,True,False,True,1.0
NORT_ARTIC_3,2803,253,1127,3,11,1,1394,0.7302138622332985,True,False,False,True,False,True,1.0
NORT_ARTIC_3,2805,253,1125,2,12,1,1392,1.0,True,False,False,True,False,True,1.0
NORT_ARTIC_3,3528,1990,571,17,8,2,2586,0.23514342617267073,True,False,False,False,False,True,1.0
NORT_ARTIC_3,3649,591,1772,6,11,1,2380,0.39747975431195537,True,False,False,True,False,True,1.0
NORT_ARTIC_3,5527,555,2252,5,18,1,2830,0.7935546166603891,True,False,False,True,False,True,1.0
NORT_ARTIC_3,5756,1115,1210,9,7,1,2341,0.6182419300861384,True,False,False,False,False,True,1.0
NORT_ARTIC_3,6298,66,13,4,1,1,84,1.0,True,True,False,True,False,True,1.0
NORT_ARTIC_3,6721,832,1407,7,11,1,2257,1.0,True,False,False,False,False,True,1.0
NORT_ARTIC_3,7640,2381,5041,13,28,2,7463,1.0,True,False,False,False,False,True,1.0
NORT_ARTIC_3,7669,2892,4166,18,26,2,7102,1.0,True,False,False,False,False,True,1.0
NORT_ARTIC_3,7754,4253,3913,21,28,2,8215,0.20090217772762395,True,False,False,False,False,True,1.0
NORT_ARTIC_3,7780,1223,334,11,8,1,1576,0.04514661411366915,True,False,False,True,False,True,0.7818895885276795
NORT_ARTIC_3,8829,26,55,2,3,1,86,0.6588911449742783,True,True,False,True,False,True,1.0
NORT_ARTIC_3,9172,690,1573,7,17,1,2287,1.0,True,False,False,False,False,True,1.0
NORT_ARTIC_3,10165,1799,435,19,447,1,2700,1.1027909252399718e-229,True,False,False,False,False,True,1.212794320032659e-226
NORT_ARTIC_3,10582,878,607,3,1,1,1489,0.6493493127791641,True,False,False,True,False,True,1.0
NORT_ARTIC_3,12030,5059,1228,34,8,2,6329,1.0,True,False,False,False,False,True,1.0
NORT_ARTIC_3,12246,814,1803,9,14,1,2640,0.49751829902275274,True,False,False,False,False,True,1.0
NORT_ARTIC_3,12538,6283,3268,39,23,2,9613,0.6873363023404787,True,False,False,False,False,True,1.0
NORT_ARTIC_3,13842,3042,3572,24,24,2,6662,0.663342312314287,True,False,False,False,False,True,1.0
NORT_ARTIC_3,14552,739,705,15,1,2,1460,0.0005367349742334055,True,False,False,False,False,True,0.020711378523269743
NORT_ARTIC_3,14628,7729,2806,47,18,3,10600,0.8881126635184067,True,False,False,False,False,True,1.0
NORT_ARTIC_3,15620,2473,539,18,6,1,3036,0.4190764073725164,True,False,False,True,False,True,1.0
NORT_ARTIC_3,15632,6529,1510,35,10,2,8084,0.5655821707764929,True,False,False,False,False,True,1.0
NORT_ARTIC_3,16067,771,1023,8,11,1,1813,1.0,True,False,False,False,False,True,1.0
NORT_ARTIC_3,16425,1667,2522,1,3,1,4193,1.0,True,False,False,True,False,True,1.0
NORT_ARTIC_3,17009,2357,3050,13,13,1,5433,0.5553724976852086,True,False,False,False,False,True,1.0
NORT_ARTIC_3,17023,6202,8868,30,39,2,15139,0.7141263584746788,True,False,False,False,False,True,1.0
NORT_ARTIC_3,17491,1011,703,2,0,1,1716,0.5160356650152569,True,False,True,True,False,True,1.0
NORT_ARTIC_3,18967,1689,610,14,6,1,2319,0.7994077369566586,True,False,False,False,False,True,1.0
NORT_ARTIC_3,19191,740,1872,7,18,1,2637,1.0,True,False,False,False,False,True,1.0
NORT_ARTIC_3,21529,686,1195,5,10,1,1896,1.0,True,False,False,False,False,True,1.0
NORT_ARTIC_3,22864,440,640,2,9,1,1091,0.21566742818013246,True,False,False,True,False,True,1.0
NORT_ARTIC_3,24504,3771,4815,26,28,3,8640,0.5830829790869383,True,False,False,False,False,True,1.0
NORT_ARTIC_3,24506,1443,1824,8,10,1,3285,1.0,True,False,False,False,False,True,1.0
NORT_ARTIC_3,24513,1416,1829,9,12,1,3266,1.0,True,False,False,False,False,True,1.0
NORT_ARTIC_3,24885,1074,430,10,6,1,1520,0.4157543426823922,True,False,False,True,False,True,1.0
NORT_ARTIC_3,26172,937,877,0,0,1,1814,1.0,True,False,True,True,False,True,1.0
NORT_ARTIC_3,26727,1448,547,0,0,1,1995,1.0,True,False,True,True,False,True,1.0
NORT_ARTIC_3,27257,3695,1589,20,13,2,5317,0.25584611112664973,True,False,False,False,False,True,1.0
NORT_ARTIC_3,27499,1372,1431,10,11,1,2824,1.0,True,False,False,False,False,True,1.0
NORT_ARTIC_3,28010,1816,4462,16,27,2,6321,0.2397620983425782,True,False,False,False,False,True,1.0
NORT_ARTIC_3,1321,10,3,0,3,1,16,0.03571428571428572,True,True,True,True,False,True,0.6834980619456997
NORT_ARTIC_3,1387,6,2,3,2,1,13,1.0,True,True,False,True,False,True,1.0
NORT_ARTIC_3,1567,3,7,2,7,1,19,1.0,True,True,False,True,False,True,1.0
NORT_ARTIC_3,3208,81,17,0,0,1,98,1.0,True,True,True,True,False,True,1.0
NORT_ARTIC_3,3429,21,73,1,4,1,99,1.0,True,True,False,True,False,True,1.0
NORT_ARTIC_3,4700,25,5,3,0,1,33,1.0,True,True,True,True,False,True,1.0
NORT_ARTIC_3,5852,16,54,2,5,1,77,0.6627446277070047,True,True,False,True,False,True,1.0
NORT_ARTIC_3,6362,2,6,1,2,1,11,1.0,True,True,False,True,False,True,1.0
NORT_ARTIC_3,7420,523,223,21,9,2,776,1.0,True,True,False,False,False,True,1.0
NORT_ARTIC_3,8976,93,27,2,2,1,124,0.23276970203654074,True,True,False,True,False,True,1.0
NORT_ARTIC_3,9138,1713,4119,17,26,3,5875,0.17780427035839963,True,False,False,False,False,True,1.0
NORT_ARTIC_3,10148,59,24,9,3,1,95,1.0,True,True,False,True,False,True,1.0
NORT_ARTIC_3,10614,25,65,6,16,1,112,1.0,True,True,False,False,False,True,1.0
NORT_ARTIC_3,11090,2887,699,29,5,2,3620,0.6630829467853843,True,False,False,False,False,True,1.0
NORT_ARTIC_3,14481,7,36,2,2,1,47,0.16049112774367164,True,True,False,True,False,True,1.0
NORT_ARTIC_3,14707,808,650,19,6,2,1483,0.043190723452228325,True,False,False,False,False,True,0.7612162877413499
NORT_ARTIC_3,16036,11,17,1,4,1,33,0.6301446051167966,True,True,False,True,False,True,1.0
NORT_ARTIC_3,19812,5,44,2,2,1,53,0.07984290958763768,True,True,False,True,False,True,1.0
NORT_ARTIC_3,21382,8,44,2,18,1,72,0.7155706741580192,True,True,False,True,False,True,1.0
NORT_ARTIC_3,24409,15,45,2,3,1,65,0.5995272575124504,True,True,False,True,False,True,1.0
NORT_ARTIC_3,26167,7,17,0,0,1,24,1.0,True,True,True,True,False,True,1.0
NORT_ARTIC_3,26397,14,5,1,2,1,22,0.22727272727272727,True,True,False,True,False,True,1.0
NORT_ARTIC_3,28153,63,30,5,2,1,100,1.0,True,True,False,True,False,True,1.0
NORT_ARTIC_3,28978,0,8,1,2,1,11,0.2727272727272727,True,True,True,True,False,True,1.0
NORT_ARTIC_3,29657,16,16,0,0,1,32,1.0,True,True,True,True,False,True,1.0
NORT_ARTIC_3,477,44,13,9,6,1,72,0.19982117855294132,True,True,False,True,False,True,1.0
NORT_ARTIC_3,764,179,43,3,3,1,228,0.09830031893496191,True,True,False,True,False,True,1.0
NORT_ARTIC_3,1410,30,12,3,2,1,47,0.6265301292945807,True,True,False,True,False,True,1.0
NORT_ARTIC_3,3400,67,180,2,5,1,254,1.0,True,True,False,True,False,True,1.0
NORT_ARTIC_3,4134,265,138,24,7,2,434,0.23660516583436658,True,True,False,False,False,True,1.0
NORT_ARTIC_3,4158,240,97,5,1,1,343,0.678340265838941,True,True,False,True,False,True,1.0
NORT_ARTIC_3,5073,44,13,4,1,1,62,1.0,True,True,False,True,False,True,1.0
NORT_ARTIC_3,7701,252,40,13,4,1,309,0.27888318572979054,True,True,False,True,False,True,1.0
NORT_ARTIC_3,7869,97,297,5,5,1,404,0.13090244799823553,True,True,False,True,False,True,1.0
NORT_ARTIC_3,8069,95,28,8,1,1,132,0.6829293218751467,True,True,False,True,False,True,1.0
NORT_ARTIC_3,8126,29,43,0,0,1,72,1.0,True,True,True,True,False,True,1.0
NORT_ARTIC_3,9022,178,51,4,2,1,235,0.6195871490044237,True,True,False,True,False,True,1.0
NORT_ARTIC_3,10444,113,152,7,1,1,273,0.023370743105510745,True,True,False,True,False,True,0.5497748605408651
NORT_ARTIC_3,10861,29,41,2,2,1,74,1.0,True,True,False,True,False,True,1.0
NORT_ARTIC_3,10957,28,82,3,3,1,116,0.33999447172774344,True,True,False,True,False,True,1.0
NORT_ARTIC_3,10974,31,81,0,0,1,112,1.0,True,True,True,True,False,True,1.0
NORT_ARTIC_3,13220,118,140,5,9,1,272,0.5853731298385192,True,True,False,False,False,True,1.0
NORT_ARTIC_3,13542,20,50,2,3,1,75,0.6267452094193363,True,True,False,True,False,True,1.0
NORT_ARTIC_3,14274,94,172,7,6,1,279,0.23669010128522527,True,True,False,True,False,True,1.0
NORT_ARTIC_3,14782,78,215,4,10,1,307,1.0,True,True,False,True,False,True,1.0
NORT_ARTIC_3,16071,48,166,0,1,1,215,1.0,True,True,True,True,False,True,1.0
NORT_ARTIC_3,16242,1264,281,1,0,2,1546,1.0,True,False,True,True,False,True,1.0
NORT_ARTIC_3,16307,12,10,1,3,1,26,0.5930434782608696,True,True,False,True,False,True,1.0
NORT_ARTIC_3,16795,207,204,0,0,1,411,1.0,True,True,True,True,False,True,1.0
NORT_ARTIC_3,17177,342,98,10,2,1,452,1.0,True,True,False,True,False,True,1.0
NORT_ARTIC_3,17812,19,4,2,2,1,27,0.20427350427350427,True,True,False,True,False,True,1.0
NORT_ARTIC_3,18062,111,44,15,5,1,175,1.0,True,True,False,False,False,True,1.0
NORT_ARTIC_3,18252,46,126,0,0,1,172,1.0,True,True,True,True,False,True,1.0
NORT_ARTIC_3,18318,121,120,0,0,1,241,1.0,True,True,True,True,False,True,1.0
NORT_ARTIC_3,19814,30,94,1,5,1,130,1.0,True,True,False,True,False,True,1.0
NORT_ARTIC_3,21330,30,102,2,8,1,142,1.0,True,True,False,True,False,True,1.0
NORT_ARTIC_3,23646,62,92,3,5,1,162,1.0,True,True,False,True,False,True,1.0
NORT_ARTIC_3,25100,256,91,12,4,1,363,1.0,True,True,False,True,False,True,1.0
NORT_ARTIC_3,27187,5432,2942,42,22,4,8438,1.0,True,False,False,False,False,True,1.0
NORT_ARTIC_3,27255,310,84,11,3,1,408,1.0,True,True,False,True,False,True,1.0
NORT_ARTIC_3,27654,180,172,1,1,2,354,1.0,True,True,False,True,False,True,1.0
NORT_ARTIC_3,27915,384,133,2,2,1,521,0.27682604775345504,True,True,False,True,False,True,1.0
NORT_ARTIC_3,28210,371,100,5,3,1,479,0.3776793870166727,True,True,False,True,False,True,1.0
NORT_ARTIC_3,28576,59,83,5,5,1,152,0.7431725011132546,True,True,False,True,False,True,1.0
NORT_ARTIC_3,683,1187,466,53,33,2,1739,0.049935235088914856,True,False,False,False,False,True,0.8060419536496433
NORT_ARTIC_3,963,598,845,5,8,1,1456,1.0,True,False,False,False,False,True,1.0
NORT_ARTIC_3,1102,660,238,9,6,1,913,0.24668127207199675,True,True,False,True,False,True,1.0
NORT_ARTIC_3,4084,602,893,8,11,1,1514,1.0,True,False,False,False,False,True,1.0
NORT_ARTIC_3,4096,4891,4913,29,38,3,9871,0.32694182511121855,True,False,False,False,False,True,1.0
NORT_ARTIC_3,4321,169,850,0,0,1,1019,1.0,True,False,True,True,False,True,1.0
NORT_ARTIC_3,5393,1746,396,26,5,2,2173,1.0,True,False,False,False,False,True,1.0
NORT_ARTIC_3,6551,1010,188,8,5,1,1211,0.042274976457873564,True,False,False,True,False,True,0.7498694412830073
NORT_ARTIC_3,8713,65,20,10,3,1,98,1.0,True,True,False,True,False,True,1.0
NORT_ARTIC_3,8963,790,136,5,5,1,936,0.009653443525046018,True,True,False,True,False,True,0.2542844195609427
NORT_ARTIC_3,9776,172,596,4,5,1,777,0.12343771557849001,True,True,False,True,False,True,1.0
NORT_ARTIC_3,10443,4223,3586,24,24,2,7857,0.6634440915588826,True,False,False,False,False,True,1.0
NORT_ARTIC_3,12515,2763,440,25,7,2,3235,0.1945285671326084,True,False,False,True,False,True,1.0
NORT_ARTIC_3,12612,2539,2192,17,16,2,4764,0.8618509888649023,True,False,False,False,False,True,1.0
NORT_ARTIC_3,12706,1084,5133,13,33,2,6263,0.07620184992452605,True,False,False,False,False,True,0.9801518649648834
NORT_ARTIC_3,13031,1143,313,10,0,1,1466,0.13181433447125965,True,False,True,True,False,True,1.0
NORT_ARTIC_3,13055,1380,384,11,2,1,1777,0.7458406934435231,True,False,False,True,False,True,1.0
NORT_ARTIC_3,13270,496,1718,5,17,1,2236,1.0,True,False,False,True,False,True,1.0
NORT_ARTIC_3,17410,552,1552,8,15,1,2127,0.34720240018605053,True,False,False,False,False,True,1.0
NORT_ARTIC_3,17433,846,616,5,7,1,1474,0.37955367617471025,True,False,False,False,False,True,1.0
NORT_ARTIC_3,18069,926,270,14,7,1,1217,0.2906304959274696,True,False,False,True,False,True,1.0
NORT_ARTIC_3,18200,305,954,4,10,1,1273,0.7543675488081036,True,False,False,True,False,True,1.0
NORT_ARTIC_3,18292,461,805,0,1,1,1267,1.0,True,False,True,True,False,True,1.0
NORT_ARTIC_3,18588,117,513,2,8,1,640,1.0,True,True,False,True,False,True,1.0
NORT_ARTIC_3,20519,1373,255,9,3,1,1640,0.4165504987037613,True,False,False,True,False,True,1.0
NORT_ARTIC_3,22021,49,9,2,2,1,62,0.14138335917683226,True,True,False,True,False,True,1.0
NORT_ARTIC_3,22581,2021,562,19,7,2,2609,0.48139552779223305,True,False,False,False,False,True,1.0
NORT_ARTIC_3,23148,529,47,9,1,1,586,0.5774899105492889,True,True,False,True,False,True,1.0
NORT_ARTIC_3,24023,171,546,2,6,2,725,1.0,True,True,False,True,False,True,1.0
NORT_ARTIC_3,24412,373,984,4,6,1,1367,0.47649264078171705,True,False,False,True,False,True,1.0
NORT_ARTIC_3,25130,1351,539,23,7,1,1920,0.6840476813184128,True,False,False,False,False,True,1.0
NORT_ARTIC_3,25886,64,263,0,0,1,327,1.0,True,True,True,True,False,True,1.0
NORT_ARTIC_3,26621,835,150,9,2,1,996,0.6789061547983501,True,True,False,True,False,True,1.0
NORT_ARTIC_3,26639,853,167,8,4,1,1032,0.12190485856806016,True,False,False,True,False,True,1.0
NORT_ARTIC_3,28236,4611,1451,270,99,4,6431,0.21013638648427116,True,False,False,False,False,True,1.0
NORT_ARTIC_3,28467,1714,242,13,3,1,1972,0.43792714967269786,True,False,False,True,False,True,1.0
NORT_ARTIC_3,28692,326,1526,3,11,1,1866,0.7233251787702204,True,False,False,True,False,True,1.0
NORT_ARTIC_3,29324,309,1474,6,7,1,1796,0.015844391972394647,True,False,False,True,False,True,0.3893825714333187
NORT_ARTIC_3,1801,491,953,5,10,1,1459,1.0,True,False,False,False,False,True,1.0
NORT_ARTIC_3,3237,3199,945,29,6,2,4179,0.5451400759498986,True,False,False,False,False,True,1.0
NORT_ARTIC_3,4156,1901,951,6,12,1,2870,0.004683149845620989,True,False,False,False,False,True,0.13891754843643286
NORT_ARTIC_3,6816,1283,1570,2,5,1,2860,0.46928679722895045,True,False,False,True,False,True,1.0
NORT_ARTIC_3,7773,1867,570,19,5,1,2461,1.0,True,False,False,False,False,True,1.0
NORT_ARTIC_3,8308,1569,1300,11,10,1,2890,0.8300965342170072,True,False,False,False,False,True,1.0
NORT_ARTIC_3,9199,3093,9688,32,72,6,12885,0.13466746884314668,True,False,False,False,False,True,1.0
NORT_ARTIC_3,10192,1748,456,15,6,1,2225,0.41511776492697683,True,False,False,True,False,True,1.0
NORT_ARTIC_3,10390,872,1509,12,13,1,2406,0.296944092943914,True,False,False,False,False,True,1.0
NORT_ARTIC_3,11270,719,3577,0,6,1,4302,0.597844453951653,True,False,True,True,False,True,1.0
NORT_ARTIC_3,11698,2223,791,14,4,1,3032,1.0,True,False,False,True,False,True,1.0
NORT_ARTIC_3,12411,907,3593,4,28,2,4532,0.3772515853081774,True,False,False,False,False,True,1.0
NORT_ARTIC_3,12490,2052,335,12,3,1,2402,0.4571812172256032,True,False,False,True,False,True,1.0
NORT_ARTIC_3,12500,2259,395,15,5,1,2674,0.206649629147081,True,False,False,True,False,True,1.0
NORT_ARTIC_3,12703,4168,16380,26,89,6,20663,0.5607001428548744,True,False,False,False,False,True,1.0
NORT_ARTIC_3,12719,586,2339,4,15,1,2944,1.0,True,False,False,True,False,True,1.0
NORT_ARTIC_3,13331,2008,8871,12,52,3,10943,1.0,True,False,False,False,False,True,1.0
NORT_ARTIC_3,13396,1361,276,13,5,2,1655,0.21138794131696376,True,False,False,True,False,True,1.0
NORT_ARTIC_3,13755,2135,651,14,4,1,2804,1.0,True,False,False,True,False,True,1.0
NORT_ARTIC_3,13931,864,1782,5,13,1,2664,0.8034694576133498,True,False,False,False,False,True,1.0
NORT_ARTIC_3,14363,7548,3009,69,23,5,10649,0.4889416244779214,True,False,False,False,False,True,1.0
NORT_ARTIC_3,14924,4062,985,29,11,2,5087,0.22794136751451874,True,False,False,False,False,True,1.0
NORT_ARTIC_3,16077,866,3928,11,20,2,4825,0.018471672977507195,True,False,False,False,False,True,0.446466425428869
NORT_ARTIC_3,16294,491,276,5,5,1,777,0.5090078754534502,True,True,False,True,False,True,1.0
NORT_ARTIC_3,17068,4258,7929,16,43,2,12246,0.22132272368573377,True,False,False,False,False,True,1.0
NORT_ARTIC_3,17342,2566,9661,13,45,2,12285,0.748151453974534,True,False,False,False,False,True,1.0
NORT_ARTIC_3,18231,1127,3686,10,22,2,4845,0.29786596457319203,True,False,False,False,False,True,1.0
NORT_ARTIC_3,18964,1517,851,7,10,1,2385,0.0729701335098408,True,False,False,False,False,True,0.9525092501774175
NORT_ARTIC_3,19107,685,1021,5,11,1,1722,0.6109868845184503,True,False,False,False,False,True,1.0
NORT_ARTIC_3,19815,1841,4426,16,24,2,6307,0.16321183899592004,True,False,False,False,False,True,1.0
NORT_ARTIC_3,20689,1211,1417,9,9,1,2646,0.8146644734750096,True,False,False,False,False,True,1.0
NORT_ARTIC_3,20809,1096,2271,7,18,1,3392,0.8306321440053976,True,False,False,False,False,True,1.0
NORT_ARTIC_3,21621,313,1024,2,4,1,1343,0.6296624491941414,True,False,False,True,False,True,1.0
NORT_ARTIC_3,22687,1236,749,0,1,1,1986,0.3776435045317221,True,False,True,True,False,True,1.0
NORT_ARTIC_3,22812,3351,9032,26,72,5,12481,1.0,True,False,False,False,False,True,1.0
NORT_ARTIC_3,22862,171,1206,0,2,1,1379,1.0,True,False,True,True,False,True,1.0
NORT_ARTIC_3,23171,1154,130,11,4,1,1299,0.06002507483147559,True,False,False,True,False,True,0.8770801100489042
NORT_ARTIC_3,24721,1934,635,14,4,1,2587,1.0,True,False,False,True,False,True,1.0
NORT_ARTIC_3,25036,5869,3513,33,15,2,9430,0.45525622789273434,True,False,False,False,False,True,1.0
NORT_ARTIC_3,25686,1278,275,12,1,1,1566,0.4856418164423384,True,False,False,True,False,True,1.0
NORT_ARTIC_3,27397,1373,4089,12,29,2,5503,0.5877041663450409,True,False,False,False,False,True,1.0
NORT_ARTIC_3,27859,6888,1453,49,11,3,8401,0.8641879557938617,True,False,False,False,False,True,1.0
NORT_ARTIC_3,27902,1810,689,15,5,1,2519,1.0,True,False,False,False,False,True,1.0
NORT_ARTIC_3,28077,301,1400,0,0,1,1701,1.0,True,False,True,True,False,True,1.0
NORT_ARTIC_3,29242,757,2621,12,21,2,3411,0.061592293176419774,True,False,False,False,False,True,0.8796899275424369
NORT_ARTIC_3,601,239,730,0,0,1,969,1.0,True,True,True,True,False,True,1.0
NORT_ARTIC_3,3990,379,546,3,1,1,929,0.3114941420966485,True,True,False,True,False,True,1.0
NORT_ARTIC_3,9246,231,494,2,2,1,729,0.5964477272745652,True,True,False,True,False,True,1.0
NORT_ARTIC_3,10764,1056,355,8,5,1,1424,0.33329041100530526,True,False,False,True,False,True,1.0
NORT_ARTIC_3,13432,724,289,2,2,1,1017,0.32381359396630377,True,False,False,True,False,True,1.0
NORT_ARTIC_3,14801,1608,5794,6,19,2,7427,0.8080509770449616,True,False,False,False,False,True,1.0
NORT_ARTIC_3,17004,603,1649,0,0,1,2252,1.0,True,False,True,True,False,True,1.0
NORT_ARTIC_3,17403,317,2303,1,3,1,2624,0.40372745112901254,True,False,False,True,False,True,1.0
NORT_ARTIC_3,19901,485,914,0,4,1,1403,0.304951606350173,True,False,True,True,False,True,1.0
NORT_ARTIC_3,20134,116,407,0,0,1,523,1.0,True,True,True,True,False,True,1.0
NORT_ARTIC_3,20608,1576,532,48,15,1,2171,0.8835500454177072,True,False,False,False,False,True,1.0
NORT_ARTIC_3,23784,140,515,3,5,1,663,0.37923433892732705,True,True,False,True,False,True,1.0
NORT_ARTIC_3,25006,847,844,17,23,1,1731,0.42418379974821685,True,False,False,False,False,True,1.0
NORT_ARTIC_3,26217,74,377,13,1,1,465,1.8854067593250426e-09,True,True,False,True,False,True,1.2378961692941586e-07
NORT_ARTIC_3,29395,131,22,0,0,1,153,1.0,True,True,True,True,False,True,1.0
NORT_ARTIC_3,1253,488,633,5,7,1,1133,1.0,True,False,False,False,False,True,1.0
NORT_ARTIC_3,4011,839,3022,8,27,2,3896,0.8380754490549052,True,False,False,False,False,True,1.0
NORT_ARTIC_3,4287,1789,5283,15,25,2,7112,0.09879054341302107,True,False,False,False,False,True,1.0
NORT_ARTIC_3,5779,611,952,7,8,1,1578,0.600059384033054,True,False,False,False,False,True,1.0
NORT_ARTIC_3,6355,1464,2584,8,17,1,4073,0.8351257065775266,True,False,False,False,False,True,1.0
NORT_ARTIC_3,7266,386,1601,6,14,1,2007,0.2545689722848847,True,False,False,True,False,True,1.0
NORT_ARTIC_3,8348,1520,401,8,3,1,1932,0.7081123194550504,True,False,False,True,False,True,1.0
NORT_ARTIC_3,8996,930,248,0,0,1,1178,1.0,True,False,True,True,False,True,1.0
NORT_ARTIC_3,9940,845,263,2,1,1,1111,0.5572669956781947,True,False,False,True,False,True,1.0
NORT_ARTIC_3,11751,1001,1650,7,13,1,2671,1.0,True,False,False,False,False,True,1.0
NORT_ARTIC_3,12318,394,1117,28,95,1,1634,0.45484723257327353,True,False,False,False,False,True,1.0
NORT_ARTIC_3,13162,2401,750,13,6,1,3170,0.4223177013291699,True,False,False,True,False,True,1.0
NORT_ARTIC_3,14211,245,1060,3,13,1,1321,1.0,True,False,False,True,False,True,1.0
NORT_ARTIC_3,14273,3011,3031,22,19,2,6083,0.6419778187478309,True,False,False,False,False,True,1.0
NORT_ARTIC_3,16704,482,1554,5,13,1,2054,0.7803249527252472,True,False,False,True,False,True,1.0
NORT_ARTIC_3,19086,474,641,0,0,1,1115,1.0,True,False,True,True,False,True,1.0
NORT_ARTIC_3,20339,389,207,5,4,1,605,0.7261839188148911,True,True,False,True,False,True,1.0
NORT_ARTIC_3,21973,25,21,10,5,1,61,0.5500733855716783,True,True,False,False,False,True,1.0
NORT_ARTIC_3,22051,62,49,0,0,1,111,1.0,True,True,True,True,False,True,1.0
NORT_ARTIC_3,22941,150,62,0,0,1,212,1.0,True,True,True,True,False,True,1.0
NORT_ARTIC_3,24821,1633,594,0,0,1,2227,1.0,True,False,True,True,False,True,1.0
NORT_ARTIC_3,26407,488,695,6,6,1,1195,0.5669638382220012,True,False,False,True,False,True,1.0
NORT_ARTIC_3,29458,1152,351,16,5,1,1524,1.0,True,False,False,True,False,True,1.0
NORT_ARTIC_3,471,393,79,22,6,1,500,0.6026844880998989,True,True,False,True,False,True,1.0
NORT_ARTIC_3,823,395,234,2,0,1,631,0.5326239529092145,True,True,True,True,False,True,1.0
NORT_ARTIC_3,1059,744,158,22,5,1,929,0.8011314548859334,True,True,False,True,False,True,1.0
NORT_ARTIC_3,1107,471,207,6,4,1,688,0.5051197391459111,True,True,False,True,False,True,1.0
NORT_ARTIC_3,2127,58,234,2,8,1,302,1.0,True,True,False,True,False,True,1.0
NORT_ARTIC_3,3703,63,334,1,0,1,398,0.16080402010050251,True,True,True,True,False,True,1.0
NORT_ARTIC_3,3991,419,1164,20,50,1,1653,0.6799190792465717,True,False,False,False,False,True,1.0
NORT_ARTIC_3,4532,392,1861,10,48,1,2311,1.0,True,False,False,False,False,True,1.0
NORT_ARTIC_3,4698,606,118,27,5,1,756,1.0,True,True,False,False,False,True,1.0
NORT_ARTIC_3,7312,78,244,2,15,1,339,0.379160247287297,True,True,False,True,False,True,1.0
NORT_ARTIC_3,7356,814,316,36,7,1,1173,0.11649967501511313,True,False,False,False,False,True,1.0
NORT_ARTIC_3,7915,239,1549,10,71,1,1869,1.0,True,False,False,False,False,True,1.0
NORT_ARTIC_3,8018,1513,232,9,0,1,1754,0.6165517807300294,True,False,True,True,False,True,1.0
NORT_ARTIC_3,8036,1493,252,43,7,1,1795,1.0,True,False,False,False,False,True,1.0
NORT_ARTIC_3,8903,357,918,5,26,1,1306,0.1607173695498103,True,False,False,False,False,True,1.0
NORT_ARTIC_3,12238,1032,641,44,11,1,1728,0.006677074829146152,True,False,False,False,False,True,0.19260429941081056
NORT_ARTIC_3,12255,4533,3768,29,29,3,8359,0.5099467136339824,True,False,False,False,False,True,1.0
NORT_ARTIC_3,12439,297,839,2,2,1,1140,0.28244220092196454,True,False,False,True,False,True,1.0
NORT_ARTIC_3,12880,486,310,17,8,1,821,0.5381511464007576,True,True,False,False,False,True,1.0
NORT_ARTIC_3,15157,1394,6453,5,193,5,8045,5.669711141196212e-11,True,False,False,False,False,True,4.022751501632602e-09
NORT_ARTIC_3,15576,1549,293,49,7,1,1898,0.5806393553713298,True,False,False,False,False,True,1.0
NORT_ARTIC_3,15857,1572,1120,6,32,1,2730,1.218478624866199e-07,True,False,False,False,False,True,6.8719070138287296e-06
NORT_ARTIC_3,17142,6110,1722,174,37,2,8043,0.1291700510219001,True,False,False,False,False,True,1.0
NORT_ARTIC_3,17797,877,185,28,1,1,1091,0.04582824194929587,True,False,False,True,False,True,0.7821564378871305
NORT_ARTIC_3,18176,405,646,4,19,1,1074,0.04909430469979827,True,False,False,False,False,True,0.8059187970588728
NORT_ARTIC_3,18280,758,1408,25,9,1,2200,6.620158470622881e-06,True,False,False,False,False,True,0.00032002282540956106
NORT_ARTIC_3,18491,431,491,12,14,1,948,1.0,True,True,False,False,False,True,1.0
NORT_ARTIC_3,19801,428,1603,15,50,1,2096,0.646629311800021,True,False,False,False,False,True,1.0
NORT_ARTIC_3,20266,1017,162,24,7,1,1210,0.18397343220854884,True,False,False,True,False,True,1.0
NORT_ARTIC_3,21046,901,4719,3,103,2,5726,3.570680878930859e-05,True,False,False,False,False,True,0.001653413177517563
NORT_ARTIC_3,21603,256,1009,7,20,1,1292,0.46972559071667397,True,False,False,False,False,True,1.0
NORT_ARTIC_3,23282,1482,478,29,10,1,1999,0.8513621135892082,True,False,False,False,False,True,1.0
NORT_ARTIC_3,23401,511,2112,10,45,1,2678,1.0,True,False,False,False,False,True,1.0
NORT_ARTIC_3,23491,815,1756,5,42,1,2618,0.001278423566755726,True,False,False,False,False,True,0.04260443386483666
NORT_ARTIC_3,23939,1295,364,3,1,1,1663,1.0,True,False,False,True,False,True,1.0
NORT_ARTIC_3,25378,1034,180,27,7,1,1248,0.3325109304454373,True,False,False,False,False,True,1.0
NORT_ARTIC_3,25412,2112,511,67,16,2,2706,1.0,True,False,False,False,False,True,1.0
NORT_ARTIC_3,26227,932,611,0,0,1,1543,1.0,True,False,True,True,False,True,1.0
NORT_ARTIC_3,27545,898,98,19,1,1,1016,0.7121255418673768,True,False,False,True,False,True,1.0
NORT_ARTIC_3,28166,1815,327,38,4,1,2184,0.3882800530107997,True,False,False,False,False,True,1.0
NORT_ARTIC_3,28775,328,62,10,1,1,401,1.0,True,True,False,True,False,True,1.0
NORT_ARTIC_3,2155,15,77,0,0,1,92,1.0,True,True,True,True,False,True,1.0
NORT_ARTIC_3,2232,675,97,14,5,1,791,0.08546744709251469,True,True,False,True,False,True,1.0
NORT_ARTIC_3,11123,2477,265,42,0,1,2784,0.029481938763229527,True,False,True,True,False,True,0.6088781625326135
NORT_ARTIC_3,20208,78,234,0,0,1,312,1.0,True,True,True,True,False,True,1.0
NORT_ARTIC_3,21178,973,110,0,0,1,1083,1.0,True,False,True,True,False,True,1.0
NORT_ARTIC_3,23368,963,3434,2,3,2,4402,0.30245644915850783,True,False,False,True,False,True,1.0
NORT_ARTIC_3,23537,1018,141,49,0,1,1208,0.0047053227363101835,True,False,True,False,False,True,0.13891754843643286
NORT_ARTIC_3,23559,1064,186,53,0,1,1303,0.000417650149648391,True,False,True,False,False,True,0.016258787684099753
NORT_ARTIC_3,23585,1108,213,47,0,1,1368,0.0006508600967834914,True,False,True,False,False,True,0.024263843777547277
NORT_ARTIC_3,23655,392,661,0,0,1,1053,1.0,True,False,True,True,False,True,1.0
NORT_ARTIC_3,24980,183,2196,0,29,1,2408,0.1636370813931834,True,False,True,True,False,True,1.0
NORT_ARTIC_3,28899,12,23,0,0,1,35,1.0,True,True,True,True,False,True,1.0
NORT_ARTIC_3,1753,649,343,9,6,1,1007,0.7853853107196642,True,False,False,False,False,True,1.0
NORT_ARTIC_3,4310,464,1370,0,26,1,1860,0.0008863400550000281,True,False,True,False,False,True,0.032223222330124986
NORT_ARTIC_3,6759,812,1894,4,22,2,2732,0.13193389252587773,True,False,False,False,False,True,1.0
NORT_ARTIC_3,17314,500,4172,0,59,1,4731,0.0022166896237736933,True,False,True,False,False,True,0.06965155467843197
NORT_ARTIC_3,20839,1144,1967,54,78,1,3243,0.3574589849933154,True,False,False,False,False,True,1.0
NORT_ARTIC_3,23628,334,291,0,0,1,625,1.0,True,True,True,True,False,True,1.0
NORT_ARTIC_3,26091,183,55,2,9,1,249,0.0001089100589161803,True,True,False,True,False,True,0.004743518308636408
NORT_ARTIC_3,9931,305,170,0,0,1,475,1.0,True,True,True,True,False,True,1.0
NORT_ARTIC_3,12793,350,626,13,4,1,993,0.0012688439143947658,True,True,False,False,False,True,0.04260443386483666
NORT_ARTIC_3,18264,244,794,63,40,2,1141,1.708255770221878e-14,True,False,False,False,False,True,1.5335953333073555e-12
NORT_ARTIC_3,635,147,587,14,33,3,781,0.13463094512491028,True,True,False,False,False,True,1.0
NORT_ARTIC_3,2564,80,456,0,0,1,536,1.0,True,True,True,True,False,True,1.0
NORT_ARTIC_3,2996,343,302,1,0,1,646,1.0,True,True,True,True,False,True,1.0
NORT_ARTIC_3,3058,217,846,0,2,1,1065,1.0,True,False,True,True,False,True,1.0
NORT_ARTIC_3,3948,187,112,0,0,1,299,1.0,True,True,True,True,False,True,1.0
NORT_ARTIC_3,6990,5,18,0,0,1,23,1.0,True,True,True,True,False,True,1.0
NORT_ARTIC_3,8964,1974,359,28,73,2,2434,5.145277683416342e-35,True,False,False,False,False,True,8.083598760481603e-33
NORT_ARTIC_3,11562,346,1053,19,3,1,1421,2.94617425216021e-09,True,False,False,False,False,True,1.9059147845959947e-07
NORT_ARTIC_3,12747,224,1738,2,13,1,1977,0.686238702174495,True,False,False,True,False,True,1.0
NORT_ARTIC_3,14250,761,557,0,0,1,1318,1.0,True,False,True,True,False,True,1.0
NORT_ARTIC_3,15222,685,679,3,12,1,1379,0.03419940439014093,True,False,False,False,False,True,0.6686363551654665
NORT_ARTIC_3,17322,505,1810,1,47,1,2363,0.00023759746814916406,True,False,False,False,False,True,0.009588910664111676
NORT_ARTIC_3,17587,347,610,6,7,1,970,0.5635124353421814,True,True,False,True,False,True,1.0
NORT_ARTIC_3,18594,57,518,15,4,1,594,1.1740912178903409e-11,True,True,False,True,False,True,8.753944521185779e-10
NORT_ARTIC_3,19314,54,11,2,2,1,69,0.15830056876741616,True,True,False,True,False,True,1.0
NORT_ARTIC_3,20125,144,669,4,13,1,830,0.5229300785271858,True,True,False,True,False,True,1.0
NORT_ARTIC_3,22640,326,89,1,21,1,437,9.735834344621648e-13,True,True,False,False,False,True,7.931099126294561e-11
NORT_ARTIC_3,23878,276,50,5,3,1,334,0.11782095766223734,True,True,False,True,False,True,1.0
NORT_ARTIC_3,26107,290,159,0,0,1,449,1.0,True,True,True,True,False,True,1.0
NORT_ARTIC_3,27507,72,943,0,3,1,1018,1.0,True,False,True,True,False,True,1.0
NORT_ARTIC_3,884,1820,4041,32,77,3,5970,0.7546572540433607,True,False,False,False,False,True,1.0
NORT_ARTIC_3,1420,455,338,1,2,1,796,0.5788122686528024,True,True,False,True,False,True,1.0
NORT_ARTIC_3,1702,1637,541,11,7,1,2196,0.17626564529868383,True,False,False,True,False,True,1.0
NORT_ARTIC_3,3657,383,530,7,5,1,925,0.37819627053586713,True,True,False,False,False,True,1.0
NORT_ARTIC_3,3945,534,376,4,5,1,919,0.5010444485301218,True,True,False,True,False,True,1.0
NORT_ARTIC_3,5656,2440,995,11,3,1,3449,0.7690274932918136,True,False,False,True,False,True,1.0
NORT_ARTIC_3,6622,1698,817,1,0,1,2516,1.0,True,False,True,True,False,True,1.0
NORT_ARTIC_3,8010,2567,1042,17,10,1,3636,0.39425062893982343,True,False,False,False,False,True,1.0
NORT_ARTIC_3,8205,1307,5300,10,27,2,6644,0.29899437963653647,True,False,False,False,False,True,1.0
NORT_ARTIC_3,8607,373,1396,6,9,1,1784,0.1050001857521455,True,False,False,True,False,True,1.0
NORT_ARTIC_3,8898,160,452,231,21,1,864,1.1586799708398087e-75,True,True,False,False,False,True,2.998254818661364e-73
NORT_ARTIC_3,9531,1067,754,9,7,1,1837,1.0,True,False,False,False,False,True,1.0
NORT_ARTIC_3,10176,1820,502,12,4,1,2338,0.7610062551198818,True,False,False,True,False,True,1.0
NORT_ARTIC_3,10184,3678,1144,26,7,2,4855,0.8396208424252772,True,False,False,False,False,True,1.0
NORT_ARTIC_3,10363,1119,4162,14,27,3,5322,0.05409265991963566,True,False,False,False,False,True,0.8262278159252683
NORT_ARTIC_3,10950,635,2029,6,14,1,2684,0.5975763468633091,True,False,False,True,False,True,1.0
NORT_ARTIC_3,10982,1914,6092,16,38,3,8060,0.3374652794438856,True,False,False,False,False,True,1.0
NORT_ARTIC_3,11738,1547,2035,10,10,1,3602,0.6520888081110239,True,False,False,False,False,True,1.0
NORT_ARTIC_3,12964,302,656,5,6,1,969,0.3387829954896822,True,True,False,True,False,True,1.0
NORT_ARTIC_3,13644,664,676,8,3,1,1351,0.14246525822699316,True,False,False,False,False,True,1.0
NORT_ARTIC_3,13914,609,2228,3,29,2,2869,0.12692955207893658,True,False,False,False,False,True,1.0
NORT_ARTIC_3,14478,453,1618,0,2,1,2073,1.0,True,False,True,True,False,True,1.0
NORT_ARTIC_3,14511,338,1301,0,0,1,1639,1.0,True,False,True,True,False,True,1.0
NORT_ARTIC_3,15606,2276,677,11,8,1,2972,0.05709641167262347,True,False,False,True,False,True,0.8514139489758327
NORT_ARTIC_3,16008,1229,1441,7,10,1,2687,0.8091196823089708,True,False,False,False,False,True,1.0
NORT_ARTIC_3,16268,1379,481,11,4,1,1875,1.0,True,False,False,True,False,True,1.0
NORT_ARTIC_3,16625,1046,708,10,2,1,1766,0.13899486358497046,True,False,False,True,False,True,1.0
NORT_ARTIC_3,17877,140,144,4,3,1,291,0.7208860802097949,True,True,False,True,False,True,1.0
NORT_ARTIC_3,18255,546,1641,3,1,1,2191,0.0509418272173578,True,False,False,True,False,True,0.8060902803207086
NORT_ARTIC_3,18927,2510,2687,14,15,2,5226,1.0,True,False,False,False,False,True,1.0
NORT_ARTIC_3,18952,1868,1683,15,6,2,3572,0.1231612959910198,True,False,False,False,False,True,1.0
NORT_ARTIC_3,19742,1287,901,7,7,1,2202,0.5894280728293408,True,False,False,False,False,True,1.0
NORT_ARTIC_3,21057,363,1815,1,8,1,2187,1.0,True,False,False,True,False,True,1.0
NORT_ARTIC_3,21384,495,1099,4,9,1,1607,1.0,True,False,False,True,False,True,1.0
NORT_ARTIC_3,25068,5874,2438,26,19,2,8357,0.07023665280621107,True,False,False,False,False,True,0.9391216890411018
NORT_ARTIC_3,25518,477,1587,1,1,1,2066,0.40928628855516147,True,False,False,True,False,True,1.0
NORT_ARTIC_3,25538,533,2026,8,17,2,2584,0.21253934946704817,True,False,False,False,False,True,1.0
NORT_ARTIC_3,26054,665,137,0,0,1,802,1.0,True,True,True,True,False,True,1.0
NORT_ARTIC_3,26527,145,334,3,1,1,483,0.08775621365825226,True,True,False,True,False,True,1.0
NORT_ARTIC_3,26831,497,1123,5,9,1,1634,0.7720066535316491,True,False,False,True,False,True,1.0
NORT_ARTIC_3,27295,6046,2343,31,16,2,8436,0.3335095643851455,True,False,False,False,False,True,1.0
NORT_ARTIC_3,27894,2273,1100,20,9,2,3402,1.0,True,False,False,False,False,True,1.0
NORT_ARTIC_3,28378,649,1821,4,6,1,2480,0.30246132926923336,True,False,False,True,False,True,1.0
NORT_ARTIC_3,28702,593,1168,6,7,1,1774,0.38225312908615366,True,False,False,True,False,True,1.0
NORT_ARTIC_3,1774,350,296,5,8,1,659,0.2771255375809698,True,True,False,False,False,True,1.0
NORT_ARTIC_3,1854,243,779,3,8,1,1033,0.7293569806975944,True,False,False,True,False,True,1.0
NORT_ARTIC_3,4014,80,212,3,7,1,302,1.0,True,True,False,True,False,True,1.0
NORT_ARTIC_3,4319,242,618,3,10,1,873,1.0,True,True,False,True,False,True,1.0
NORT_ARTIC_3,6690,215,242,0,0,1,457,1.0,True,True,True,True,False,True,1.0
NORT_ARTIC_3,7150,29,7,0,0,1,36,1.0,True,True,True,True,False,True,1.0
NORT_ARTIC_3,8623,107,482,4,9,1,602,0.2729752833347012,True,True,False,True,False,True,1.0
NORT_ARTIC_3,12731,293,830,4,13,1,1140,1.0,True,False,False,True,False,True,1.0
NORT_ARTIC_3,16848,798,367,2,1,1,1168,1.0,True,False,False,True,False,True,1.0
NORT_ARTIC_3,18536,127,232,4,8,1,371,1.0,True,True,False,True,False,True,1.0
NORT_ARTIC_3,18813,320,511,5,16,1,852,0.25467188185711165,True,True,False,False,False,True,1.0
NORT_ARTIC_3,20781,138,621,4,12,1,775,0.5114831996856324,True,True,False,True,False,True,1.0
NORT_ARTIC_3,21364,134,479,0,0,1,613,1.0,True,True,True,True,False,True,1.0
NORT_ARTIC_3,22093,18,12,0,0,1,30,1.0,True,True,True,True,False,True,1.0
NORT_ARTIC_3,22714,58,68,4,1,1,131,0.18884515600559695,True,True,False,True,False,True,1.0
NORT_ARTIC_3,24239,347,153,7,3,1,510,1.0,True,True,False,True,False,True,1.0
NORT_ARTIC_3,25844,21,43,0,0,1,64,1.0,True,True,True,True,False,True,1.0
NORT_ARTIC_3,26448,20,49,0,0,1,69,1.0,True,True,True,True,False,True,1.0
NORT_ARTIC_3,27456,820,2516,11,32,2,3379,0.8594085594416463,True,False,False,False,False,True,1.0
NORT_ARTIC_3,272,143,297,4,21,1,465,0.11979341964744353,True,True,False,False,False,True,1.0
NORT_ARTIC_3,1407,181,146,0,0,1,327,1.0,True,True,True,True,False,True,1.0
NORT_ARTIC_3,3880,697,279,42,12,1,1030,0.3544532481784821,True,False,False,False,False,True,1.0
NORT_ARTIC_3,4121,1225,926,49,92,1,2292,4.341617503437343e-07,True,False,False,False,False,True,2.3291189509293747e-05
NORT_ARTIC_3,4900,453,965,1,3,1,1422,1.0,True,False,False,True,False,True,1.0
NORT_ARTIC_3,8208,247,652,0,0,1,899,1.0,True,True,True,True,False,True,1.0
NORT_ARTIC_3,12248,781,367,96,31,1,1275,0.08660192894472327,True,False,False,False,False,True,1.0
NORT_ARTIC_3,12684,1445,5037,13,32,2,6527,0.2838119790166238,True,False,False,False,False,True,1.0
NORT_ARTIC_3,12821,762,398,8,7,1,1175,0.4121747089658153,True,False,False,False,False,True,1.0
NORT_ARTIC_3,14263,9585,9598,64,55,6,19302,0.4098892142017909,True,False,False,False,False,True,1.0
NORT_ARTIC_3,14938,606,297,9,4,1,916,1.0,True,True,False,True,False,True,1.0
NORT_ARTIC_3,27900,554,306,0,0,1,860,1.0,True,True,True,True,False,True,1.0
NORT_ARTIC_3,5557,11,39,1,2,1,53,0.5449500554938959,True,True,False,True,False,True,1.0
NORT_ARTIC_3,8402,55,18,2,2,1,77,0.27567567567567564,True,True,False,True,False,True,1.0
NORT_ARTIC_3,11279,15,64,1,3,1,83,1.0,True,True,False,True,False,True,1.0
NORT_ARTIC_3,14509,4,22,2,7,1,35,0.6352670100298182,True,True,False,True,False,True,1.0
NORT_ARTIC_3,14657,18,6,0,0,1,24,1.0,True,True,True,True,False,True,1.0
NORT_ARTIC_3,14710,15,8,3,1,1,27,1.0,True,True,False,True,False,True,1.0
NORT_ARTIC_3,15212,49,52,0,0,1,101,1.0,True,True,True,True,False,True,1.0
NORT_ARTIC_3,16206,11,6,0,0,1,17,1.0,True,True,True,True,False,True,1.0
NORT_ARTIC_3,16568,27,10,2,2,1,41,0.5670188604720054,True,True,False,True,False,True,1.0
NORT_ARTIC_3,17439,43,11,6,0,1,60,0.5810206404380325,True,True,True,True,False,True,1.0
NORT_ARTIC_3,18045,1400,555,15,7,2,1977,0.812274658593932,True,False,False,False,False,True,1.0
NORT_ARTIC_3,18288,17,45,5,0,1,67,0.0027267508610792197,True,True,True,True,False,True,0.08447166928089779
NORT_ARTIC_3,19826,9,24,2,2,1,37,0.5669619199030963,True,True,False,True,False,True,1.0
NORT_ARTIC_3,26238,8,38,6,0,1,52,0.0001475058108349723,True,True,True,True,False,True,0.00629978700837906
NORT_ARTIC_3,26364,10,2,2,2,1,16,0.24450549450549447,True,True,False,True,False,True,1.0
NORT_ARTIC_3,26543,41,28,2,2,1,73,1.0,True,True,False,True,False,True,1.0
NORT_ARTIC_3,28425,103,80,2,12,1,197,0.0038024416314040403,True,True,False,False,False,True,0.11615931067046092
NORT_ARTIC_3,28432,106,89,1,6,1,202,0.0530833807632372,True,True,False,True,False,True,0.8197000616645129
NORT_ARTIC_3,28724,29,79,3,7,1,118,1.0,True,True,False,True,False,True,1.0
NORT_ARTIC_3,28849,6,3,5,4,1,18,1.0,True,True,False,True,False,True,1.0
NORT_ARTIC_3,2106,241,528,1,2,1,772,1.0,True,True,False,True,False,True,1.0
NORT_ARTIC_3,4932,609,1736,7,11,1,2363,0.27779528956174865,True,False,False,True,False,True,1.0
NORT_ARTIC_3,4954,1914,3106,18,18,2,5056,0.16851455725506698,True,False,False,False,False,True,1.0
NORT_ARTIC_3,5636,2543,874,10,6,1,3433,0.26288506510614723,True,False,False,True,False,True,1.0
NORT_ARTIC_3,5742,1658,1736,11,12,1,3417,1.0,True,False,False,False,False,True,1.0
NORT_ARTIC_3,6244,6822,1869,34,12,2,8737,0.47147898266106036,True,False,False,False,False,True,1.0
NORT_ARTIC_3,6798,3157,5637,22,31,2,8847,0.39265471921946704,True,False,False,False,False,True,1.0
NORT_ARTIC_3,7700,2967,437,21,3,2,3428,1.0,True,False,False,True,False,True,1.0
NORT_ARTIC_3,8068,4778,1448,35,15,3,6276,0.31225721799085404,True,False,False,False,False,True,1.0
NORT_ARTIC_3,9229,614,1390,5,10,1,2019,0.7844356023898524,True,False,False,True,False,True,1.0
NORT_ARTIC_3,10766,3975,1348,28,11,2,5362,0.7119654513194471,True,False,False,False,False,True,1.0
NORT_ARTIC_3,11647,5980,4460,24,27,2,10491,0.15665682607536358,True,False,False,False,False,True,1.0
NORT_ARTIC_3,11773,1008,2831,8,19,1,3866,0.6646706953603874,True,False,False,False,False,True,1.0
NORT_ARTIC_3,12366,568,2294,8,23,2,2893,0.37278670591683977,True,False,False,False,False,True,1.0
NORT_ARTIC_3,12655,1029,3657,7,32,1,4725,0.697994147948994,True,False,False,False,False,True,1.0
NORT_ARTIC_3,13353,1342,3620,5,20,1,4987,0.5059632991272489,True,False,False,False,False,True,1.0
NORT_ARTIC_3,14266,2061,1848,15,11,1,3935,0.6956014444616527,True,False,False,False,False,True,1.0
NORT_ARTIC_3,14270,2101,1857,10,9,1,3977,1.0,True,False,False,False,False,True,1.0
NORT_ARTIC_3,14884,1015,2364,6,11,1,3396,0.605029474832909,True,False,False,False,False,True,1.0
NORT_ARTIC_3,15308,5455,1716,31,14,2,7216,0.29215869609507017,True,False,False,False,False,True,1.0
NORT_ARTIC_3,16872,3678,1195,28,10,2,4911,0.8498507598247625,True,False,False,False,False,True,1.0
NORT_ARTIC_3,16986,4286,8906,22,42,3,13256,0.7892859861459267,True,False,False,False,False,True,1.0
NORT_ARTIC_3,17493,1868,443,13,3,1,2327,1.0,True,False,False,True,False,True,1.0
NORT_ARTIC_3,18357,2052,549,17,7,1,2625,0.32084353720345393,True,False,False,False,False,True,1.0
NORT_ARTIC_3,19085,1080,1187,15,11,1,2293,0.32964373916968404,True,False,False,False,False,True,1.0
NORT_ARTIC_3,20577,6932,2187,41,18,2,9178,0.2833594898608915,True,False,False,False,False,True,1.0
NORT_ARTIC_3,21792,44,22,2,2,1,70,0.6026589740373761,True,True,False,True,False,True,1.0
NORT_ARTIC_3,22711,2792,2199,15,15,2,5021,0.5815845923743015,True,False,False,False,False,True,1.0
NORT_ARTIC_3,24475,790,166,9,5,1,970,0.08279865160038676,True,True,False,True,False,True,1.0
NORT_ARTIC_3,24931,696,3263,6,13,1,3978,0.1272210561106503,True,False,False,True,False,True,1.0
NORT_ARTIC_3,25093,3400,1021,14,6,1,4441,0.43333882130945767,True,False,False,True,False,True,1.0
NORT_ARTIC_3,26234,784,1266,7,8,1,2065,0.5961005113197618,True,False,False,False,False,True,1.0
NORT_ARTIC_3,26532,697,1658,7,10,1,2372,0.29586368724023726,True,False,False,False,False,True,1.0
NORT_ARTIC_3,26772,995,1836,8,11,1,2850,0.6305832028295697,True,False,False,False,False,True,1.0
NORT_ARTIC_3,26813,643,1807,4,13,1,2467,1.0,True,False,False,True,False,True,1.0
NORT_ARTIC_3,27413,1550,4294,16,28,2,5888,0.1691440157367243,True,False,False,False,False,True,1.0
NORT_ARTIC_3,2782,269,1003,1,0,1,1273,0.21209740769835034,True,False,True,True,False,True,1.0
NORT_ARTIC_3,3271,2555,948,14,5,1,3522,1.0,True,False,False,False,False,True,1.0
NORT_ARTIC_3,4557,1419,3974,10,29,2,5432,1.0,True,False,False,False,False,True,1.0
NORT_ARTIC_3,4591,1883,6049,20,36,3,7988,0.04100169743822832,True,False,False,False,False,True,0.7361896613500668
NORT_ARTIC_3,4641,320,2109,3,14,1,2446,0.4830700622366404,True,False,False,True,False,True,1.0
NORT_ARTIC_3,4758,2660,1210,15,8,1,3893,0.8218146613572228,True,False,False,False,False,True,1.0
NORT_ARTIC_3,5209,586,1788,5,8,1,2387,0.3295036612042379,True,False,False,True,False,True,1.0
NORT_ARTIC_3,5677,3614,1579,19,8,1,5220,1.0,True,False,False,False,False,True,1.0
NORT_ARTIC_3,5882,1442,2558,7,13,1,4020,1.0,True,False,False,False,False,True,1.0
NORT_ARTIC_3,5890,1477,2450,14,10,1,3951,0.05481568143128783,True,False,False,False,False,True,0.8336194675595336
NORT_ARTIC_3,6001,1888,1172,14,10,1,3084,0.8336267158042449,True,False,False,False,False,True,1.0
NORT_ARTIC_3,7489,3504,3018,19,14,1,6555,0.7280803802167561,True,False,False,False,False,True,1.0
NORT_ARTIC_3,7847,743,1425,3,1,1,2172,0.12011210432752988,True,False,False,True,False,True,1.0
NORT_ARTIC_3,8057,4039,1256,20,12,1,5327,0.09255662332670334,True,False,False,False,False,True,1.0
NORT_ARTIC_3,8112,2850,2395,4,5,1,5254,0.7403171142927376,True,False,False,True,False,True,1.0
NORT_ARTIC_3,8358,4574,798,25,5,2,5402,0.7956654576980559,True,False,False,True,False,True,1.0
NORT_ARTIC_3,9697,1168,3015,10,21,1,4214,0.5535292946619152,True,False,False,False,False,True,1.0
NORT_ARTIC_3,11456,8110,3908,27,10,2,12055,0.5985494397641452,True,False,False,False,False,True,1.0
NORT_ARTIC_3,11777,1563,4243,11,19,1,5836,0.22243945909249346,True,False,False,False,False,True,1.0
NORT_ARTIC_3,12118,719,2392,11,20,2,3142,0.1316572930931165,True,False,False,False,False,True,1.0
NORT_ARTIC_3,12574,3376,1126,20,9,1,4531,0.518168297764977,True,False,False,False,False,True,1.0
NORT_ARTIC_3,12782,1365,2306,9,18,1,3698,0.842051727630505,True,False,False,False,False,True,1.0
NORT_ARTIC_3,13354,1162,3493,7,15,1,4677,0.46201733167515835,True,False,False,False,False,True,1.0
NORT_ARTIC_3,14155,2739,4641,21,29,2,7430,0.467160882847784,True,False,False,False,False,True,1.0
NORT_ARTIC_3,14936,1917,667,16,8,1,2608,0.4814199660314167,True,False,False,False,False,True,1.0
NORT_ARTIC_3,14943,1926,682,15,9,1,2632,0.24255947549228402,True,False,False,False,False,True,1.0
NORT_ARTIC_3,16337,2303,4881,21,30,2,7235,0.17645175100280658,True,False,False,False,False,True,1.0
NORT_ARTIC_3,16659,1179,2096,2,6,1,3283,0.7191531970679812,True,False,False,True,False,True,1.0
NORT_ARTIC_3,17199,13064,4148,58,21,2,17291,0.5989599549022002,True,False,False,False,False,True,1.0
NORT_ARTIC_3,17376,1913,7144,10,31,1,9098,0.5688410986068533,True,False,False,False,False,True,1.0
NORT_ARTIC_3,17423,2099,5978,8,23,1,8108,1.0,True,False,False,False,False,True,1.0
NORT_ARTIC_3,17508,1888,637,16,7,1,2548,0.6295130166403725,True,False,False,False,False,True,1.0
NORT_ARTIC_3,18061,2234,904,12,9,1,3159,0.1557300484482095,True,False,False,False,False,True,1.0
NORT_ARTIC_3,18949,2220,1555,13,6,1,3794,0.4872395706535771,True,False,False,False,False,True,1.0
NORT_ARTIC_3,18969,2249,1416,18,10,1,3693,0.8469120944856205,True,False,False,False,False,True,1.0
NORT_ARTIC_3,19098,4093,4266,30,29,2,8418,0.7951085307421182,True,False,False,False,False,True,1.0
NORT_ARTIC_3,19241,551,1806,8,11,1,2376,0.09728325064564494,True,False,False,True,False,True,1.0
NORT_ARTIC_3,20563,3607,988,17,10,1,4622,0.06021327420658537,True,False,False,False,False,True,0.8770801100489042
NORT_ARTIC_3,20709,1682,2806,0,0,1,4488,1.0,True,False,True,True,False,True,1.0
NORT_ARTIC_3,22327,125,198,3,3,1,329,0.6811504533431995,True,True,False,True,False,True,1.0
NORT_ARTIC_3,22690,2626,1572,14,12,1,4224,0.41740365674321894,True,False,False,False,False,True,1.0
NORT_ARTIC_3,22783,1619,3018,5,6,1,4648,0.530955239750321,True,False,False,True,False,True,1.0
NORT_ARTIC_3,23637,742,921,6,10,1,1679,0.622416408215655,True,False,False,False,False,True,1.0
NORT_ARTIC_3,23922,2913,888,21,9,2,3831,0.38933179816635055,True,False,False,False,False,True,1.0
NORT_ARTIC_3,24307,1388,1764,9,12,1,3173,1.0,True,False,False,False,False,True,1.0
NORT_ARTIC_3,24375,2223,4688,16,27,2,6954,0.5134090834060742,True,False,False,False,False,True,1.0
NORT_ARTIC_3,25042,4508,2133,22,10,1,6673,1.0,True,False,False,False,False,True,1.0
NORT_ARTIC_3,25710,2049,490,2,0,1,2541,1.0,True,False,True,True,False,True,1.0
NORT_ARTIC_3,25861,792,2373,7,15,1,3187,0.46260083612278513,True,False,False,False,False,True,1.0
NORT_ARTIC_3,26563,1374,820,10,5,1,2209,1.0,True,False,False,False,False,True,1.0
NORT_ARTIC_3,27155,331,1267,625,173,1,2396,1.2588351329142569e-166,True,False,False,False,False,True,7.910879642414023e-164
NORT_ARTIC_3,28300,1367,1280,51,48,1,2746,1.0,True,False,False,False,False,True,1.0
NORT_ARTIC_3,29050,1055,278,11,22,1,1366,3.021575712120982e-08,True,False,False,False,False,True,1.7722548743493602e-06
NORT_ARTIC_3,29509,1131,860,6,2,1,1999,0.47846173689680627,True,False,False,True,False,True,1.0
NORT_ARTIC_3,29511,1078,863,0,0,1,1941,1.0,True,False,True,True,False,True,1.0
NORT_ARTIC_3,930,558,1726,4,11,1,2299,0.7694577282256989,True,False,False,True,False,True,1.0
NORT_ARTIC_3,2271,1544,441,12,3,1,2000,1.0,True,False,False,True,False,True,1.0
NORT_ARTIC_3,2940,2006,669,24,7,1,2706,1.0,True,False,False,False,False,True,1.0
NORT_ARTIC_3,4042,735,2130,30,111,2,3006,0.27622785983943876,True,False,False,False,False,True,1.0
NORT_ARTIC_3,4410,7131,4623,97,214,3,12065,5.569840635298637e-25,True,False,False,False,False,True,6.622088906669919e-23
NORT_ARTIC_3,4569,893,2729,6,15,1,3643,0.6198032468810168,True,False,False,False,False,True,1.0
NORT_ARTIC_3,4669,2757,944,20,5,2,3726,0.6491723776071481,True,False,False,False,False,True,1.0
NORT_ARTIC_3,4863,962,2347,5,16,1,3330,0.8098681558371608,True,False,False,False,False,True,1.0
NORT_ARTIC_3,5097,1300,384,1,1,1,1686,0.40466259050797104,True,False,False,True,False,True,1.0
NORT_ARTIC_3,5654,3088,1300,20,12,1,4420,0.3352341107633594,True,False,False,False,False,True,1.0
NORT_ARTIC_3,6425,1227,5169,13,34,2,6443,0.14012338205127278,True,False,False,False,False,True,1.0
NORT_ARTIC_3,6543,1681,863,14,6,1,2564,0.8158776622730967,True,False,False,False,False,True,1.0
NORT_ARTIC_3,7666,2453,1004,12,9,1,3478,0.2257422155998226,True,False,False,False,False,True,1.0
NORT_ARTIC_3,8016,2920,701,90,21,1,3732,1.0,True,False,False,False,False,True,1.0
NORT_ARTIC_3,8266,476,2082,50,13,1,2621,1.4870203765307184e-24,True,False,False,False,False,True,1.721421746410166e-22
NORT_ARTIC_3,8861,332,952,0,0,1,1284,1.0,True,False,True,True,False,True,1.0
NORT_ARTIC_3,9127,799,1907,6,13,1,2725,0.8050085116499268,True,False,False,False,False,True,1.0
NORT_ARTIC_3,9564,3484,1134,17,7,1,4642,0.6348346038387138,True,False,False,False,False,True,1.0
NORT_ARTIC_3,9670,2115,2133,22,33,1,4303,0.1747670383169044,True,False,False,False,False,True,1.0
NORT_ARTIC_3,11425,3499,1350,18,7,1,4874,1.0,True,False,False,False,False,True,1.0
NORT_ARTIC_3,12334,855,2741,10,14,1,3620,0.0527413777425908,True,False,False,False,False,True,0.8197000616645129
NORT_ARTIC_3,12686,1047,3837,7,14,1,4905,0.1869247876124445,True,False,False,True,False,True,1.0
NORT_ARTIC_3,12811,2529,1119,21,12,2,3681,0.4556099831011474,True,False,False,False,False,True,1.0
NORT_ARTIC_3,14646,3182,922,23,8,1,4135,0.6664473911169708,True,False,False,False,False,True,1.0
NORT_ARTIC_3,14880,1336,2548,11,18,1,3913,0.6976582208244237,True,False,False,False,False,True,1.0
NORT_ARTIC_3,15267,2289,775,12,5,1,3081,0.7795942320707333,True,False,False,True,False,True,1.0
NORT_ARTIC_3,15270,2283,783,16,7,1,3089,0.6317934382181065,True,False,False,False,False,True,1.0
NORT_ARTIC_3,15714,866,1504,16,20,1,2406,0.3838431773316252,True,False,False,False,False,True,1.0
NORT_ARTIC_3,17258,2960,2214,15,9,1,5198,0.6823888759468411,True,False,False,False,False,True,1.0
NORT_ARTIC_3,17336,1861,5988,7,20,1,7876,0.8208032357038055,True,False,False,False,False,True,1.0
NORT_ARTIC_3,17418,1901,5094,24,33,1,7052,0.016187303714849957,True,False,False,False,False,True,0.39559971689791645
NORT_ARTIC_3,17652,445,1480,70,256,1,2251,0.5684525461909616,True,False,False,False,False,True,1.0
NORT_ARTIC_3,18996,2124,1087,15,11,1,3237,0.4067959843327075,True,False,False,False,False,True,1.0
NORT_ARTIC_3,19059,2670,1604,20,16,2,4310,0.39302243440446716,True,False,False,False,False,True,1.0
NORT_ARTIC_3,19168,1141,2965,10,23,2,4139,0.7010882302980261,True,False,False,False,False,True,1.0
NORT_ARTIC_3,19183,910,1967,9,15,1,2901,0.5166042531528628,True,False,False,False,False,True,1.0
NORT_ARTIC_3,19550,23,85,2,7,1,117,1.0,True,True,False,True,False,True,1.0
NORT_ARTIC_3,20739,921,3473,21,101,1,4516,0.36635644722685196,True,False,False,False,False,True,1.0
NORT_ARTIC_3,21658,343,1130,13,52,1,1538,0.6524124348428992,True,False,False,False,False,True,1.0
NORT_ARTIC_3,21748,16,10,2,2,1,30,1.0,True,True,False,True,False,True,1.0
NORT_ARTIC_3,22762,919,1864,5,13,1,2801,0.8031912272903803,True,False,False,False,False,True,1.0
NORT_ARTIC_3,23322,1110,1005,5,11,1,2131,0.12997768001481375,True,False,False,False,False,True,1.0
NORT_ARTIC_3,23665,676,1081,7,9,1,1773,0.7972747494687717,True,False,False,False,False,True,1.0
NORT_ARTIC_3,23755,471,1583,3,11,1,2068,1.0,True,False,False,True,False,True,1.0
NORT_ARTIC_3,23948,1615,779,16,11,1,2421,0.4099484081708127,True,False,False,False,False,True,1.0
NORT_ARTIC_3,23987,1179,1184,10,19,1,2392,0.13386478997246676,True,False,False,False,False,True,1.0
NORT_ARTIC_3,24055,461,1745,9,26,1,2241,0.5291033477860829,True,False,False,False,False,True,1.0
NORT_ARTIC_3,24811,2647,802,13,8,1,3470,0.12112140898829385,True,False,False,True,False,True,1.0
NORT_ARTIC_3,25237,877,1887,0,0,1,2764,1.0,True,False,True,True,False,True,1.0
NORT_ARTIC_3,25560,483,1807,5,13,1,2308,0.5600507984117733,True,False,False,True,False,True,1.0
NORT_ARTIC_3,25647,2610,1713,40,80,2,4443,4.272665692537371e-09,True,False,False,False,False,True,2.7239791857205645e-07
NORT_ARTIC_3,25957,994,1196,7,10,1,2207,0.8101547910315273,True,False,False,False,False,True,1.0
NORT_ARTIC_3,26611,1227,334,27,2,1,1590,0.06531771053341277,True,False,False,False,False,True,0.8933168320153324
NORT_ARTIC_3,26807,795,2070,6,29,1,2900,0.18682812942892577,True,False,False,False,False,True,1.0
NORT_ARTIC_3,28082,606,1788,0,1,1,2395,1.0,True,False,True,True,False,True,1.0
NORT_ARTIC_3,29300,357,1250,2,15,1,1624,0.3911742625518979,True,False,False,True,False,True,1.0
NORT_ARTIC_3,29554,1332,1089,32,36,1,2489,0.21705649169822216,True,False,False,False,False,True,1.0
NORT_ARTIC_3,29580,1126,981,132,105,1,2344,0.5366466636708996,True,False,False,False,False,True,1.0
NORT_ARTIC_3,29625,1207,883,4,2,1,2096,1.0,True,False,False,True,False,True,1.0
NORT_ARTIC_3,925,421,1287,87,242,1,2037,0.48721841757758044,True,False,False,False,False,True,1.0
NORT_ARTIC_3,1444,180,190,20,22,1,412,1.0,True,True,False,False,False,True,1.0
NORT_ARTIC_3,1738,1091,623,203,128,1,2045,0.419053816064141,True,False,False,False,False,True,1.0
NORT_ARTIC_3,5850,601,1629,87,258,1,2575,0.5140552512378559,True,False,False,False,False,True,1.0
NORT_ARTIC_3,14460,3088,2590,27,16,2,5721,0.2862556507526453,True,False,False,False,False,True,1.0
NORT_ARTIC_3,15529,2082,1549,15,13,1,3659,0.704987980036587,True,False,False,False,False,True,1.0
NORT_ARTIC_3,19029,3991,1901,203,102,2,6197,0.660830805634602,True,False,False,False,False,True,1.0
NORT_ARTIC_3,19647,1215,305,10,5,1,1535,0.20163592685614376,True,False,False,True,False,True,1.0
NORT_ARTIC_3,20579,3815,1254,24,12,1,5105,0.2460146146417167,True,False,False,False,False,True,1.0
NORT_ARTIC_3,20844,1628,2236,257,152,1,4273,1.3963136506305479e-15,True,False,False,False,False,True,1.2796632810674542e-13
NORT_ARTIC_3,23995,318,513,41,71,1,943,0.7569591222105803,True,True,False,False,False,True,1.0
NORT_ARTIC_3,24863,2642,3016,92,117,2,5867,0.4803399960663244,True,False,False,False,False,True,1.0
NORT_ARTIC_3,24970,659,2546,6,16,1,3227,0.4298672532618773,True,False,False,True,False,True,1.0
NORT_ARTIC_3,25965,343,336,15,22,1,716,0.3111143179739063,True,True,False,False,False,True,1.0
NORT_ARTIC_3,26730,769,338,37,28,1,1172,0.038892464536340925,True,False,False,False,False,True,0.706975006179189
NORT_ARTIC_3,26885,412,1219,46,63,1,1740,0.00019035346591202309,True,False,False,False,False,True,0.007753378671731385
NORT_ARTIC_3,28199,1301,384,342,124,1,2151,0.09603932475743016,True,False,False,False,False,True,1.0
NORT_ARTIC_3,28921,69,178,6,41,1,294,0.028933755922832496,True,True,False,False,False,True,0.6003754353987742
NORT_ARTIC_3,738,1584,383,13,6,1,1986,0.23881753085671503,True,False,False,True,False,True,1.0
NORT_ARTIC_3,1057,1101,316,1,1,1,1419,0.39700975378477266,True,False,False,True,False,True,1.0
NORT_ARTIC_3,3401,712,1808,0,1,1,2521,1.0,True,False,True,True,False,True,1.0
NORT_ARTIC_3,6404,492,2530,2,0,1,3024,0.026641209282625096,True,False,True,True,False,True,0.5820437346371442
NORT_ARTIC_3,6739,1093,2559,12,20,1,3684,0.3393623717353972,True,False,False,False,False,True,1.0
NORT_ARTIC_3,7567,508,2027,5,17,1,2557,0.7886919987915844,True,False,False,True,False,True,1.0
NORT_ARTIC_3,8025,2423,632,4,0,1,3059,0.5869680585537891,True,False,True,True,False,True,1.0
NORT_ARTIC_3,9280,424,96,7,3,1,530,0.40580956604478113,True,True,False,True,False,True,1.0
NORT_ARTIC_3,11572,1610,3004,13,71,1,4698,0.00011131823795021617,True,False,False,False,False,True,0.004800871850421577
NORT_ARTIC_3,13298,1223,3655,13,23,1,4914,0.1273268880686184,True,False,False,False,False,True,1.0
NORT_ARTIC_3,13317,787,4255,7,27,2,5076,0.47386035686186323,True,False,False,False,False,True,1.0
NORT_ARTIC_3,14392,872,963,8,8,1,1851,1.0,True,False,False,False,False,True,1.0
NORT_ARTIC_3,14988,2165,885,12,8,1,3070,0.3231167973423919,True,False,False,False,False,True,1.0
NORT_ARTIC_3,16058,1095,3386,20,45,1,4546,0.2460828827840163,True,False,False,False,False,True,1.0
NORT_ARTIC_3,17002,1483,4953,30,118,1,6584,0.4892357599224987,True,False,False,False,False,True,1.0
NORT_ARTIC_3,19016,2057,981,13,8,1,3059,0.6405815821931455,True,False,False,False,False,True,1.0
NORT_ARTIC_3,19162,758,1827,2,5,1,2592,1.0,True,False,False,True,False,True,1.0
NORT_ARTIC_3,20576,3924,1123,22,7,1,5076,0.8230713839025188,True,False,False,False,False,True,1.0
NORT_ARTIC_3,20838,3584,4656,20,24,2,8284,0.8790782351472881,True,False,False,False,False,True,1.0
NORT_ARTIC_3,23740,322,1385,16,98,1,1821,0.21560451037180547,True,False,False,False,False,True,1.0
NORT_ARTIC_3,24364,2567,3764,16,25,2,6372,0.8748459168170151,True,False,False,False,False,True,1.0
NORT_ARTIC_3,25135,4934,2295,8,1,3,7238,0.28808694738956414,True,False,False,True,False,True,1.0
NORT_ARTIC_3,26569,1200,389,12,3,1,1604,1.0,True,False,False,True,False,True,1.0
NORT_ARTIC_3,27212,2506,969,14,7,1,3496,0.6263720581676547,True,False,False,False,False,True,1.0
NORT_ARTIC_3,27224,2541,1021,14,7,1,3583,0.6325270921940169,True,False,False,False,False,True,1.0
NORT_ARTIC_3,27314,1907,1035,1,0,1,2943,1.0,True,False,True,True,False,True,1.0
NORT_ARTIC_3,1405,441,282,0,0,1,723,1.0,True,True,True,True,False,True,1.0
NORT_ARTIC_3,2485,805,1691,4,6,1,2506,0.7358782433557829,True,False,False,True,False,True,1.0
NORT_ARTIC_3,3843,1846,437,12,6,1,2301,0.13540541288907956,True,False,False,True,False,True,1.0
NORT_ARTIC_3,4773,2459,1221,17,10,1,3707,0.684371513708249,True,False,False,False,False,True,1.0
NORT_ARTIC_3,4912,1585,4072,12,30,2,5699,1.0,True,False,False,False,False,True,1.0
NORT_ARTIC_3,5784,1180,1979,141,224,1,3524,0.6479578971468329,True,False,False,False,False,True,1.0
NORT_ARTIC_3,9275,993,283,9,4,1,1289,0.5016642125690993,True,False,False,True,False,True,1.0
NORT_ARTIC_3,10279,964,1113,5,3,1,2085,0.4841562028354093,True,False,False,True,False,True,1.0
NORT_ARTIC_3,13458,1647,660,14,8,2,2329,0.477611887234095,True,False,False,False,False,True,1.0
NORT_ARTIC_3,29409,1012,174,39,12,1,1237,0.10600525348152104,True,False,False,False,False,True,1.0
NORT_ARTIC_3,2028,367,145,14,7,1,533,0.6256418895466214,True,True,False,False,False,True,1.0
NORT_ARTIC_3,2515,613,962,9,9,1,1593,0.3423636218969891,True,False,False,False,False,True,1.0
NORT_ARTIC_3,3341,470,489,6,5,1,970,0.769391864245039,True,True,False,False,False,True,1.0
NORT_ARTIC_3,3558,517,72,6,4,1,599,0.027686568024035466,True,True,False,True,False,True,0.5879109352223805
NORT_ARTIC_3,3846,1197,165,13,4,1,1379,0.14510627388504102,True,False,False,True,False,True,1.0
NORT_ARTIC_3,3854,1227,132,8,3,1,1370,0.08569556511934144,True,False,False,True,False,True,1.0
NORT_ARTIC_3,3936,502,337,1,0,1,840,1.0,True,True,True,True,False,True,1.0
NORT_ARTIC_3,4143,1656,865,9,8,1,2538,0.3081010768314109,True,False,False,False,False,True,1.0
NORT_ARTIC_3,7735,1958,617,28,12,2,2615,0.3562944301731866,True,False,False,False,False,True,1.0
NORT_ARTIC_3,9567,1363,263,15,67,1,1708,3.018980924616849e-36,True,False,False,False,False,True,5.107883495149815e-34
NORT_ARTIC_3,11013,1259,1675,7,10,1,2951,1.0,True,False,False,False,False,True,1.0
NORT_ARTIC_3,11812,215,1130,152,964,1,2461,0.11143963611341254,True,False,False,False,False,True,1.0
NORT_ARTIC_3,11910,1622,1185,14,7,1,2828,0.5086170170370061,True,False,False,False,False,True,1.0
NORT_ARTIC_3,12544,2221,300,14,3,1,2538,0.44573748581967365,True,False,False,True,False,True,1.0
NORT_ARTIC_3,13024,1118,55,77,256,1,1506,3.704095325904862e-160,True,False,False,False,False,True,2.036789417331936e-157
NORT_ARTIC_3,15096,416,1822,0,0,2,2238,1.0,True,False,True,True,False,True,1.0
NORT_ARTIC_3,15531,1430,935,10,9,1,2384,0.4895862346329919,True,False,False,False,False,True,1.0
NORT_ARTIC_3,16719,275,1415,3,10,1,1703,0.456394058426671,True,False,False,True,False,True,1.0
NORT_ARTIC_3,17313,1069,3149,6,16,1,4240,0.808210572693213,True,False,False,False,False,True,1.0
NORT_ARTIC_3,18897,178,1087,3,9,1,1277,0.393916631995606,True,False,False,True,False,True,1.0
NORT_ARTIC_3,18983,977,336,11,3,1,1327,1.0,True,False,False,True,False,True,1.0
NORT_ARTIC_3,21715,30,417,2,5,1,454,0.08093914139990946,True,True,False,True,False,True,1.0
NORT_ARTIC_3,22450,2610,756,11,2,2,3379,0.7449362585136529,True,False,False,True,False,True,1.0
NORT_ARTIC_3,23091,3,13,2,2,1,20,0.24871001031991744,True,True,False,True,False,True,1.0
NORT_ARTIC_3,23245,1226,189,11,2,1,1428,0.6891906821210575,True,False,False,True,False,True,1.0
NORT_ARTIC_3,23278,1176,326,1,0,2,1503,1.0,True,False,True,True,False,True,1.0
NORT_ARTIC_3,23625,558,484,2,2,1,1046,1.0,True,False,False,True,False,True,1.0
NORT_ARTIC_3,24097,420,753,3,9,1,1185,0.5542872964137695,True,False,False,True,False,True,1.0
NORT_ARTIC_3,24500,565,78,9,2,1,654,0.6329461655104265,True,True,False,True,False,True,1.0
NORT_ARTIC_3,24713,1491,530,8,4,1,2033,0.526068099153518,True,False,False,True,False,True,1.0
NORT_ARTIC_3,24872,690,1292,0,0,1,1982,1.0,True,False,True,True,False,True,1.0
NORT_ARTIC_3,29113,1322,146,1,0,1,1469,1.0,True,False,True,True,False,True,1.0
NORT_ARTIC_3,486,9,6,0,0,1,15,1.0,True,True,True,True,False,True,1.0
NORT_ARTIC_3,3583,8,2,0,0,1,10,1.0,True,True,True,True,False,True,1.0
NORT_ARTIC_3,5259,4,17,0,3,1,24,1.0,True,True,True,True,False,True,1.0
NORT_ARTIC_3,7445,32,6,2,2,1,42,0.15797373358348965,True,True,False,True,False,True,1.0
NORT_ARTIC_3,11093,78,4,9,1,1,92,0.4451620680247941,True,True,False,True,False,True,1.0
NORT_ARTIC_3,11422,80,15,12,0,1,107,0.2098187556621472,True,True,True,True,False,True,1.0
NORT_ARTIC_3,12136,12,112,0,12,1,136,0.5998806149096232,True,True,True,True,False,True,1.0
NORT_ARTIC_3,13091,146,12,19,0,1,177,0.36781863184654306,True,True,True,True,False,True,1.0
NORT_ARTIC_3,14846,13,98,2,3,1,116,0.12430283460970959,True,True,False,True,False,True,1.0
NORT_ARTIC_3,14879,17,86,1,3,1,107,0.5268725983943758,True,True,False,True,False,True,1.0
NORT_ARTIC_3,15829,1,41,0,6,1,48,1.0,True,True,True,True,False,True,1.0
NORT_ARTIC_3,16178,55,96,2,6,2,159,0.7123061916792488,True,True,False,True,False,True,1.0
NORT_ARTIC_3,18381,58,11,2,2,1,73,0.14326598862581882,True,True,False,True,False,True,1.0
NORT_ARTIC_3,18541,14,56,2,5,1,77,0.6305709951089076,True,True,False,True,False,True,1.0
NORT_ARTIC_3,18707,47,4,4,0,1,55,1.0,True,True,True,True,False,True,1.0
NORT_ARTIC_3,24373,0,8,2,2,1,12,0.09090909090909093,True,True,True,True,False,True,1.0
NORT_ARTIC_3,26674,67,2,6,1,1,76,0.25470839260312944,True,True,False,True,False,True,1.0
NORT_ARTIC_3,27220,80,6,2,2,1,90,0.038216336162868514,True,True,False,True,False,True,0.7031011161605212
NORT_ARTIC_3,28186,142,10,7,0,1,159,1.0,True,True,True,True,False,True,1.0
NORT_ARTIC_3,1020,4815,1973,40,18,4,6846,0.7718257215883333,True,False,False,False,False,True,1.0
NORT_ARTIC_3,1396,473,167,5,4,1,649,0.2529256582765901,True,True,False,True,False,True,1.0
NORT_ARTIC_3,3531,290,52,4,3,1,349,0.08142377534794415,True,True,False,True,False,True,1.0
NORT_ARTIC_3,4662,1779,2521,14,19,2,4333,1.0,True,False,False,False,False,True,1.0
NORT_ARTIC_3,5629,187,547,11,10,1,755,0.01006597070333878,True,True,False,False,False,True,0.26357264954754345
NORT_ARTIC_3,6004,694,238,8,3,1,943,1.0,True,True,False,True,False,True,1.0
NORT_ARTIC_3,6567,885,219,10,4,1,1118,0.49679047099560725,True,False,False,True,False,True,1.0
NORT_ARTIC_3,6577,934,248,9,3,1,1194,0.723616669262193,True,False,False,True,False,True,1.0
NORT_ARTIC_3,7767,3169,977,24,11,2,4181,0.31615508308976037,True,False,False,False,False,True,1.0
NORT_ARTIC_3,9147,342,1039,5,10,1,1396,0.5466978183698618,True,False,False,True,False,True,1.0
NORT_ARTIC_3,11142,1306,336,11,4,1,1657,0.5254739332264277,True,False,False,True,False,True,1.0
NORT_ARTIC_3,12484,1256,233,9,4,1,1502,0.1351575930196765,True,False,False,True,False,True,1.0
NORT_ARTIC_3,15684,465,469,5,4,1,943,0.7520733724750774,True,True,False,True,False,True,1.0
NORT_ARTIC_3,15698,436,494,4,6,1,940,0.7576292068088926,True,True,False,True,False,True,1.0
NORT_ARTIC_3,16133,1189,4758,13,39,3,5999,0.3837589441422909,True,False,False,False,False,True,1.0
NORT_ARTIC_3,16715,282,1025,5,9,1,1321,0.20034988093401643,True,False,False,True,False,True,1.0
NORT_ARTIC_3,17363,759,2824,7,12,1,3602,0.15334314144347644,True,False,False,True,False,True,1.0
NORT_ARTIC_3,17535,668,256,10,3,1,937,1.0,True,True,False,True,False,True,1.0
NORT_ARTIC_3,18982,852,346,6,5,1,1209,0.31387904682824314,True,False,False,True,False,True,1.0
NORT_ARTIC_3,19164,259,724,4,8,1,995,0.5277013397346215,True,True,False,True,False,True,1.0
NORT_ARTIC_3,19217,175,622,1,9,1,807,0.6992349859885998,True,True,False,True,False,True,1.0
NORT_ARTIC_3,19602,448,93,0,0,1,541,1.0,True,True,True,True,False,True,1.0
NORT_ARTIC_3,19813,282,772,1,2,2,1057,1.0,True,False,False,True,False,True,1.0
NORT_ARTIC_3,21629,56,153,5,5,1,219,0.1459505982243593,True,True,False,True,False,True,1.0
NORT_ARTIC_3,23393,272,811,5,9,1,1097,0.3608330118150226,True,False,False,True,False,True,1.0
NORT_ARTIC_3,23718,251,848,3,10,1,1112,1.0,True,False,False,True,False,True,1.0
NORT_ARTIC_3,24354,233,738,5,7,1,983,0.17560082493445872,True,True,False,True,False,True,1.0
NORT_ARTIC_3,24358,223,723,4,14,1,964,1.0,True,True,False,True,False,True,1.0
NORT_ARTIC_3,26319,518,121,0,0,1,639,1.0,True,True,True,True,False,True,1.0
NORT_ARTIC_3,26856,229,1111,7,8,1,1355,0.008107505620902478,True,False,False,True,False,True,0.22716507787484078
NORT_ARTIC_3,27197,1818,580,14,3,1,2415,0.7765437128864732,True,False,False,True,False,True,1.0
NORT_ARTIC_3,27263,2127,698,12,8,1,2845,0.12244581963429338,True,False,False,True,False,True,1.0
NORT_ARTIC_3,27691,11,39,2,2,1,54,0.24158342582315942,True,True,False,True,False,True,1.0
NORT_ARTIC_3,27878,6376,1830,43,15,3,8264,0.5270029778071803,True,False,False,False,False,True,1.0
NORT_ARTIC_3,28028,478,1924,0,0,1,2402,1.0,True,False,True,True,False,True,1.0
NORT_ARTIC_3,28289,586,467,123,99,1,1275,1.0,True,False,False,False,False,True,1.0
NORT_ARTIC_3,28367,629,1507,0,4,2,2140,0.32724245250805645,True,False,True,True,False,True,1.0
NORT_ARTIC_3,28634,224,1100,1,18,1,1343,0.2287800596353165,True,False,False,True,False,True,1.0
NORT_ARTIC_3,29317,383,1389,3,11,1,1786,1.0,True,False,False,True,False,True,1.0
NORT_ARTIC_3,1002,1195,1557,9,7,1,2768,0.32218698328815076,True,False,False,False,False,True,1.0
NORT_ARTIC_3,1924,187,1427,2,14,1,1630,0.7076774979186237,True,False,False,True,False,True,1.0
NORT_ARTIC_3,2151,17,161,0,0,1,178,1.0,True,True,True,True,False,True,1.0
NORT_ARTIC_3,2500,146,1251,3,9,1,1409,0.12517540072669128,True,False,False,True,False,True,1.0
NORT_ARTIC_3,2552,680,1456,8,18,2,2162,1.0,True,False,False,False,False,True,1.0
NORT_ARTIC_3,3100,168,1762,3,19,1,1952,0.4338089948499443,True,False,False,True,False,True,1.0
NORT_ARTIC_3,3853,4204,1437,44,18,3,5703,0.5578305283954341,True,False,False,False,False,True,1.0
NORT_ARTIC_3,4945,119,875,1,9,1,1004,1.0,True,False,False,True,False,True,1.0
NORT_ARTIC_3,5923,1180,1392,9,14,1,2595,0.5380368449648977,True,False,False,False,False,True,1.0
NORT_ARTIC_3,6177,423,1133,8,7,1,1571,0.03735913251796936,True,False,False,True,False,True,0.6941056528285238
NORT_ARTIC_3,6775,516,1583,1,3,1,2103,1.0,True,False,False,True,False,True,1.0
NORT_ARTIC_3,7632,2741,8083,17,51,3,10892,1.0,True,False,False,False,False,True,1.0
NORT_ARTIC_3,7910,155,2028,2,14,1,2199,0.3183468011743678,True,False,False,True,False,True,1.0
NORT_ARTIC_3,7912,155,2009,1,15,1,2180,1.0,True,False,False,True,False,True,1.0
NORT_ARTIC_3,10153,1855,328,16,1,1,2200,0.49502346928558993,True,False,False,True,False,True,1.0
NORT_ARTIC_3,12712,260,3028,2,14,1,3304,0.3661180504559532,True,False,False,True,False,True,1.0
NORT_ARTIC_3,12724,924,4518,6,26,2,5474,0.812655375511681,True,False,False,False,False,True,1.0
NORT_ARTIC_3,13357,364,1849,2,18,1,2233,0.759679561949361,True,False,False,True,False,True,1.0
NORT_ARTIC_3,13891,153,1487,1,13,1,1654,1.0,True,False,False,True,False,True,1.0
NORT_ARTIC_3,13899,133,1428,2,12,1,1575,0.3406713045006906,True,False,False,True,False,True,1.0
NORT_ARTIC_3,14224,921,1968,11,10,1,2910,0.05871218944125235,True,False,False,False,False,True,0.8696125298049465
NORT_ARTIC_3,14285,1560,673,9,3,1,2245,1.0,True,False,False,True,False,True,1.0
NORT_ARTIC_3,14868,72,1797,1,13,1,1883,0.42622062651748877,True,False,False,True,False,True,1.0
NORT_ARTIC_3,14964,1031,116,556,74,1,1777,0.2973358984036857,True,False,False,False,False,True,1.0
NORT_ARTIC_3,15241,1689,133,11,1,1,1834,0.5988029093515368,True,False,False,True,False,True,1.0
NORT_ARTIC_3,17406,895,3796,4,14,1,4709,0.7629603251545427,True,False,False,True,False,True,1.0
NORT_ARTIC_3,18054,1685,261,10,2,1,1958,0.6697840726681791,True,False,False,True,False,True,1.0
NORT_ARTIC_3,18540,362,1330,5,10,1,1707,0.3383375198377242,True,False,False,True,False,True,1.0
NORT_ARTIC_3,19203,124,1108,0,11,1,1243,0.6147974360505206,True,False,True,True,False,True,1.0
NORT_ARTIC_3,20001,1186,230,13,3,1,1432,0.7346341898692619,True,False,False,True,False,True,1.0
NORT_ARTIC_3,20516,2350,275,13,3,1,2641,0.23318375713489764,True,False,False,True,False,True,1.0
NORT_ARTIC_3,20567,9820,2218,968,279,4,13285,0.0009135256638519635,True,False,False,False,False,True,0.032671539799063315
NORT_ARTIC_3,22562,1137,142,12,1,1,1292,1.0,True,False,False,True,False,True,1.0
NORT_ARTIC_3,24397,135,1431,2,14,2,1582,0.6427752184378761,True,False,False,True,False,True,1.0
NORT_ARTIC_3,26024,305,27,36,4,1,372,0.7599497937613523,True,True,False,True,False,True,1.0
NORT_ARTIC_3,26111,209,156,0,0,1,365,1.0,True,True,True,True,False,True,1.0
NORT_ARTIC_3,26881,381,1182,1,12,1,1576,0.20826746608462882,True,False,False,True,False,True,1.0
NORT_ARTIC_3,28482,3882,541,36,4,2,4463,0.8119031535552488,True,False,False,True,False,True,1.0
NORT_ARTIC_3,1478,5,10,2,3,1,20,1.0,True,True,False,True,False,True,1.0
NORT_ARTIC_3,3230,62,19,9,4,1,94,0.7285239795640217,True,True,False,True,False,True,1.0
NORT_ARTIC_3,4351,80,90,1,1,1,172,1.0,True,True,False,True,False,True,1.0
NORT_ARTIC_3,4474,31,27,0,1,1,59,0.4745762711864407,True,True,True,True,False,True,1.0
NORT_ARTIC_3,5174,7,21,2,2,1,32,0.5567575083426031,True,True,False,True,False,True,1.0
NORT_ARTIC_3,7399,32,12,1,1,1,46,0.4898550724637681,True,True,False,True,False,True,1.0
NORT_ARTIC_3,10120,30,12,2,2,1,46,0.5744706927720071,True,True,False,True,False,True,1.0
NORT_ARTIC_3,10263,5,13,2,2,1,22,0.5645933014354069,True,True,False,True,False,True,1.0
NORT_ARTIC_3,10718,50,49,0,5,1,104,0.057428504569035296,True,True,True,True,False,True,0.8534729445918454
NORT_ARTIC_3,10752,37,16,9,2,1,64,0.7136600526192927,True,True,False,True,False,True,1.0
NORT_ARTIC_3,10918,26,49,0,0,1,75,1.0,True,True,True,True,False,True,1.0
NORT_ARTIC_3,11234,29,41,6,6,1,82,0.753567104707916,True,True,False,False,False,True,1.0
NORT_ARTIC_3,11901,121,105,7,17,1,250,0.030711641690028133,True,True,False,False,False,True,0.6293343803110815
NORT_ARTIC_3,15538,123,81,11,4,1,219,0.4153069018160107,True,True,False,False,False,True,1.0
NORT_ARTIC_3,15734,54,134,5,11,1,204,0.7813142995883943,True,True,False,True,False,True,1.0
NORT_ARTIC_3,17371,83,341,3,14,1,441,1.0,True,True,False,True,False,True,1.0
NORT_ARTIC_3,19038,3010,1948,16,15,2,4989,0.35696585260932867,True,False,False,False,False,True,1.0
NORT_ARTIC_3,23423,34,98,4,7,1,143,0.4829536817819768,True,True,False,True,False,True,1.0
NORT_ARTIC_3,23451,40,95,1,6,1,142,0.6732401664033947,True,True,False,True,False,True,1.0
NORT_ARTIC_3,23555,22,4,8,2,1,36,1.0,True,True,False,True,False,True,1.0
NORT_ARTIC_3,24707,58,51,2,5,1,116,0.26016571643432185,True,True,False,True,False,True,1.0
NORT_ARTIC_3,25702,14,5,0,0,1,19,1.0,True,True,True,True,False,True,1.0
NORT_ARTIC_3,27830,165,25,3,3,1,196,0.039060233655028934,True,True,False,True,False,True,0.7071027483476225
NORT_ARTIC_3,27923,207,103,16,4,1,330,0.324284908445195,True,True,False,False,False,True,1.0
NORT_ARTIC_3,28746,51,91,2,3,1,147,1.0,True,True,False,True,False,True,1.0
NORT_ARTIC_3,593,183,419,1,5,2,608,0.6734223777976599,True,True,False,True,False,True,1.0
NORT_ARTIC_3,796,753,201,1,0,1,955,1.0,True,True,True,True,False,True,1.0
NORT_ARTIC_3,1003,505,800,9,6,1,1320,0.11185784434824271,True,False,False,False,False,True,1.0
NORT_ARTIC_3,1108,302,205,5,3,1,515,1.0,True,True,False,True,False,True,1.0
NORT_ARTIC_3,1236,362,878,7,16,2,1263,1.0,True,False,False,False,False,True,1.0
NORT_ARTIC_3,1762,388,258,8,3,1,657,0.539776048810114,True,True,False,True,False,True,1.0
NORT_ARTIC_3,2934,709,272,5,3,1,989,0.6923622902398994,True,True,False,True,False,True,1.0
NORT_ARTIC_3,3096,254,683,6,12,1,955,0.5944765856921062,True,True,False,True,False,True,1.0
NORT_ARTIC_3,3176,641,615,10,10,1,1276,1.0,True,False,False,False,False,True,1.0
NORT_ARTIC_3,3219,692,233,7,2,1,934,1.0,True,True,False,True,False,True,1.0
NORT_ARTIC_3,3263,733,310,5,5,1,1053,0.17581429268755924,True,False,False,True,False,True,1.0
NORT_ARTIC_3,4513,379,409,5,4,1,797,0.7449371728165182,True,True,False,True,False,True,1.0
NORT_ARTIC_3,4543,375,1002,3,12,1,1392,0.771308840533127,True,False,False,True,False,True,1.0
NORT_ARTIC_3,4564,373,975,2,10,1,1360,0.5285306743249742,True,False,False,True,False,True,1.0
NORT_ARTIC_3,4917,866,2211,8,18,2,3103,0.8269465970289587,True,False,False,False,False,True,1.0
NORT_ARTIC_3,5013,262,68,4,3,1,337,0.164880868014271,True,True,False,True,False,True,1.0
NORT_ARTIC_3,5499,338,963,4,6,1,1311,0.29751258780133966,True,False,False,True,False,True,1.0
NORT_ARTIC_3,6154,97,295,4,7,1,403,0.47861218814110496,True,True,False,True,False,True,1.0
NORT_ARTIC_3,6277,1272,428,6,6,1,1712,0.08675419590658735,True,False,False,True,False,True,1.0
NORT_ARTIC_3,6286,2169,626,12,6,2,2813,0.26294934542322446,True,False,False,True,False,True,1.0
NORT_ARTIC_3,6606,512,227,26,13,1,778,0.7243862543143665,True,True,False,False,False,True,1.0
NORT_ARTIC_3,7578,160,438,2,6,1,606,1.0,True,True,False,True,False,True,1.0
NORT_ARTIC_3,8334,540,214,11,4,1,769,1.0,True,True,False,True,False,True,1.0
NORT_ARTIC_3,8524,140,527,2,5,1,674,0.6422954369681056,True,True,False,True,False,True,1.0
NORT_ARTIC_3,9156,243,646,4,6,1,899,0.47501346512535714,True,True,False,True,False,True,1.0
NORT_ARTIC_3,9430,273,510,9,20,2,812,0.8429103656699461,True,True,False,False,False,True,1.0
NORT_ARTIC_3,9683,391,542,3,5,1,941,1.0,True,True,False,True,False,True,1.0
NORT_ARTIC_3,10357,293,806,4,8,1,1111,0.742984914917358,True,False,False,True,False,True,1.0
NORT_ARTIC_3,10794,850,338,9,2,1,1199,0.7377013414572247,True,False,False,True,False,True,1.0
NORT_ARTIC_3,10864,327,360,4,3,1,694,0.7144401294461589,True,True,False,True,False,True,1.0
NORT_ARTIC_3,10872,317,382,4,4,1,707,1.0,True,True,False,True,False,True,1.0
NORT_ARTIC_3,11240,520,1206,6,8,1,1740,0.37988744747484343,True,False,False,True,False,True,1.0
NORT_ARTIC_3,11930,833,548,80,26,1,1487,0.001828522102875896,True,False,False,False,False,True,0.058712910441978586
NORT_ARTIC_3,11960,895,315,9,3,1,1222,1.0,True,False,False,True,False,True,1.0
NORT_ARTIC_3,12038,415,476,1,2,1,894,1.0,True,True,False,True,False,True,1.0
NORT_ARTIC_3,12207,1037,938,7,6,1,1988,1.0,True,False,False,False,False,True,1.0
NORT_ARTIC_3,12250,998,443,8,4,1,1453,1.0,True,False,False,True,False,True,1.0
NORT_ARTIC_3,12267,939,460,8,2,1,1409,0.5125951230763759,True,False,False,True,False,True,1.0
NORT_ARTIC_3,12675,443,1271,3,10,1,1727,1.0,True,False,False,True,False,True,1.0
NORT_ARTIC_3,14159,240,738,3,5,1,986,0.41528550450257634,True,True,False,True,False,True,1.0
NORT_ARTIC_3,14355,723,267,1,0,2,991,1.0,True,True,True,True,False,True,1.0
NORT_ARTIC_3,14790,421,977,8,26,1,1432,0.4553499053083816,True,False,False,False,False,True,1.0
NORT_ARTIC_3,14811,412,990,4,6,1,1412,0.49267443170442743,True,False,False,True,False,True,1.0
NORT_ARTIC_3,14816,415,992,4,6,1,1417,0.4938002466527097,True,False,False,True,False,True,1.0
NORT_ARTIC_3,15139,252,667,0,22,1,941,0.0012269803865133317,True,True,True,False,False,True,0.04188935348994432
NORT_ARTIC_3,15168,230,626,0,21,1,877,0.0020683396155437256,True,True,True,False,False,True,0.06545774078256726
NORT_ARTIC_3,15295,1142,426,15,4,1,1587,0.7953064573030205,True,False,False,False,False,True,1.0
NORT_ARTIC_3,15350,504,573,5,4,1,1086,0.7415307078031411,True,False,False,True,False,True,1.0
NORT_ARTIC_3,15362,493,613,4,7,1,1117,0.7632240592415229,True,False,False,True,False,True,1.0
NORT_ARTIC_3,15406,481,1125,7,7,1,1620,0.1400129818613446,True,False,False,True,False,True,1.0
NORT_ARTIC_3,15738,402,1050,2,8,1,1462,0.7358940022445664,True,False,False,True,False,True,1.0
NORT_ARTIC_3,16200,665,308,8,5,1,986,0.5636909077754797,True,True,False,True,False,True,1.0
NORT_ARTIC_3,16794,2322,1343,31,17,2,3713,1.0,True,False,False,False,False,True,1.0
NORT_ARTIC_3,16847,2592,963,12,6,1,3573,0.5960177858451797,True,False,False,True,False,True,1.0
NORT_ARTIC_3,16865,2633,1089,12,6,1,3740,0.795454289399754,True,False,False,False,False,True,1.0
NORT_ARTIC_3,16889,2662,1069,11,5,1,3747,0.786254441361483,True,False,False,True,False,True,1.0
NORT_ARTIC_3,16913,1955,1147,11,6,1,3119,1.0,True,False,False,False,False,True,1.0
NORT_ARTIC_3,16925,2950,2024,15,10,2,4999,1.0,True,False,False,False,False,True,1.0
NORT_ARTIC_3,17033,881,2453,6,11,1,3351,0.41319032160665936,True,False,False,True,False,True,1.0
NORT_ARTIC_3,17167,2111,766,22,6,1,2905,0.6692746483244723,True,False,False,False,False,True,1.0
NORT_ARTIC_3,17209,12912,4477,19,9,2,17417,0.5156581794141419,True,False,False,False,False,True,1.0
NORT_ARTIC_3,17337,879,2278,6,12,1,3175,0.6025395037483612,True,False,False,False,False,True,1.0
NORT_ARTIC_3,17362,1623,4944,11,29,3,6607,0.7133266503366824,True,False,False,False,False,True,1.0
NORT_ARTIC_3,17611,271,786,3,8,1,1068,1.0,True,False,False,True,False,True,1.0
NORT_ARTIC_3,18121,948,396,6,4,1,1354,0.49345382399708076,True,False,False,True,False,True,1.0
NORT_ARTIC_3,18177,365,467,4,5,1,841,1.0,True,True,False,True,False,True,1.0
NORT_ARTIC_3,18347,584,238,8,2,1,832,0.7323895791462893,True,True,False,True,False,True,1.0
NORT_ARTIC_3,18377,555,269,61,29,1,914,1.0,True,True,False,False,False,True,1.0
NORT_ARTIC_3,18386,625,299,6,6,1,936,0.22039308563587823,True,True,False,True,False,True,1.0
NORT_ARTIC_3,18392,622,304,5,4,1,935,0.486990185504406,True,True,False,True,False,True,1.0
NORT_ARTIC_3,18563,402,761,4,4,1,1171,0.4591763394093541,True,False,False,True,False,True,1.0
NORT_ARTIC_3,18630,1154,853,2,1,2,2010,1.0,True,False,False,True,False,True,1.0
NORT_ARTIC_3,19135,179,297,1,7,1,484,0.26815926531431344,True,True,False,True,False,True,1.0
NORT_ARTIC_3,21118,637,764,7,6,1,1414,0.5858443594342785,True,False,False,False,False,True,1.0
NORT_ARTIC_3,21291,241,608,4,7,1,860,0.518853010930771,True,True,False,True,False,True,1.0
NORT_ARTIC_3,21298,232,630,3,7,1,872,0.734065040901412,True,True,False,True,False,True,1.0
NORT_ARTIC_3,22657,721,449,7,3,1,1180,0.74962149767307,True,False,False,True,False,True,1.0
NORT_ARTIC_3,22735,1062,1537,7,16,2,2622,0.39590060073764094,True,False,False,False,False,True,1.0
NORT_ARTIC_3,22746,247,483,7,15,2,752,1.0,True,True,False,False,False,True,1.0
NORT_ARTIC_3,22969,22,11,2,1,1,36,1.0,True,True,False,True,False,True,1.0
NORT_ARTIC_3,23178,958,241,9,1,1,1209,0.6967553450758015,True,False,False,True,False,True,1.0
NORT_ARTIC_3,23335,665,524,4,5,1,1198,0.5191168092057239,True,False,False,True,False,True,1.0
NORT_ARTIC_3,23480,942,1381,5,12,1,2340,0.4599145354196301,True,False,False,False,False,True,1.0
NORT_ARTIC_3,23489,1417,1963,10,16,2,3406,0.842739788602628,True,False,False,False,False,True,1.0
NORT_ARTIC_3,23717,170,572,4,8,1,754,0.4868921182345053,True,True,False,True,False,True,1.0
NORT_ARTIC_3,24213,689,268,17,7,1,981,1.0,True,True,False,False,False,True,1.0
NORT_ARTIC_3,24701,121,322,2,5,1,450,1.0,True,True,False,True,False,True,1.0
NORT_ARTIC_3,25219,291,697,3,7,1,998,1.0,True,True,False,True,False,True,1.0
NORT_ARTIC_3,25274,274,651,2,10,1,937,0.5254699097544586,True,True,False,True,False,True,1.0
NORT_ARTIC_3,25521,234,647,15,39,1,935,0.874196006768193,True,True,False,False,False,True,1.0
NORT_ARTIC_3,25831,16,31,3,4,1,54,0.6865505563618772,True,True,False,True,False,True,1.0
NORT_ARTIC_3,26202,277,797,3,7,1,1084,0.7241708809365819,True,False,False,True,False,True,1.0
NORT_ARTIC_3,26276,186,651,3,10,1,850,1.0,True,True,False,True,False,True,1.0
NORT_ARTIC_3,26323,88,45,3,2,1,138,1.0,True,True,False,True,False,True,1.0
NORT_ARTIC_3,26958,546,162,7,3,1,718,0.7039622522305427,True,True,False,True,False,True,1.0
NORT_ARTIC_3,26978,586,194,6,2,1,788,1.0,True,True,False,True,False,True,1.0
NORT_ARTIC_3,27442,239,485,210,419,1,1353,0.9078853118209005,True,False,False,False,False,True,1.0
NORT_ARTIC_3,27577,418,149,7,3,1,577,0.7279416282453366,True,True,False,True,False,True,1.0
NORT_ARTIC_3,27657,150,222,5,7,2,384,1.0,True,True,False,True,False,True,1.0
NORT_ARTIC_3,27761,105,349,2,3,1,459,0.33145083318593477,True,True,False,True,False,True,1.0
NORT_ARTIC_3,27895,1441,699,9,4,1,2153,1.0,True,False,False,True,False,True,1.0
NORT_ARTIC_3,28453,1048,564,660,135,1,2407,6.662326232736918e-21,True,False,False,False,False,True,7.148188560441391e-19
NORT_ARTIC_3,28505,1811,735,12,3,1,2561,0.575712054816223,True,False,False,True,False,True,1.0
NORT_ARTIC_3,28510,1802,729,11,6,1,2548,0.5932424571783522,True,False,False,True,False,True,1.0
NORT_ARTIC_3,28603,442,899,37,63,2,1441,0.44133746026880993,True,False,False,False,False,True,1.0
NORT_ARTIC_3,28677,566,1674,4,4,2,2248,0.11841295609081016,True,False,False,True,False,True,1.0
NORT_ARTIC_3,28744,640,1260,3,11,1,1914,0.4073281606505431,True,False,False,True,False,True,1.0
NORT_ARTIC_3,29520,833,583,5,10,1,1431,0.06321343847393673,True,False,False,False,False,True,0.8855920886842283
NORT_ARTIC_3,867,39,57,2,3,1,101,1.0,True,True,False,True,False,True,1.0
NORT_ARTIC_3,1656,20,7,6,1,1,34,1.0,True,True,False,True,False,True,1.0
NORT_ARTIC_3,3043,4,12,2,1,1,19,0.22187822497420026,True,True,False,True,False,True,1.0
NORT_ARTIC_3,3195,50,24,4,1,1,79,1.0,True,True,False,True,False,True,1.0
NORT_ARTIC_3,3301,55,18,3,2,1,78,0.5980595980595981,True,True,False,True,False,True,1.0
NORT_ARTIC_3,3926,53,17,2,2,1,74,0.2703797758785218,True,True,False,True,False,True,1.0
NORT_ARTIC_3,3934,30,22,1,2,1,55,0.5746140651801028,True,True,False,True,False,True,1.0
NORT_ARTIC_3,3968,19,17,2,2,1,40,1.0,True,True,False,True,False,True,1.0
NORT_ARTIC_3,5481,16,50,0,0,1,66,1.0,True,True,True,True,False,True,1.0
NORT_ARTIC_3,5720,86,48,2,2,1,138,0.6206343181159765,True,True,False,True,False,True,1.0
NORT_ARTIC_3,6309,67,18,0,0,1,85,1.0,True,True,True,True,False,True,1.0
NORT_ARTIC_3,8465,22,41,3,2,1,68,0.34886160262038224,True,True,False,True,False,True,1.0
NORT_ARTIC_3,8467,23,41,2,2,1,68,0.621155841524586,True,True,False,True,False,True,1.0
NORT_ARTIC_3,8619,8,47,0,0,1,55,1.0,True,True,True,True,False,True,1.0
NORT_ARTIC_3,9037,75,27,6,4,1,112,0.45954580137122214,True,True,False,True,False,True,1.0
NORT_ARTIC_3,10309,30,98,0,4,1,132,0.5736909992191369,True,True,True,True,False,True,1.0
NORT_ARTIC_3,12640,32,80,1,3,1,116,1.0,True,True,False,True,False,True,1.0
NORT_ARTIC_3,13830,37,87,2,2,1,128,0.5848335208098988,True,True,False,True,False,True,1.0
NORT_ARTIC_3,14551,7,26,1,2,1,36,0.5411764705882353,True,True,False,True,False,True,1.0
NORT_ARTIC_3,16726,14,50,2,5,1,71,0.6512233687654808,True,True,False,True,False,True,1.0
NORT_ARTIC_3,16862,47,21,5,1,1,74,0.6624172218087108,True,True,False,True,False,True,1.0
NORT_ARTIC_3,17137,148,53,3,2,1,206,0.6111785390209693,True,True,False,True,False,True,1.0
NORT_ARTIC_3,17140,145,50,6,0,1,201,0.3397177886299949,True,True,True,True,False,True,1.0
NORT_ARTIC_3,17161,156,49,3,2,1,210,0.5969562779314839,True,True,False,True,False,True,1.0
NORT_ARTIC_3,18278,50,67,2,3,1,122,1.0,True,True,False,True,False,True,1.0
NORT_ARTIC_3,18490,20,23,4,4,1,51,1.0,True,True,False,True,False,True,1.0
NORT_ARTIC_3,18745,38,17,3,2,1,60,0.6476928000890596,True,True,False,True,False,True,1.0
NORT_ARTIC_3,18751,40,18,2,1,1,61,1.0,True,True,False,True,False,True,1.0
NORT_ARTIC_3,19794,13,29,3,6,1,51,1.0,True,True,False,True,False,True,1.0
NORT_ARTIC_3,20620,87,30,9,1,1,127,0.44895682038390405,True,True,False,True,False,True,1.0
NORT_ARTIC_3,20623,94,31,3,2,1,130,0.6005512448242717,True,True,False,True,False,True,1.0
NORT_ARTIC_3,21180,56,16,2,2,1,76,0.23640133283968898,True,True,False,True,False,True,1.0
NORT_ARTIC_3,24550,20,5,2,2,1,29,0.2381373415856175,True,True,False,True,False,True,1.0
NORT_ARTIC_3,24754,84,23,2,2,1,111,0.21822489712397966,True,True,False,True,False,True,1.0
NORT_ARTIC_3,24765,85,27,3,2,1,117,0.5963896283857402,True,True,False,True,False,True,1.0
NORT_ARTIC_3,25082,87,30,2,3,1,122,0.12178665196660388,True,True,False,True,False,True,1.0
NORT_ARTIC_3,25747,9,5,2,2,1,18,1.0,True,True,False,True,False,True,1.0
NORT_ARTIC_3,26538,52,64,2,3,1,121,1.0,True,True,False,True,False,True,1.0
NORT_ARTIC_3,27829,110,19,3,1,1,133,0.483141205921439,True,True,False,True,False,True,1.0
NORT_ARTIC_3,28436,93,72,0,6,1,171,0.00808256463140883,True,True,True,True,False,True,0.22716507787484078
NORT_ARTIC_3,28798,9,2,0,0,1,11,1.0,True,True,True,True,False,True,1.0
NORT_ARTIC_3,29269,11,43,0,0,1,54,1.0,True,True,True,True,False,True,1.0
NORT_ARTIC_3,497,18,15,0,0,1,33,1.0,True,True,True,True,False,True,1.0
NORT_ARTIC_3,770,38,9,2,2,1,51,0.19939975990396155,True,True,False,True,False,True,1.0
NORT_ARTIC_3,4766,33,15,9,5,1,62,0.7548352749056336,True,True,False,True,False,True,1.0
NORT_ARTIC_3,5440,26,26,12,12,1,76,1.0,True,True,False,False,False,True,1.0
NORT_ARTIC_3,6544,86,23,3,2,1,114,0.3014577222774707,True,True,False,True,False,True,1.0
NORT_ARTIC_3,6804,21,70,5,16,1,112,1.0,True,True,False,True,False,True,1.0
NORT_ARTIC_3,9512,48,14,4,1,1,67,1.0,True,True,False,True,False,True,1.0
NORT_ARTIC_3,10103,45,31,2,2,1,80,1.0,True,True,False,True,False,True,1.0
NORT_ARTIC_3,10879,24,36,5,4,1,69,0.4767477882783673,True,True,False,True,False,True,1.0
NORT_ARTIC_3,11275,7,19,2,3,1,31,0.6125324434556916,True,True,False,True,False,True,1.0
NORT_ARTIC_3,11471,87,43,9,3,1,142,0.7513206273438873,True,True,False,True,False,True,1.0
NORT_ARTIC_3,12146,31,83,2,13,1,129,0.3518213626195345,True,True,False,True,False,True,1.0
NORT_ARTIC_3,12871,14,6,2,2,1,24,0.5783926218708828,True,True,False,True,False,True,1.0
NORT_ARTIC_3,14438,30,77,3,10,1,120,1.0,True,True,False,True,False,True,1.0
NORT_ARTIC_3,14728,33,21,2,2,1,58,1.0,True,True,False,True,False,True,1.0
NORT_ARTIC_3,15509,133,113,4,12,1,262,0.03629936402181099,True,True,False,False,False,True,0.6882797514308041
NORT_ARTIC_3,16877,2065,759,42,13,2,2879,0.6479515560483852,True,False,False,False,False,True,1.0
NORT_ARTIC_3,18507,30,25,2,2,1,59,1.0,True,True,False,True,False,True,1.0
NORT_ARTIC_3,20314,17,3,2,1,1,23,0.4528514963297572,True,True,False,True,False,True,1.0
NORT_ARTIC_3,20903,92,33,3,1,1,129,1.0,True,True,False,True,False,True,1.0
NORT_ARTIC_3,21520,15,2,1,3,1,21,0.027568922305764413,True,True,False,True,False,True,0.5879109352223805
NORT_ARTIC_3,23285,82,45,5,5,1,137,0.49660177988379917,True,True,False,True,False,True,1.0
NORT_ARTIC_3,24677,20,56,2,3,1,81,0.6092057653239089,True,True,False,True,False,True,1.0
NORT_ARTIC_3,25119,54,28,4,3,1,89,0.69076910170694,True,True,False,True,False,True,1.0
NORT_ARTIC_3,26455,3,4,3,3,1,13,1.0,True,True,False,True,False,True,1.0
NORT_ARTIC_3,26801,27,81,3,7,1,118,0.7130936636293077,True,True,False,True,False,True,1.0
NORT_ARTIC_3,29642,99,74,6,2,1,181,0.47091720235199885,True,True,False,True,False,True,1.0
NORT_ARTIC_3,29666,43,78,1,4,1,126,0.6569615471783639,True,True,False,True,False,True,1.0
NORT_ARTIC_3,1034,1985,566,17,5,2,2573,1.0,True,False,False,True,False,True,1.0
NORT_ARTIC_3,1047,3450,1029,28,8,2,4515,1.0,True,False,False,False,False,True,1.0
NORT_ARTIC_3,2442,2272,4620,18,28,1,6938,0.43150659889234344,True,False,False,False,False,True,1.0
NORT_ARTIC_3,3251,1623,621,180,75,1,2499,0.5559490938858652,True,False,False,False,False,True,1.0
NORT_ARTIC_3,4249,3546,3914,17,17,1,7494,0.863846204818673,True,False,False,False,False,True,1.0
NORT_ARTIC_3,4674,2345,740,16,6,1,3107,0.8019428412421422,True,False,False,False,False,True,1.0
NORT_ARTIC_3,4926,1130,2706,6,20,1,3862,0.6659714285469729,True,False,False,False,False,True,1.0
NORT_ARTIC_3,5577,1824,3170,12,14,1,5020,0.31391546805986775,True,False,False,False,False,True,1.0
NORT_ARTIC_3,6526,2253,1680,14,11,1,3958,1.0,True,False,False,False,False,True,1.0
NORT_ARTIC_3,7537,1653,3598,17,27,1,5295,0.3294030579280719,True,False,False,False,False,True,1.0
NORT_ARTIC_3,7927,697,2686,2,20,1,3405,0.28694789950326727,True,False,False,True,False,True,1.0
NORT_ARTIC_3,8431,3582,2233,33,18,2,5866,0.7726938564952979,True,False,False,False,False,True,1.0
NORT_ARTIC_3,9151,1178,2641,9,19,1,3847,0.840145528681615,True,False,False,False,False,True,1.0
NORT_ARTIC_3,10126,2141,1576,17,10,1,3744,0.6969890198542257,True,False,False,False,False,True,1.0
NORT_ARTIC_3,13511,812,799,1,3,1,1615,0.37115825875912173,True,False,False,True,False,True,1.0
NORT_ARTIC_3,15741,1133,3084,3,5,1,4225,0.4503837477861029,True,False,False,True,False,True,1.0
NORT_ARTIC_3,17550,1752,1083,9,3,1,2847,0.5529951289367215,True,False,False,True,False,True,1.0
NORT_ARTIC_3,17622,820,2233,9,14,1,3076,0.2356814111242182,True,False,False,False,False,True,1.0
NORT_ARTIC_3,20562,4545,1701,26,12,1,6284,0.5839169577489931,True,False,False,False,False,True,1.0
NORT_ARTIC_3,21437,1232,893,8,7,1,2140,0.7953958924776112,True,False,False,False,False,True,1.0
NORT_ARTIC_3,22076,554,247,7,4,1,812,0.7455195364261091,True,True,False,True,False,True,1.0
NORT_ARTIC_3,22555,1447,484,1,1,1,1933,0.4389544567011446,True,False,False,True,False,True,1.0
NORT_ARTIC_3,22634,2406,1115,18,12,1,3551,0.32973028669829596,True,False,False,False,False,True,1.0
NORT_ARTIC_3,23112,49,118,3,4,1,174,0.42792134086165223,True,True,False,True,False,True,1.0
NORT_ARTIC_3,24371,1369,2802,7,17,1,4195,0.8291089530978863,True,False,False,False,False,True,1.0
NORT_ARTIC_3,24827,3937,1767,26,13,1,5743,0.730944669874896,True,False,False,False,False,True,1.0
NORT_ARTIC_3,25155,1846,2305,11,12,1,4174,0.8343905379478097,True,False,False,False,False,True,1.0
NORT_ARTIC_3,25182,1474,2630,8,16,1,4128,1.0,True,False,False,False,False,True,1.0
NORT_ARTIC_3,27239,2618,1225,16,9,1,3868,0.6697309583869118,True,False,False,False,False,True,1.0
NORT_ARTIC_3,27967,1250,1679,0,0,1,2929,1.0,True,False,True,True,False,True,1.0
NORT_ARTIC_3,751,185,67,9,3,1,264,1.0,True,True,False,True,False,True,1.0
NORT_ARTIC_3,1663,898,304,24,10,2,1236,0.5542495526558857,True,False,False,False,False,True,1.0
NORT_ARTIC_3,1791,209,196,4,3,1,412,1.0,True,True,False,True,False,True,1.0
NORT_ARTIC_3,2827,11,21,2,3,1,37,1.0,True,True,False,True,False,True,1.0
NORT_ARTIC_3,2828,11,21,2,3,1,37,1.0,True,True,False,True,False,True,1.0
NORT_ARTIC_3,3336,116,95,2,4,1,217,0.4152369469139645,True,True,False,True,False,True,1.0
NORT_ARTIC_3,3385,100,204,6,9,1,319,0.5818933010421337,True,True,False,True,False,True,1.0
NORT_ARTIC_3,4154,239,145,17,9,1,410,0.8362738874088089,True,True,False,False,False,True,1.0
NORT_ARTIC_3,4454,236,120,6,3,1,365,1.0,True,True,False,True,False,True,1.0
NORT_ARTIC_3,4562,80,189,3,18,1,290,0.20800070841930066,True,True,False,False,False,True,1.0
NORT_ARTIC_3,4752,209,123,10,4,1,346,0.585595064584732,True,True,False,False,False,True,1.0
NORT_ARTIC_3,5693,176,98,6,3,1,283,1.0,True,True,False,True,False,True,1.0
NORT_ARTIC_3,6539,183,88,10,4,1,285,1.0,True,True,False,True,False,True,1.0
NORT_ARTIC_3,10228,237,112,23,8,1,380,0.549360373096527,True,True,False,False,False,True,1.0
NORT_ARTIC_3,10282,106,117,11,11,1,245,0.8275376898229133,True,True,False,False,False,True,1.0
NORT_ARTIC_3,10423,141,232,8,17,1,398,0.6717344658363306,True,True,False,False,False,True,1.0
NORT_ARTIC_3,10803,109,54,18,10,1,191,0.8298105828190068,True,True,False,False,False,True,1.0
NORT_ARTIC_3,11037,993,920,13,12,2,1938,1.0,True,False,False,False,False,True,1.0
NORT_ARTIC_3,11494,83,60,8,6,1,157,1.0,True,True,False,False,False,True,1.0
NORT_ARTIC_3,12274,36,25,5,1,1,67,0.39247129455362484,True,True,False,True,False,True,1.0
NORT_ARTIC_3,13684,321,111,13,6,1,451,0.5948425207938643,True,True,False,True,False,True,1.0
NORT_ARTIC_3,13729,382,141,8,3,1,534,1.0,True,True,False,True,False,True,1.0
NORT_ARTIC_3,14371,124,104,4,3,1,235,1.0,True,True,False,True,False,True,1.0
NORT_ARTIC_3,14464,71,192,3,3,1,269,0.35100898766897526,True,True,False,True,False,True,1.0
NORT_ARTIC_3,14743,74,74,6,9,1,163,0.5903109855473894,True,True,False,False,False,True,1.0
NORT_ARTIC_3,16575,135,68,8,4,1,215,1.0,True,True,False,True,False,True,1.0
NORT_ARTIC_3,20893,181,73,8,2,1,264,0.7295391718458337,True,True,False,True,False,True,1.0
NORT_ARTIC_3,23227,179,70,5,3,1,257,0.6914851864875862,True,True,False,True,False,True,1.0
NORT_ARTIC_3,23916,165,67,8,2,1,242,0.728838771058778,True,True,False,True,False,True,1.0
NORT_ARTIC_3,24246,1798,1267,25,20,2,3110,0.7608132867459059,True,False,False,False,False,True,1.0
NORT_ARTIC_3,24805,327,119,13,5,1,464,1.0,True,True,False,True,False,True,1.0
NORT_ARTIC_3,27185,530,246,15,8,1,799,0.8208921226639633,True,True,False,False,False,True,1.0
NORT_ARTIC_3,27285,583,246,6,5,1,840,0.31934618775335105,True,True,False,True,False,True,1.0
NORT_ARTIC_3,29171,171,86,6,3,1,266,1.0,True,True,False,True,False,True,1.0
NORT_ARTIC_3,708,174,115,5,5,1,299,0.5293524737171005,True,True,False,True,False,True,1.0
NORT_ARTIC_3,978,123,191,3,6,1,323,1.0,True,True,False,True,False,True,1.0
NORT_ARTIC_3,1540,31,73,3,2,1,109,0.1742904848775859,True,True,False,True,False,True,1.0
NORT_ARTIC_3,1723,237,104,1,0,1,342,1.0,True,True,True,True,False,True,1.0
NORT_ARTIC_3,1861,86,224,4,6,1,320,0.47562296707151175,True,True,False,True,False,True,1.0
NORT_ARTIC_3,2173,7,12,0,0,1,19,1.0,True,True,True,True,False,True,1.0
NORT_ARTIC_3,2823,11,26,2,2,1,41,0.5794608472400513,True,True,False,True,False,True,1.0
NORT_ARTIC_3,5631,198,103,9,3,1,313,0.7570857595812199,True,True,False,True,False,True,1.0
NORT_ARTIC_3,10759,221,78,9,3,1,311,1.0,True,True,False,True,False,True,1.0
NORT_ARTIC_3,10796,247,96,10,4,1,357,1.0,True,True,False,True,False,True,1.0
NORT_ARTIC_3,11022,248,253,10,14,1,525,0.5331459419713344,True,True,False,False,False,True,1.0
NORT_ARTIC_3,12114,43,206,2,7,1,258,0.6584785853431294,True,True,False,True,False,True,1.0
NORT_ARTIC_3,12591,173,95,5,5,1,278,0.5034573172353048,True,True,False,True,False,True,1.0
NORT_ARTIC_3,12597,136,108,6,1,1,251,0.14252849696007802,True,True,False,True,False,True,1.0
NORT_ARTIC_3,12721,189,302,7,10,1,508,0.8055993876719774,True,True,False,False,False,True,1.0
NORT_ARTIC_3,12917,54,67,5,2,1,128,0.2469882930326303,True,True,False,True,False,True,1.0
NORT_ARTIC_3,16042,113,206,6,7,1,332,0.5563059639811095,True,True,False,True,False,True,1.0
NORT_ARTIC_3,16117,71,259,3,10,1,343,1.0,True,True,False,True,False,True,1.0
NORT_ARTIC_3,17091,627,366,11,4,1,1008,0.5911297337338481,True,False,False,False,False,True,1.0
NORT_ARTIC_3,18162,44,51,6,2,1,103,0.1527645708220106,True,True,False,True,False,True,1.0
NORT_ARTIC_3,19690,199,70,5,3,1,277,0.438117700269522,True,True,False,True,False,True,1.0
NORT_ARTIC_3,20580,424,176,13,4,1,617,0.7886853953170835,True,True,False,True,False,True,1.0
NORT_ARTIC_3,23383,93,212,4,10,1,319,1.0,True,True,False,True,False,True,1.0
NORT_ARTIC_3,23607,114,81,5,4,1,204,1.0,True,True,False,True,False,True,1.0
NORT_ARTIC_3,24368,89,225,1,5,1,320,1.0,True,True,False,True,False,True,1.0
NORT_ARTIC_3,25046,351,335,1,1,1,688,1.0,True,True,False,True,False,True,1.0
NORT_ARTIC_3,25117,338,179,12,8,1,537,0.6371534451225775,True,True,False,False,False,True,1.0
NORT_ARTIC_3,26661,205,60,4,2,1,271,0.6226616372148679,True,True,False,True,False,True,1.0
NORT_ARTIC_3,26775,79,215,5,7,1,306,0.3211976507535994,True,True,False,True,False,True,1.0
NORT_ARTIC_3,26835,66,215,5,10,1,296,0.36488931168229044,True,True,False,True,False,True,1.0
NORT_ARTIC_3,27358,213,182,0,0,1,395,1.0,True,True,True,True,False,True,1.0
NORT_ARTIC_3,29653,87,110,3,3,1,203,1.0,True,True,False,True,False,True,1.0
NORT_ARTIC_3,1380,540,219,113,41,1,913,0.6249686755630337,True,True,False,False,False,True,1.0
NORT_ARTIC_3,1936,321,961,8,10,1,1300,0.09566921516268687,True,False,False,True,False,True,1.0
NORT_ARTIC_3,2153,60,150,8,26,1,244,0.6810584506496153,True,True,False,False,False,True,1.0
NORT_ARTIC_3,6117,341,1100,0,4,1,1445,0.5784259025849414,True,False,True,True,False,True,1.0
NORT_ARTIC_3,7794,1339,865,12,11,1,2227,0.4002888770990546,True,False,False,False,False,True,1.0
NORT_ARTIC_3,12756,1642,3163,7,15,1,4827,1.0,True,False,False,False,False,True,1.0
NORT_ARTIC_3,13766,1824,813,20,6,1,2663,0.5227961007794175,True,False,False,False,False,True,1.0
NORT_ARTIC_3,15031,1223,901,9,9,1,2142,0.6334513966472182,True,False,False,False,False,True,1.0
NORT_ARTIC_3,15347,1339,1320,9,12,1,2680,0.5195078598801023,True,False,False,False,False,True,1.0
NORT_ARTIC_3,18115,2205,965,4,6,1,3180,0.07711943011722805,True,False,False,True,False,True,0.980486627415278
NORT_ARTIC_3,20456,3802,3401,20,22,2,7245,0.537772598376482,True,False,False,False,False,True,1.0
NORT_ARTIC_3,24095,246,889,27,4,1,1166,4.1849876704480925e-14,True,False,False,False,False,True,3.609757012215913e-12
NORT_ARTIC_3,25590,228,890,9,46,1,1173,0.6056319386589866,True,False,False,False,False,True,1.0
NORT_ARTIC_3,25667,600,167,3,84,1,854,1.0808821186371086e-45,True,True,False,False,False,True,1.981166849951934e-43
NORT_ARTIC_3,1972,589,215,6,3,1,813,0.7076274879998546,True,True,False,True,False,True,1.0
NORT_ARTIC_3,5144,574,967,2,1,1,1544,0.5597007215440525,True,False,False,True,False,True,1.0
NORT_ARTIC_3,7994,4483,2038,0,1,1,6522,0.3126341613002146,True,False,True,True,False,True,1.0
NORT_ARTIC_3,8825,466,891,9,9,1,1375,0.21122334714994728,True,False,False,False,False,True,1.0
NORT_ARTIC_3,10761,3484,1139,25,7,1,4655,0.8386002087975801,True,False,False,False,False,True,1.0
NORT_ARTIC_3,13036,4596,2779,25,20,1,7420,0.35801070132916285,True,False,False,False,False,True,1.0
NORT_ARTIC_3,13108,8348,2448,37,17,2,10850,0.14151250768063395,True,False,False,False,False,True,1.0
NORT_ARTIC_3,13884,1309,4765,12,27,2,6113,0.17215971992018744,True,False,False,False,False,True,1.0
NORT_ARTIC_3,18984,3763,1504,3,0,1,5270,0.5626493189854304,True,False,True,True,False,True,1.0
NORT_ARTIC_3,19273,258,1313,2,7,1,1580,0.6479723066004452,True,False,False,True,False,True,1.0
NORT_ARTIC_3,20144,565,2106,6,14,1,2691,0.40682312041314966,True,False,False,True,False,True,1.0
NORT_ARTIC_3,20659,3244,3225,13,18,1,6500,0.3749686229395459,True,False,False,False,False,True,1.0
NORT_ARTIC_3,21400,1015,1646,7,16,1,2684,0.5228366904580697,True,False,False,False,False,True,1.0
NORT_ARTIC_3,22750,1723,3419,11,18,1,5171,0.6936931458275671,True,False,False,False,False,True,1.0
NORT_ARTIC_3,24847,5027,1911,28,14,1,6980,0.39066899204999883,True,False,False,False,False,True,1.0
NORT_ARTIC_3,25551,576,2238,8,16,1,2838,0.1292039270665194,True,False,False,True,False,True,1.0
NORT_ARTIC_3,27153,1472,1756,11,13,1,3252,1.0,True,False,False,False,False,True,1.0
NORT_ARTIC_3,2412,1437,1276,13,10,1,2736,0.8350990219712087,True,False,False,False,False,True,1.0
NORT_ARTIC_3,3324,1520,1161,17,10,1,2708,0.5632155382393941,True,False,False,False,False,True,1.0
NORT_ARTIC_3,3746,1656,2441,12,18,2,4127,1.0,True,False,False,False,False,True,1.0
NORT_ARTIC_3,4927,969,2348,1,2,1,3320,1.0,True,False,False,True,False,True,1.0
NORT_ARTIC_3,5204,1263,4336,13,32,3,5644,0.36958117068599217,True,False,False,False,False,True,1.0
NORT_ARTIC_3,8179,1059,2631,13,23,1,3726,0.35550131498043314,True,False,False,False,False,True,1.0
NORT_ARTIC_3,8405,2926,1169,17,10,1,4122,0.39197170271620363,True,False,False,False,False,True,1.0
NORT_ARTIC_3,10227,2915,1122,13,9,1,4059,0.23039765561111536,True,False,False,False,False,True,1.0
NORT_ARTIC_3,11938,3558,1604,34,14,2,5210,0.8760335362390264,True,False,False,False,False,True,1.0
NORT_ARTIC_3,13093,4414,1402,23,10,1,5849,0.41577727276590454,True,False,False,False,False,True,1.0
NORT_ARTIC_3,19621,2020,398,12,4,1,2434,0.31994112310832257,True,False,False,True,False,True,1.0
NORT_ARTIC_3,21578,698,889,0,0,1,1587,1.0,True,False,True,True,False,True,1.0
NORT_ARTIC_3,21600,609,1348,0,0,1,1957,1.0,True,False,True,True,False,True,1.0
NORT_ARTIC_3,23888,5062,3360,38,26,3,8486,0.8987944621779722,True,False,False,False,False,True,1.0
NORT_ARTIC_3,24366,2866,4208,21,26,2,7121,0.5553095041763043,True,False,False,False,False,True,1.0
NORT_ARTIC_3,26739,1571,716,9,7,1,2303,0.28886227128708025,True,False,False,False,False,True,1.0
NORT_ARTIC_3,27688,200,600,2,4,1,806,0.6439018776875424,True,True,False,True,False,True,1.0
NORT_ARTIC_3,839,211,142,1,0,1,354,1.0,True,True,True,True,False,True,1.0
NORT_ARTIC_3,1871,174,482,0,1,1,657,1.0,True,True,True,True,False,True,1.0
NORT_ARTIC_3,5288,520,226,15,5,1,766,0.8058421711424536,True,True,False,False,False,True,1.0
NORT_ARTIC_3,6865,113,76,5,2,1,196,0.7049111875931808,True,True,False,True,False,True,1.0
NORT_ARTIC_3,8398,543,169,26,8,1,746,1.0,True,True,False,False,False,True,1.0
NORT_ARTIC_3,10134,373,195,12,0,1,580,0.010677499913061253,True,True,True,True,False,True,0.27629601245621443
NORT_ARTIC_3,11518,205,249,0,0,1,454,1.0,True,True,True,True,False,True,1.0
NORT_ARTIC_3,12165,308,464,2,17,1,791,0.008323261804266494,True,True,False,False,False,True,0.2317343587149893
NORT_ARTIC_3,12347,114,283,5,13,1,415,1.0,True,True,False,False,False,True,1.0
NORT_ARTIC_3,12733,410,830,3,12,1,1255,0.40939140248719263,True,False,False,True,False,True,1.0
NORT_ARTIC_3,12879,193,176,5,4,1,378,1.0,True,True,False,True,False,True,1.0
NORT_ARTIC_3,13257,260,645,8,18,1,931,0.8275216849865068,True,True,False,False,False,True,1.0
NORT_ARTIC_3,13985,701,197,21,6,1,925,1.0,True,True,False,False,False,True,1.0
NORT_ARTIC_3,14005,725,227,13,7,1,972,0.28855320529856127,True,True,False,True,False,True,1.0
NORT_ARTIC_3,14352,479,179,12,4,1,674,1.0,True,True,False,True,False,True,1.0
NORT_ARTIC_3,14576,422,375,22,9,1,828,0.06505262663419936,True,True,False,False,False,True,0.8933168320153324
NORT_ARTIC_3,15624,625,270,14,8,1,917,0.6388740780128157,True,True,False,False,False,True,1.0
NORT_ARTIC_3,16692,242,678,3,18,1,941,0.3143544946198191,True,True,False,False,False,True,1.0
NORT_ARTIC_3,17094,1261,1062,10,18,1,2351,0.05702088004176255,True,False,False,False,False,True,0.8514139489758327
NORT_ARTIC_3,18973,487,299,17,8,1,811,0.6765073725281598,True,True,False,False,False,True,1.0
NORT_ARTIC_3,18989,462,218,16,8,1,704,1.0,True,True,False,False,False,True,1.0
NORT_ARTIC_3,18993,3680,1587,38,21,2,5326,0.3924460349086873,True,False,False,False,False,True,1.0
NORT_ARTIC_3,19789,224,519,6,7,1,756,0.23064428182751234,True,True,False,True,False,True,1.0
NORT_ARTIC_3,25000,444,799,3,14,1,1260,0.19978928852731592,True,False,False,False,False,True,1.0
NORT_ARTIC_3,25413,421,134,2,0,1,557,1.0,True,True,True,True,False,True,1.0
NORT_ARTIC_3,25690,83,17,0,0,1,100,1.0,True,True,True,True,False,True,1.0
NORT_ARTIC_3,27551,119,32,3,3,1,157,0.12498007041279131,True,True,False,True,False,True,1.0
NORT_ARTIC_3,27870,841,271,16,2,1,1130,0.26991228919548627,True,False,False,True,False,True,1.0
NORT_ARTIC_3,28312,262,620,6,13,1,901,0.8050716364420949,True,True,False,False,False,True,1.0
NORT_ARTIC_3,29358,83,8,0,4,1,95,0.00015548704353166045,True,True,True,True,False,True,0.006514166709483566
NORT_ARTIC_3,447,1037,255,11,4,1,1307,0.5144323156019572,True,False,False,True,False,True,1.0
NORT_ARTIC_3,1666,1131,283,9,4,1,1427,0.30872684772395426,True,False,False,True,False,True,1.0
NORT_ARTIC_3,2858,1602,670,6,5,1,2283,0.31865400568584656,True,False,False,True,False,True,1.0
NORT_ARTIC_3,2878,2079,558,11,3,1,2651,1.0,True,False,False,True,False,True,1.0
NORT_ARTIC_3,3883,1611,412,10,3,1,2036,0.7354243254187119,True,False,False,True,False,True,1.0
NORT_ARTIC_3,4417,2726,1588,20,12,1,4346,1.0,True,False,False,False,False,True,1.0
NORT_ARTIC_3,4922,446,1387,4,9,1,1846,0.5311782368014525,True,False,False,True,False,True,1.0
NORT_ARTIC_3,5234,150,702,2,7,1,861,0.6633068654732996,True,True,False,True,False,True,1.0
NORT_ARTIC_3,6290,4005,1048,30,7,1,5090,1.0,True,False,False,False,False,True,1.0
NORT_ARTIC_3,6415,809,3628,7,18,1,4462,0.19947158987257263,True,False,False,True,False,True,1.0
NORT_ARTIC_3,6926,170,361,1,1,1,533,0.5391316001072098,True,True,False,True,False,True,1.0
NORT_ARTIC_3,8008,2494,788,20,6,1,3308,1.0,True,False,False,False,False,True,1.0
NORT_ARTIC_3,8132,833,1468,9,9,1,2319,0.228824090271516,True,False,False,False,False,True,1.0
NORT_ARTIC_3,8239,372,1948,5,15,1,2340,0.352376541438312,True,False,False,True,False,True,1.0
NORT_ARTIC_3,8482,533,866,6,8,1,1413,0.7846957053353323,True,False,False,False,False,True,1.0
NORT_ARTIC_3,9702,520,1766,0,0,1,2286,1.0,True,False,True,True,False,True,1.0
NORT_ARTIC_3,10933,727,1989,7,16,1,2739,0.6433896094463418,True,False,False,False,False,True,1.0
NORT_ARTIC_3,11654,7320,5509,39,36,2,12904,0.41342958902049576,True,False,False,False,False,True,1.0
NORT_ARTIC_3,11659,3336,2582,14,21,1,5953,0.060045346427348156,True,False,False,False,False,True,0.8770801100489042
NORT_ARTIC_3,11675,3438,2606,19,14,1,6077,1.0,True,False,False,False,False,True,1.0
NORT_ARTIC_3,11892,3048,3174,20,21,2,6263,1.0,True,False,False,False,False,True,1.0
NORT_ARTIC_3,11898,1369,1510,14,8,1,2901,0.14025660482723842,True,False,False,False,False,True,1.0
NORT_ARTIC_3,11931,1634,1095,19,8,1,2756,0.3261286928606637,True,False,False,False,False,True,1.0
NORT_ARTIC_3,12877,1092,809,7,10,1,1918,0.21969473658581296,True,False,False,False,False,True,1.0
NORT_ARTIC_3,13721,2367,665,4,1,1,3037,1.0,True,False,False,True,False,True,1.0
NORT_ARTIC_3,14650,2992,690,14,5,1,3701,0.3803643329611746,True,False,False,True,False,True,1.0
NORT_ARTIC_3,14695,3068,1174,17,8,1,4267,0.655294376925672,True,False,False,False,False,True,1.0
NORT_ARTIC_3,14732,1508,1595,7,10,1,3120,0.63058372358278,True,False,False,False,False,True,1.0
NORT_ARTIC_3,15193,1135,1239,25,8,1,2407,0.0014141278617810452,True,False,False,False,False,True,0.046423495999812076
NORT_ARTIC_3,16147,703,1978,8,8,1,2697,0.04367141046753653,True,False,False,True,False,True,0.7623433914551317
NORT_ARTIC_3,16160,845,1588,6,10,1,2449,0.797377850987674,True,False,False,False,False,True,1.0
NORT_ARTIC_3,17105,3443,2599,30,15,1,6087,0.22711872956343415,True,False,False,False,False,True,1.0
NORT_ARTIC_3,17349,1709,6900,12,44,2,8665,0.7378985982088977,True,False,False,False,False,True,1.0
NORT_ARTIC_3,17422,1249,3913,7,11,1,5180,0.16727939059427888,True,False,False,True,False,True,1.0
NORT_ARTIC_3,17746,331,595,30,9,1,965,5.268768711357743e-07,True,True,False,False,False,True,2.792447417019604e-05
NORT_ARTIC_3,18182,724,1187,8,9,1,1928,0.4589896759696578,True,False,False,False,False,True,1.0
NORT_ARTIC_3,18225,566,1466,5,25,1,2062,0.21902413630672413,True,False,False,False,False,True,1.0
NORT_ARTIC_3,19904,827,1190,7,8,1,2032,0.7933471861694386,True,False,False,False,False,True,1.0
NORT_ARTIC_3,20804,949,1789,11,8,1,2757,0.050248241893471414,True,False,False,False,False,True,0.8060419536496433
NORT_ARTIC_3,22004,176,72,3,3,1,254,0.3645137968121316,True,True,False,True,False,True,1.0
NORT_ARTIC_3,22561,860,309,7,5,1,1181,0.320762639445559,True,False,False,True,False,True,1.0
NORT_ARTIC_3,23674,339,747,5,6,1,1097,0.3351117014464504,True,False,False,True,False,True,1.0
NORT_ARTIC_3,23884,1755,358,11,5,1,2129,0.17112395499612154,True,False,False,True,False,True,1.0
NORT_ARTIC_3,23913,1931,476,12,2,1,2421,1.0,True,False,False,True,False,True,1.0
NORT_ARTIC_3,24329,525,1072,8,10,1,1615,0.31859254828454214,True,False,False,False,False,True,1.0
NORT_ARTIC_3,24464,463,96,7,3,1,569,0.3897455181190247,True,True,False,True,False,True,1.0
NORT_ARTIC_3,24787,2030,384,29,9,1,2452,0.18528046423733577,True,False,False,False,False,True,1.0
NORT_ARTIC_3,26174,403,1012,7,7,1,1429,0.13207032686164116,True,False,False,True,False,True,1.0
NORT_ARTIC_3,26717,776,320,8,2,1,1106,0.7324474171028958,True,False,False,True,False,True,1.0
NORT_ARTIC_3,27508,491,1043,7,11,1,1552,0.6124627118070956,True,False,False,False,False,True,1.0
NORT_ARTIC_3,28136,2856,1952,22,15,2,4845,1.0,True,False,False,False,False,True,1.0
NORT_ARTIC_3,910,439,1446,5,15,1,1905,0.7943582062080516,True,False,False,True,False,True,1.0
NORT_ARTIC_3,1887,266,1171,63,19,1,1519,3.9922612966733585e-28,True,False,False,False,False,True,5.321805286080637e-26
NORT_ARTIC_3,6795,772,1060,2,14,1,1848,0.019784162002302676,True,False,False,False,False,True,0.47381535133848485
NORT_ARTIC_3,7034,102,537,3,5,1,647,0.12551247937439453,True,True,False,True,False,True,1.0
NORT_ARTIC_3,8423,1013,334,12,5,1,1364,0.5858455593921963,True,False,False,True,False,True,1.0
NORT_ARTIC_3,10435,760,1027,7,8,1,1802,0.7967501069810614,True,False,False,False,False,True,1.0
NORT_ARTIC_3,11748,578,738,5,6,1,1327,1.0,True,False,False,True,False,True,1.0
NORT_ARTIC_3,12400,158,613,0,2,1,773,1.0,True,True,True,True,False,True,1.0
NORT_ARTIC_3,12570,3836,1161,47,12,2,5056,0.7562200399562706,True,False,False,False,False,True,1.0
NORT_ARTIC_3,12790,685,812,9,10,1,1516,1.0,True,False,False,False,False,True,1.0
NORT_ARTIC_3,13284,628,1969,11,27,1,2635,0.566785523693099,True,False,False,False,False,True,1.0
NORT_ARTIC_3,13649,873,473,8,7,1,1361,0.4170596000372124,True,False,False,False,False,True,1.0
NORT_ARTIC_3,13764,1414,527,25,6,1,1972,0.41743056495644604,True,False,False,False,False,True,1.0
NORT_ARTIC_3,14091,1213,688,19,12,1,1932,0.8509724337202114,True,False,False,False,False,True,1.0
NORT_ARTIC_3,14315,1179,326,9,4,1,1518,0.4964798368942953,True,False,False,True,False,True,1.0
NORT_ARTIC_3,14487,219,1072,4,7,1,1302,0.10271641627773258,True,False,False,True,False,True,1.0
NORT_ARTIC_3,14522,150,948,2,8,1,1108,0.6353694232734642,True,False,False,True,False,True,1.0
NORT_ARTIC_3,17172,3884,1008,11,6,1,4909,0.13863885325701886,True,False,False,True,False,True,1.0
NORT_ARTIC_3,18023,1224,585,19,10,2,1838,0.8422382642959603,True,False,False,False,False,True,1.0
NORT_ARTIC_3,18050,1111,523,14,6,1,1654,1.0,True,False,False,False,False,True,1.0
NORT_ARTIC_3,19090,426,549,6,6,1,987,0.772512314669463,True,True,False,False,False,True,1.0
NORT_ARTIC_3,20930,1829,751,16,8,1,2604,0.654714863575248,True,False,False,False,False,True,1.0
NORT_ARTIC_3,21249,679,451,7,6,1,1143,0.7773763815577734,True,False,False,False,False,True,1.0
NORT_ARTIC_3,21480,474,95,8,1,1,578,1.0,True,True,False,True,False,True,1.0
NORT_ARTIC_3,23032,11,9,3,1,1,24,0.6146245059288538,True,True,False,True,False,True,1.0
NORT_ARTIC_3,24372,305,1277,4,9,1,1595,0.29315252472489406,True,False,False,True,False,True,1.0
NORT_ARTIC_3,24792,1955,408,12,2,1,2377,1.0,True,False,False,True,False,True,1.0
NORT_ARTIC_3,24958,366,1835,1,17,1,2219,0.338686011869874,True,False,False,True,False,True,1.0
NORT_ARTIC_3,25146,857,742,12,13,1,1624,0.6871614378856481,True,False,False,False,False,True,1.0
NORT_ARTIC_3,25272,309,366,4,1,1,680,0.18611436222797406,True,True,False,True,False,True,1.0
NORT_ARTIC_3,26436,300,767,3,10,1,1080,1.0,True,False,False,True,False,True,1.0
NORT_ARTIC_3,26646,1071,240,9,3,1,1323,0.4699964949139118,True,False,False,True,False,True,1.0
NORT_ARTIC_3,27349,761,765,9,8,1,1543,0.8131999967140301,True,False,False,False,False,True,1.0
NORT_ARTIC_3,27856,2377,369,14,6,1,2766,0.04365008925717107,True,False,False,True,False,True,0.7623433914551317
NORT_ARTIC_3,27909,4205,1632,32,12,2,5881,1.0,True,False,False,False,False,True,1.0
NORT_ARTIC_3,28690,359,1656,109,8,1,2132,4.552491828462206e-66,True,False,False,False,False,True,1.0540216607055393e-63
NORT_ARTIC_3,3564,701,205,12,4,1,922,0.7677850206024135,True,True,False,True,False,True,1.0
NORT_ARTIC_3,3975,723,780,5,7,1,1515,0.7755823632891479,True,False,False,False,False,True,1.0
NORT_ARTIC_3,4505,1083,1817,11,32,1,2943,0.15154484024539555,True,False,False,False,False,True,1.0
NORT_ARTIC_3,5038,1333,366,13,5,1,1717,0.563766806348526,True,False,False,True,False,True,1.0
NORT_ARTIC_3,5919,1095,1444,12,9,1,2560,0.26843765046179013,True,False,False,False,False,True,1.0
NORT_ARTIC_3,7598,603,2737,5,15,1,3360,0.3878176780126071,True,False,False,True,False,True,1.0
NORT_ARTIC_3,7608,505,2554,3,19,1,3081,1.0,True,False,False,True,False,True,1.0
NORT_ARTIC_3,8413,1834,770,16,6,1,2626,1.0,True,False,False,False,False,True,1.0
NORT_ARTIC_3,8760,979,352,7,6,1,1344,0.12050957274257422,True,False,False,True,False,True,1.0
NORT_ARTIC_3,10977,803,2276,1,7,1,3087,0.6888579625605182,True,False,False,True,False,True,1.0
NORT_ARTIC_3,13279,1746,4459,9,21,1,6235,0.8394567726176747,True,False,False,False,False,True,1.0
NORT_ARTIC_3,13571,562,1517,3,28,1,2110,0.03841895546569028,True,False,False,False,False,True,0.7031011161605212
NORT_ARTIC_3,13608,478,1468,37,17,1,2000,2.7519025583374528e-11,True,False,False,False,False,True,2.0176032256877423e-09
NORT_ARTIC_3,15569,2181,538,5,0,1,2724,0.5900603392231227,True,False,True,True,False,True,1.0
NORT_ARTIC_3,15617,2388,752,16,8,1,3164,0.33515952333097027,True,False,False,False,False,True,1.0
NORT_ARTIC_3,18083,2019,842,14,6,1,2881,1.0,True,False,False,False,False,True,1.0
NORT_ARTIC_3,20880,1930,863,16,4,1,2813,0.3422651885684975,True,False,False,False,False,True,1.0
NORT_ARTIC_3,24433,787,1277,8,13,1,2085,1.0,True,False,False,False,False,True,1.0
NORT_ARTIC_3,24955,595,2534,5,16,1,3150,0.5771126214408396,True,False,False,True,False,True,1.0
NORT_ARTIC_3,27184,1312,1151,10,14,1,2487,0.30608108675680956,True,False,False,False,False,True,1.0
NORT_ARTIC_3,741,1226,286,9,5,1,1526,0.16065653523846976,True,False,False,True,False,True,1.0
NORT_ARTIC_3,1441,503,590,0,3,1,1096,0.2543770622937706,True,False,True,True,False,True,1.0
NORT_ARTIC_3,1678,1563,391,14,6,1,1974,0.2651664807327371,True,False,False,True,False,True,1.0
NORT_ARTIC_3,1810,833,2687,11,28,3,3559,0.5694673840708085,True,False,False,False,False,True,1.0
NORT_ARTIC_3,1912,393,1261,3,7,1,1664,0.709541761920993,True,False,False,True,False,True,1.0
NORT_ARTIC_3,2269,1312,279,11,4,1,1606,0.31794125981485,True,False,False,True,False,True,1.0
NORT_ARTIC_3,2499,656,1662,8,17,1,2343,0.6599644647310663,True,False,False,False,False,True,1.0
NORT_ARTIC_3,3818,3211,930,28,4,2,4173,0.20724311461983713,True,False,False,False,False,True,1.0
NORT_ARTIC_3,4297,601,1994,4,12,1,2611,0.7731351063429253,True,False,False,True,False,True,1.0
NORT_ARTIC_3,4398,2816,2022,13,14,1,4865,0.3301805386595178,True,False,False,False,False,True,1.0
NORT_ARTIC_3,5398,4787,1941,34,14,2,6776,1.0,True,False,False,False,False,True,1.0
NORT_ARTIC_3,6495,2290,3429,15,17,2,5751,0.4714791540169462,True,False,False,False,False,True,1.0
NORT_ARTIC_3,6817,2147,3733,14,22,2,5916,0.8624050992339025,True,False,False,False,False,True,1.0
NORT_ARTIC_3,7381,2002,688,11,6,1,2707,0.4028931867209017,True,False,False,True,False,True,1.0
NORT_ARTIC_3,8070,3838,1248,26,10,2,5122,0.6974760975450439,True,False,False,False,False,True,1.0
NORT_ARTIC_3,8253,1059,4415,10,34,3,5518,0.5661278793109036,True,False,False,False,False,True,1.0
NORT_ARTIC_3,9442,29,63,0,0,1,92,1.0,True,True,True,True,False,True,1.0
NORT_ARTIC_3,9529,786,194,6,5,1,991,0.05020881519481829,True,True,False,True,False,True,0.8060419536496433
NORT_ARTIC_3,9561,1078,248,4,25,1,1355,1.7471530901428715e-14,True,False,False,False,False,True,1.5371452887076983e-12
NORT_ARTIC_3,10199,1910,582,18,6,1,2516,0.8107493343831977,True,False,False,False,False,True,1.0
NORT_ARTIC_3,10291,698,1161,9,8,1,1876,0.21377293158025767,True,False,False,False,False,True,1.0
NORT_ARTIC_3,10387,981,1689,11,11,1,2692,0.26631448468568497,True,False,False,False,False,True,1.0
NORT_ARTIC_3,10520,1099,415,14,2,1,1530,0.26126563526891333,True,False,False,True,False,True,1.0
NORT_ARTIC_3,11409,1649,366,14,5,1,2034,0.3690492627657285,True,False,False,True,False,True,1.0
NORT_ARTIC_3,12878,675,501,5,5,1,1186,0.7518108433782636,True,False,False,True,False,True,1.0
NORT_ARTIC_3,13160,2950,898,28,10,1,3886,0.6999642850749888,True,False,False,False,False,True,1.0
NORT_ARTIC_3,13809,1233,1531,9,11,1,2784,1.0,True,False,False,False,False,True,1.0
NORT_ARTIC_3,14485,417,1719,6,17,1,2159,0.4290586988779661,True,False,False,True,False,True,1.0
NORT_ARTIC_3,14629,2931,574,18,3,1,3526,1.0,True,False,False,True,False,True,1.0
NORT_ARTIC_3,14704,3712,1640,18,18,2,5388,0.017359937631127698,True,False,False,False,False,True,0.42191362231674445
NORT_ARTIC_3,14706,2359,1252,20,13,1,3644,0.5844734005228593,True,False,False,False,False,True,1.0
NORT_ARTIC_3,15450,466,2052,2,11,1,2531,1.0,True,False,False,True,False,True,1.0
NORT_ARTIC_3,16149,539,2074,4,13,1,2630,0.7644412914501402,True,False,False,True,False,True,1.0
NORT_ARTIC_3,17784,337,100,5,5,1,447,0.059583056432583645,True,True,False,True,False,True,0.8766082449730284
NORT_ARTIC_3,17986,1269,503,7,7,1,1786,0.1319843855537032,True,False,False,True,False,True,1.0
NORT_ARTIC_3,18294,1567,1649,12,9,1,3237,0.5143893631200568,True,False,False,False,False,True,1.0
NORT_ARTIC_3,19007,5170,1987,46,14,3,7217,0.5623349856745745,True,False,False,False,False,True,1.0
NORT_ARTIC_3,19105,2602,3270,21,30,3,5923,0.6741330872486365,True,False,False,False,False,True,1.0
NORT_ARTIC_3,20045,381,545,5,6,1,937,0.7677326856791664,True,True,False,True,False,True,1.0
NORT_ARTIC_3,20334,379,177,7,3,1,566,1.0,True,True,False,True,False,True,1.0
NORT_ARTIC_3,22689,1357,774,1,0,1,2132,1.0,True,False,True,True,False,True,1.0
NORT_ARTIC_3,23421,485,1489,8,16,1,1998,0.34158995002588854,True,False,False,False,False,True,1.0
NORT_ARTIC_3,24241,903,363,9,4,1,1279,1.0,True,False,False,True,False,True,1.0
NORT_ARTIC_3,24976,440,2143,6,13,1,2602,0.11895284775298713,True,False,False,True,False,True,1.0
NORT_ARTIC_3,25731,1128,511,5,2,1,1646,1.0,True,False,False,True,False,True,1.0
NORT_ARTIC_3,27498,548,1503,4,4,1,2059,0.22186634953686646,True,False,False,True,False,True,1.0
NORT_ARTIC_3,27865,4296,1047,22,7,2,5372,0.48832048034124603,True,False,False,False,False,True,1.0
NORT_ARTIC_3,29310,377,1286,5,12,1,1680,0.5598761241478094,True,False,False,True,False,True,1.0
NORT_ARTIC_3,899,680,1701,10,13,1,2404,0.16150697667182895,True,False,False,False,False,True,1.0
NORT_ARTIC_3,2298,1933,391,13,3,1,2340,0.7420229975396759,True,False,False,True,False,True,1.0
NORT_ARTIC_3,3253,2028,636,2,0,1,2666,1.0,True,False,True,True,False,True,1.0
NORT_ARTIC_3,3526,618,134,7,2,1,761,0.6662304672993019,True,True,False,True,False,True,1.0
NORT_ARTIC_3,3745,193,719,5,8,1,925,0.1662249749478482,True,True,False,True,False,True,1.0
NORT_ARTIC_3,4711,1986,465,13,5,1,2469,0.3635050939962763,True,False,False,True,False,True,1.0
NORT_ARTIC_3,4948,484,1570,6,9,1,2069,0.13719377124923215,True,False,False,True,False,True,1.0
NORT_ARTIC_3,5292,3594,1681,23,9,2,5307,0.7083656763912798,True,False,False,False,False,True,1.0
NORT_ARTIC_3,6450,366,4415,3,22,1,4806,0.43540136794437684,True,False,False,True,False,True,1.0
NORT_ARTIC_3,7949,276,1624,4,8,1,1912,0.0852137943439654,True,False,False,True,False,True,1.0
NORT_ARTIC_3,8223,526,2981,4,17,1,3528,0.543431507699599,True,False,False,True,False,True,1.0
NORT_ARTIC_3,9527,3992,3136,23,24,2,7175,0.3771457310819978,True,False,False,False,False,True,1.0
NORT_ARTIC_3,12592,2434,998,16,5,1,3453,0.8098969823098049,True,False,False,False,False,True,1.0
NORT_ARTIC_3,12644,880,2486,121,387,1,3874,0.27714225798605185,True,False,False,False,False,True,1.0
NORT_ARTIC_3,14781,1302,4102,6,20,1,5430,1.0,True,False,False,False,False,True,1.0
NORT_ARTIC_3,15648,2062,877,13,4,1,2956,0.7911123151216941,True,False,False,False,False,True,1.0
NORT_ARTIC_3,16852,3175,878,164,38,1,4255,0.3804813826446908,True,False,False,False,False,True,1.0
NORT_ARTIC_3,16863,3351,971,17,7,1,4346,0.46163576384963456,True,False,False,False,False,True,1.0
NORT_ARTIC_3,16951,1888,1630,15,6,1,3539,0.1257278356957352,True,False,False,False,False,True,1.0
NORT_ARTIC_3,17785,543,151,5,4,1,703,0.11373310956154603,True,True,False,True,False,True,1.0
NORT_ARTIC_3,18096,2494,868,17,7,1,3386,0.6474633283564718,True,False,False,False,False,True,1.0
NORT_ARTIC_3,24108,768,1228,7,12,1,2015,1.0,True,False,False,False,False,True,1.0
NORT_ARTIC_3,24785,2860,631,19,7,1,3517,0.3019629392982547,True,False,False,True,False,True,1.0
NORT_ARTIC_3,24819,3034,1034,24,14,1,4106,0.13281170355065527,True,False,False,False,False,True,1.0
NORT_ARTIC_3,26228,752,1259,19,37,1,2067,0.6751899196249094,True,False,False,False,False,True,1.0
NORT_ARTIC_3,26409,1054,1545,11,11,1,2621,0.38956585703160584,True,False,False,False,False,True,1.0
NORT_ARTIC_3,27281,2191,889,0,1,1,3081,0.2888672508925673,True,False,True,True,False,True,1.0
NORT_ARTIC_3,933,77,217,3,3,1,300,0.19475434443905165,True,True,False,True,False,True,1.0
NORT_ARTIC_3,1077,186,52,5,3,1,246,0.3826284553881985,True,True,False,True,False,True,1.0
NORT_ARTIC_3,1197,85,219,3,4,1,311,0.40838086472444923,True,True,False,True,False,True,1.0
NORT_ARTIC_3,2527,58,158,0,0,1,216,1.0,True,True,True,True,False,True,1.0
NORT_ARTIC_3,3413,59,130,3,6,1,198,1.0,True,True,False,True,False,True,1.0
NORT_ARTIC_3,4544,52,155,2,3,1,212,0.6034211327013607,True,True,False,True,False,True,1.0
NORT_ARTIC_3,4675,114,58,4,2,1,178,1.0,True,True,False,True,False,True,1.0
NORT_ARTIC_3,5422,152,79,4,2,1,237,1.0,True,True,False,True,False,True,1.0
NORT_ARTIC_3,6991,25,52,2,3,1,82,1.0,True,True,False,True,False,True,1.0
NORT_ARTIC_3,7795,111,79,2,5,1,197,0.13866631091283527,True,True,False,True,False,True,1.0
NORT_ARTIC_3,7820,73,89,2,4,1,168,0.6928795258851289,True,True,False,True,False,True,1.0
NORT_ARTIC_3,7891,72,210,2,5,1,289,1.0,True,True,False,True,False,True,1.0
NORT_ARTIC_3,7939,49,209,1,4,1,263,1.0,True,True,False,True,False,True,1.0
NORT_ARTIC_3,8135,22,37,3,2,1,64,0.37071710294376875,True,True,False,True,False,True,1.0
NORT_ARTIC_3,8225,24,81,2,2,1,109,0.24027767217405796,True,True,False,True,False,True,1.0
NORT_ARTIC_3,8300,108,79,2,3,1,192,0.6525966840069987,True,True,False,True,False,True,1.0
NORT_ARTIC_3,8608,24,94,2,3,1,123,0.2848110935036593,True,True,False,True,False,True,1.0
NORT_ARTIC_3,8900,47,42,1,3,1,93,0.350954795555076,True,True,False,True,False,True,1.0
NORT_ARTIC_3,10704,66,58,4,2,1,130,0.6858840542964331,True,True,False,True,False,True,1.0
NORT_ARTIC_3,11184,44,24,4,3,1,75,0.6971938405702635,True,True,False,True,False,True,1.0
NORT_ARTIC_3,11205,26,29,3,1,1,59,0.35325602140945583,True,True,False,True,False,True,1.0
NORT_ARTIC_3,11380,51,60,4,1,1,116,0.18849279573733665,True,True,False,True,False,True,1.0
NORT_ARTIC_3,11782,20,28,0,0,1,48,1.0,True,True,True,True,False,True,1.0
NORT_ARTIC_3,12677,55,182,3,3,1,243,0.1493944284096117,True,True,False,True,False,True,1.0
NORT_ARTIC_3,13585,13,31,0,0,1,44,1.0,True,True,True,True,False,True,1.0
NORT_ARTIC_3,13776,164,96,1,0,1,261,1.0,True,True,True,True,False,True,1.0
NORT_ARTIC_3,14899,109,98,2,3,1,212,0.6708329891892113,True,True,False,True,False,True,1.0
NORT_ARTIC_3,15933,72,34,4,2,1,112,1.0,True,True,False,True,False,True,1.0
NORT_ARTIC_3,16048,34,70,2,2,1,108,0.5993651913242815,True,True,False,True,False,True,1.0
NORT_ARTIC_3,18029,127,54,4,1,1,186,1.0,True,True,False,True,False,True,1.0
NORT_ARTIC_3,18066,134,61,4,2,1,201,1.0,True,True,False,True,False,True,1.0
NORT_ARTIC_3,18117,157,62,8,5,1,232,0.5291532367587084,True,True,False,True,False,True,1.0
NORT_ARTIC_3,18213,61,134,2,6,1,203,1.0,True,True,False,True,False,True,1.0
NORT_ARTIC_3,18258,41,130,2,3,1,176,0.5969080127566275,True,True,False,True,False,True,1.0
NORT_ARTIC_3,18533,31,52,2,2,1,87,0.6322683684540376,True,True,False,True,False,True,1.0
NORT_ARTIC_3,19141,27,68,6,9,1,110,0.375489182857159,True,True,False,True,False,True,1.0
NORT_ARTIC_3,23861,42,12,3,3,1,60,0.158756036789812,True,True,False,True,False,True,1.0
NORT_ARTIC_3,24345,45,124,2,3,1,174,0.612737899771109,True,True,False,True,False,True,1.0
NORT_ARTIC_3,27294,223,88,7,5,1,323,0.3369235732577224,True,True,False,True,False,True,1.0
NORT_ARTIC_3,27405,97,243,3,4,1,347,0.415716888251202,True,True,False,True,False,True,1.0
NORT_ARTIC_3,27926,425,219,7,2,1,653,0.7251312129365368,True,True,False,True,False,True,1.0
NORT_ARTIC_3,28011,119,393,3,10,1,525,1.0,True,True,False,True,False,True,1.0
NORT_ARTIC_3,28019,128,411,3,9,1,551,1.0,True,True,False,True,False,True,1.0
NORT_ARTIC_3,28177,206,79,5,2,1,292,1.0,True,True,False,True,False,True,1.0
NORT_ARTIC_3,28567,72,110,2,5,1,189,0.706613968174393,True,True,False,True,False,True,1.0
NORT_ARTIC_3,28592,58,120,4,4,1,186,0.44396565713756125,True,True,False,True,False,True,1.0
NORT_ARTIC_3,28850,8,10,0,0,1,18,1.0,True,True,True,True,False,True,1.0
NORT_ARTIC_3,29067,195,53,1,0,1,249,1.0,True,True,True,True,False,True,1.0
NORT_ARTIC_3,1085,11,3,8,4,1,26,0.6652173913043478,True,True,False,True,False,True,1.0
NORT_ARTIC_3,1691,56,21,2,2,1,81,0.318428360200512,True,True,False,True,False,True,1.0
NORT_ARTIC_3,6500,15,33,1,4,1,53,1.0,True,True,False,True,False,True,1.0
NORT_ARTIC_3,8051,54,16,2,2,1,74,0.24714894327088044,True,True,False,True,False,True,1.0
NORT_ARTIC_3,9221,37,41,0,4,1,82,0.12294603958697814,True,True,True,True,False,True,1.0
NORT_ARTIC_3,9666,31,33,2,3,1,69,1.0,True,True,False,True,False,True,1.0
NORT_ARTIC_3,9789,6,31,2,1,1,40,0.09635627530364373,True,True,False,True,False,True,1.0
NORT_ARTIC_3,10995,8,24,2,2,1,36,0.30481283422459887,True,True,False,True,False,True,1.0
NORT_ARTIC_3,13919,18,77,2,2,1,99,0.18071919489445265,True,True,False,True,False,True,1.0
NORT_ARTIC_3,13965,42,51,4,1,1,98,0.18340709080067072,True,True,False,True,False,True,1.0
NORT_ARTIC_3,14901,46,66,2,2,1,116,1.0,True,True,False,True,False,True,1.0
NORT_ARTIC_3,15338,926,599,12,6,2,1543,0.8089158437792181,True,False,False,False,False,True,1.0
NORT_ARTIC_3,16408,4,12,1,2,1,19,1.0,True,True,False,True,False,True,1.0
NORT_ARTIC_3,18110,61,26,11,2,1,100,0.342436389850522,True,True,False,True,False,True,1.0
NORT_ARTIC_3,18128,39,21,2,2,1,64,0.614118254387953,True,True,False,True,False,True,1.0
NORT_ARTIC_3,23570,44,19,2,2,1,67,0.5840987370838118,True,True,False,True,False,True,1.0
NORT_ARTIC_3,23965,24,20,2,1,1,47,1.0,True,True,False,True,False,True,1.0
NORT_ARTIC_3,24099,26,30,0,0,1,56,1.0,True,True,True,True,False,True,1.0
NORT_ARTIC_3,25160,16,32,1,2,1,51,1.0,True,True,False,True,False,True,1.0
NORT_ARTIC_3,25613,7,34,1,0,1,42,0.19047619047619047,True,True,True,True,False,True,1.0
NORT_ARTIC_3,26733,8,9,3,1,1,21,0.5864661654135339,True,True,False,True,False,True,1.0
NORT_ARTIC_3,27478,20,25,0,0,1,45,1.0,True,True,True,True,False,True,1.0
NORT_ARTIC_3,27526,16,4,0,1,1,21,0.2380952380952381,True,True,True,True,False,True,1.0
NORT_ARTIC_3,27689,11,17,0,0,1,28,1.0,True,True,True,True,False,True,1.0
NORT_ARTIC_3,27713,9,21,2,2,1,34,0.579933586337761,True,True,False,True,False,True,1.0
NORT_ARTIC_3,29108,25,14,0,0,1,39,1.0,True,True,True,True,False,True,1.0
NORT_ARTIC_3,29119,22,10,2,2,1,36,0.5876750700280112,True,True,False,True,False,True,1.0
NORT_ARTIC_3,400,9,2,0,0,1,11,1.0,True,True,True,True,False,True,1.0
NORT_ARTIC_3,750,36,11,3,1,1,51,1.0,True,True,False,True,False,True,1.0
NORT_ARTIC_3,3150,7,35,1,3,1,46,0.547660630572663,True,True,False,True,False,True,1.0
NORT_ARTIC_3,3340,16,19,0,1,1,36,1.0,True,True,True,True,False,True,1.0
NORT_ARTIC_3,3517,20,16,1,2,1,39,0.586388007440639,True,True,False,True,False,True,1.0
NORT_ARTIC_3,3742,5,18,0,3,1,26,1.0,True,True,True,True,False,True,1.0
NORT_ARTIC_3,4443,89,28,3,3,1,123,0.16768531992952512,True,True,False,True,False,True,1.0
NORT_ARTIC_3,4733,69,30,3,1,1,103,1.0,True,True,False,True,False,True,1.0
NORT_ARTIC_3,7727,69,16,3,1,1,89,0.5786455419462276,True,True,False,True,False,True,1.0
NORT_ARTIC_3,7782,82,24,2,2,1,110,0.23666312442785048,True,True,False,True,False,True,1.0
NORT_ARTIC_3,7797,37,21,2,3,1,63,0.36029508111358804,True,True,False,True,False,True,1.0
NORT_ARTIC_3,7823,28,30,0,0,1,58,1.0,True,True,True,True,False,True,1.0
NORT_ARTIC_3,7983,66,58,2,2,1,128,1.0,True,True,False,True,False,True,1.0
NORT_ARTIC_3,9065,19,9,2,2,1,32,0.5931590656284762,True,True,False,True,False,True,1.0
NORT_ARTIC_3,9525,18,19,1,2,1,40,1.0,True,True,False,True,False,True,1.0
NORT_ARTIC_3,10833,21,12,0,0,1,33,1.0,True,True,True,True,False,True,1.0
NORT_ARTIC_3,12608,25,19,1,2,1,47,0.5790934320074006,True,True,False,True,False,True,1.0
NORT_ARTIC_3,14206,10,65,2,9,1,86,0.6476146300188481,True,True,False,True,False,True,1.0
NORT_ARTIC_3,14412,18,9,2,1,1,30,1.0,True,True,False,True,False,True,1.0
NORT_ARTIC_3,14525,7,25,2,2,1,36,0.25515660809778457,True,True,False,True,False,True,1.0
NORT_ARTIC_3,14935,81,18,2,2,1,103,0.16873752480902007,True,True,False,True,False,True,1.0
NORT_ARTIC_3,15990,1024,490,13,8,2,1535,0.6400144085220005,True,False,False,False,False,True,1.0
NORT_ARTIC_3,16173,19,30,0,0,1,49,1.0,True,True,True,True,False,True,1.0
NORT_ARTIC_3,18545,21,37,2,2,1,62,0.6231982002169062,True,True,False,True,False,True,1.0
NORT_ARTIC_3,18567,21,38,1,2,1,62,1.0,True,True,False,True,False,True,1.0
NORT_ARTIC_3,19799,13,50,2,2,1,67,0.21429782903663502,True,True,False,True,False,True,1.0
NORT_ARTIC_3,21595,11,13,0,0,1,24,1.0,True,True,True,True,False,True,1.0
NORT_ARTIC_3,25296,32,18,0,10,1,60,0.00017406033904359357,True,True,True,True,False,True,0.007223504070309133
NORT_ARTIC_3,25514,12,37,2,2,1,53,0.28217536071032184,True,True,False,True,False,True,1.0
NORT_ARTIC_3,28357,34,108,0,0,1,142,1.0,True,True,True,True,False,True,1.0
NORT_ARTIC_3,474,383,95,5,3,1,486,0.20535732555346153,True,True,False,True,False,True,1.0
NORT_ARTIC_3,2166,166,524,3,6,1,699,0.4576080119778243,True,True,False,True,False,True,1.0
NORT_ARTIC_3,2330,1085,523,10,6,1,1624,0.7892264206001911,True,False,False,False,False,True,1.0
NORT_ARTIC_3,2375,716,678,7,4,1,1405,0.549150085743369,True,False,False,False,False,True,1.0
NORT_ARTIC_3,2421,571,811,5,7,1,1394,1.0,True,False,False,True,False,True,1.0
NORT_ARTIC_3,2423,562,812,7,7,1,1388,0.5877254127473481,True,False,False,False,False,True,1.0
NORT_ARTIC_3,2684,401,356,3,6,1,766,0.3200695701882176,True,True,False,True,False,True,1.0
NORT_ARTIC_3,3076,403,1496,1,3,1,1903,1.0,True,False,False,True,False,True,1.0
NORT_ARTIC_3,3411,211,643,1,2,1,857,0.5741703931034469,True,True,False,True,False,True,1.0
NORT_ARTIC_3,3808,929,315,8,3,1,1255,1.0,True,False,False,True,False,True,1.0
NORT_ARTIC_3,4217,1313,970,9,7,1,2299,1.0,True,False,False,False,False,True,1.0
NORT_ARTIC_3,4322,1455,1438,5,10,1,2908,0.2071668208691062,True,False,False,False,False,True,1.0
NORT_ARTIC_3,4364,2273,1402,14,5,1,3694,0.34980239300245203,True,False,False,False,False,True,1.0
NORT_ARTIC_3,4924,538,923,8,7,1,1476,0.19162925773394218,True,False,False,False,False,True,1.0
NORT_ARTIC_3,5001,987,302,7,3,1,1299,0.7074483022962375,True,False,False,True,False,True,1.0
NORT_ARTIC_3,5487,425,1583,4,7,1,2019,0.2610297587154765,True,False,False,True,False,True,1.0
NORT_ARTIC_3,5738,653,590,7,3,1,1253,0.34883822384569013,True,False,False,True,False,True,1.0
NORT_ARTIC_3,5851,298,1096,3,7,1,1404,0.45464436733762686,True,False,False,True,False,True,1.0
NORT_ARTIC_3,5877,239,932,5,7,1,1183,0.08011452228056942,True,False,False,True,False,True,1.0
NORT_ARTIC_3,6206,2196,709,14,1,1,2920,0.1375342100537809,True,False,False,True,False,True,1.0
NORT_ARTIC_3,6265,2665,488,15,6,1,3174,0.12305052548604507,True,False,False,True,False,True,1.0
NORT_ARTIC_3,6331,2065,907,18,5,1,2995,0.49602454892469544,True,False,False,False,False,True,1.0
NORT_ARTIC_3,6424,412,2595,2,18,1,3027,1.0,True,False,False,True,False,True,1.0
NORT_ARTIC_3,6447,230,2414,3,17,1,2664,0.41137065880703033,True,False,False,True,False,True,1.0
NORT_ARTIC_3,6685,593,607,4,6,1,1210,0.7531008182313115,True,False,False,True,False,True,1.0
NORT_ARTIC_3,6814,1058,1265,7,8,1,2338,1.0,True,False,False,False,False,True,1.0
NORT_ARTIC_3,7378,1039,887,10,4,1,1940,0.28207389168681973,True,False,False,False,False,True,1.0
NORT_ARTIC_3,7467,1247,487,5,5,1,1744,0.15665199183487577,True,False,False,True,False,True,1.0
NORT_ARTIC_3,7672,825,434,10,1,1,1270,0.1099659339940588,True,False,False,True,False,True,1.0
NORT_ARTIC_3,7928,122,872,5,7,1,1006,0.011258730026351109,True,False,False,True,False,True,0.289632475941044
NORT_ARTIC_3,8054,1280,317,7,3,1,1607,0.4271672145724176,True,False,False,True,False,True,1.0
NORT_ARTIC_3,8093,1280,417,11,3,1,1711,1.0,True,False,False,True,False,True,1.0
NORT_ARTIC_3,8282,841,1014,8,5,1,1868,0.2736560607283164,True,False,False,False,False,True,1.0
NORT_ARTIC_3,8755,746,225,9,3,1,983,1.0,True,True,False,True,False,True,1.0
NORT_ARTIC_3,8904,337,834,3,8,1,1182,1.0,True,False,False,True,False,True,1.0
NORT_ARTIC_3,9241,1179,621,6,6,1,1812,0.36057128700241836,True,False,False,True,False,True,1.0
NORT_ARTIC_3,9357,1775,465,11,4,1,2255,0.5304452841276917,True,False,False,True,False,True,1.0
NORT_ARTIC_3,9483,533,1709,1,13,1,2256,0.20998778966892062,True,False,False,True,False,True,1.0
NORT_ARTIC_3,9647,799,645,9,5,1,1458,0.595605316023397,True,False,False,False,False,True,1.0
NORT_ARTIC_3,9932,867,290,4,4,1,1165,0.11636125426708427,True,False,False,True,False,True,1.0
NORT_ARTIC_3,10095,426,787,7,8,1,1228,0.4167371104834916,True,False,False,False,False,True,1.0
NORT_ARTIC_3,10307,243,787,4,5,1,1039,0.22858656086798793,True,False,False,True,False,True,1.0
NORT_ARTIC_3,10673,185,774,3,6,1,968,0.387949371225492,True,True,False,True,False,True,1.0
NORT_ARTIC_3,11140,3266,772,24,6,2,4068,0.8186740373004492,True,False,False,False,False,True,1.0
NORT_ARTIC_3,11281,461,2124,4,9,1,2598,0.26708154586934185,True,False,False,True,False,True,1.0
NORT_ARTIC_3,12103,152,611,3,8,1,774,0.46752929571721413,True,True,False,True,False,True,1.0
NORT_ARTIC_3,12766,724,1234,5,7,1,1970,0.7691794391822856,True,False,False,True,False,True,1.0
NORT_ARTIC_3,13065,1515,1026,8,7,1,2556,0.6099084137916444,True,False,False,False,False,True,1.0
NORT_ARTIC_3,13073,1488,610,8,4,1,2110,0.753999293601401,True,False,False,True,False,True,1.0
NORT_ARTIC_3,13208,1320,786,10,4,1,2120,0.5892503659548928,True,False,False,False,False,True,1.0
NORT_ARTIC_3,13292,748,2170,4,16,1,2938,0.79736981779265,True,False,False,False,False,True,1.0
NORT_ARTIC_3,13630,722,1121,6,7,1,1856,0.776794406190489,True,False,False,False,False,True,1.0
NORT_ARTIC_3,14787,313,1044,3,9,1,1369,1.0,True,False,False,True,False,True,1.0
NORT_ARTIC_3,15611,865,208,8,2,1,1083,1.0,True,False,False,True,False,True,1.0
NORT_ARTIC_3,15902,1196,181,9,3,1,1389,0.2049943992616395,True,False,False,True,False,True,1.0
NORT_ARTIC_3,16010,587,611,7,6,1,1211,0.7859116702164266,True,False,False,False,False,True,1.0
NORT_ARTIC_3,16145,677,1079,5,12,1,1773,0.6176690891900871,True,False,False,False,False,True,1.0
NORT_ARTIC_3,16166,984,947,6,5,1,1942,1.0,True,False,False,False,False,True,1.0
NORT_ARTIC_3,16456,973,1109,7,13,2,2102,0.37010862753325935,True,False,False,False,False,True,1.0
NORT_ARTIC_3,16545,1221,242,7,4,1,1474,0.09517957794658162,True,False,False,True,False,True,1.0
NORT_ARTIC_3,17146,1564,308,9,5,1,1886,0.06719505331937178,True,False,False,True,False,True,0.9123180233083841
NORT_ARTIC_3,17712,332,551,5,6,1,894,0.755694194379245,True,True,False,True,False,True,1.0
NORT_ARTIC_3,18032,846,421,1,1,1,1269,0.5546792849631966,True,False,False,True,False,True,1.0
NORT_ARTIC_3,18226,285,848,4,6,1,1143,0.2835430459455,True,False,False,True,False,True,1.0
NORT_ARTIC_3,18260,195,795,2,8,1,1000,1.0,True,False,False,True,False,True,1.0
NORT_ARTIC_3,18667,603,98,6,3,1,710,0.12345465645194131,True,True,False,True,False,True,1.0
NORT_ARTIC_3,19244,211,741,2,6,1,960,1.0,True,True,False,True,False,True,1.0
NORT_ARTIC_3,19513,54,159,2,4,1,219,0.6470456387104496,True,True,False,True,False,True,1.0
NORT_ARTIC_3,19619,5754,2066,34,10,3,7864,0.7317039161797914,True,False,False,False,False,True,1.0
NORT_ARTIC_3,20533,1746,317,7,3,1,2073,0.1908707656072204,True,False,False,True,False,True,1.0
NORT_ARTIC_3,20619,2315,565,10,4,1,2894,0.4957818208980727,True,False,False,True,False,True,1.0
NORT_ARTIC_3,21259,396,268,6,3,1,673,0.7464456240467647,True,True,False,True,False,True,1.0
NORT_ARTIC_3,21552,731,466,20,4,1,1221,0.03241146876690582,True,False,False,False,False,True,0.648082050480085
NORT_ARTIC_3,21657,271,954,3,7,1,1235,0.4693578489858359,True,False,False,True,False,True,1.0
NORT_ARTIC_3,21674,221,905,1,9,1,1136,0.6968519552907069,True,False,False,True,False,True,1.0
NORT_ARTIC_3,21681,190,808,1,9,1,1008,0.6975245158025135,True,False,False,True,False,True,1.0
NORT_ARTIC_3,23693,198,736,5,6,1,945,0.06498025048065517,True,True,False,True,False,True,0.8933168320153324
NORT_ARTIC_3,25054,1253,671,9,6,1,1939,0.7866721793503358,True,False,False,False,False,True,1.0
NORT_ARTIC_3,25208,320,451,0,18,1,789,0.0001009183308607911,True,True,True,False,False,True,0.0044393973745662
NORT_ARTIC_3,26248,278,736,2,6,1,1022,1.0,True,False,False,True,False,True,1.0
NORT_ARTIC_3,27266,1229,301,7,5,1,1542,0.06973370775571862,True,False,False,True,False,True,0.9352395744433116
NORT_ARTIC_3,28007,151,721,4,4,1,880,0.03624220681136257,True,True,False,True,False,True,0.6882797514308041
NORT_ARTIC_3,29354,430,241,5,3,1,679,1.0,True,True,False,True,False,True,1.0
NORT_ARTIC_3,29399,548,109,0,0,1,657,1.0,True,True,True,True,False,True,1.0
NORT_ARTIC_3,29626,784,934,5,8,1,1731,0.7816713439736597,True,False,False,False,False,True,1.0
NORT_ARTIC_3,29644,746,839,4,7,1,1596,0.5555776291652861,True,False,False,False,False,True,1.0
NORT_ARTIC_3,2240,21,1,2,2,1,26,0.052307692307692305,True,True,False,True,False,True,0.8188666849165069
NORT_ARTIC_3,6312,21,3,0,0,1,24,1.0,True,True,True,True,False,True,1.0
NORT_ARTIC_3,6624,16,4,2,2,1,24,0.251270468661773,True,True,False,True,False,True,1.0
NORT_ARTIC_3,6715,2,16,2,2,1,22,0.13547505126452494,True,True,False,True,False,True,1.0
NORT_ARTIC_3,7765,66,22,2,0,1,90,1.0,True,True,True,True,False,True,1.0
NORT_ARTIC_3,11964,39,10,2,2,1,53,0.21731409544950056,True,True,False,True,False,True,1.0
NORT_ARTIC_3,12323,3,7,2,1,1,13,0.5104895104895105,True,True,False,True,False,True,1.0
NORT_ARTIC_3,12797,14,2,0,0,1,16,1.0,True,True,True,True,False,True,1.0
NORT_ARTIC_3,12973,6,16,0,0,1,22,1.0,True,True,True,True,False,True,1.0
NORT_ARTIC_3,13329,7,47,0,1,1,55,1.0,True,True,True,True,False,True,1.0
NORT_ARTIC_3,14896,22,13,1,4,1,40,0.14373229504808455,True,True,False,True,False,True,1.0
NORT_ARTIC_3,14951,34,8,2,1,1,45,0.4968287526427062,True,True,False,True,False,True,1.0
NORT_ARTIC_3,15411,8,36,3,4,1,51,0.16168347079812498,True,True,False,True,False,True,1.0
NORT_ARTIC_3,16282,18,6,3,0,1,27,1.0,True,True,True,True,False,True,1.0
NORT_ARTIC_3,16651,8,13,2,2,1,25,1.0,True,True,False,True,False,True,1.0
NORT_ARTIC_3,16739,11,42,2,2,1,57,0.22046783625730995,True,True,False,True,False,True,1.0
NORT_ARTIC_3,16798,83,44,3,2,1,132,1.0,True,True,False,True,False,True,1.0
NORT_ARTIC_3,17231,59,35,5,0,1,99,0.1579933902234499,True,True,True,True,False,True,1.0
NORT_ARTIC_3,17461,37,6,2,1,1,46,0.397957839262187,True,True,False,True,False,True,1.0
NORT_ARTIC_3,18831,11,33,1,2,1,47,1.0,True,True,False,True,False,True,1.0
NORT_ARTIC_3,20274,13,5,0,0,1,18,1.0,True,True,True,True,False,True,1.0
NORT_ARTIC_3,23589,38,14,0,0,1,52,1.0,True,True,True,True,False,True,1.0
NORT_ARTIC_3,24666,4,11,1,2,1,18,1.0,True,True,False,True,False,True,1.0
NORT_ARTIC_3,25987,21,8,2,1,1,32,1.0,True,True,False,True,False,True,1.0
NORT_ARTIC_3,27907,96,35,0,0,1,131,1.0,True,True,True,True,False,True,1.0
NORT_ARTIC_3,28340,1394,2624,7,16,2,4041,0.8270041270773736,True,False,False,False,False,True,1.0
NORT_ARTIC_3,28675,14,60,1,3,1,78,1.0,True,True,False,True,False,True,1.0
NORT_ARTIC_3,29648,47,39,3,2,1,91,1.0,True,True,False,True,False,True,1.0
NORT_ARTIC_3,1726,452,135,4,3,1,594,0.20679868543296348,True,True,False,True,False,True,1.0
NORT_ARTIC_3,2149,13,75,2,2,1,92,0.12298172434957974,True,True,False,True,False,True,1.0
NORT_ARTIC_3,3891,710,90,7,2,1,809,0.27278144010595146,True,True,False,True,False,True,1.0
NORT_ARTIC_3,5331,568,93,5,3,1,669,0.09337770864747531,True,True,False,True,False,True,1.0
NORT_ARTIC_3,5347,593,105,6,2,1,706,0.34788661397973564,True,True,False,True,False,True,1.0
NORT_ARTIC_3,7585,96,653,2,6,1,757,0.2775343603357745,True,True,False,True,False,True,1.0
NORT_ARTIC_3,7734,868,156,6,3,1,1033,0.14851850554588622,True,False,False,True,False,True,1.0
NORT_ARTIC_3,8124,195,265,4,2,1,466,0.4091144251294361,True,True,False,True,False,True,1.0
NORT_ARTIC_3,11015,686,550,6,5,1,1247,1.0,True,False,False,True,False,True,1.0
NORT_ARTIC_3,11164,710,289,8,4,1,1011,0.7526736975778995,True,False,False,True,False,True,1.0
NORT_ARTIC_3,12291,3185,3304,17,19,2,6525,0.8683951900629192,True,False,False,False,False,True,1.0
NORT_ARTIC_3,12346,149,639,3,8,1,799,0.4465645234099852,True,True,False,True,False,True,1.0
NORT_ARTIC_3,12535,1028,178,6,4,1,1216,0.04889287250790422,True,False,False,True,False,True,0.8059187970588728
NORT_ARTIC_3,14249,379,664,5,3,1,1051,0.14978655912394634,True,False,False,True,False,True,1.0
NORT_ARTIC_3,14683,879,204,8,3,1,1094,0.44501085729519557,True,False,False,True,False,True,1.0
NORT_ARTIC_3,15533,609,560,5,6,1,1180,0.7661162529297902,True,False,False,False,False,True,1.0
NORT_ARTIC_3,17633,85,431,1,7,1,524,1.0,True,True,False,True,False,True,1.0
NORT_ARTIC_3,18741,662,127,8,0,1,797,0.36817891733383923,True,True,True,True,False,True,1.0
NORT_ARTIC_3,18913,340,664,3,7,1,1014,1.0,True,False,False,True,False,True,1.0
NORT_ARTIC_3,19344,39,10,3,1,1,53,1.0,True,True,False,True,False,True,1.0
NORT_ARTIC_3,19717,568,174,6,2,1,750,1.0,True,True,False,True,False,True,1.0
NORT_ARTIC_3,19725,558,192,7,2,1,759,1.0,True,True,False,True,False,True,1.0
NORT_ARTIC_3,19806,197,733,0,0,1,930,1.0,True,True,True,True,False,True,1.0
NORT_ARTIC_3,23436,143,712,4,5,1,864,0.050415214980345076,True,True,False,True,False,True,0.8060419536496433
NORT_ARTIC_3,24207,369,90,7,1,1,467,1.0,True,True,False,True,False,True,1.0
NORT_ARTIC_3,26935,194,24,3,3,1,224,0.024546824508792836,True,True,False,True,False,True,0.5683235842851562
NORT_ARTIC_3,27506,242,1052,0,0,1,1294,1.0,True,False,True,True,False,True,1.0
NORT_ARTIC_3,28002,128,840,3,10,1,981,0.3990568186046488,True,True,False,True,False,True,1.0
NORT_ARTIC_3,28015,603,3013,4,21,2,3641,1.0,True,False,False,True,False,True,1.0
NORT_ARTIC_3,28067,118,812,3,5,1,938,0.07201600613617662,True,True,False,True,False,True,0.9525092501774175
NORT_ARTIC_3,28098,321,765,3,4,1,1093,0.4292651744909186,True,False,False,True,False,True,1.0
NORT_ARTIC_3,730,697,156,9,1,1,863,0.6993852923993022,True,True,False,True,False,True,1.0
NORT_ARTIC_3,1227,157,455,4,5,1,621,0.24775277546523283,True,True,False,True,False,True,1.0
NORT_ARTIC_3,1626,3599,1517,24,11,2,5151,0.8531139592884893,True,False,False,False,False,True,1.0
NORT_ARTIC_3,1631,839,254,8,2,1,1103,1.0,True,False,False,True,False,True,1.0
NORT_ARTIC_3,1705,1075,345,9,2,1,1431,1.0,True,False,False,True,False,True,1.0
NORT_ARTIC_3,2213,223,95,6,2,1,326,1.0,True,True,False,True,False,True,1.0
NORT_ARTIC_3,2301,516,152,12,3,1,683,1.0,True,True,False,True,False,True,1.0
NORT_ARTIC_3,2607,185,45,0,0,1,230,1.0,True,True,True,True,False,True,1.0
NORT_ARTIC_3,3239,962,262,9,3,1,1236,0.7274575010578618,True,False,False,True,False,True,1.0
NORT_ARTIC_3,3559,276,70,4,4,1,354,0.06275833698304793,True,True,False,True,False,True,0.8853408725665777
NORT_ARTIC_3,3916,796,196,11,1,1,1004,0.4784345535630961,True,False,False,True,False,True,1.0
NORT_ARTIC_3,4456,1333,579,18,9,1,1939,0.833189877927244,True,False,False,False,False,True,1.0
NORT_ARTIC_3,4606,284,1137,5,8,1,1434,0.15371371521912655,True,False,False,True,False,True,1.0
NORT_ARTIC_3,4734,682,268,6,3,1,959,0.7178756705875886,True,True,False,True,False,True,1.0
NORT_ARTIC_3,4741,687,290,7,3,1,987,1.0,True,True,False,True,False,True,1.0
NORT_ARTIC_3,4771,734,331,6,6,1,1077,0.20857083094662388,True,False,False,True,False,True,1.0
NORT_ARTIC_3,4921,275,672,2,8,1,957,0.7324653066050757,True,True,False,True,False,True,1.0
NORT_ARTIC_3,4939,258,619,3,6,1,886,0.7275838722983325,True,True,False,True,False,True,1.0
NORT_ARTIC_3,5388,1006,271,10,2,1,1289,1.0,True,False,False,True,False,True,1.0
NORT_ARTIC_3,5495,334,1016,4,8,1,1362,0.5058523468380777,True,False,False,True,False,True,1.0
NORT_ARTIC_3,5664,1384,402,9,3,1,1798,0.7385855651881428,True,False,False,True,False,True,1.0
NORT_ARTIC_3,5826,418,1368,6,14,1,1806,0.4387313602979763,True,False,False,True,False,True,1.0
NORT_ARTIC_3,5865,346,1218,3,9,1,1576,0.734550080325937,True,False,False,True,False,True,1.0
NORT_ARTIC_3,6009,543,170,6,3,1,722,0.45370515469450673,True,True,False,True,False,True,1.0
NORT_ARTIC_3,6253,1793,522,12,5,1,2332,0.5591533063710127,True,False,False,True,False,True,1.0
NORT_ARTIC_3,6352,675,1112,8,10,1,1805,0.6277224055923645,True,False,False,False,False,True,1.0
NORT_ARTIC_3,6383,410,1387,5,9,1,1811,0.3333370694674296,True,False,False,True,False,True,1.0
NORT_ARTIC_3,6437,198,1608,1,18,1,1825,0.7129537875285716,True,False,False,True,False,True,1.0
NORT_ARTIC_3,6478,236,1352,3,8,1,1599,0.21909467660939672,True,False,False,True,False,True,1.0
NORT_ARTIC_3,6573,575,169,1,0,1,745,1.0,True,True,True,True,False,True,1.0
NORT_ARTIC_3,6726,236,596,2,12,1,846,0.37096661639113127,True,True,False,True,False,True,1.0
NORT_ARTIC_3,6992,98,321,2,5,1,426,0.6689002541554523,True,True,False,True,False,True,1.0
NORT_ARTIC_3,7082,92,175,1,6,1,274,0.42882709009062014,True,True,False,True,False,True,1.0
NORT_ARTIC_3,7885,332,1107,3,8,1,1450,0.7232834974562478,True,False,False,True,False,True,1.0
NORT_ARTIC_3,8031,971,199,6,4,1,1180,0.0760692119596756,True,False,False,True,False,True,0.9801518649648834
NORT_ARTIC_3,8062,1001,291,6,4,1,1302,0.24721215937537594,True,False,False,True,False,True,1.0
NORT_ARTIC_3,8407,812,253,7,3,1,1075,0.7092500925003412,True,False,False,True,False,True,1.0
NORT_ARTIC_3,8409,812,255,10,4,1,1081,0.7525350337631337,True,False,False,True,False,True,1.0
NORT_ARTIC_3,8957,619,209,7,6,1,841,0.10722658816487662,True,True,False,True,False,True,1.0
NORT_ARTIC_3,10138,808,403,2,0,1,1213,1.0,True,False,True,True,False,True,1.0
NORT_ARTIC_3,10760,818,268,9,3,1,1098,1.0,True,False,False,True,False,True,1.0
NORT_ARTIC_3,10859,329,314,5,3,1,651,0.7256247483122427,True,True,False,True,False,True,1.0
NORT_ARTIC_3,10968,276,864,5,7,1,1152,0.1784672184575583,True,False,False,True,False,True,1.0
NORT_ARTIC_3,11016,733,835,5,6,1,1579,1.0,True,False,False,False,False,True,1.0
NORT_ARTIC_3,11713,1008,421,9,2,1,1440,0.5241270200805128,True,False,False,True,False,True,1.0
NORT_ARTIC_3,11818,247,936,2,8,1,1193,1.0,True,False,False,True,False,True,1.0
NORT_ARTIC_3,11957,829,194,10,0,1,1033,0.22301977490605376,True,False,True,True,False,True,1.0
NORT_ARTIC_3,12125,476,801,3,10,1,1290,0.39274329261046254,True,False,False,True,False,True,1.0
NORT_ARTIC_3,12459,1274,536,10,7,1,1827,0.2960271654109148,True,False,False,False,False,True,1.0
NORT_ARTIC_3,12708,390,1486,4,9,1,1889,0.4895163316490086,True,False,False,True,False,True,1.0
NORT_ARTIC_3,12809,605,249,9,1,1,864,0.2963378518560257,True,True,False,True,False,True,1.0
NORT_ARTIC_3,13155,1366,491,12,4,1,1873,1.0,True,False,False,True,False,True,1.0
NORT_ARTIC_3,13751,1479,478,13,5,1,1975,0.7833130279908767,True,False,False,True,False,True,1.0
NORT_ARTIC_3,13855,611,1540,7,6,1,2164,0.06064960104826521,True,False,False,True,False,True,0.8796899275424369
NORT_ARTIC_3,13910,334,1310,3,11,1,1658,1.0,True,False,False,True,False,True,1.0
NORT_ARTIC_3,13941,654,1206,5,20,1,1885,0.14052398191184523,True,False,False,False,False,True,1.0
NORT_ARTIC_3,14057,1343,473,13,6,1,1835,0.6017118195452134,True,False,False,True,False,True,1.0
NORT_ARTIC_3,14468,171,672,4,10,1,857,0.5009137229302165,True,True,False,True,False,True,1.0
NORT_ARTIC_3,14489,160,658,2,7,1,827,0.6913998103680336,True,True,False,True,False,True,1.0
NORT_ARTIC_3,14501,158,647,3,5,1,813,0.19793271472259757,True,True,False,True,False,True,1.0
NORT_ARTIC_3,14603,979,182,11,2,1,1174,1.0,True,False,False,True,False,True,1.0
NORT_ARTIC_3,14723,696,371,5,7,1,1079,0.12525314633448867,True,False,False,True,False,True,1.0
NORT_ARTIC_3,14778,529,1363,6,15,1,1913,1.0,True,False,False,False,False,True,1.0
NORT_ARTIC_3,14950,801,243,12,4,1,1060,0.7736427470965854,True,False,False,True,False,True,1.0
NORT_ARTIC_3,15210,1136,623,9,6,1,1774,0.7880185458753826,True,False,False,False,False,True,1.0
NORT_ARTIC_3,15371,509,724,5,8,1,1246,1.0,True,False,False,False,False,True,1.0
NORT_ARTIC_3,15422,410,1354,5,10,1,1779,0.3615650907488105,True,False,False,True,False,True,1.0
NORT_ARTIC_3,15596,1006,305,12,4,1,1327,0.7737254219572397,True,False,False,True,False,True,1.0
NORT_ARTIC_3,15663,455,405,6,5,1,871,1.0,True,True,False,False,False,True,1.0
NORT_ARTIC_3,15800,179,886,3,9,1,1077,0.43770585647289345,True,False,False,True,False,True,1.0
NORT_ARTIC_3,16019,580,745,5,10,1,1340,0.6021048676970514,True,False,False,False,False,True,1.0
NORT_ARTIC_3,16064,455,1344,6,11,1,1816,0.3996893114892557,True,False,False,True,False,True,1.0
NORT_ARTIC_3,16115,286,1183,5,8,1,1482,0.1495953459305453,True,False,False,True,False,True,1.0
NORT_ARTIC_3,16552,1132,336,8,2,1,1478,1.0,True,False,False,True,False,True,1.0
NORT_ARTIC_3,16807,5161,1918,27,14,2,7120,0.2962157478954838,True,False,False,False,False,True,1.0
NORT_ARTIC_3,16873,1886,689,16,6,1,2597,1.0,True,False,False,False,False,True,1.0
NORT_ARTIC_3,16893,1912,719,20,10,1,2661,0.5364557056521014,True,False,False,False,False,True,1.0
NORT_ARTIC_3,16953,3139,5679,21,29,2,8868,0.3751208819097071,True,False,False,False,False,True,1.0
NORT_ARTIC_3,16967,567,814,6,6,1,1393,0.5656714109241373,True,False,False,True,False,True,1.0
NORT_ARTIC_3,17114,2555,1760,23,3,1,4341,0.0020624616402578856,True,False,False,False,False,True,0.06545774078256726
NORT_ARTIC_3,17165,2807,832,13,6,1,3658,0.4099505823434772,True,False,False,True,False,True,1.0
NORT_ARTIC_3,17316,963,2946,7,14,1,3930,0.444792577912979,True,False,False,False,False,True,1.0
NORT_ARTIC_3,17340,800,2881,7,12,1,3700,0.1573314353557886,True,False,False,True,False,True,1.0
NORT_ARTIC_3,17573,302,397,0,2,1,701,0.5088730385164051,True,True,True,True,False,True,1.0
NORT_ARTIC_3,18010,771,342,6,4,1,1123,0.5078022717981209,True,False,False,True,False,True,1.0
NORT_ARTIC_3,18647,736,680,1,4,1,1421,0.2019035755389302,True,False,False,True,False,True,1.0
NORT_ARTIC_3,18691,796,202,6,4,1,1008,0.12763447756465993,True,False,False,True,False,True,1.0
NORT_ARTIC_3,18971,976,599,7,7,1,1589,0.4116797855051939,True,False,False,False,False,True,1.0
NORT_ARTIC_3,19055,940,483,7,3,1,1433,1.0,True,False,False,True,False,True,1.0
NORT_ARTIC_3,19668,1160,328,8,5,1,1501,0.17778857155310904,True,False,False,True,False,True,1.0
NORT_ARTIC_3,19673,1177,336,9,3,1,1525,0.7354000509023831,True,False,False,True,False,True,1.0
NORT_ARTIC_3,19720,1042,403,9,4,1,1458,0.7635331857430033,True,False,False,True,False,True,1.0
NORT_ARTIC_3,19894,655,1035,10,3,1,1703,0.0077588623514894236,True,False,False,False,False,True,0.22020151925291595
NORT_ARTIC_3,20192,4671,4163,26,21,2,8881,0.7712959187099837,True,False,False,False,False,True,1.0
NORT_ARTIC_3,20367,1326,4149,12,28,3,5515,0.4580781234615888,True,False,False,False,False,True,1.0
NORT_ARTIC_3,20630,886,372,10,5,1,1273,0.7783224447499029,True,False,False,True,False,True,1.0
NORT_ARTIC_3,21107,570,930,5,7,1,1512,0.7740440670288454,True,False,False,True,False,True,1.0
NORT_ARTIC_3,21115,611,911,5,9,1,1536,0.7921213376135723,True,False,False,False,False,True,1.0
NORT_ARTIC_3,22017,120,32,5,3,1,160,0.3740264965729285,True,True,False,True,False,True,1.0
NORT_ARTIC_3,22573,1009,316,11,4,1,1340,0.7645191470163164,True,False,False,True,False,True,1.0
NORT_ARTIC_3,22702,628,508,7,6,1,1149,1.0,True,False,False,False,False,True,1.0
NORT_ARTIC_3,23202,932,182,8,3,1,1125,0.402883060081545,True,False,False,True,False,True,1.0
NORT_ARTIC_3,23248,1078,287,4,1,1,1370,1.0,True,False,False,True,False,True,1.0
NORT_ARTIC_3,23389,375,1173,7,8,1,1563,0.06445856410759074,True,False,False,True,False,True,0.8933168320153324
NORT_ARTIC_3,23452,512,1133,3,10,1,1658,0.7650090634036926,True,False,False,True,False,True,1.0
NORT_ARTIC_3,23524,626,166,5,5,1,802,0.041316631367626665,True,True,False,True,False,True,0.7388287048219094
NORT_ARTIC_3,23563,654,213,9,4,1,880,0.5347438630704402,True,True,False,True,False,True,1.0
NORT_ARTIC_3,23600,462,227,4,5,1,698,0.16757946906053292,True,True,False,True,False,True,1.0
NORT_ARTIC_3,23606,349,216,7,4,1,576,1.0,True,True,False,True,False,True,1.0
NORT_ARTIC_3,23736,141,579,1,9,1,730,0.6961709697377871,True,True,False,True,False,True,1.0
NORT_ARTIC_3,24118,566,546,11,3,1,1126,0.05691021548184191,True,False,False,False,False,True,0.8514139489758327
NORT_ARTIC_3,24297,303,492,4,6,1,805,1.0,True,True,False,True,False,True,1.0
NORT_ARTIC_3,24739,1056,396,16,2,1,1470,0.18104531742680635,True,False,False,True,False,True,1.0
NORT_ARTIC_3,24856,594,459,5,6,1,1064,0.5477417176512365,True,False,False,True,False,True,1.0
NORT_ARTIC_3,25003,1067,1005,10,6,1,2088,0.456418558189048,True,False,False,False,False,True,1.0
NORT_ARTIC_3,25586,147,759,0,9,1,915,0.36867630250054684,True,True,True,True,False,True,1.0
NORT_ARTIC_3,26197,186,570,0,0,1,756,1.0,True,True,True,True,False,True,1.0
NORT_ARTIC_3,26587,593,150,6,4,1,753,0.12754776144150812,True,True,False,True,False,True,1.0
NORT_ARTIC_3,26649,714,216,6,4,1,940,0.25555470905162403,True,True,False,True,False,True,1.0
NORT_ARTIC_3,27175,1215,614,19,3,1,1851,0.06614393448327809,True,False,False,False,False,True,0.9008271448666882
NORT_ARTIC_3,27495,495,1263,4,10,1,1772,1.0,True,False,False,True,False,True,1.0
NORT_ARTIC_3,27863,2239,530,10,4,1,2783,0.3241494406443346,True,False,False,True,False,True,1.0
NORT_ARTIC_3,27898,2306,939,16,6,1,3267,1.0,True,False,False,False,False,True,1.0
NORT_ARTIC_3,27939,2314,1053,11,9,1,3387,0.22606716370649457,True,False,False,False,False,True,1.0
NORT_ARTIC_3,27940,2242,1054,26,13,1,3335,0.8637627879104322,True,False,False,False,False,True,1.0
NORT_ARTIC_3,27950,1764,1135,11,6,1,2916,0.8086954405809619,True,False,False,False,False,True,1.0
NORT_ARTIC_3,28050,530,1891,5,10,1,2436,0.3436025290264792,True,False,False,True,False,True,1.0
NORT_ARTIC_3,28061,527,1875,3,17,1,2422,0.5932984442108694,True,False,False,True,False,True,1.0
NORT_ARTIC_3,28149,1631,855,11,7,1,2504,0.8039789183430213,True,False,False,False,False,True,1.0
NORT_ARTIC_3,28211,1677,567,14,6,1,2264,0.6099146194649373,True,False,False,False,False,True,1.0
NORT_ARTIC_3,28342,1383,2583,9,19,1,3994,0.844379885689851,True,False,False,False,False,True,1.0
NORT_ARTIC_3,28689,595,1598,5,11,1,2209,0.7783556490661995,True,False,False,True,False,True,1.0
NORT_ARTIC_3,28691,647,1605,4,10,1,2266,1.0,True,False,False,True,False,True,1.0
NORT_ARTIC_3,28776,415,117,9,1,1,542,0.6982591371410267,True,True,False,True,False,True,1.0
NORT_ARTIC_3,29139,1653,421,13,3,1,2090,1.0,True,False,False,True,False,True,1.0
NORT_ARTIC_3,29181,727,372,5,4,1,1108,0.49798903980674025,True,False,False,True,False,True,1.0
NORT_ARTIC_3,29241,545,1725,6,11,1,2287,0.26519964851737227,True,False,False,True,False,True,1.0
NORT_ARTIC_3,29302,480,1628,3,11,1,2122,1.0,True,False,False,True,False,True,1.0
NORT_ARTIC_3,742,63,17,3,1,1,84,1.0,True,True,False,True,False,True,1.0
NORT_ARTIC_3,3073,39,126,4,11,1,180,0.7578043654053781,True,True,False,True,False,True,1.0
NORT_ARTIC_3,4226,27,55,3,8,1,93,1.0,True,True,False,True,False,True,1.0
NORT_ARTIC_3,5730,104,69,11,10,1,194,0.4924645458664283,True,True,False,False,False,True,1.0
NORT_ARTIC_3,5921,73,131,2,6,1,212,0.715085275260281,True,True,False,True,False,True,1.0
NORT_ARTIC_3,6663,59,47,7,1,1,114,0.13570670449882855,True,True,False,True,False,True,1.0
NORT_ARTIC_3,6994,11,18,2,2,1,33,1.0,True,True,False,True,False,True,1.0
NORT_ARTIC_3,10157,153,105,17,4,1,279,0.06260425303379108,True,True,False,False,False,True,0.8853408725665777
NORT_ARTIC_3,11091,108,101,5,3,1,217,0.723357215671853,True,True,False,True,False,True,1.0
NORT_ARTIC_3,11230,32,43,17,13,1,105,0.2036486159248992,True,True,False,False,False,True,1.0
NORT_ARTIC_3,11325,117,102,6,12,1,237,0.1403075300139952,True,True,False,False,False,True,1.0
NORT_ARTIC_3,14386,73,71,3,2,1,149,1.0,True,True,False,True,False,True,1.0
NORT_ARTIC_3,14514,44,42,2,2,1,90,1.0,True,True,False,True,False,True,1.0
NORT_ARTIC_3,14555,32,34,2,2,1,70,1.0,True,True,False,True,False,True,1.0
NORT_ARTIC_3,16279,125,71,4,3,1,203,0.7071805771244236,True,True,False,True,False,True,1.0
NORT_ARTIC_3,17738,210,77,15,2,1,304,0.25512654734045076,True,True,False,True,False,True,1.0
NORT_ARTIC_3,17985,35,120,2,9,1,166,1.0,True,True,False,True,False,True,1.0
NORT_ARTIC_3,18646,57,22,6,3,1,88,0.709493136172561,True,True,False,True,False,True,1.0
NORT_ARTIC_3,20344,75,231,4,10,1,320,0.7533426929402685,True,True,False,True,False,True,1.0
NORT_ARTIC_3,20378,66,212,3,12,1,293,1.0,True,True,False,True,False,True,1.0
NORT_ARTIC_3,20794,145,52,3,3,1,203,0.34713058420519916,True,True,False,True,False,True,1.0
NORT_ARTIC_3,23219,24,69,6,8,1,107,0.20931461536741106,True,True,False,True,False,True,1.0
NORT_ARTIC_3,23220,24,68,6,8,1,106,0.21286758492872526,True,True,False,True,False,True,1.0
NORT_ARTIC_3,23903,199,106,11,2,1,318,0.23164406310441715,True,True,False,True,False,True,1.0
NORT_ARTIC_3,24581,121,58,9,3,1,191,0.7549266338480094,True,True,False,True,False,True,1.0
NORT_ARTIC_3,24794,110,106,17,8,1,241,0.13853252679184938,True,True,False,False,False,True,1.0
NORT_ARTIC_3,25908,72,147,5,8,1,232,0.7636864904139096,True,True,False,True,False,True,1.0
NORT_ARTIC_3,26296,190,252,3,9,1,454,0.25106518478401774,True,True,False,False,False,True,1.0
NORT_ARTIC_3,27247,226,106,11,6,1,349,0.7928407772618629,True,True,False,False,False,True,1.0
NORT_ARTIC_3,27466,158,264,3,4,1,429,1.0,True,True,False,True,False,True,1.0
NORT_ARTIC_3,27851,223,84,5,3,1,315,0.6892509097848452,True,True,False,True,False,True,1.0
NORT_ARTIC_3,28026,272,203,4,3,1,482,1.0,True,True,False,True,False,True,1.0
NORT_ARTIC_3,29440,57,168,5,17,1,247,1.0,True,True,False,False,False,True,1.0
NORT_ARTIC_3,675,6,15,8,0,1,29,0.0006996501749125438,True,True,True,True,False,True,0.025863538818825884
NORT_ARTIC_3,7170,15,2,2,2,1,21,0.14786967418546368,True,True,False,True,False,True,1.0
NORT_ARTIC_3,7250,12,5,1,2,1,20,0.27017543859649124,True,True,False,True,False,True,1.0
NORT_ARTIC_3,7434,38,19,2,2,1,61,0.6024182962700366,True,True,False,True,False,True,1.0
NORT_ARTIC_3,7449,39,16,2,2,1,59,0.5784024643725035,True,True,False,True,False,True,1.0
NORT_ARTIC_3,7990,10,26,2,2,1,40,0.5698435277382647,True,True,False,True,False,True,1.0
NORT_ARTIC_3,8673,28,56,3,6,1,93,1.0,True,True,False,True,False,True,1.0
NORT_ARTIC_3,8761,4,3,3,1,1,11,1.0,True,True,False,True,False,True,1.0
NORT_ARTIC_3,9262,35,49,2,2,1,88,1.0,True,True,False,True,False,True,1.0
NORT_ARTIC_3,9319,32,24,5,2,1,63,0.6896329247136253,True,True,False,True,False,True,1.0
NORT_ARTIC_3,11152,23,11,18,7,1,59,0.7809723783463492,True,True,False,False,False,True,1.0
NORT_ARTIC_3,11355,11,26,8,3,1,48,0.015535774159238912,True,True,False,True,False,True,0.38611226286153655
NORT_ARTIC_3,12327,13,5,2,2,1,22,0.5645933014354068,True,True,False,True,False,True,1.0
NORT_ARTIC_3,13518,9,8,2,1,1,20,1.0,True,True,False,True,False,True,1.0
NORT_ARTIC_3,13821,8,4,0,0,1,12,1.0,True,True,True,True,False,True,1.0
NORT_ARTIC_3,14170,7,2,2,2,1,13,0.5300699300699301,True,True,False,True,False,True,1.0
NORT_ARTIC_3,16521,32,13,2,1,1,48,1.0,True,True,False,True,False,True,1.0
NORT_ARTIC_3,16720,20,21,2,4,1,47,0.6701302985320796,True,True,False,True,False,True,1.0
NORT_ARTIC_3,17468,34,12,2,2,1,50,0.3101823708206687,True,True,False,True,False,True,1.0
NORT_ARTIC_3,17512,19,17,2,2,1,40,1.0,True,True,False,True,False,True,1.0
NORT_ARTIC_3,19700,10,18,3,2,1,33,0.35995803417939143,True,True,False,True,False,True,1.0
NORT_ARTIC_3,21984,48,12,9,4,1,73,0.4630439288110626,True,True,False,True,False,True,1.0
NORT_ARTIC_3,22997,9,40,4,6,1,59,0.20444949892756864,True,True,False,True,False,True,1.0
NORT_ARTIC_3,23238,29,4,2,1,1,36,0.37044817927170864,True,True,False,True,False,True,1.0
NORT_ARTIC_3,26032,54,15,11,4,1,84,0.7364788726627726,True,True,False,True,False,True,1.0
NORT_ARTIC_3,26602,50,25,3,2,1,80,1.0,True,True,False,True,False,True,1.0
NORT_ARTIC_3,26836,13,55,3,3,1,74,0.11092623380286223,True,True,False,True,False,True,1.0
NORT_ARTIC_3,27331,22,16,8,3,1,49,0.4922014339298213,True,True,False,True,False,True,1.0
NORT_ARTIC_3,28294,85,59,1,1,1,146,1.0,True,True,False,True,False,True,1.0
NORT_ARTIC_3,28464,16,69,2,3,1,90,0.2602888403055997,True,True,False,True,False,True,1.0
NORT_ARTIC_3,1573,1321,938,10,6,1,2275,0.8047302111323826,True,False,False,False,False,True,1.0
NORT_ARTIC_3,1781,345,856,4,8,1,1213,0.751686177472461,True,False,False,True,False,True,1.0
NORT_ARTIC_3,1813,283,1173,4,9,1,1469,0.29640336173741005,True,False,False,True,False,True,1.0
NORT_ARTIC_3,2067,541,945,7,8,1,1501,0.42795300997980334,True,False,False,False,False,True,1.0
NORT_ARTIC_3,2251,4472,1290,32,10,2,5804,0.8526305474380991,True,False,False,False,False,True,1.0
NORT_ARTIC_3,5817,620,1860,5,16,1,2501,1.0,True,False,False,False,False,True,1.0
NORT_ARTIC_3,6566,2028,658,18,7,1,2711,0.6454307039721294,True,False,False,False,False,True,1.0
NORT_ARTIC_3,6616,2184,795,16,7,1,3002,0.6425355669684727,True,False,False,False,False,True,1.0
NORT_ARTIC_3,7621,1134,2971,9,16,1,4130,0.37146702661369124,True,False,False,False,False,True,1.0
NORT_ARTIC_3,7671,982,2897,9,32,1,3920,0.7201087208297439,True,False,False,False,False,True,1.0
NORT_ARTIC_3,8125,1293,673,10,8,1,1984,0.45467361122782546,True,False,False,False,False,True,1.0
NORT_ARTIC_3,8610,712,2063,6,16,1,2797,0.8099602486816413,True,False,False,False,False,True,1.0
NORT_ARTIC_3,8617,671,2049,7,13,1,2740,0.3001291936747184,True,False,False,True,False,True,1.0
NORT_ARTIC_3,8630,697,2030,7,13,1,2747,0.3145684629924857,True,False,False,False,False,True,1.0
NORT_ARTIC_3,9496,1691,1300,11,6,1,3008,0.6262525996459183,True,False,False,False,False,True,1.0
NORT_ARTIC_3,9656,1670,1036,11,10,1,2727,0.3780338220763292,True,False,False,False,False,True,1.0
NORT_ARTIC_3,10430,1440,2020,5,15,1,3480,0.17278952197215883,True,False,False,False,False,True,1.0
NORT_ARTIC_3,10814,1411,595,13,8,1,2027,0.4714903940675791,True,False,False,False,False,True,1.0
NORT_ARTIC_3,11980,1874,1425,16,7,1,3322,0.29130220358194314,True,False,False,False,False,True,1.0
NORT_ARTIC_3,12343,1470,378,12,3,1,1863,1.0,True,False,False,True,False,True,1.0
NORT_ARTIC_3,12486,675,1358,5,10,1,2048,1.0,True,False,False,True,False,True,1.0
NORT_ARTIC_3,12617,1678,1405,10,9,1,3102,1.0,True,False,False,False,False,True,1.0
NORT_ARTIC_3,12837,280,1283,5,11,1,1579,0.1866658879147199,True,False,False,True,False,True,1.0
NORT_ARTIC_3,12908,1334,567,18,8,1,1927,1.0,True,False,False,False,False,True,1.0
NORT_ARTIC_3,13192,1469,1307,10,7,1,2793,0.8084063655574862,True,False,False,False,False,True,1.0
NORT_ARTIC_3,14454,976,366,6,5,1,1353,0.18530243961996917,True,False,False,True,False,True,1.0
NORT_ARTIC_3,14472,981,413,12,4,1,1410,0.7899106483458771,True,False,False,True,False,True,1.0
NORT_ARTIC_3,15791,722,2084,10,26,1,2842,0.8478637204295323,True,False,False,False,False,True,1.0
NORT_ARTIC_3,15816,702,2051,4,19,1,2776,0.4759696331788502,True,False,False,False,False,True,1.0
NORT_ARTIC_3,16536,1768,526,4,1,1,2299,1.0,True,False,False,True,False,True,1.0
NORT_ARTIC_3,16727,1702,1767,13,13,1,3495,1.0,True,False,False,False,False,True,1.0
NORT_ARTIC_3,17043,6338,8678,29,40,2,15085,1.0,True,False,False,False,False,True,1.0
NORT_ARTIC_3,17750,1784,629,16,5,1,2434,1.0,True,False,False,False,False,True,1.0
NORT_ARTIC_3,18921,1385,1434,13,9,1,2841,0.39680835444330753,True,False,False,False,False,True,1.0
NORT_ARTIC_3,19139,792,1660,8,10,1,2470,0.31330841045027863,True,False,False,False,False,True,1.0
NORT_ARTIC_3,19195,669,1595,13,10,1,2287,0.009617226428332667,True,False,False,False,False,True,0.2542844195609427
NORT_ARTIC_3,20366,567,1951,6,14,1,2538,0.42349054791203566,True,False,False,True,False,True,1.0
NORT_ARTIC_3,21059,1333,926,15,6,1,2280,0.27470551160365764,True,False,False,False,False,True,1.0
NORT_ARTIC_3,21426,1286,485,9,6,1,1786,0.26076105936009825,True,False,False,True,False,True,1.0
NORT_ARTIC_3,21723,558,388,9,5,1,960,0.7891644428867742,True,True,False,False,False,True,1.0
NORT_ARTIC_3,22023,1252,472,11,4,1,1739,1.0,True,False,False,True,False,True,1.0
NORT_ARTIC_3,22384,227,594,4,6,1,831,0.47705084165270106,True,True,False,True,False,True,1.0
NORT_ARTIC_3,22521,1654,575,19,7,1,2255,0.8254601624047547,True,False,False,False,False,True,1.0
NORT_ARTIC_3,24435,1273,1827,8,19,1,3127,0.24625138900980303,True,False,False,False,False,True,1.0
NORT_ARTIC_3,25406,1546,1731,10,14,1,3301,0.6835403220620889,True,False,False,False,False,True,1.0
NORT_ARTIC_3,26251,698,2496,7,13,1,3214,0.17416694256563808,True,False,False,True,False,True,1.0
NORT_ARTIC_3,26589,1542,1366,10,15,1,2933,0.22915922793087018,True,False,False,False,False,True,1.0
NORT_ARTIC_3,27848,2633,898,18,18,1,3567,0.001705298046864968,True,False,False,False,False,True,0.05515886844234554
NORT_ARTIC_3,27901,856,1184,9,14,1,2063,0.8350044890254706,True,False,False,False,False,True,1.0
NORT_ARTIC_3,814,777,593,10,8,1,1388,1.0,True,False,False,False,False,True,1.0
NORT_ARTIC_3,964,1147,1238,13,17,1,2415,0.7139689931508278,True,False,False,False,False,True,1.0
NORT_ARTIC_3,1217,766,2275,6,21,1,3068,0.8270050022781428,True,False,False,False,False,True,1.0
NORT_ARTIC_3,1675,2938,1229,12,8,1,4187,0.3281984903994802,True,False,False,False,False,True,1.0
NORT_ARTIC_3,1741,855,1690,12,12,1,2569,0.12655026553894994,True,False,False,False,False,True,1.0
NORT_ARTIC_3,1977,4818,1806,24,8,1,6656,1.0,True,False,False,False,False,True,1.0
NORT_ARTIC_3,1981,4821,1790,24,7,1,6642,0.6878099585867883,True,False,False,False,False,True,1.0
NORT_ARTIC_3,2004,4820,2198,19,12,1,7049,0.43758746699926987,True,False,False,False,False,True,1.0
NORT_ARTIC_3,2024,2605,2496,19,19,1,5139,1.0,True,False,False,False,False,True,1.0
NORT_ARTIC_3,2194,3135,2260,20,7,1,5422,0.11735452738225816,True,False,False,False,False,True,1.0
NORT_ARTIC_3,2234,3093,1437,19,13,1,4562,0.3402223286023843,True,False,False,False,False,True,1.0
NORT_ARTIC_3,2257,3213,865,20,4,1,4102,0.8025771034223655,True,False,False,False,False,True,1.0
NORT_ARTIC_3,2297,3401,1092,19,11,1,4523,0.13412175630908085,True,False,False,False,False,True,1.0
NORT_ARTIC_3,2791,626,2402,6,15,1,3049,0.41522000409064325,True,False,False,True,False,True,1.0
NORT_ARTIC_3,2814,447,2314,6,12,1,2779,0.09915275172752969,True,False,False,True,False,True,1.0
NORT_ARTIC_3,3024,2230,3172,11,17,1,5430,1.0,True,False,False,False,False,True,1.0
NORT_ARTIC_3,3142,4018,4131,22,19,1,8190,0.6398628222386531,True,False,False,False,False,True,1.0
NORT_ARTIC_3,3222,4012,1453,18,8,1,5491,0.6573355491030299,True,False,False,False,False,True,1.0
NORT_ARTIC_3,3312,1726,2700,6,19,1,4451,0.15144200791201182,True,False,False,False,False,True,1.0
NORT_ARTIC_3,3469,2491,2206,12,15,1,4724,0.4408780086308369,True,False,False,False,False,True,1.0
NORT_ARTIC_3,3760,1430,1404,10,11,1,2855,0.8298627748120799,True,False,False,False,False,True,1.0
NORT_ARTIC_3,4671,1832,796,11,5,1,2644,1.0,True,False,False,True,False,True,1.0
NORT_ARTIC_3,5032,3009,793,14,4,1,3820,0.7780921537457366,True,False,False,True,False,True,1.0
NORT_ARTIC_3,5218,902,3215,7,16,1,4140,0.316597721733001,True,False,False,False,False,True,1.0
NORT_ARTIC_3,5831,1653,4423,8,18,1,6102,0.6625754766011165,True,False,False,False,False,True,1.0
NORT_ARTIC_3,5894,3081,2968,15,14,1,6078,1.0,True,False,False,False,False,True,1.0
NORT_ARTIC_3,5928,3144,2367,14,18,1,5543,0.1524468723933815,True,False,False,False,False,True,1.0
NORT_ARTIC_3,5969,3301,718,18,8,1,4045,0.11779443897808801,True,False,False,True,False,True,1.0
NORT_ARTIC_3,5989,3574,828,18,6,1,4426,0.43313241691988513,True,False,False,True,False,True,1.0
NORT_ARTIC_3,6063,1694,2978,11,14,1,4697,0.41303702770661477,True,False,False,False,False,True,1.0
NORT_ARTIC_3,6832,644,2194,6,13,1,2857,0.4079213367007747,True,False,False,True,False,True,1.0
NORT_ARTIC_3,7188,3893,1029,20,9,1,4951,0.17539387680132254,True,False,False,False,False,True,1.0
NORT_ARTIC_3,7726,3170,4694,22,17,1,7903,0.049098940125432575,True,False,False,False,False,True,0.8059187970588728
NORT_ARTIC_3,8420,3093,902,15,5,1,4015,0.789805839974566,True,False,False,True,False,True,1.0
NORT_ARTIC_3,8512,1800,1349,8,9,1,3166,0.46490453079929894,True,False,False,False,False,True,1.0
NORT_ARTIC_3,8601,1484,3819,8,23,1,5334,1.0,True,False,False,False,False,True,1.0
NORT_ARTIC_3,8644,1688,3646,9,22,1,5365,0.8481719044980764,True,False,False,False,False,True,1.0
NORT_ARTIC_3,9676,3011,3195,15,19,1,6240,0.7313656210286421,True,False,False,False,False,True,1.0
NORT_ARTIC_3,10311,1213,1270,9,11,1,2503,0.8240824631772534,True,False,False,False,False,True,1.0
NORT_ARTIC_3,10714,887,4356,4,16,1,5263,0.7633313226033303,True,False,False,True,False,True,1.0
NORT_ARTIC_3,10742,1849,4209,11,21,1,6090,0.7006601752602193,True,False,False,False,False,True,1.0
NORT_ARTIC_3,10795,1961,1511,14,11,1,3497,1.0,True,False,False,False,False,True,1.0
NORT_ARTIC_3,11070,3811,1608,19,14,1,5452,0.12629362207306016,True,False,False,False,False,True,1.0
NORT_ARTIC_3,11458,4144,2124,26,15,1,6309,0.7416983800920327,True,False,False,False,False,True,1.0
NORT_ARTIC_3,11736,3609,1681,19,8,1,5317,1.0,True,False,False,False,False,True,1.0
NORT_ARTIC_3,11760,3754,2470,18,10,1,6252,0.7042809563276673,True,False,False,False,False,True,1.0
NORT_ARTIC_3,12002,3050,1363,15,11,1,4439,0.20827761757881808,True,False,False,False,False,True,1.0
NORT_ARTIC_3,12044,3371,923,17,4,1,4315,1.0,True,False,False,True,False,True,1.0
NORT_ARTIC_3,12130,1114,1316,18,9,1,2457,0.03363634865415397,True,False,False,False,False,True,0.6635259987875485
NORT_ARTIC_3,12234,788,3163,9,19,1,3979,0.15006806132788908,True,False,False,False,False,True,1.0
NORT_ARTIC_3,12290,2973,3089,11,14,1,6087,0.690851704755387,True,False,False,False,False,True,1.0
NORT_ARTIC_3,12329,3359,1250,19,8,1,4636,0.8283200076681998,True,False,False,False,False,True,1.0
NORT_ARTIC_3,12354,3720,988,19,8,1,4735,0.3404126199211356,True,False,False,False,False,True,1.0
NORT_ARTIC_3,12524,1452,4323,8,21,1,5804,0.8300450292477817,True,False,False,False,False,True,1.0
NORT_ARTIC_3,12619,2834,2149,18,18,1,5019,0.4051949913186697,True,False,False,False,False,True,1.0
NORT_ARTIC_3,13120,954,2807,9,15,1,3785,0.23675151638944314,True,False,False,False,False,True,1.0
NORT_ARTIC_3,13234,3063,986,18,12,1,4079,0.055225892530691656,True,False,False,False,False,True,0.8348408977405931
NORT_ARTIC_3,13241,3090,1003,21,6,1,4120,1.0,True,False,False,False,False,True,1.0
NORT_ARTIC_3,13791,3016,1222,26,7,1,4271,0.4405807053362526,True,False,False,False,False,True,1.0
NORT_ARTIC_3,14659,732,2048,9,16,1,2805,0.2628175658875293,True,False,False,False,False,True,1.0
NORT_ARTIC_3,15027,1848,1149,12,13,1,3022,0.21447588339771181,True,False,False,False,False,True,1.0
NORT_ARTIC_3,15353,1136,507,9,7,1,1659,0.2829723622556765,True,False,False,True,False,True,1.0
NORT_ARTIC_3,15585,3147,1005,20,11,1,4183,0.14521479532823764,True,False,False,False,False,True,1.0
NORT_ARTIC_3,15943,4138,1111,23,8,1,5280,0.5109919994328048,True,False,False,False,False,True,1.0
NORT_ARTIC_3,16062,2187,2341,12,11,1,4551,0.8350445197016556,True,False,False,False,False,True,1.0
NORT_ARTIC_3,16107,1528,4381,9,26,1,5944,1.0,True,False,False,False,False,True,1.0
NORT_ARTIC_3,16167,4163,3991,22,12,1,8188,0.12380098376478149,True,False,False,False,False,True,1.0
NORT_ARTIC_3,16177,4264,3993,23,21,1,8301,1.0,True,False,False,False,False,True,1.0
NORT_ARTIC_3,16395,1307,4268,9,21,1,5605,0.39090529816069863,True,False,False,False,False,True,1.0
NORT_ARTIC_3,16594,1056,1214,5,11,1,2286,0.3150750507860958,True,False,False,False,False,True,1.0
NORT_ARTIC_3,16597,1029,1212,7,10,1,2258,0.8091780228820554,True,False,False,False,False,True,1.0
NORT_ARTIC_3,17070,3710,5600,9,19,1,9338,0.4459940115653675,True,False,False,False,False,True,1.0
NORT_ARTIC_3,17078,3362,5153,13,23,1,8551,0.7352784324152688,True,False,False,False,False,True,1.0
NORT_ARTIC_3,17273,1847,2834,16,17,1,4714,0.29027103592900716,True,False,False,False,False,True,1.0
NORT_ARTIC_3,17396,3226,1689,24,18,1,4957,0.25648218680836216,True,False,False,False,False,True,1.0
NORT_ARTIC_3,17431,3704,1117,23,6,1,4850,1.0,True,False,False,False,False,True,1.0
NORT_ARTIC_3,18335,3805,934,27,5,1,4771,0.661736595756564,True,False,False,False,False,True,1.0
NORT_ARTIC_3,18393,4549,2313,23,11,1,6896,1.0,True,False,False,False,False,True,1.0
NORT_ARTIC_3,18398,4593,2410,25,8,1,7036,0.2716323843942547,True,False,False,False,False,True,1.0
NORT_ARTIC_3,18444,2838,3056,16,13,1,5923,0.4632848438353342,True,False,False,False,False,True,1.0
NORT_ARTIC_3,18923,2526,1990,13,13,1,4542,0.558384616906495,True,False,False,False,False,True,1.0
NORT_ARTIC_3,18944,2739,1293,21,8,1,4061,0.6931743437611656,True,False,False,False,False,True,1.0
NORT_ARTIC_3,18957,2877,770,19,5,1,3671,1.0,True,False,False,False,False,True,1.0
NORT_ARTIC_3,19161,1633,4194,10,27,1,5864,1.0,True,False,False,False,False,True,1.0
NORT_ARTIC_3,19163,1644,4204,7,21,1,5876,0.834894691229148,True,False,False,False,False,True,1.0
NORT_ARTIC_3,19311,1329,463,10,5,1,1807,0.5547134468248509,True,False,False,True,False,True,1.0
NORT_ARTIC_3,19787,932,3010,9,16,1,3967,0.15817806282225316,True,False,False,False,False,True,1.0
NORT_ARTIC_3,19853,1938,2240,11,16,1,4205,0.6994064380994174,True,False,False,False,False,True,1.0
NORT_ARTIC_3,19860,2074,2158,12,16,1,4260,0.572640869605136,True,False,False,False,False,True,1.0
NORT_ARTIC_3,19935,3895,1223,18,11,1,5147,0.0833087868457806,True,False,False,False,False,True,1.0
NORT_ARTIC_3,20112,3812,3886,21,20,1,7739,0.8763547186785983,True,False,False,False,False,True,1.0
NORT_ARTIC_3,20168,4572,4618,18,21,1,9229,0.7488759108203991,True,False,False,False,False,True,1.0
NORT_ARTIC_3,20200,4666,2827,30,21,1,7544,0.6642868956019412,True,False,False,False,False,True,1.0
NORT_ARTIC_3,20209,4672,2062,20,8,1,6762,1.0,True,False,False,False,False,True,1.0
NORT_ARTIC_3,20276,1881,2211,13,14,1,4119,0.8484130801260831,True,False,False,False,False,True,1.0
NORT_ARTIC_3,20381,1069,3573,6,16,1,4664,0.615238404269052,True,False,False,False,False,True,1.0
NORT_ARTIC_3,20401,1721,3423,10,20,1,5174,1.0,True,False,False,False,False,True,1.0
NORT_ARTIC_3,20432,3359,3540,15,15,1,6929,1.0,True,False,False,False,False,True,1.0
NORT_ARTIC_3,20437,3700,3372,19,11,1,7102,0.27314581125051235,True,False,False,False,False,True,1.0
NORT_ARTIC_3,20440,3802,3392,16,18,1,7228,0.6061545294261717,True,False,False,False,False,True,1.0
NORT_ARTIC_3,20663,1179,4051,1,8,1,5239,0.6937092585651401,True,False,False,True,False,True,1.0
NORT_ARTIC_3,20708,2215,3032,13,15,1,5275,0.7032253637766006,True,False,False,False,False,True,1.0
NORT_ARTIC_3,20716,2556,3123,15,16,1,5710,0.7208995975604984,True,False,False,False,False,True,1.0
NORT_ARTIC_3,21018,1957,2351,14,9,1,4331,0.14731430868603795,True,False,False,False,False,True,1.0
NORT_ARTIC_3,21237,683,2562,6,20,1,3271,0.8094069857926098,True,False,False,False,False,True,1.0
NORT_ARTIC_3,21360,1207,1365,10,7,1,2589,0.34220377588499173,True,False,False,False,False,True,1.0
NORT_ARTIC_3,21397,1409,543,13,6,1,1971,0.797278846149815,True,False,False,False,False,True,1.0
NORT_ARTIC_3,21735,1756,1297,13,7,1,3073,0.6511759841347666,True,False,False,False,False,True,1.0
NORT_ARTIC_3,22025,1097,578,12,5,1,1692,0.8003642400434074,True,False,False,False,False,True,1.0
NORT_ARTIC_3,22733,2558,2385,11,11,1,4965,1.0,True,False,False,False,False,True,1.0
NORT_ARTIC_3,22752,2600,1992,12,9,1,4613,1.0,True,False,False,False,False,True,1.0
NORT_ARTIC_3,23087,2055,659,10,7,1,2731,0.15073882961468643,True,False,False,True,False,True,1.0
NORT_ARTIC_3,23834,1068,2050,9,16,1,3143,0.8351960559328357,True,False,False,False,False,True,1.0
NORT_ARTIC_3,24077,1356,1517,0,0,1,2873,1.0,True,False,True,True,False,True,1.0
NORT_ARTIC_3,24235,3065,1980,24,18,1,5087,0.6371960544751017,True,False,False,False,False,True,1.0
NORT_ARTIC_3,24292,3875,1418,19,8,1,5320,0.8275595512157237,True,False,False,False,False,True,1.0
NORT_ARTIC_3,24298,3869,1529,25,8,1,5431,0.7011406531775544,True,False,False,False,False,True,1.0
NORT_ARTIC_3,24355,1995,1840,8,15,1,3858,0.14138416706779855,True,False,False,False,False,True,1.0
NORT_ARTIC_3,24391,1645,1878,14,14,1,3551,0.8496588464765726,True,False,False,False,False,True,1.0
NORT_ARTIC_3,24430,977,3514,8,18,1,4517,0.33776172114751934,True,False,False,False,False,True,1.0
NORT_ARTIC_3,24480,2317,3182,9,18,1,5526,0.43633562815303084,True,False,False,False,False,True,1.0
NORT_ARTIC_3,24532,2214,3021,11,16,1,5262,1.0,True,False,False,False,False,True,1.0
NORT_ARTIC_3,24763,1600,1083,8,8,1,2699,0.45290552653787197,True,False,False,False,False,True,1.0
NORT_ARTIC_3,24806,2676,1661,16,10,1,4363,1.0,True,False,False,False,False,True,1.0
NORT_ARTIC_3,24962,1031,1772,9,12,1,2824,0.6508616783841006,True,False,False,False,False,True,1.0
NORT_ARTIC_3,25094,2052,1998,14,15,1,4079,0.8534895946937239,True,False,False,False,False,True,1.0
NORT_ARTIC_3,25133,1995,1157,11,7,1,3170,0.8119072255624642,True,False,False,False,False,True,1.0
NORT_ARTIC_3,25666,2167,2344,14,13,1,4538,0.7043657195947697,True,False,False,False,False,True,1.0
NORT_ARTIC_3,25757,2409,831,1,0,1,3241,1.0,True,False,True,True,False,True,1.0
NORT_ARTIC_3,25837,1277,1092,11,6,1,2386,0.4672682938456897,True,False,False,False,False,True,1.0
NORT_ARTIC_3,26591,2053,2608,14,9,1,4684,0.13951444781071615,True,False,False,False,False,True,1.0
NORT_ARTIC_3,26604,2281,2416,14,16,1,4727,0.8569010574317064,True,False,False,False,False,True,1.0
NORT_ARTIC_3,26736,2321,1316,14,8,1,3659,1.0,True,False,False,False,False,True,1.0
NORT_ARTIC_3,26972,1271,229,26,178,1,1704,2.315104094299113e-96,True,False,False,False,False,True,6.789428607214531e-94
NORT_ARTIC_3,27404,1697,3158,13,17,1,4885,0.34221516632334426,True,False,False,False,False,True,1.0
NORT_ARTIC_3,27489,1840,2377,12,14,1,4243,0.8442209057792285,True,False,False,False,False,True,1.0
NORT_ARTIC_3,27844,3430,1519,22,13,1,4984,0.4622151396085302,True,False,False,False,False,True,1.0
NORT_ARTIC_3,27977,671,3020,7,14,1,3712,0.08680059527302318,True,False,False,True,False,True,1.0
